Ticker,AAPL,AAPL,AAPL,AAPL,AAPL,AAPL,NVDA,NVDA,NVDA,NVDA,NVDA,NVDA,GOOGL,GOOGL,GOOGL,GOOGL,GOOGL,GOOGL
Price,Open,High,Low,Close,Adj Close,Volume,Open,High,Low,Close,Adj Close,Volume,Open,High,Low,Close,Adj Close,Volume
Date,,,,,,,,,,,,,,,,,,
2015-01-02,27.84749984741211,27.860000610351562,26.837499618530273,27.332500457763672,24.214895248413086,212818400,0.503250002861023,0.5070000290870667,0.49524998664855957,0.503250002861023,0.4829852879047394,113680000,26.6299991607666,26.790000915527344,26.393999099731445,26.477500915527344,26.260456085205078,26480000
2015-01-05,27.072500228881836,27.162500381469727,26.352500915527344,26.5625,23.532724380493164,257142000,0.503250002861023,0.5047500133514404,0.4925000071525574,0.4947499930858612,0.47482743859291077,197952000,26.357500076293945,26.399499893188477,25.887500762939453,25.972999572753906,25.760089874267578,41182000
2015-01-06,26.635000228881836,26.857500076293945,26.157499313354492,26.565000534057617,23.534936904907227,263188400,0.49549999833106995,0.4959999918937683,0.4792500138282776,0.47975000739097595,0.4604315757751465,197764000,26.024999618530273,26.06049919128418,25.27750015258789,25.332000732421875,25.12434959411621,54456000
2015-01-07,26.799999237060547,27.049999237060547,26.674999237060547,26.9375,23.864940643310547,160423600,0.4832499921321869,0.48750001192092896,0.47699999809265137,0.47850000858306885,0.4592319130897522,321808000,25.547500610351562,25.574499130249023,25.1825008392334,25.25749969482422,25.050457000732422,46918000
2015-01-08,27.3075008392334,28.037500381469727,27.174999237060547,27.97249984741211,24.781888961791992,237458000,0.48399999737739563,0.49950000643730164,0.48374998569488525,0.4964999854564667,0.47650694847106934,283780000,25.07550048828125,25.375,24.750999450683594,25.345500946044922,25.137737274169922,73054000
2015-01-09,28.167499542236328,28.3125,27.552499771118164,28.002500534057617,24.808473587036133,214798000,0.49825000762939453,0.5022500157356262,0.49149999022483826,0.4984999895095825,0.4784264862537384,209540000,25.409000396728516,25.43000030517578,24.9325008392334,25.035999298095703,24.83077049255371,42000000
2015-01-12,28.149999618530273,28.157499313354492,27.200000762939453,27.3125,24.197175979614258,198603200,0.4997499883174896,0.5,0.48774999380111694,0.492249995470047,0.4724282920360565,190732000,24.961999893188477,25.013999938964844,24.545499801635742,24.85300064086914,24.649276733398438,57138000
2015-01-13,27.857500076293945,28.200000762939453,27.227500915527344,27.55500030517578,24.412012100219727,268367600,0.4959999918937683,0.5059999823570251,0.4880000054836273,0.49149999022483826,0.4717083275318146,236720000,25.12849998474121,25.43000030517578,24.863000869750977,25.09000015258789,24.88433074951172,60958000
2015-01-14,27.260000228881836,27.622499465942383,27.125,27.450000762939453,24.318986892700195,195826400,0.48625001311302185,0.4950000047683716,0.48500001430511475,0.4934999942779541,0.47362783551216125,155260000,25.020999908447266,25.413000106811523,24.908000946044922,25.296499252319336,25.089139938354492,52800000
2015-01-15,27.5,27.514999389648438,26.665000915527344,26.704999923706055,23.65896987915039,240056000,0.4970000088214874,0.5,0.4897499978542328,0.49000000953674316,0.47026893496513367,188932000,25.444499969482422,25.487499237060547,25.100500106811523,25.20050048828125,24.993927001953125,51068000
2015-01-16,26.75749969482422,26.895000457763672,26.299999237060547,26.497499465942383,23.475135803222656,314053200,0.4892500042915344,0.49950000643730164,0.48774999380111694,0.49900001287460327,0.47890645265579224,181512000,25.157499313354492,25.542499542236328,25.154499053955078,25.523000717163086,25.31378173828125,49658000
2015-01-20,26.959999084472656,27.24250030517578,26.625,27.18000030517578,24.07978630065918,199599600,0.5024999976158142,0.5052499771118164,0.49424999952316284,0.5005000233650208,0.48034602403640747,140308000,25.638500213623047,25.780500411987305,25.4685001373291,25.496999740600586,25.287994384765625,46796000
2015-01-21,27.237499237060547,27.764999389648438,27.0674991607666,27.387500762939453,24.26361656188965,194303600,0.49775001406669617,0.5087500214576721,0.49424999952316284,0.5074999928474426,0.4870639145374298,144780000,25.54199981689453,26.092500686645508,25.47949981689453,26.019500732421875,25.80621337890625,46356000
2015-01-22,27.565000534057617,28.11750030517578,27.43000030517578,28.100000381469727,24.894847869873047,215185600,0.5084999799728394,0.5177500247955322,0.503250002861023,0.5162500143051147,0.49546167254447937,159712000,26.149999618530273,26.941999435424805,26.095500946044922,26.864999771118164,26.644779205322266,56068000
2015-01-23,28.075000762939453,28.4375,27.88249969482422,28.2450008392334,25.0233097076416,185859200,0.5167499780654907,0.518750011920929,0.512499988079071,0.5177500247955322,0.49690133333206177,120416000,26.901500701904297,27.27050018310547,26.787500381469727,27.09749984741211,26.875375747680664,45966000
2015-01-26,28.434999465942383,28.59000015258789,28.200000762939453,28.274999618530273,25.049888610839844,222460000,0.515500009059906,0.5180000066757202,0.5122500061988831,0.515500009059906,0.49474209547042847,133240000,27.075000762939453,27.075000762939453,26.603500366210938,26.836000442504883,26.61602020263672,30932000
2015-01-27,28.104999542236328,28.1200008392334,27.25749969482422,27.28499984741211,24.172807693481445,382274800,0.5074999928474426,0.5080000162124634,0.4897499978542328,0.4907500147819519,0.47098854184150696,357948000,26.56999969482422,26.638999938964844,26.042999267578125,26.059499740600586,25.845884323120117,39148000
2015-01-28,29.407499313354492,29.530000686645508,28.827499389648438,28.827499389648438,25.53936767578125,585908400,0.49674999713897705,0.4987500011920929,0.48249998688697815,0.4827499985694885,0.46331074833869934,272728000,26.25,26.284500122070312,25.61750030517578,25.62150001525879,25.411474227905273,35822000
2015-01-29,29.079999923706055,29.797500610351562,28.889999389648438,29.725000381469727,26.334501266479492,337745600,0.4830000102519989,0.4972499907016754,0.4807499945163727,0.4945000112056732,0.47458764910697937,235340000,25.645000457763672,25.75950050354004,25.173999786376953,25.661500930786133,25.451148986816406,79018000
2015-01-30,29.600000381469727,30.0,29.212499618530273,29.290000915527344,25.949121475219727,334982000,0.4909999966621399,0.49674999713897705,0.4792500138282776,0.47999998927116394,0.4606715142726898,298200000,25.950000762939453,27.155000686645508,25.909000396728516,26.877500534057617,26.65717887878418,121108000
2015-02-02,29.512500762939453,29.792499542236328,29.020000457763672,29.657499313354492,26.274694442749023,250956400,0.4830000102519989,0.4925000071525574,0.47350001335144043,0.49050000309944153,0.47074875235557556,259604000,26.715999603271484,26.825000762939453,26.086000442504883,26.610000610351562,26.391870498657227,75378000
2015-02-03,29.625,29.772499084472656,29.40250015258789,29.662500381469727,26.27912712097168,207662800,0.49399998784065247,0.503250002861023,0.49149999022483826,0.5027499794960022,0.48250553011894226,183468000,26.496999740600586,26.872499465942383,26.340499877929688,26.665000915527344,26.446420669555664,47062000
2015-02-04,29.625,30.127500534057617,29.577499389648438,29.889999389648438,26.480674743652344,280598800,0.5012500286102295,0.5097500085830688,0.4997499883174896,0.5040000081062317,0.483705073595047,181516000,26.656999588012695,26.837499618530273,26.25149917602539,26.30500030517578,26.089370727539062,33896000
2015-02-05,30.0049991607666,30.0575008392334,29.8125,29.985000610351562,26.669677734375,168984800,0.5044999718666077,0.512499988079071,0.5040000081062317,0.5122500061988831,0.49162283539772034,140448000,26.396499633789062,26.534500122070312,26.281999588012695,26.491500854492188,26.274343490600586,33176000
2015-02-06,30.0049991607666,30.0625,29.612499237060547,29.732500076293945,26.445100784301758,174826400,0.5117499828338623,0.5177500247955322,0.5077499747276306,0.5099999904632568,0.48946335911750793,210524000,26.550500869750977,27.01099967956543,26.4325008392334,26.694000244140625,26.47518539428711,42938000
2015-02-09,29.637500762939453,29.959999084472656,29.607500076293945,29.93000030517578,26.620765686035156,155559200,0.5070000290870667,0.5109999775886536,0.5037500262260437,0.5095000267028809,0.48898354172706604,273944000,26.55299949645996,26.694000244140625,26.377500534057617,26.464000701904297,26.247066497802734,30314000
2015-02-10,30.042499542236328,30.537500381469727,30.040000915527344,30.5049991607666,27.132184982299805,248034000,0.5099999904632568,0.5239999890327454,0.5077499747276306,0.5237500071525574,0.5026596784591675,226204000,26.607500076293945,27.049999237060547,26.458499908447266,27.007999420166016,26.78660774230957,47430000
2015-02-11,30.6924991607666,31.229999542236328,30.625,31.219999313354492,27.768136978149414,294247200,0.5249999761581421,0.5249999761581421,0.5167499780654907,0.5202500224113464,0.49930065870285034,320832000,26.986499786376953,27.09749984741211,26.799999237060547,26.899999618530273,26.679492950439453,38306000
2015-02-12,31.514999389648438,31.8700008392334,31.392499923706055,31.614999771118164,28.11946678161621,297898000,0.550000011920929,0.5625,0.546750009059906,0.5575000047683716,0.5350507497787476,676904000,26.982999801635742,27.41699981689453,26.850000381469727,27.300500869750977,27.07671356201172,48590000
2015-02-13,31.81999969482422,31.81999969482422,31.412500381469727,31.770000457763672,28.2573299407959,217088800,0.5562499761581421,0.5584999918937683,0.5477499961853027,0.5577499866485596,0.5352906584739685,310084000,27.375499725341797,27.62700080871582,27.329999923706055,27.558000564575195,27.332101821899414,47382000
2015-02-17,31.872499465942383,32.220001220703125,31.729999542236328,31.957500457763672,28.42409324645996,252609600,0.5567499995231628,0.562250018119812,0.5532500147819519,0.559499979019165,0.5369701981544495,203340000,27.558000564575195,27.649999618530273,27.163000106811523,27.250499725341797,27.02712059020996,39174000
2015-02-18,31.907499313354492,32.19499969482422,31.862499237060547,32.18000030517578,28.621992111206055,179566800,0.5587499737739563,0.5597500205039978,0.5519999861717224,0.5529999732971191,0.5307320356369019,170948000,27.19099998474121,27.377500534057617,26.977500915527344,27.13249969482422,26.910085678100586,31164000
2015-02-19,32.119998931884766,32.25749969482422,32.08250045776367,32.11249923706055,28.561952590942383,149449600,0.5600000023841858,0.5609999895095825,0.5519999861717224,0.5544999837875366,0.5321715474128723,169432000,27.12350082397461,27.343000411987305,27.037500381469727,27.322500228881836,27.098533630371094,30834000
2015-02-20,32.154998779296875,32.375,32.01250076293945,32.375,28.795425415039062,195793600,0.5540000200271606,0.5587499737739563,0.550000011920929,0.5584999918937683,0.5360104441642761,157752000,27.378999710083008,27.378999710083008,26.905000686645508,27.09000015258789,26.867937088012695,38234000
2015-02-23,32.505001068115234,33.25,32.415000915527344,33.25,29.573686599731445,283896400,0.5582500100135803,0.5582500100135803,0.5512499809265137,0.5540000200271606,0.5316917300224304,125008000,26.950000762939453,26.96500015258789,26.600000381469727,26.75,26.53072166442871,32906000
2015-02-24,33.23500061035156,33.400001525878906,32.79249954223633,33.04249954223633,29.389116287231445,276912400,0.5540000200271606,0.5577499866485596,0.5490000247955322,0.5577499866485596,0.5373517274856567,149356000,26.577499389648438,26.969999313354492,26.549999237060547,26.9325008392334,26.711727142333984,28406000
2015-02-25,32.88999938964844,32.900001525878906,32.037498474121094,32.1974983215332,28.637556076049805,298846800,0.5554999709129333,0.5580000281333923,0.5509999990463257,0.5534999966621399,0.5332573056221008,123820000,26.922000885009766,27.478500366210938,26.90049934387207,27.366500854492188,27.142169952392578,40836000
2015-02-26,32.1974983215332,32.717498779296875,31.65250015258789,32.60499954223633,29.0000057220459,365150000,0.5540000200271606,0.5582500100135803,0.5504999756813049,0.5550000071525574,0.5347021818161011,152864000,27.28700065612793,28.006500244140625,27.254499435424805,27.964500427246094,27.73526954650879,54032000
2015-02-27,32.5,32.64250183105469,32.060001373291016,32.1150016784668,28.564178466796875,248059200,0.5534999966621399,0.5547500252723694,0.5494999885559082,0.5515000224113464,0.531330406665802,157492000,27.907499313354492,28.47100067138672,27.851499557495117,28.131500244140625,27.900897979736328,68328000
2015-03-02,32.3125,32.56999969482422,32.07500076293945,32.272499084472656,28.704261779785156,192386800,0.550000011920929,0.5680000185966492,0.5492500066757202,0.5649999976158142,0.5443366169929504,301512000,28.350000381469727,28.79949951171875,28.157499313354492,28.750999450683594,28.515321731567383,50406000
2015-03-03,32.2400016784668,32.380001068115234,32.022499084472656,32.34000015258789,28.764299392700195,151265200,0.5607500076293945,0.5634999871253967,0.5527499914169312,0.5544999837875366,0.5342206954956055,160344000,28.8174991607666,29.042499542236328,28.524999618530273,28.93950080871582,28.702274322509766,50526000
2015-03-04,32.275001525878906,32.38999938964844,32.08000183105469,32.1349983215332,28.581968307495117,126665200,0.5525000095367432,0.5619999766349792,0.5502499938011169,0.5607500076293945,0.5402421355247498,226840000,28.848499298095703,29.081499099731445,28.625999450683594,28.916500091552734,28.67946434020996,37964000
2015-03-05,32.14500045776367,32.1875,31.440000534057617,31.602500915527344,28.10834312438965,226068400,0.5607500076293945,0.5724999904632568,0.559249997138977,0.5715000033378601,0.5505989193916321,323056000,28.981000900268555,29.15999984741211,28.911500930786133,29.071500778198242,28.83319664001465,35918000
2015-03-06,32.099998474121094,32.342498779296875,31.565000534057617,31.649999618530273,28.150585174560547,291368400,0.5682500004768372,0.5709999799728394,0.5632500052452087,0.5637500286102295,0.5431325435638428,257392000,29.100000381469727,29.138999938964844,28.60300064086914,28.645000457763672,28.41019058227539,37592000
2015-03-09,31.989999771118164,32.39250183105469,31.264999389648438,31.78499984741211,28.270660400390625,354114000,0.5640000104904175,0.5695000290870667,0.562749981880188,0.5652499794960022,0.5445776581764221,222388000,28.54599952697754,28.772499084472656,28.452499389648438,28.704999923706055,28.46969985961914,23478000
2015-03-10,31.602500915527344,31.80500030517578,30.950000762939453,31.127500534057617,27.68586540222168,275426400,0.5677499771118164,0.5787500143051147,0.5667499899864197,0.574999988079071,0.553970992565155,527212000,28.423999786376953,28.488000869750977,27.990999221801758,27.99250030517578,27.76304054260254,40080000
2015-03-11,31.1875,31.1924991607666,30.52750015258789,30.559999465942383,27.18110466003418,275756000,0.574999988079071,0.5824999809265137,0.5705000162124634,0.5720000267028809,0.5510807633399963,262120000,27.989999771118164,28.208999633789062,27.77050018310547,27.784500122070312,27.556745529174805,40524000
2015-03-12,30.577499389648438,31.225000381469727,30.407499313354492,31.112499237060547,27.672523498535156,193450800,0.5665000081062317,0.5707499980926514,0.5559999942779541,0.5667499899864197,0.5460226535797119,406972000,27.923999786376953,28.091999053955078,27.776500701904297,28.058500289916992,27.8284969329834,35602000
2015-03-13,31.100000381469727,31.350000381469727,30.645000457763672,30.897499084472656,27.481300354003906,207309200,0.5640000104904175,0.5690000057220459,0.5562499761581421,0.5674999952316284,0.5467451810836792,359288000,27.96150016784668,28.218000411987305,27.51650047302246,27.649999618530273,27.423343658447266,35428000
2015-03-16,30.969999313354492,31.237499237060547,30.717500686645508,31.237499237060547,27.7836971282959,143497200,0.5720000267028809,0.577750027179718,0.5682500004768372,0.5742499828338623,0.5532482862472534,236956000,27.846500396728516,28.1875,27.56599998474121,28.082000732421875,27.851804733276367,36856000
2015-03-17,31.475000381469727,31.829999923706055,31.412500381469727,31.760000228881836,28.24842643737793,204092400,0.5730000138282776,0.5814999938011169,0.5690000057220459,0.581250011920929,0.5599924325942993,299900000,27.914499282836914,28.031999588012695,27.720500946044922,27.88050079345703,27.651958465576172,28892000
2015-03-18,31.75,32.290000915527344,31.592500686645508,32.11750030517578,28.56640625,261083600,0.581250011920929,0.5842499732971191,0.5665000081062317,0.5717499852180481,0.5508397221565247,413844000,27.886499404907227,28.32550048828125,27.674999237060547,28.308000564575195,28.07595443725586,35324000
2015-03-19,32.1875,32.3125,31.850000381469727,31.875,28.350706100463867,183238000,0.5737500190734863,0.5824999809265137,0.5695000290870667,0.5805000066757202,0.5592695474624634,310756000,28.22599983215332,28.347999572753906,28.106000900268555,28.183500289916992,27.952472686767578,24660000
2015-03-20,32.0625,32.099998474121094,31.290000915527344,31.475000381469727,27.99494171142578,274780400,0.5852500200271606,0.5902500152587891,0.5797500014305115,0.5867499709129333,0.5652912259101868,462084000,28.335500717163086,28.354999542236328,28.224000930786133,28.247499465942383,28.015947341918945,44320000
2015-03-23,31.780000686645508,31.962499618530273,31.6299991607666,31.802499771118164,28.286237716674805,150838800,0.5692499876022339,0.5767499804496765,0.5674999952316284,0.5677499771118164,0.5469861626625061,426012000,28.299999237060547,28.48200035095215,28.152999877929688,28.26849937438965,28.036775588989258,30234000
2015-03-24,31.8075008392334,32.0099983215332,31.639999389648438,31.672500610351562,28.170602798461914,131369200,0.5659999847412109,0.5699999928474426,0.5575000047683716,0.5600000023841858,0.5395194888114929,330480000,28.427000045776367,29.0939998626709,28.404499053955078,28.87700080871582,28.640289306640625,79156000
2015-03-25,31.635000228881836,31.704999923706055,30.844999313354492,30.844999313354492,27.434598922729492,206620800,0.5597500205039978,0.5597500205039978,0.5242499709129333,0.5260000228881836,0.5067631006240845,542552000,28.87849998474121,29.00349998474121,28.350000381469727,28.350000381469727,28.11760902404785,53070000
2015-03-26,30.690000534057617,31.219999313354492,30.649999618530273,31.059999465942383,27.625822067260742,190291600,0.515250027179718,0.5264999866485596,0.5115000009536743,0.5242499709129333,0.5050768256187439,311920000,28.232500076293945,28.359500885009766,27.91550064086914,28.18199920654297,27.950984954833984,49842000
2015-03-27,31.142499923706055,31.174999237060547,30.727500915527344,30.8125,27.40568733215332,158184800,0.5272499918937683,0.5364999771118164,0.518750011920929,0.534500002861023,0.5149520635604858,318288000,28.09149932861328,28.203500747680664,27.846500396728516,27.877500534057617,27.648983001708984,34552000
2015-03-30,31.012500762939453,31.600000381469727,31.0,31.592500686645508,28.099445343017578,188398800,0.5370000004768372,0.5394999980926514,0.5299999713897705,0.5367500185966492,0.5171199440956116,253252000,28.012500762939453,28.107999801635742,27.839500427246094,28.05699920654297,27.827009201049805,24788000
2015-03-31,31.522499084472656,31.622499465942383,31.09000015258789,31.107500076293945,27.66807746887207,168362400,0.5352500081062317,0.5357499718666077,0.5227500200271606,0.5232499837875366,0.5041136145591736,357276000,27.89699935913086,28.122499465942383,27.73349952697754,27.735000610351562,27.507648468017578,34932000
2015-04-01,31.204999923706055,31.280000686645508,30.774999618530273,31.0625,27.628047943115234,162485600,0.5252500176429749,0.5270000100135803,0.5162500143051147,0.5252500176429749,0.5060405135154724,330768000,27.741500854492188,27.924999237060547,27.30150032043457,27.47450065612793,27.249286651611328,38902000
2015-04-02,31.25749969482422,31.389999389648438,31.047500610351562,31.329999923706055,27.865978240966797,128880400,0.528249979019165,0.5297499895095825,0.5220000147819519,0.5264999866485596,0.5072446465492249,192204000,27.370500564575195,27.399999618530273,27.02199935913086,27.065500259399414,26.843639373779297,47760000
2015-04-06,31.11750030517578,31.877500534057617,31.082500457763672,31.837499618530273,28.317359924316406,148776000,0.5242499709129333,0.5435000061988831,0.518750011920929,0.5417500138282776,0.5219369530677795,515864000,26.941999435424805,27.277000427246094,26.78499984741211,27.197500228881836,26.97455406188965,33718000
2015-04-07,31.90999984741211,32.029998779296875,31.4950008392334,31.502500534057617,28.019407272338867,140049200,0.5417500138282776,0.5525000095367432,0.5387499928474426,0.546500027179718,0.5265132784843445,413964000,27.249500274658203,27.507999420166016,27.179500579833984,27.243000030517578,27.019685745239258,27318000
2015-04-08,31.462499618530273,31.600000381469727,31.24250030517578,31.399999618530273,27.928234100341797,149316800,0.546999990940094,0.5525000095367432,0.5417500138282776,0.5504999756813049,0.5303669571876526,366432000,27.299999237060547,27.575000762939453,27.299999237060547,27.441999435424805,27.217052459716797,28386000
2015-04-09,31.462499618530273,31.645000457763672,31.165000915527344,31.639999389648438,28.14169692993164,129936000,0.5462499856948853,0.5649999976158142,0.5460000038146973,0.5632500052452087,0.5426506996154785,379432000,27.460500717163086,27.4685001373291,27.09749984741211,27.400999069213867,27.176387786865234,32366000
2015-04-10,31.487499237060547,31.802499771118164,31.315000534057617,31.774999618530273,28.261768341064453,160752000,0.5637500286102295,0.5692499876022339,0.5617499947547913,0.5690000057220459,0.5481903553009033,258728000,27.478500366210938,27.49250030517578,27.249000549316406,27.427000045776367,27.20217514038086,26104000
2015-04-13,32.092498779296875,32.14250183105469,31.65250015258789,31.712499618530273,28.206188201904297,145460400,0.5677499771118164,0.5709999799728394,0.5612499713897705,0.5637500286102295,0.5431325435638428,236724000,27.352500915527344,27.66349983215332,27.315000534057617,27.43199920654297,27.207134246826172,29326000
2015-04-14,31.75,31.822500228881836,31.477500915527344,31.575000762939453,28.083885192871094,102098400,0.5615000128746033,0.5637500286102295,0.5534999966621399,0.5590000152587891,0.5385561585426331,220276000,27.328500747680664,27.328500747680664,26.78700065612793,26.98900032043457,26.767763137817383,47206000
2015-04-15,31.602500915527344,31.782499313354492,31.502500534057617,31.69499969482422,28.19061851501465,115881600,0.5605000257492065,0.5699999928474426,0.5577499866485596,0.565750002861023,0.5450594425201416,243560000,26.898000717163086,27.159500122070312,26.618499755859375,27.052000045776367,26.830249786376953,46962000
2015-04-16,31.56999969482422,31.774999618530273,31.52750015258789,31.542499542236328,28.054973602294922,113476000,0.5625,0.5672500133514404,0.5582500100135803,0.562250018119812,0.5416870713233948,155284000,26.917499542236328,27.261499404907227,26.905000686645508,27.176000595092773,26.953231811523438,31722000
2015-04-17,31.387500762939453,31.53499984741211,31.114999771118164,31.1875,27.739227294921875,207828000,0.5504999756813049,0.5605000257492065,0.5502499938011169,0.5550000071525574,0.5347021818161011,293636000,26.86549949645996,26.989999771118164,26.450000762939453,26.636999130249023,26.41864585876465,49234000
2015-04-20,31.392499923706055,32.029998779296875,31.292499542236328,31.899999618530273,28.37295150756836,188217200,0.5575000047683716,0.5609999895095825,0.5512499809265137,0.5522500276565552,0.5320528745651245,231624000,26.6875,27.290000915527344,26.667499542236328,27.226499557495117,27.00331687927246,38508000
2015-04-21,32.025001525878906,32.04999923706055,31.667499542236328,31.727500915527344,28.219520568847656,129740400,0.5590000152587891,0.5590000152587891,0.5487499833106995,0.5515000224113464,0.531330406665802,230456000,27.315500259399414,27.388500213623047,27.11050033569336,27.145999908447266,26.923477172851562,29128000
2015-04-22,31.747499465942383,32.217498779296875,31.579999923706055,32.154998779296875,28.599763870239258,150618000,0.5547500252723694,0.5584999918937683,0.5462499856948853,0.5577499866485596,0.5373517274856567,207420000,27.152999877929688,27.549999237060547,27.06599998474121,27.458999633789062,27.233909606933594,31806000
2015-04-23,32.07500076293945,32.60499954223633,32.03499984741211,32.41749954223633,28.833227157592773,183083600,0.5475000143051147,0.5607500076293945,0.5412499904632568,0.5554999709129333,0.5351842045783997,259380000,27.52050018310547,28.058500289916992,27.503999710083008,27.87299919128418,27.64451789855957,78184000
2015-04-24,32.622501373291016,32.657501220703125,32.307498931884766,32.56999969482422,28.968856811523438,178103600,0.5552499890327454,0.5554999709129333,0.5444999933242798,0.5507500171661377,0.5306078791618347,240960000,29.002500534057617,29.235000610351562,28.417499542236328,28.683000564575195,28.447877883911133,92168000
2015-04-27,33.07749938964844,33.282501220703125,32.787498474121094,33.162498474121094,29.49585723876953,387816800,0.5525000095367432,0.5647500157356262,0.5477499961853027,0.5550000071525574,0.5347021818161011,248456000,28.638500213623047,28.775999069213867,28.114999771118164,28.305999755859375,28.07396697998047,48062000
2015-04-28,33.6150016784668,33.6349983215332,32.39250183105469,32.63999938964844,29.031131744384766,475696000,0.5540000200271606,0.5597500205039978,0.5487499833106995,0.5577499866485596,0.5373517274856567,234484000,28.215999603271484,28.39150047302246,28.04800033569336,28.2185001373291,27.987186431884766,37178000
2015-04-29,32.540000915527344,32.897499084472656,32.07500076293945,32.15999984741211,28.604202270507812,253544400,0.5537499785423279,0.559249997138977,0.5512499809265137,0.5534999966621399,0.5332573056221008,195156000,28.02549934387207,28.29199981689453,27.950000762939453,28.069499969482422,27.839405059814453,33622000
2015-04-30,32.15999984741211,32.15999984741211,31.145000457763672,31.287500381469727,27.82817268371582,332781600,0.5507500171661377,0.5577499866485596,0.5494999885559082,0.5550000071525574,0.5347021818161011,218844000,27.92799949645996,28.055500030517578,27.336000442504883,27.438499450683594,27.213579177856445,47240000
2015-05-01,31.524999618530273,32.532501220703125,31.325000762939453,32.23749923706055,28.673131942749023,234050400,0.559499979019165,0.5705000162124634,0.5569999814033508,0.5687500238418579,0.547949492931366,256968000,27.52549934387207,27.56100082397461,27.1924991607666,27.558000564575195,27.332101821899414,36572000
2015-05-04,32.375,32.64250183105469,32.064998626708984,32.17499923706055,28.617549896240234,203953200,0.5682500004768372,0.5720000267028809,0.5634999871253967,0.5652499794960022,0.5445776581764221,200720000,27.54949951171875,27.83449935913086,27.36949920654297,27.642000198364258,27.41541290283203,35260000
2015-05-05,32.037498474121094,32.11249923706055,31.44499969482422,31.450000762939453,27.97270393371582,197085600,0.5632500052452087,0.5640000104904175,0.5482500195503235,0.5507500171661377,0.5306078791618347,292928000,27.507999420166016,27.63050079345703,27.118499755859375,27.152000427246094,26.929428100585938,28528000
2015-05-06,31.639999389648438,31.6875,30.84000015258789,31.252500534057617,27.797042846679688,288564000,0.5537499785423279,0.5590000152587891,0.5452499985694885,0.5525000095367432,0.5322939157485962,316484000,27.131999969482422,27.196500778198242,26.61199951171875,26.753999710083008,26.534690856933594,39034000
2015-05-07,31.1924991607666,31.520000457763672,31.0049991607666,31.315000534057617,27.968975067138672,175763600,0.5502499938011169,0.5640000104904175,0.5485000014305115,0.562250018119812,0.5416870713233948,534564000,26.795000076293945,27.260000228881836,26.672500610351562,27.101999282836914,26.879840850830078,31844000
2015-05-08,31.670000076293945,31.905000686645508,31.52750015258789,31.905000686645508,28.495925903320312,222201600,0.5252500176429749,0.5460000038146973,0.5122500061988831,0.5207499861717224,0.5017048120498657,1146552000,27.443500518798828,27.639999389648438,27.401500701904297,27.447500228881836,27.22250747680664,28226000
2015-05-11,31.84749984741211,31.889999389648438,31.407499313354492,31.579999923706055,28.205657958984375,168143200,0.5134999752044678,0.5210000276565552,0.5095000267028809,0.515749990940094,0.4968877136707306,544144000,27.42449951171875,27.668500900268555,27.280000686645508,27.288999557495117,27.065303802490234,21858000
2015-05-12,31.399999618530273,31.719999313354492,31.204999923706055,31.467500686645508,28.10517692565918,192640000,0.5120000243186951,0.5249999761581421,0.5117499828338623,0.5207499861717224,0.5017048120498657,388800000,27.140499114990234,27.148000717163086,26.75,26.936500549316406,26.715694427490234,35282000
2015-05-13,31.537500381469727,31.797500610351562,31.467500686645508,31.502500534057617,28.136445999145508,138776800,0.5245000123977661,0.5285000205039978,0.518750011920929,0.5237500071525574,0.5045953392982483,308524000,27.023500442504883,27.191999435424805,26.948999404907227,26.97450065612793,26.753381729125977,24238000
2015-05-14,31.852500915527344,32.23749923706055,31.790000915527344,32.23749923706055,28.79290199279785,180814000,0.5252500176429749,0.5350000262260437,0.5239999890327454,0.5322499871253967,0.5127842426300049,293052000,27.19849967956543,27.484500885009766,27.125,27.459999084472656,27.234905242919922,31736000
2015-05-15,32.26750183105469,32.372501373291016,32.0525016784668,32.192501068115234,28.75271224975586,152832000,0.534500002861023,0.5370000004768372,0.5292500257492065,0.5325000286102295,0.5130251049995422,215824000,27.519500732421875,27.530000686645508,27.125,27.324499130249023,27.100513458251953,33440000
2015-05-18,32.095001220703125,32.68000030517578,32.09000015258789,32.54750061035156,29.069778442382812,203531600,0.53125,0.5350000262260437,0.5287500023841858,0.5317500233650208,0.5123027563095093,324972000,27.19099998474121,27.41699981689453,27.112499237060547,27.333499908447266,27.10944366455078,26706000
2015-05-19,32.67250061035156,32.720001220703125,32.40999984741211,32.51750183105469,29.04299545288086,178532800,0.5299999713897705,0.5317500233650208,0.5249999761581421,0.5260000228881836,0.5091087222099304,253808000,27.399999618530273,27.670000076293945,27.356000900268555,27.464000701904297,27.238872528076172,47126000
2015-05-20,32.5,32.744998931884766,32.334999084472656,32.51499938964844,29.04075050354004,145819600,0.5262500047683716,0.5325000286102295,0.5254999995231628,0.5260000228881836,0.5091087222099304,196824000,27.54599952697754,27.803499221801758,27.2549991607666,27.625499725341797,27.399045944213867,30840000
2015-05-21,32.51750183105469,32.907501220703125,32.45750045776367,32.84749984741211,29.337724685668945,158921600,0.5262500047683716,0.5285000205039978,0.5217499732971191,0.5222499966621399,0.5054792165756226,239692000,27.510000228881836,27.88050079345703,27.46500015258789,27.840499877929688,27.612285614013672,34170000
2015-05-22,32.900001525878906,33.24250030517578,32.849998474121094,33.1349983215332,29.59450340270996,182384000,0.5235000252723694,0.5254999995231628,0.5202500224113464,0.5214999914169312,0.504753053188324,212592000,27.722999572753906,27.91200065612793,27.680999755859375,27.72599983215332,27.49872398376465,24266000
2015-05-26,33.150001525878906,33.227500915527344,32.279998779296875,32.404998779296875,28.9424991607666,282790400,0.5189999938011169,0.5224999785423279,0.5142499804496765,0.5182499885559082,0.5016075372695923,259732000,27.628999710083008,27.666500091552734,27.148500442504883,27.359500885009766,27.13522720336914,37474000
2015-05-27,32.584999084472656,33.064998626708984,32.51250076293945,33.0099983215332,29.482864379882812,183332800,0.5217499732971191,0.5485000014305115,0.5199999809265137,0.5460000038146973,0.5284664630889893,432332000,27.43400001525879,27.76449966430664,27.32900047302246,27.712499618530273,27.485334396362305,34844000
2015-05-28,32.96500015258789,32.98749923706055,32.775001525878906,32.94499969482422,29.424802780151367,122933200,0.5460000038146973,0.5552499890327454,0.5450000166893005,0.5534999966621399,0.535725474357605,327656000,27.68950080871582,27.788000106811523,27.540000915527344,27.708999633789062,27.481861114501953,23544000
2015-05-29,32.807498931884766,32.86249923706055,32.474998474121094,32.56999969482422,29.089866638183594,203538000,0.5534999966621399,0.5569999814033508,0.5525000095367432,0.5532500147819519,0.5354834794998169,335168000,27.65999984741211,27.69700050354004,27.25200080871582,27.266000747680664,27.04249382019043,43446000
2015-06-01,32.56999969482422,32.84749984741211,32.51250076293945,32.6349983215332,29.147932052612305,128451200,0.5567499995231628,0.5649999976158142,0.5532500147819519,0.559499979019165,0.5415329337120056,372660000,27.436500549316406,27.528499603271484,27.179000854492188,27.460500717163086,27.23539924621582,33210000
2015-06-02,32.46500015258789,32.665000915527344,32.33000183105469,32.4900016784668,29.0184268951416,134670400,0.5559999942779541,0.5590000152587891,0.5479999780654907,0.5485000014305115,0.5308861136436462,224304000,27.37150001525879,27.93950080871582,27.327499389648438,27.697500228881836,27.470457077026367,31842000
2015-06-03,32.665000915527344,32.73500061035156,32.474998474121094,32.529998779296875,29.054155349731445,123934000,0.550000011920929,0.5542500019073486,0.5414999723434448,0.5425000190734863,0.5250788927078247,250788000,27.7549991607666,27.899499893188477,27.607500076293945,27.76449966430664,27.536909103393555,26710000
2015-06-04,32.39500045776367,32.64500045776367,32.227500915527344,32.34000015258789,28.88444709777832,153800400,0.5392500162124634,0.5540000200271606,0.5392500162124634,0.5522500276565552,0.5345156192779541,323712000,27.608999252319336,27.79800033569336,27.45599937438965,27.58449935913086,27.358381271362305,26866000
2015-06-05,32.375,32.42250061035156,32.09000015258789,32.162498474121094,28.725914001464844,142507200,0.5504999756813049,0.5590000152587891,0.5447499752044678,0.5565000176429749,0.5386292934417725,313320000,27.600000381469727,27.666500091552734,27.368999481201172,27.476499557495117,27.25126838684082,24396000
2015-06-08,32.224998474121094,32.3025016784668,31.707500457763672,31.950000762939453,28.536123275756836,210699200,0.5547500252723694,0.5584999918937683,0.5375000238418579,0.543749988079071,0.5262887477874756,342812000,27.480499267578125,27.493499755859375,27.147499084472656,27.173999786376953,26.951248168945312,27336000
2015-06-09,31.674999237060547,32.02000045776367,31.405000686645508,31.854999542236328,28.45127296447754,224301600,0.5442500114440918,0.5504999756813049,0.5432500243186951,0.546500027179718,0.5289503931999207,256888000,27.17099952697754,27.242000579833984,26.9424991607666,27.107999801635742,26.885787963867188,30016000
2015-06-10,31.979999542236328,32.334999084472656,31.962499618530273,32.220001220703125,28.777273178100586,156349200,0.5400000214576721,0.5435000061988831,0.5337499976158142,0.5367500185966492,0.5195133090019226,529460000,27.28499984741211,27.73900032043457,27.25550079345703,27.6299991607666,27.40351104736328,30316000
2015-06-11,32.29499816894531,32.54499816894531,32.119998931884766,32.147499084472656,28.7125186920166,141563600,0.5367500185966492,0.5462499856948853,0.5367500185966492,0.5425000190734863,0.5250788927078247,283052000,27.72450065612793,27.741500854492188,27.458499908447266,27.50200080871582,27.276559829711914,25872000
2015-06-12,32.04750061035156,32.08250045776367,31.77750015258789,31.792499542236328,28.39545440673828,147544800,0.5389999747276306,0.5422499775886536,0.5264999866485596,0.5277500152587891,0.510802686214447,323728000,27.357500076293945,27.4424991607666,27.2814998626709,27.37350082397461,27.149112701416016,25468000
2015-06-15,31.524999618530273,31.809999465942383,31.427499771118164,31.729999542236328,28.339628219604492,175955600,0.5249999761581421,0.5292500257492065,0.5210000276565552,0.5267500281333923,0.5098345875740051,306548000,27.136499404907227,27.202499389648438,26.960500717163086,27.149999618530273,26.92744255065918,27150000
2015-06-16,31.75749969482422,31.962499618530273,31.592500686645508,31.899999618530273,28.49146842956543,125976400,0.5257499814033508,0.5339999794960022,0.5205000042915344,0.5332499742507935,0.5161258578300476,256892000,27.224000930786133,27.33449935913086,27.078500747680664,27.243499755859375,27.020179748535156,32526000
2015-06-17,31.93000030517578,31.969999313354492,31.684999465942383,31.825000762939453,28.424488067626953,131672400,0.5329999923706055,0.5425000190734863,0.5317500233650208,0.5394999980926514,0.5221752524375916,233544000,27.270999908447266,27.417999267578125,27.090499877929688,27.329999923706055,27.105968475341797,24440000
2015-06-18,31.8075008392334,32.07749938964844,31.80500030517578,31.969999313354492,28.553985595703125,141628800,0.5440000295639038,0.5519999861717224,0.5425000190734863,0.5485000014305115,0.5308861136436462,299404000,27.399999618530273,27.862499237060547,27.399999618530273,27.80900001525879,27.581043243408203,41192000
2015-06-19,31.927499771118164,31.954999923706055,31.600000381469727,31.649999618530273,28.268177032470703,218867600,0.5485000014305115,0.5529999732971191,0.5417500138282776,0.546750009059906,0.529192328453064,355656000,27.826000213623047,27.89550018310547,27.613000869750977,27.875999450683594,27.647489547729492,59290000
2015-06-22,31.872499465942383,32.01499938964844,31.770000457763672,31.90250015258789,28.49370002746582,136157200,0.5477499961853027,0.5507500171661377,0.5362499952316284,0.5444999933242798,0.527014434337616,514236000,27.970500946044922,28.280500411987305,27.945499420166016,27.983999252319336,27.754608154296875,34752000
2015-06-23,31.8700008392334,31.90250015258789,31.719999313354492,31.75749969482422,28.364192962646484,121075600,0.5454999804496765,0.5497499704360962,0.5262500047683716,0.5304999947547913,0.5134642124176025,414064000,27.989500045776367,28.2450008392334,27.857500076293945,28.16950035095215,27.938587188720703,31396000
2015-06-24,31.802499771118164,32.45000076293945,31.780000686645508,32.02750015258789,28.605344772338867,221123600,0.5297499895095825,0.5325000286102295,0.5227500200271606,0.5252500176429749,0.5083827972412109,253368000,28.124000549316406,28.131999969482422,27.840499877929688,27.928499221801758,27.699562072753906,28924000
2015-06-25,32.21500015258789,32.29999923706055,31.875,31.875,28.46912956237793,127752400,0.5252500176429749,0.5325000286102295,0.5252500176429749,0.5292500257492065,0.5122542977333069,350460000,28.014999389648438,28.156999588012695,27.87299919128418,27.897499084472656,27.6688175201416,26684000
2015-06-26,31.917499542236328,31.997499465942383,31.627500534057617,31.6875,28.301673889160156,176267200,0.5249999761581421,0.5254999995231628,0.5162500143051147,0.5184999704360962,0.5018494725227356,421296000,27.98550033569336,28.0,27.592500686645508,27.652999877929688,27.426321029663086,43676000
2015-06-29,31.364999771118164,31.61750030517578,31.1200008392334,31.13249969482422,27.805971145629883,196645600,0.512499988079071,0.5177500247955322,0.5022500157356262,0.503000020980835,0.48684728145599365,391724000,27.337499618530273,27.545000076293945,27.011999130249023,27.0625,26.840662002563477,37756000
2015-06-30,31.392499923706055,31.530000686645508,31.21500015258789,31.357500076293945,28.006929397583008,177482800,0.5059999823570251,0.5082499980926514,0.49924999475479126,0.5027499794960022,0.48660534620285034,315916000,27.254499435424805,27.295000076293945,26.976999282836914,27.00200080871582,26.78066062927246,34510000
2015-07-01,31.725000381469727,31.735000610351562,31.497499465942383,31.649999618530273,28.268177032470703,120955200,0.515250027179718,0.5224999785423279,0.5055000185966492,0.5099999904632568,0.49362248182296753,302892000,27.183000564575195,27.29050064086914,26.988000869750977,27.165000915527344,26.94232177734375,30760000
2015-07-02,31.607500076293945,31.672500610351562,31.4424991607666,31.610000610351562,28.232444763183594,108844000,0.5097500085830688,0.5137500166893005,0.5072500109672546,0.5105000138282776,0.4941064417362213,145764000,27.23699951171875,27.399999618530273,27.178499221801758,27.367000579833984,27.142667770385742,28124000
2015-07-06,31.235000610351562,31.5575008392334,31.212499618530273,31.5,28.134201049804688,112241600,0.5062500238418579,0.5132499933242798,0.5005000233650208,0.5042499899864197,0.4880571663379669,214776000,27.112499237060547,27.429000854492188,27.104999542236328,27.2810001373291,27.057371139526367,25614000
2015-07-07,31.47249984741211,31.537500381469727,30.9424991607666,31.422500610351562,28.064985275268555,187787200,0.5012500286102295,0.503250002861023,0.4790000021457672,0.4947499930858612,0.47886213660240173,594252000,27.37150001525879,27.549999237060547,26.99250030517578,27.50149917602539,27.276063919067383,33578000
2015-07-08,31.1200008392334,31.15999984741211,30.635000228881836,30.642499923706055,27.36832618713379,243046400,0.492000013589859,0.4950000047683716,0.4872500002384186,0.49125000834465027,0.47547465562820435,332492000,27.280000686645508,27.413999557495117,27.059999465942383,27.084999084472656,26.86297607421875,27662000
2015-07-09,30.962499618530273,31.014999389648438,29.80500030517578,30.017499923706055,26.810110092163086,314380000,0.49900001287460327,0.5012500286102295,0.48225000500679016,0.48524999618530273,0.4696672558784485,357588000,27.4325008392334,27.444000244140625,27.231000900268555,27.232500076293945,27.009267807006836,29766000
2015-07-10,30.485000610351562,30.962499618530273,30.302499771118164,30.81999969482422,27.526866912841797,245418000,0.49149999022483826,0.49825000762939453,0.49024999141693115,0.4937500059604645,0.4778943955898285,216708000,27.68549919128418,27.964500427246094,27.600000381469727,27.805500030517578,27.57756805419922,43436000
2015-07-13,31.25749969482422,31.440000534057617,31.079999923706055,31.415000915527344,28.058286666870117,165762000,0.4987500011920929,0.4997499883174896,0.4937500059604645,0.4970000088214874,0.48103994131088257,212472000,27.975500106811523,28.642499923706055,27.934999465942383,28.58650016784668,28.352169036865234,41792000
2015-07-14,31.510000228881836,31.592500686645508,31.260000228881836,31.40250015258789,28.047122955322266,127072400,0.49775001406669617,0.49825000762939453,0.4907500147819519,0.4972499907016754,0.48128190636634827,249216000,28.725000381469727,29.48550033569336,28.708499908447266,29.208999633789062,28.969566345214844,74832000
2015-07-15,31.43000030517578,31.787500381469727,31.395000457763672,31.704999923706055,28.317302703857422,134596800,0.4959999918937683,0.49924999475479126,0.4892500042915344,0.4937500059604645,0.4778943955898285,265732000,29.187000274658203,29.434499740600586,29.010499954223633,29.197999954223633,28.958656311035156,41466000
2015-07-16,31.934999465942383,32.14250183105469,31.837499618530273,32.127498626708984,28.69465446472168,144889600,0.49674999713897705,0.5047500133514404,0.4950000047683716,0.5047500133514404,0.48854103684425354,282848000,29.475000381469727,30.225000381469727,29.395999908447266,30.089000701904297,29.842355728149414,112642000
2015-07-17,32.27000045776367,32.404998779296875,32.07749938964844,32.404998779296875,28.9424991607666,184658800,0.503000020980835,0.5034999847412109,0.49524998664855957,0.5017499923706055,0.48563748598098755,220372000,34.0,35.150001525878906,33.900001525878906,34.98099899291992,34.69425582885742,257162000
2015-07-20,32.74250030517578,33.24250030517578,32.67499923706055,33.01750183105469,29.489561080932617,235600800,0.5017499923706055,0.5037500262260437,0.49125000834465027,0.4925000071525574,0.47668442130088806,188412000,34.44900131225586,34.88999938964844,34.0885009765625,34.641998291015625,34.3580322265625,102436000
2015-07-21,33.212501525878906,33.22999954223633,32.58000183105469,32.6875,29.194822311401367,307025600,0.49149999022483826,0.5017499923706055,0.49149999022483826,0.4947499930858612,0.47886213660240173,149720000,34.24399948120117,35.279998779296875,34.20750045776367,34.76750183105469,34.48250198364258,75604000
2015-07-22,30.497499465942383,31.375,30.497499465942383,31.30500030517578,27.960046768188477,461802400,0.49125000834465027,0.49125000834465027,0.4792500138282776,0.48524999618530273,0.4696672558784485,356472000,34.70100021362305,35.666500091552734,34.58100128173828,34.755001068115234,34.4701042175293,83100000
2015-07-23,31.549999237060547,31.772499084472656,31.264999389648438,31.290000915527344,27.946645736694336,203998000,0.48625001311302185,0.4984999895095825,0.48524999618530273,0.49125000834465027,0.47547465562820435,169916000,34.592498779296875,34.80350112915039,33.579498291015625,33.73649978637695,33.45995330810547,76232000
2015-07-24,31.329999923706055,31.434999465942383,30.975000381469727,31.125,27.799274444580078,168649200,0.4947499930858612,0.49524998664855957,0.48350000381469727,0.4855000078678131,0.4699092507362366,188844000,33.8385009765625,33.88949966430664,32.659000396728516,32.73849868774414,32.47013473510742,82622000
2015-07-27,30.772499084472656,30.90250015258789,30.530000686645508,30.6924991607666,27.41298484802246,177822000,0.48124998807907104,0.4882499873638153,0.47725000977516174,0.4827499985694885,0.46724748611450195,192420000,32.57849884033203,33.35350036621094,32.57749938964844,32.91350173950195,32.64370346069336,58382000
2015-07-28,30.844999313354492,30.977500915527344,30.637500762939453,30.844999313354492,27.5491943359375,134472400,0.48399999737739563,0.4964999854564667,0.4790000021457672,0.4932500123977661,0.4774104058742523,198308000,33.0880012512207,33.20500183105469,32.670501708984375,32.983001708984375,32.71263122558594,34364000
2015-07-29,30.787500381469727,30.875,30.5674991607666,30.747499465942383,27.462106704711914,148046800,0.492249995470047,0.503250002861023,0.49024999141693115,0.49924999475479126,0.483217716217041,232680000,33.112998962402344,33.166500091552734,32.641998291015625,33.07149887084961,32.80039978027344,36756000
2015-07-30,30.579999923706055,30.642499923706055,30.427499771118164,30.592500686645508,27.323673248291016,134513200,0.49799999594688416,0.5055000185966492,0.49799999594688416,0.5005000233650208,0.4844275116920471,190180000,32.87200164794922,33.40250015258789,32.58449935913086,33.22800064086914,32.95561981201172,39606000
2015-07-31,30.649999618530273,30.65999984741211,30.227500915527344,30.325000762939453,27.084760665893555,171540000,0.5024999976158142,0.5027499794960022,0.4957500100135803,0.4987500011920929,0.48273369669914246,218340000,33.23500061035156,33.25,32.86000061035156,32.875,32.60552215576172,34922000
2015-08-03,30.375,30.642499923706055,29.3799991607666,29.610000610351562,26.446151733398438,279904000,0.5027499794960022,0.5077499747276306,0.4962500035762787,0.5072500109672546,0.49096089601516724,397132000,32.882999420166016,33.333499908447266,32.882999420166016,33.236000061035156,32.96355438232422,31348000
2015-08-04,29.354999542236328,29.424999237060547,28.3125,28.65999984741211,25.59766387939453,496554400,0.5055000185966492,0.5107499957084656,0.5034999847412109,0.5092499852180481,0.4928966164588928,260100000,33.21699905395508,33.400001525878906,33.0255012512207,33.06399917602539,32.792964935302734,26188000
2015-08-05,28.237499237060547,29.360000610351562,28.024999618530273,28.850000381469727,25.76735496520996,397250400,0.5217499732971191,0.5222499966621399,0.5134999752044678,0.5145000219345093,0.49797800183296204,234628000,33.287498474121094,33.99549865722656,33.27899932861328,33.66450119018555,33.388545989990234,36448000
2015-08-06,28.99250030517578,29.125,28.530000686645508,28.782499313354492,25.82343101501465,211612000,0.5132499933242798,0.5170000195503235,0.5027499794960022,0.5112500190734863,0.4948323369026184,655676000,33.699501037597656,33.73749923706055,33.0364990234375,33.50749969482422,33.232826232910156,40660000
2015-08-07,28.645000457763672,29.0625,28.625,28.8799991607666,25.91090965270996,154681600,0.5615000128746033,0.5842499732971191,0.546999990940094,0.5745000243186951,0.5560512542724609,1405248000,33.388999938964844,33.439998626708984,32.94350051879883,33.21950149536133,32.94718933105469,27544000
2015-08-10,29.13249969482422,29.997499465942383,29.13249969482422,29.93000030517578,26.85296058654785,219806400,0.5705000162124634,0.5987499952316284,0.5669999718666077,0.5945000052452087,0.5754089951515198,662304000,33.35449981689453,33.58100128173828,33.01150131225586,33.15700149536133,32.88521194458008,34458000
2015-08-11,29.452499389648438,29.545000076293945,28.332500457763672,28.372499465942383,25.45557975769043,388331200,0.5857499837875366,0.5972499847412109,0.5857499837875366,0.5914999842643738,0.5725052952766418,435008000,34.979000091552734,35.20000076293945,34.215999603271484,34.51499938964844,34.23207473754883,109880000
2015-08-12,28.13249969482422,28.854999542236328,27.407499313354492,28.809999465942383,25.848106384277344,404870000,0.5820000171661377,0.5972499847412109,0.5820000171661377,0.5929999947547913,0.5739570260047913,384048000,34.7244987487793,34.79999923706055,34.0255012512207,34.57350158691406,34.29008865356445,58498000
2015-08-13,29.010000228881836,29.100000381469727,28.635000228881836,28.787500381469727,25.827919006347656,194143200,0.59375,0.5950000286102295,0.5864999890327454,0.5879999995231628,0.5691176056861877,276884000,34.459999084472656,34.701499938964844,34.10900115966797,34.32550048828125,34.044124603271484,36354000
2015-08-14,28.579999923706055,29.077499389648438,28.502500534057617,28.989999771118164,26.00960350036621,171718000,0.5874999761581421,0.5920000076293945,0.5839999914169312,0.5885000228881836,0.5696015954017639,214652000,34.20199966430664,34.612998962402344,34.14500045776367,34.46849822998047,34.18595504760742,27598000
2015-08-17,29.010000228881836,29.412500381469727,28.875,29.290000915527344,26.27876091003418,163538800,0.5874999761581421,0.5874999761581421,0.5774999856948853,0.5847499966621399,0.5659719109535217,273880000,34.402000427246094,34.73699951171875,34.15299987792969,34.705501556396484,34.4210090637207,24680000
2015-08-18,29.107500076293945,29.360000610351562,29.002500534057617,29.125,26.13072395324707,138242800,0.5805000066757202,0.5845000147819519,0.5724999904632568,0.5770000219345093,0.5608207583427429,287084000,34.55350112915039,34.78799819946289,34.26599884033203,34.436500549316406,34.15422058105469,27710000
2015-08-19,29.024999618530273,29.1299991607666,28.670000076293945,28.752500534057617,25.796520233154297,193146000,0.5762500166893005,0.5827500224113464,0.5684999823570251,0.5747500061988831,0.5586337447166443,249248000,34.50550079345703,35.0099983215332,34.34000015258789,34.70199966430664,34.41754150390625,50194000
2015-08-20,28.520000457763672,28.587499618530273,27.907499313354492,28.162500381469727,25.267175674438477,274006400,0.5682500004768372,0.5709999799728394,0.5512499809265137,0.5540000200271606,0.5384654998779297,426932000,34.45500183105469,34.80799865722656,33.763999938964844,33.9739990234375,33.69550323486328,57798000
2015-08-21,27.607500076293945,27.975000381469727,26.412500381469727,26.440000534057617,23.721763610839844,513102000,0.550000011920929,0.559249997138977,0.5362499952316284,0.5367500185966492,0.5216993689537048,382664000,33.551998138427734,33.644500732421875,32.154998779296875,32.201499938964844,31.937532424926758,91880000
2015-08-24,23.717500686645508,27.200000762939453,23.0,25.780000686645508,23.129613876342773,648825200,0.5067499876022339,0.5457500219345093,0.5,0.5177500247955322,0.5032321214675903,682284000,30.030000686645508,31.384000778198242,29.654499053955078,30.905500411987305,30.65216064453125,129788000
2015-08-25,27.77750015258789,27.77750015258789,25.875,25.934999465942383,23.26868438720703,414406400,0.5404999852180481,0.5425000190734863,0.5070000290870667,0.5070000290870667,0.49278363585472107,622684000,32.32350158691406,32.349998474121094,30.583499908447266,30.62350082397461,30.372474670410156,71430000
2015-08-26,26.772499084472656,27.47249984741211,26.262500762939453,27.422500610351562,24.603248596191406,387098400,0.5235000252723694,0.5457500219345093,0.5195000171661377,0.5452499985694885,0.5299608707427979,614976000,32.154998779296875,33.124000549316406,31.51849937438965,32.98699951171875,32.71659851074219,87740000
2015-08-27,28.0575008392334,28.309999465942383,27.5049991607666,28.229999542236328,25.327735900878906,338464400,0.5509999990463257,0.5659999847412109,0.5477499961853027,0.565750002861023,0.5498862862586975,463764000,33.5994987487793,33.69900131225586,32.55500030517578,33.39799880981445,33.12422180175781,58974000
2015-08-28,28.042499542236328,28.327499389648438,27.885000228881836,28.322500228881836,25.41072654724121,212657600,0.565750002861023,0.5717499852180481,0.5617499947547913,0.5682500004768372,0.5523160099983215,320944000,33.28799819946289,33.349998474121094,32.6875,32.984500885009766,32.71411895751953,38836000
2015-08-31,28.00749969482422,28.63249969482422,28.0,28.190000534057617,25.29184913635254,224917200,0.565500020980835,0.5695000290870667,0.5597500205039978,0.5619999766349792,0.546241283416748,219352000,32.71699905395508,33.22050094604492,32.317501068115234,32.39099884033203,32.125484466552734,38936000
2015-09-01,27.537500381469727,27.969999313354492,26.84000015258789,26.93000030517578,24.16138458251953,307383600,0.5457500219345093,0.5550000071525574,0.5350000262260437,0.5389999747276306,0.5238860845565796,353408000,31.690500259399414,32.22200012207031,31.253000259399414,31.47800064086914,31.219968795776367,51458000
2015-09-02,27.5575008392334,28.084999084472656,27.282499313354492,28.084999084472656,25.197643280029297,247555200,0.5537499785423279,0.5554999709129333,0.5444999933242798,0.5552499890327454,0.5396806001663208,344044000,31.899999618530273,32.25299835205078,31.531999588012695,32.24549865722656,31.981170654296875,37630000
2015-09-03,28.122499465942383,28.19499969482422,27.510000228881836,27.592500686645508,24.755773544311523,212935600,0.5634999871253967,0.5662500262260437,0.5557500123977661,0.5567499995231628,0.5411384701728821,262556000,32.39649963378906,32.5625,31.690500259399414,31.852500915527344,31.591400146484375,34572000
2015-09-04,27.24250030517578,27.612499237060547,27.127500534057617,27.3174991607666,24.509048461914062,199985200,0.547249972820282,0.5559999942779541,0.5435000061988831,0.543749988079071,0.5285031199455261,287972000,31.485000610351562,31.725000381469727,31.325000762939453,31.447999954223633,31.190216064453125,40478000
2015-09-08,27.9375,28.139999389648438,27.579999923706055,28.077499389648438,25.1909122467041,219374400,0.5569999814033508,0.5692499876022339,0.5547500252723694,0.5669999718666077,0.5511009693145752,238448000,32.04999923706055,32.25199890136719,31.645000457763672,32.194000244140625,31.930095672607422,39092000
2015-09-09,28.440000534057617,28.5049991607666,27.4424991607666,27.537500381469727,24.706432342529297,340043200,0.5687500238418579,0.5734999775886536,0.5544999837875366,0.5557500123977661,0.5401665568351746,289392000,32.59400177001953,32.86800003051758,32.04499816894531,32.170501708984375,31.90679359436035,40978000
2015-09-10,27.5674991607666,28.31999969482422,27.475000381469727,28.142499923706055,25.249231338500977,251571200,0.5525000095367432,0.5715000033378601,0.550000011920929,0.5644999742507935,0.548671305179596,357076000,32.19499969482422,32.744998931884766,32.084999084472656,32.55400085449219,32.287147521972656,27850000
2015-09-11,27.947500228881836,28.552499771118164,27.940000534057617,28.552499771118164,25.617082595825195,199662000,0.5582500100135803,0.5699999928474426,0.5559999942779541,0.5662500262260437,0.5503721833229065,301584000,32.510501861572266,32.765499114990234,32.37049865722656,32.76499938964844,32.496421813964844,34892000
2015-09-14,29.145000457763672,29.22249984741211,28.71500015258789,28.827499389648438,25.863805770874023,233453600,0.5690000057220459,0.5707499980926514,0.5642499923706055,0.5672500133514404,0.5513438582420349,192460000,32.78150177001953,32.79600143432617,32.474998474121094,32.62350082397461,32.3560791015625,29942000
2015-09-15,28.982500076293945,29.13249969482422,28.604999542236328,29.06999969482422,26.081378936767578,173364800,0.5674999952316284,0.5764999985694885,0.565750002861023,0.5734999775886536,0.5574188232421875,327976000,32.83549880981445,33.442501068115234,32.66699981689453,33.253501892089844,32.980918884277344,35546000
2015-09-16,29.0625,29.135000228881836,28.860000610351562,29.102500915527344,26.110532760620117,148694000,0.5724999904632568,0.5807499885559082,0.5682500004768372,0.5774999856948853,0.5613067746162415,173508000,33.27750015258789,33.403499603271484,33.11000061035156,33.2760009765625,33.00322723388672,26252000
2015-09-17,28.915000915527344,29.122499465942383,28.43000030517578,28.479999542236328,25.552032470703125,256450400,0.5874999761581421,0.5927500128746033,0.5814999938011169,0.5827500224113464,0.5664095878601074,268712000,33.3745002746582,34.0994987487793,33.25,33.583499908447266,33.30820846557617,47752000
2015-09-18,28.052499771118164,28.575000762939453,27.967500686645508,28.362499237060547,25.446617126464844,297141200,0.5747500061988831,0.5872499942779541,0.5712500214576721,0.5822499990463257,0.5659233331680298,326412000,33.25299835205078,33.492000579833984,33.00149917602539,33.04600143432617,32.77511215209961,72544000
2015-09-21,28.417499542236328,28.842500686645508,28.415000915527344,28.802499771118164,25.84137725830078,200888000,0.5830000042915344,0.5895000100135803,0.5799999833106995,0.5882499814033508,0.5717554092407227,281840000,33.2755012512207,33.45000076293945,32.900001525878906,33.3489990234375,33.07562255859375,39094000
2015-09-22,28.344999313354492,28.545000076293945,28.1299991607666,28.350000381469727,25.43539810180664,201384800,0.5755000114440918,0.5795000195503235,0.5692499876022339,0.5722500085830688,0.5562037229537964,228356000,32.87350082397461,32.941001892089844,32.25149917602539,32.65999984741211,32.392276763916016,54362000
2015-09-23,28.407499313354492,28.68000030517578,28.325000762939453,28.579999923706055,25.64175796508789,143026800,0.5727499723434448,0.578499972820282,0.5705000162124634,0.574999988079071,0.558876633644104,161632000,32.64500045776367,33.013999938964844,32.5364990234375,32.66450119018555,32.3967399597168,29160000
2015-09-24,28.3125,28.875,28.092500686645508,28.75,25.794273376464844,200878000,0.5715000033378601,0.5920000076293945,0.5625,0.5860000252723694,0.5695684552192688,382440000,32.44850158691406,32.8385009765625,32.10850143432617,32.74549865722656,32.477073669433594,38692000
2015-09-25,29.110000610351562,29.172500610351562,28.5049991607666,28.677499771118164,25.729228973388672,224607600,0.5932499766349792,0.6017500162124634,0.5845000147819519,0.5902500152587891,0.5736992359161377,369692000,32.92900085449219,32.92900085449219,31.982999801635742,32.00749969482422,31.74512481689453,48480000
2015-09-28,28.462499618530273,28.642499923706055,28.110000610351562,28.110000610351562,25.22007179260254,208436000,0.5902500152587891,0.593999981880188,0.5787500143051147,0.5824999809265137,0.5661664009094238,395584000,31.952499389648438,32.14250183105469,30.892000198364258,31.212499618530273,30.956642150878906,47646000
2015-09-29,28.207500457763672,28.377500534057617,26.96500015258789,27.264999389648438,24.461944580078125,293461600,0.5887500047683716,0.59375,0.5805000066757202,0.5927500128746033,0.5761289596557617,380736000,31.274999618530273,31.733999252319336,30.901500701904297,31.13050079345703,30.87531852722168,42130000
2015-09-30,27.542499542236328,27.885000228881836,27.1825008392334,27.575000762939453,24.74007225036621,265892000,0.5982499718666077,0.6169999837875366,0.5947499871253967,0.6162499785423279,0.5989699959754944,556380000,31.59149932861328,31.965499877929688,31.457500457763672,31.918500900268555,31.6568603515625,52954000
2015-10-01,27.267499923706055,27.405000686645508,26.827499389648438,27.395000457763672,24.578584671020508,255716400,0.6162499785423279,0.6179999709129333,0.5867499709129333,0.6042500138282776,0.5873066186904907,489296000,31.89699935913086,32.19200134277344,31.555999755859375,32.099998474121094,31.836868286132812,42506000
2015-10-02,27.002500534057617,27.752500534057617,26.887500762939453,27.594999313354492,24.758024215698242,232079200,0.6010000109672546,0.6200000047683716,0.5947499871253967,0.6200000047683716,0.6026148796081543,386144000,31.90049934387207,32.849998474121094,31.674999237060547,32.8494987487793,32.58021545410156,48788000
2015-10-05,27.469999313354492,27.842500686645508,27.267499923706055,27.69499969482422,24.847736358642578,208258800,0.6240000128746033,0.6432499885559082,0.6207500100135803,0.6355000138282776,0.6176801919937134,482024000,33.08000183105469,33.6515007019043,32.79349899291992,33.58399963378906,33.30870056152344,37960000
2015-10-06,27.657499313354492,27.934999465942383,27.4424991607666,27.827499389648438,24.966611862182617,192787200,0.6287500262260437,0.6464999914169312,0.6262500286102295,0.643750011920929,0.6256990432739258,453216000,33.467498779296875,33.939998626708984,33.15399932861328,33.582000732421875,33.30672073364258,42774000
2015-10-07,27.934999465942383,27.9424991607666,27.352500915527344,27.69499969482422,24.847736358642578,187062400,0.6452500224113464,0.6570000052452087,0.6347500085830688,0.6504999995231628,0.6322596669197083,310152000,33.869998931884766,33.9370002746582,32.90549850463867,33.5,33.225399017333984,44354000
2015-10-08,27.547500610351562,27.547500610351562,27.052499771118164,27.375,24.56064224243164,247918400,0.6477500200271606,0.656000018119812,0.6367499828338623,0.6542500257492065,0.6359047889709473,460068000,33.47249984741211,33.59450149536133,32.7244987487793,33.349998474121094,33.07661819458008,39308000
2015-10-09,27.5,28.06999969482422,27.372499465942383,28.030000686645508,25.14830207824707,211064400,0.6507499814033508,0.6570000052452087,0.6395000219345093,0.6517500281333923,0.6334747076034546,423248000,33.3745002746582,33.704498291015625,33.11800003051758,33.5620002746582,33.28688049316406,32124000
2015-10-12,28.1825008392334,28.1875,27.860000610351562,27.899999618530273,25.03166389465332,121868800,0.6524999737739563,0.6625000238418579,0.6477500200271606,0.6587499976158142,0.6402784585952759,227588000,33.45949935913086,33.89899826049805,33.36199951171875,33.82149887084961,33.544254302978516,26684000
2015-10-13,27.704999923706055,28.112499237060547,27.670000076293945,27.947500228881836,25.074277877807617,132197200,0.6535000205039978,0.6639999747276306,0.6512500047683716,0.6600000262260437,0.6414933800697327,298444000,33.7130012512207,34.42300033569336,33.65549850463867,34.15850067138672,33.87849807739258,42446000
2015-10-14,27.822500228881836,27.8799991607666,27.389999389648438,27.552499771118164,24.719890594482422,177849600,0.6607499718666077,0.6947500109672546,0.6600000262260437,0.6840000152587891,0.6648204922676086,612148000,34.186500549316406,34.50199890136719,33.94499969482422,34.02050018310547,33.74162292480469,31292000
2015-10-15,27.732500076293945,28.024999618530273,27.622499465942383,27.96500015258789,25.089981079101562,150694000,0.6852499842643738,0.6997500061988831,0.6782500147819519,0.6857500076293945,0.6665211319923401,526048000,34.26250076293945,34.70800018310547,34.21950149536133,34.6510009765625,34.3669548034668,47156000
2015-10-16,27.94499969482422,28.0,27.63249969482422,27.760000228881836,24.906055450439453,156930400,0.6880000233650208,0.703000009059906,0.6862499713897705,0.6965000033378601,0.6769700050354004,448396000,34.77000045776367,34.81100082397461,34.45500183105469,34.76599884033203,34.48101043701172,36316000
2015-10-19,27.700000762939453,27.9375,27.52750015258789,27.9325008392334,25.060823440551758,119036800,0.6987500190734863,0.7020000219345093,0.687250018119812,0.6952499747276306,0.6757547855377197,294712000,34.70000076293945,35.012001037597656,34.61050033569336,34.997501373291016,34.71062088012695,30172000
2015-10-20,27.834999084472656,28.542499542236328,27.704999923706055,28.4424991607666,25.518381118774414,195871200,0.6922500133514404,0.6974999904632568,0.6869999766349792,0.6942499876022339,0.6747829914093018,264824000,34.894500732421875,34.900001525878906,33.683998107910156,34.0,33.721290588378906,52434000
2015-10-21,28.5,28.895000457763672,28.424999237060547,28.440000534057617,25.516145706176758,167180800,0.6984999775886536,0.702750027179718,0.6840000152587891,0.6852499842643738,0.6660353541374207,386280000,34.160499572753906,34.244998931884766,33.53499984741211,33.59000015258789,33.31465530395508,31952000
2015-10-22,28.582500457763672,28.875,28.524999618530273,28.875,25.90641975402832,166616400,0.6932500004768372,0.7122499942779541,0.6922500133514404,0.7099999785423279,0.6900911927223206,306884000,33.77199935913086,34.40250015258789,33.584999084472656,34.05699920654297,33.7778205871582,88632000
2015-10-23,29.174999237060547,29.8075008392334,29.082500457763672,29.770000457763672,26.70941734313965,237467600,0.7162500023841858,0.7195000052452087,0.7055000066757202,0.7147499918937683,0.6947081685066223,381776000,37.50299835205078,37.625,35.89699935913086,35.96649932861328,35.67167663574219,126726000
2015-10-26,29.520000457763672,29.532499313354492,28.729999542236328,28.81999969482422,25.85708236694336,265335200,0.7152500152587891,0.7170000076293945,0.7049999833106995,0.7114999890327454,0.6915491819381714,247436000,36.000999450683594,36.747501373291016,36.000999450683594,36.555999755859375,36.2563362121582,48776000
2015-10-27,28.850000381469727,29.135000228881836,28.497499465942383,28.637500762939453,25.693340301513672,279537600,0.7080000042915344,0.715499997138977,0.7074999809265137,0.7110000252723694,0.6910634636878967,208268000,36.32849884033203,36.79800033569336,36.207000732421875,36.64099884033203,36.34064865112305,38778000
2015-10-28,29.232500076293945,29.825000762939453,29.014999389648438,29.8174991607666,26.752025604248047,342205600,0.715499997138977,0.7167500257492065,0.7049999833106995,0.7167500257492065,0.6966520547866821,217036000,36.650001525878906,36.868499755859375,36.36349868774414,36.84600067138672,36.543968200683594,39604000
2015-10-29,29.674999237060547,30.172500610351562,29.5674991607666,30.13249969482422,27.03464126586914,204909200,0.7052500247955322,0.7124999761581421,0.690750002861023,0.6919999718666077,0.6725962162017822,327168000,36.83150100708008,37.339500427246094,36.757999420166016,37.24250030517578,36.93721389770508,36520000
2015-10-30,30.247499465942383,30.30500030517578,29.862499237060547,29.875,26.803617477416992,197461200,0.6995000243186951,0.7142500281333923,0.6942499876022339,0.7092499732971191,0.689362108707428,301160000,37.27799987792969,37.31549835205078,36.826499938964844,36.86949920654297,36.56727600097656,39984000
2015-11-02,30.200000762939453,30.34000015258789,29.90250015258789,30.295000076293945,27.180435180664062,128813200,0.7114999890327454,0.7182499766349792,0.7072499990463257,0.7174999713897705,0.6973812580108643,190088000,36.72650146484375,37.409000396728516,36.5724983215332,37.387001037597656,37.08053207397461,39914000
2015-11-03,30.197500228881836,30.872499465942383,30.174999237060547,30.642499923706055,27.49220848083496,182076000,0.7132499814033508,0.7172499895095825,0.7045000195503235,0.7124999761581421,0.6925212740898132,376768000,37.27149963378906,37.584999084472656,37.05799865722656,37.441001892089844,37.13408660888672,36306000
2015-11-04,30.782499313354492,30.954999923706055,30.405000686645508,30.5,27.36436653137207,179544400,0.7105000019073486,0.715749979019165,0.6974999904632568,0.7007499933242798,0.6811006665229797,442264000,37.494998931884766,37.994998931884766,37.459999084472656,37.765499114990234,37.45592498779297,41840000
2015-11-05,30.462499618530273,30.672500610351562,30.045000076293945,30.229999542236328,27.23821258544922,158210800,0.7042499780654907,0.706250011920929,0.690750002861023,0.6927499771118164,0.6733250021934509,478800000,37.94049835205078,38.317501068115234,37.87350082397461,38.03350067138672,37.72173309326172,45486000
2015-11-06,30.27750015258789,30.452499389648438,30.155000686645508,30.264999389648438,27.269750595092773,132169200,0.7612500190734863,0.7985000014305115,0.7455000281333923,0.7887499928474426,0.7666330337524414,1172272000,37.96950149536133,38.1510009765625,37.75149917602539,38.08000183105469,37.767852783203125,33544000
2015-11-09,30.239999771118164,30.452499389648438,30.012500762939453,30.142499923706055,27.15937614440918,135485600,0.781000018119812,0.7875000238418579,0.7742499709129333,0.7852500081062317,0.7632312774658203,492568000,37.92599868774414,38.165000915527344,37.455501556396484,37.73849868774414,37.42914962768555,35538000
2015-11-10,29.225000381469727,29.517499923706055,29.014999389648438,29.1924991607666,26.303401947021484,236511600,0.7749999761581421,0.7792500257492065,0.7537500262260437,0.7702500224113464,0.7486518025398254,552260000,37.67399978637695,38.029998779296875,37.420501708984375,37.91299819946289,37.602210998535156,29798000
2015-11-11,29.092500686645508,29.354999542236328,28.802499771118164,29.02750015258789,26.15472412109375,180872000,0.7707499861717224,0.7762500047683716,0.7599999904632568,0.7627500295639038,0.7413622736930847,619896000,38.11899948120117,38.45399856567383,37.98749923706055,38.26250076293945,37.948856353759766,41866000
2015-11-12,29.065000534057617,29.204999923706055,28.912500381469727,28.93000030517578,26.066879272460938,130102400,0.7609999775886536,0.7680000066757202,0.7567499876022339,0.7599999904632568,0.7386891841888428,291080000,38.00899887084961,38.290000915527344,37.792999267578125,37.826499938964844,37.51642608642578,35452000
2015-11-13,28.799999237060547,28.892499923706055,28.0674991607666,28.084999084472656,25.30550193786621,183249600,0.7607499957084656,0.7639999985694885,0.7412499785423279,0.7450000047683716,0.7241100668907166,292940000,37.70199966430664,37.76649856567383,36.9734992980957,37.003501892089844,36.70017623901367,48188000
2015-11-16,27.844999313354492,28.559999465942383,27.75,28.545000076293945,25.7199764251709,152426800,0.7547500133514404,0.7605000138282776,0.7487499713897705,0.7599999904632568,0.7386891841888428,344280000,37.010501861572266,37.58549880981445,36.71649932861328,37.520999908447266,37.21342849731445,50704000
2015-11-17,28.729999542236328,28.762500762939453,28.329999923706055,28.422500610351562,25.609600067138672,110467600,0.7620000243186951,0.7664999961853027,0.7567499876022339,0.7599999904632568,0.7386891841888428,257048000,37.62350082397461,37.747501373291016,37.20249938964844,37.29899978637695,36.993255615234375,38864000
2015-11-18,28.940000534057617,29.372499465942383,28.875,29.322500228881836,26.4205322265625,186698800,0.7602499723434448,0.7767500281333923,0.7519999742507935,0.7757499814033508,0.7568608522415161,350216000,37.47850036621094,38.05500030517578,37.36949920654297,38.0004997253418,37.68899917602539,36266000
2015-11-19,29.40999984741211,29.9375,29.190000534057617,29.69499969482422,26.756162643432617,173183200,0.7785000205039978,0.7857499718666077,0.7722499966621399,0.777999997138977,0.7590559720993042,254072000,37.98899841308594,38.1614990234375,37.86149978637695,37.99700164794922,37.68552780151367,28078000
2015-11-20,29.799999237060547,29.979999542236328,29.712499618530273,29.825000762939453,26.873292922973633,137148400,0.7837499976158142,0.7892500162124634,0.7789999842643738,0.7847499847412109,0.7656415104866028,239744000,38.46500015258789,38.965999603271484,38.20500183105469,38.849998474121094,38.53153610229492,55478000
2015-11-23,29.8174991607666,29.9325008392334,29.334999084472656,29.4375,26.524152755737305,129930000,0.7912499904632568,0.7912499904632568,0.7702500224113464,0.7730000019073486,0.7541778683662415,242552000,38.87350082397461,39.14500045776367,38.675498962402344,38.834999084472656,38.516658782958984,34648000
2015-11-24,29.332500457763672,29.837499618530273,29.280000686645508,29.719999313354492,26.77869415283203,171212800,0.7730000019073486,0.7860000133514404,0.7695000171661377,0.7792500257492065,0.7602756023406982,195428000,38.64799880981445,38.79949951171875,37.90549850463867,38.48149871826172,38.16605758666992,47880000
2015-11-25,29.802499771118164,29.8075008392334,29.479999542236328,29.50749969482422,26.587221145629883,85553200,0.7777500152587891,0.7870000004768372,0.7754999995231628,0.778249979019165,0.7592998147010803,138300000,38.58449935913086,38.650001525878906,38.326499938964844,38.4630012512207,38.14771270751953,23612000
2015-11-27,29.572500228881836,29.602500915527344,29.399999618530273,29.452499389648438,26.53766441345215,52185600,0.7797499895095825,0.7872499823570251,0.7757499814033508,0.7847499847412109,0.7656415104866028,86996000,38.45800018310547,38.70000076293945,38.349998474121094,38.5984992980957,38.282100677490234,14434000
2015-11-30,29.497499465942383,29.852500915527344,29.4375,29.575000762939453,26.64804458618164,156721200,0.7854999899864197,0.796500027179718,0.7847499847412109,0.7929999828338623,0.7736907601356506,327244000,38.59349822998047,38.75149917602539,38.055999755859375,38.14250183105469,37.82984161376953,33586000
2015-12-01,29.6875,29.702499389648438,29.21500015258789,29.334999084472656,26.431793212890625,139409600,0.800000011920929,0.8195000290870667,0.7992500066757202,0.8187500238418579,0.7988137602806091,409496000,38.34700012207031,39.25,38.29750061035156,39.18949890136719,38.868255615234375,40398000
2015-12-02,29.334999084472656,29.52750015258789,29.020000457763672,29.06999969482422,26.193025588989258,133546400,0.8199999928474426,0.828499972820282,0.8107500076293945,0.8125,0.7927159070968628,294240000,39.26250076293945,39.65250015258789,38.82149887084961,38.89250183105469,38.57368850708008,46876000
2015-12-03,29.137500762939453,29.197500228881836,28.55500030517578,28.799999237060547,25.949737548828125,166278000,0.8190000057220459,0.8274999856948853,0.8067499995231628,0.8107500076293945,0.791008710861206,246656000,39.02799987792969,39.2239990234375,38.122501373291016,38.40999984741211,38.09514617919922,41950000
2015-12-04,28.822500228881836,29.8125,28.77750015258789,29.75749969482422,26.81248664855957,231108000,0.8107500076293945,0.8452500104904175,0.8107500076293945,0.84375,0.8232050538063049,458756000,38.48550033569336,39.12099838256836,38.2755012512207,38.96049880981445,38.64112854003906,49800000
2015-12-07,29.7450008392334,29.96500015258789,29.452499389648438,29.56999969482422,26.643535614013672,128336800,0.843500018119812,0.843500018119812,0.8252500295639038,0.827750027179718,0.8075946569442749,333588000,39.00299835205078,39.04999923706055,38.33599853515625,38.64950180053711,38.33268356323242,36626000
2015-12-08,29.3799991607666,29.649999618530273,29.21500015258789,29.5575008392334,26.63226890563965,137238000,0.8174999952316284,0.8424999713897705,0.812250018119812,0.8389999866485596,0.8185707330703735,314488000,38.224998474121094,38.932498931884766,38.125999450683594,38.75699996948242,38.439300537109375,31082000
2015-12-09,29.40999984741211,29.422500610351562,28.770000457763672,28.905000686645508,26.044349670410156,185445600,0.8387500047683716,0.84375,0.809249997138977,0.8177499771118164,0.7978379726409912,372676000,38.55500030517578,38.804500579833984,37.60049819946289,38.127498626708984,37.81496047973633,46550000
2015-12-10,29.010000228881836,29.235000610351562,28.877500534057617,29.042499542236328,26.16823959350586,116850800,0.8202499747276306,0.8289999961853027,0.8174999952316284,0.8245000243186951,0.8044238090515137,236596000,38.179500579833984,38.30350112915039,37.75,38.00199890136719,37.690486907958984,32458000
2015-12-11,28.797500610351562,28.84749984741211,28.212499618530273,28.295000076293945,25.494726181030273,187544800,0.8162500262260437,0.8220000267028809,0.8105000257492065,0.812250018119812,0.7924719452857971,227320000,37.45000076293945,37.87200164794922,37.432498931884766,37.520999908447266,37.21342849731445,43184000
2015-12-14,28.045000076293945,28.170000076293945,27.447500228881836,28.1200008392334,25.337038040161133,257274800,0.8130000233650208,0.8187500238418579,0.8044999837875366,0.8142499923706055,0.7944232225418091,275892000,37.5629997253418,38.20750045776367,36.8129997253418,38.12699890136719,37.8144645690918,53864000
2015-12-15,27.985000610351562,28.200000762939453,27.587499618530273,27.622499465942383,24.888776779174805,213292400,0.8234999775886536,0.8299999833106995,0.8190000057220459,0.8242499828338623,0.8041799664497375,307296000,38.38949966430664,38.73749923706055,37.900001525878906,38.00450134277344,37.692970275878906,49386000
2015-12-16,27.767499923706055,27.997499465942383,27.200000762939453,27.834999084472656,25.080245971679688,224954000,0.8259999752044678,0.8320000171661377,0.8187500238418579,0.8292499780654907,0.8090580105781555,236356000,38.32849884033203,39.07500076293945,37.852500915527344,38.829498291015625,38.51119613647461,53120000
2015-12-17,28.0049991607666,28.0625,27.2450008392334,27.2450008392334,24.548635482788086,179091200,0.8305000066757202,0.8389999866485596,0.8162500262260437,0.8167499899864197,0.7968625426292419,254160000,39.05799865722656,39.079498291015625,38.46500015258789,38.49150085449219,38.17597961425781,36510000
2015-12-18,27.227500915527344,27.3799991607666,26.452499389648438,26.50749969482422,23.884122848510742,385813200,0.8109999895095825,0.8192499876022339,0.8025000095367432,0.8034999966621399,0.7839351296424866,395896000,38.36149978637695,38.707000732421875,37.829498291015625,37.842498779296875,37.53229904174805,67794000
2015-12-21,26.81999969482422,26.842500686645508,26.392499923706055,26.832500457763672,24.176959991455078,190362400,0.812250018119812,0.8232499957084656,0.8050000071525574,0.8224999904632568,0.8024723529815674,284216000,38.15250015258789,38.317501068115234,37.70750045776367,38.040000915527344,37.728179931640625,34848000
2015-12-22,26.850000381469727,26.93000030517578,26.612499237060547,26.8075008392334,24.154434204101562,131157600,0.824999988079071,0.8314999938011169,0.8182500004768372,0.8232499957084656,0.8032041788101196,130012000,38.2135009765625,38.516998291015625,38.060001373291016,38.35649871826172,38.042083740234375,36338000
2015-12-23,26.8174991607666,27.212499618530273,26.799999237060547,27.15250015258789,24.46528434753418,130629600,0.8245000243186951,0.8297500014305115,0.8230000138282776,0.8264999985694885,0.8063750267028809,122524000,38.53450012207031,38.595001220703125,37.88249969482422,38.425498962402344,38.11052322387695,30594000
2015-12-24,27.25,27.25,26.987499237060547,27.00749969482422,24.334638595581055,54281600,0.8240000009536743,0.831250011920929,0.8227499723434448,0.8292499780654907,0.8090580105781555,52448000,38.42599868774414,38.459999084472656,38.21950149536133,38.29199981689453,37.978111267089844,10412000
2015-12-28,26.897499084472656,26.922500610351562,26.545000076293945,26.704999923706055,24.062076568603516,106816800,0.8205000162124634,0.828499972820282,0.8090000152587891,0.828499972820282,0.8083263635635376,142024000,38.5,39.14099884033203,38.38650131225586,39.11199951171875,38.791385650634766,31156000
2015-12-29,26.739999771118164,27.357500076293945,26.71500015258789,27.184999465942383,24.494571685791016,123724800,0.8289999961853027,0.8445000052452087,0.8267499804496765,0.8420000076293945,0.8214975595474243,203660000,39.3494987487793,39.93450164794922,39.310001373291016,39.698001861572266,39.372589111328125,38430000
2015-12-30,27.145000457763672,27.174999237060547,26.795000076293945,26.829999923706055,24.17470359802246,100855200,0.8412500023841858,0.8485000133514404,0.8345000147819519,0.8347499966621399,0.8144242763519287,180344000,39.698001861572266,39.823001861572266,39.36000061035156,39.51499938964844,39.19108963012695,28566000
2015-12-31,26.752500534057617,26.75749969482422,26.204999923706055,26.315000534057617,23.710681915283203,163649200,0.8335000276565552,0.8372499942779541,0.8240000009536743,0.8240000009536743,0.8039358258247375,148528000,39.39099884033203,39.416500091552734,38.86600112915039,38.9005012512207,38.58162307739258,32752000
2016-01-04,25.65250015258789,26.342500686645508,25.5,26.337499618530273,23.730945587158203,270597600,0.8072500228881836,0.8144999742507935,0.8009999990463257,0.809249997138977,0.7895451188087463,358076000,38.11000061035156,38.11000061035156,37.37699890136719,37.97200012207031,37.66073226928711,67382000
2016-01-05,26.4375,26.462499618530273,25.602500915527344,25.677499771118164,23.136266708374023,223164000,0.8245000243186951,0.8360000252723694,0.8125,0.8222500085830688,0.802228569984436,490272000,38.20500183105469,38.459999084472656,37.782501220703125,38.076499938964844,37.76437759399414,45216000
2016-01-06,25.139999389648438,25.592500686645508,24.967500686645508,25.174999237060547,22.683490753173828,273829600,0.8087499737739563,0.8125,0.7789999842643738,0.7882500290870667,0.7690563797950745,449344000,37.51850128173828,38.2864990234375,37.400001525878906,37.96649932861328,37.655277252197266,48206000
2016-01-07,24.670000076293945,25.032499313354492,24.107500076293945,24.112499237060547,21.726152420043945,324377600,0.7684999704360962,0.7737500071525574,0.746999979019165,0.7570000290870667,0.7385671734809875,645304000,37.324501037597656,37.765499114990234,36.763999938964844,37.04999923706055,36.74629211425781,63132000
2016-01-08,24.637500762939453,24.77750015258789,24.190000534057617,24.239999771118164,21.841035842895508,283192000,0.7667499780654907,0.7674999833106995,0.7392500042915344,0.7407500147819519,0.7227131128311157,398472000,37.38999938964844,37.50600051879883,36.44599914550781,36.545501708984375,36.24592971801758,47506000
2016-01-11,24.74250030517578,24.764999389648438,24.334999084472656,24.63249969482422,22.194684982299805,198957600,0.7415000200271606,0.7472500205039978,0.7287499904632568,0.7419999837875366,0.7239325642585754,409372000,36.59749984741211,36.75400161743164,35.97800064086914,36.653499603271484,36.3530387878418,50896000
2016-01-12,25.137500762939453,25.172500610351562,24.709999084472656,24.989999771118164,22.516807556152344,196616800,0.7552499771118164,0.765500009059906,0.7492499947547913,0.7544999718666077,0.7361282706260681,469356000,37.037498474121094,37.41699981689453,36.82149887084961,37.266998291015625,36.96151351928711,46816000
2016-01-13,25.079999923706055,25.297500610351562,24.325000762939453,24.34749984741211,21.937898635864258,249758400,0.7602499723434448,0.765250027179718,0.7307500243186951,0.7315000295639038,0.71368807554245,481672000,37.46699905395508,37.650001525878906,35.8390007019043,35.97850036621094,35.683570861816406,51728000
2016-01-14,24.489999771118164,25.1200008392334,23.934999465942383,24.8799991607666,22.41769027709961,252680400,0.7164999842643738,0.7250000238418579,0.6955000162124634,0.7167500257492065,0.6992974281311035,600236000,36.22200012207031,36.99449920654297,35.25,36.56949996948242,36.26973342895508,55558000
2016-01-15,24.049999237060547,24.427499771118164,23.84000015258789,24.282499313354492,21.87932777404785,319335600,0.6880000233650208,0.6962500214576721,0.6660000085830688,0.6777499914169312,0.6612471342086792,841452000,35.4995002746582,36.20800018310547,35.07550048828125,35.52450180053711,35.23329544067383,76676000
2016-01-19,24.602500915527344,24.662500381469727,23.875,24.165000915527344,21.773456573486328,212350800,0.6917499899864197,0.7112500071525574,0.6804999709129333,0.6832500100135803,0.6666131615638733,457140000,36.00749969482422,36.26750183105469,35.49250030517578,35.95399856567383,35.659271240234375,48724000
2016-01-20,23.774999618530273,24.547500610351562,23.354999542236328,24.197500228881836,21.802738189697266,289337600,0.6702499985694885,0.6957499980926514,0.6612499952316284,0.6869999766349792,0.670271635055542,481180000,35.29499816894531,36.34749984741211,34.388999938964844,35.928001403808594,35.633487701416016,82440000
2016-01-21,24.264999389648438,24.469999313354492,23.735000610351562,24.075000762939453,21.692359924316406,208646000,0.6945000290870667,0.7057499885559082,0.6802499890327454,0.6949999928474426,0.678076982498169,481456000,36.00849914550781,36.88349914550781,35.55550003051758,36.333499908447266,36.03566360473633,51938000
2016-01-22,24.657499313354492,25.364999771118164,24.592500686645508,25.354999542236328,22.845685958862305,263202000,0.7082499861717224,0.7160000205039978,0.7067499756813049,0.7112500071525574,0.6939313411712646,257996000,37.099998474121094,37.428001403808594,37.025001525878906,37.27299880981445,36.967464447021484,47146000
2016-01-25,25.3799991607666,25.38249969482422,24.802499771118164,24.860000610351562,22.399677276611328,207178000,0.7110000252723694,0.7192500233650208,0.7089999914169312,0.7105000019073486,0.6931997537612915,270728000,37.19200134277344,37.62300109863281,36.625,36.680999755859375,36.38032150268555,45340000
2016-01-26,24.982500076293945,25.219999313354492,24.517499923706055,24.997499465942383,22.523563385009766,300308000,0.7120000123977661,0.7204999923706055,0.7047500014305115,0.7174999713897705,0.7000293731689453,227944000,36.760501861572266,36.972999572753906,36.3484992980957,36.68949890136719,36.38874435424805,30940000
2016-01-27,24.010000228881836,24.157499313354492,23.334999084472656,23.354999542236328,21.04361343383789,533478800,0.7164999842643738,0.71875,0.6955000162124634,0.7089999914169312,0.6917362809181213,231700000,36.794498443603516,36.794498443603516,35.67250061035156,35.87900161743164,35.584896087646484,42428000
2016-01-28,23.447500228881836,23.6299991607666,23.09749984741211,23.522499084472656,21.194538116455078,222715200,0.7147499918937683,0.7172499895095825,0.6875,0.7012500166893005,0.6841748356819153,276776000,36.90950012207031,37.55799865722656,36.529998779296875,37.415000915527344,37.10829544067383,62104000
2016-01-29,23.697500228881836,24.334999084472656,23.587499618530273,24.334999084472656,21.9266300201416,257666000,0.7072499990463257,0.7337499856948853,0.7045000195503235,0.7322499752044678,0.7144200801849365,310504000,37.448001861572266,38.25550079345703,37.209999084472656,38.067501068115234,37.755455017089844,75808000
2016-02-01,24.11750030517578,24.177499771118164,23.850000381469727,24.107500076293945,21.721647262573242,163774000,0.7315000295639038,0.7362499833106995,0.7252500057220459,0.7325000166893005,0.7146639823913574,289884000,38.5629997253418,38.87950134277344,38.069000244140625,38.53850173950195,38.222591400146484,111522000
2016-02-02,23.854999542236328,24.010000228881836,23.56999969482422,23.6200008392334,21.282390594482422,149428800,0.7250000238418579,0.7287499904632568,0.6965000033378601,0.7014999985694885,0.684418797492981,341908000,40.025001525878906,40.51750183105469,39.029998779296875,39.045501708984375,38.72543716430664,135846000
2016-02-03,23.75,24.209999084472656,23.520000457763672,24.087499618530273,21.703630447387695,183857200,0.7070000171661377,0.7112500071525574,0.6887500286102295,0.7049999833106995,0.6878334879875183,326772000,39.31399917602539,39.57149887084961,36.8129997253418,37.46900177001953,37.161861419677734,131114000
2016-02-04,23.96500015258789,24.332500457763672,23.797500610351562,24.149999618530273,21.878013610839844,185886800,0.7059999704360962,0.7212499976158142,0.6982499957084656,0.7052500247955322,0.688077449798584,348140000,37.22949981689453,37.262001037597656,36.130001068115234,36.50149917602539,36.2022819519043,104922000
2016-02-05,24.1299991607666,24.229999542236328,23.422500610351562,23.5049991607666,21.29368782043457,185672400,0.7005000114440918,0.7082499861717224,0.6587499976158142,0.6607499718666077,0.644661009311676,600428000,36.275001525878906,36.33599853515625,35.00699996948242,35.1879997253418,34.899559020996094,109556000
2016-02-08,23.282499313354492,23.924999237060547,23.260000228881836,23.752500534057617,21.517908096313477,216085600,0.6507499814033508,0.6539999842643738,0.6212499737739563,0.6305000185966492,0.6151474714279175,608852000,34.38399887084961,35.22600173950195,34.10049819946289,35.20800018310547,34.91938781738281,89410000
2016-02-09,23.572500228881836,23.985000610351562,23.482500076293945,23.747499465942383,21.513381958007812,177324800,0.6230000257492065,0.6637499928474426,0.6200000047683716,0.6372500061988831,0.6217330694198608,425372000,34.647499084472656,36.04800033569336,34.42499923706055,35.05099868774414,34.7636833190918,84300000
2016-02-10,23.979999542236328,24.087499618530273,23.524999618530273,23.5674991607666,21.35031509399414,169374400,0.6412500143051147,0.6597499847412109,0.6322500109672546,0.6357499957084656,0.620269775390625,335800000,35.589500427246094,36.1609992980957,35.269500732421875,35.342498779296875,35.05278396606445,60314000
2016-02-11,23.447500228881836,23.68000030517578,23.147499084472656,23.424999237060547,21.221223831176758,200298800,0.6194999814033508,0.6389999985694885,0.6194999814033508,0.6324999928474426,0.617098867893219,340144000,34.81700134277344,35.61600112915039,34.55950164794922,35.31800079345703,35.02849197387695,65004000
2016-02-12,23.547500610351562,23.625,23.252500534057617,23.497499465942383,21.286895751953125,161405600,0.6424999833106995,0.6445000171661377,0.6187499761581421,0.6432499885559082,0.6275869607925415,340816000,35.61050033569336,35.79999923706055,35.07899856567383,35.34450149536133,35.054771423339844,46538000
2016-02-16,23.7549991607666,24.212499618530273,23.65250015258789,24.15999984741211,21.887069702148438,196231600,0.6524999737739563,0.6757500171661377,0.6504999995231628,0.6747499704360962,0.6583201289176941,485352000,35.932498931884766,36.14400100708008,35.50899887084961,35.88199996948242,35.587867736816406,43444000
2016-02-17,24.167499542236328,24.552499771118164,24.037500381469727,24.530000686645508,22.222257614135742,179452800,0.6832500100135803,0.6980000138282776,0.6804999709129333,0.6915000081062317,0.6746621131896973,771468000,36.349998474121094,36.6879997253418,35.830501556396484,36.5984992980957,36.29849624633789,49154000
2016-02-18,24.709999084472656,24.72249984741211,24.022499084472656,24.065000534057617,21.801002502441406,156084000,0.7482500076293945,0.7745000123977661,0.7475000023841858,0.7509999871253967,0.7327133417129517,1068660000,36.698001861572266,36.79999923706055,35.77750015258789,35.8754997253418,35.581417083740234,47276000
2016-02-19,24.0,24.190000534057617,23.950000762939453,24.010000228881836,21.75118637084961,141496800,0.746999979019165,0.7677500247955322,0.7412499785423279,0.7609999775886536,0.7424700856208801,525628000,35.79499816894531,36.201499938964844,35.65599822998047,36.105499267578125,35.80953598022461,34918000
2016-02-22,24.077499389648438,24.225000381469727,23.979999542236328,24.219999313354492,21.941425323486328,137123200,0.7720000147819519,0.796750009059906,0.7705000042915344,0.7879999876022339,0.7688124775886536,449668000,36.47549819946289,36.74250030517578,36.17250061035156,36.45249938964844,36.1536865234375,37516000
2016-02-23,24.100000381469727,24.125,23.637500762939453,23.672500610351562,21.445438385009766,127770400,0.7817500233650208,0.7975000143051147,0.777999997138977,0.7900000214576721,0.7707637548446655,369380000,36.30500030517578,36.54499816894531,35.78350067138672,35.864498138427734,35.57050323486328,41332000
2016-02-24,23.4950008392334,24.094999313354492,23.329999923706055,24.024999618530273,21.7647762298584,145022800,0.7867500185966492,0.796750009059906,0.7649999856948853,0.7954999804496765,0.7761297821998596,336852000,35.53049850463867,36.06100082397461,35.10100173950195,36.04499816894531,35.74952697753906,37092000
2016-02-25,24.012500762939453,24.190000534057617,23.8125,24.190000534057617,21.91425323486328,110330800,0.7985000014305115,0.8012499809265137,0.7829999923706055,0.797249972820282,0.7778370380401611,349616000,36.14649963378906,36.47549819946289,35.6614990234375,36.45600128173828,36.157161712646484,36146000
2016-02-26,24.299999237060547,24.5049991607666,24.145000457763672,24.227500915527344,21.94822120666504,115964400,0.8009999990463257,0.8029999732971191,0.7839999794960022,0.7919999957084656,0.7727147936820984,361964000,36.68000030517578,36.80799865722656,36.09700012207031,36.24300003051758,35.94590377807617,42474000
2016-02-29,24.21500015258789,24.5575008392334,24.162500381469727,24.172500610351562,21.89839744567871,140865200,0.7902500033378601,0.8004999756813049,0.7835000157356262,0.7839999794960022,0.7676966190338135,323344000,36.04999923706055,36.529998779296875,35.84199905395508,35.861000061035156,35.56703567504883,45068000
2016-03-01,24.412500381469727,25.1924991607666,24.354999542236328,25.13249969482422,22.768083572387695,201628400,0.7860000133514404,0.8187500238418579,0.7847499847412109,0.8187500238418579,0.8017240166664124,348700000,36.064998626708984,37.11650085449219,35.93199920654297,37.10850143432617,36.80431365966797,60112000
2016-03-02,25.127500534057617,25.22249984741211,24.90999984741211,25.1875,22.81790542602539,132678400,0.8142499923706055,0.8264999985694885,0.812749981880188,0.8234999775886536,0.80637526512146,233812000,37.14350128173828,37.15599822998047,36.662498474121094,36.9739990234375,36.6709098815918,36292000
2016-03-03,25.145000457763672,25.427499771118164,25.112499237060547,25.375,22.987764358520508,147822800,0.8224999904632568,0.8259999752044678,0.8052499890327454,0.8162500262260437,0.7992759943008423,302004000,36.9739990234375,37.04999923706055,36.48149871826172,36.579498291015625,36.27964401245117,40534000
2016-03-04,25.592500686645508,25.9375,25.342500686645508,25.752500534057617,23.329755783081055,184220400,0.8224999904632568,0.8232499957084656,0.8075000047683716,0.8137500286102295,0.7968279123306274,175304000,36.7400016784668,36.75,36.28099822998047,36.51100158691406,36.21171188354492,48516000
2016-03-07,25.59749984741211,25.707500457763672,25.239999771118164,25.467500686645508,23.071565628051758,143315600,0.809249997138977,0.8147500157356262,0.7979999780654907,0.8084999918937683,0.7916871309280396,239968000,36.25749969482422,36.36050033569336,35.25699996948242,35.63999938964844,35.34785079956055,61690000
2016-03-08,25.19499969482422,25.440000534057617,25.100000381469727,25.25749969482422,22.881324768066406,126247600,0.8002499938011169,0.8050000071525574,0.7912499904632568,0.793749988079071,0.7772438526153564,274940000,35.419498443603516,36.11249923706055,35.20000076293945,35.67649841308594,35.384056091308594,52530000
2016-03-09,25.327499389648438,25.395000457763672,25.0674991607666,25.280000686645508,22.90170669555664,108806800,0.8007500171661377,0.8019999861717224,0.7829999923706055,0.7932500243186951,0.7767542004585266,222788000,35.75849914550781,36.3120002746582,35.632999420166016,36.27050018310547,35.97317886352539,39544000
2016-03-10,25.352500915527344,25.559999465942383,25.037500381469727,25.292499542236328,22.91303253173828,134054400,0.7979999780654907,0.8025000095367432,0.7760000228881836,0.7919999957084656,0.7755304574966431,286084000,36.38949966430664,36.82699966430664,36.16450119018555,36.60850143432617,36.308414459228516,44616000
2016-03-11,25.559999465942383,25.56999969482422,25.375,25.565000534057617,23.15989112854004,109632800,0.8037499785423279,0.8057500123977661,0.7942500114440918,0.8054999709129333,0.7887494564056396,277400000,36.997501373291016,37.244998931884766,36.834999084472656,37.243499755859375,36.938201904296875,35380000
2016-03-14,25.477500915527344,25.727500915527344,25.44499969482422,25.6299991607666,23.21877670288086,100304400,0.8017500042915344,0.8107500076293945,0.7979999780654907,0.8075000047683716,0.7907077670097351,190312000,37.24850082397461,37.7130012512207,37.18299865722656,37.512001037597656,37.20450973510742,32824000
2016-03-15,25.989999771118164,26.295000076293945,25.962499618530273,26.145000457763672,23.685325622558594,160270800,0.8032500147819519,0.8084999918937683,0.7892500162124634,0.8034999966621399,0.7867913246154785,226216000,37.30099868774414,37.6505012512207,37.141998291015625,37.528499603271484,37.22087478637695,29832000
2016-03-16,26.15250015258789,26.577499389648438,26.147499084472656,26.49250030517578,24.00013542175293,153214000,0.7975000143051147,0.8302500247955322,0.793749988079071,0.8274999856948853,0.81029212474823,363644000,37.45249938964844,37.95000076293945,37.32500076293945,37.86800003051758,37.55759048461914,29306000
2016-03-17,26.3799991607666,26.61750030517578,26.239999771118164,26.450000762939453,23.961633682250977,137682800,0.8245000243186951,0.828499972820282,0.809249997138977,0.8205000162124634,0.8034375309944153,353680000,37.88249969482422,38.266998291015625,37.86800003051758,37.92399978637695,37.613128662109375,44564000
2016-03-18,26.584999084472656,26.625,26.297500610351562,26.479999542236328,23.98880958557129,176820800,0.8302500247955322,0.856249988079071,0.824999988079071,0.8452500104904175,0.8276730179786682,545512000,38.08150100708008,38.106998443603516,37.590999603271484,37.77050018310547,37.46088409423828,56222000
2016-03-21,26.482500076293945,26.912500381469727,26.28499984741211,26.477500915527344,23.986543655395508,142010800,0.8377500176429749,0.8479999899864197,0.8287500143051147,0.8477500081062317,0.8301209211349487,337780000,37.695499420166016,38.16699981689453,37.563499450683594,38.108001708984375,37.79561996459961,28774000
2016-03-22,26.3125,26.822500228881836,26.302499771118164,26.68000030517578,24.16999053955078,129777600,0.8450000286102295,0.8522499799728394,0.8357499837875366,0.8462499976158142,0.8286522030830383,242012000,37.922000885009766,38.25,37.89400100708008,38.002498626708984,37.69097900390625,22096000
2016-03-23,26.6200008392334,26.767499923706055,26.475000381469727,26.532499313354492,24.0363712310791,102814000,0.8500000238418579,0.8669999837875366,0.8462499976158142,0.8607500195503235,0.8428505063056946,429008000,38.16749954223633,38.269500732421875,37.80149841308594,37.87799835205078,37.567501068115234,24678000
2016-03-24,26.36750030517578,26.5625,26.22249984741211,26.417499542236328,23.932188034057617,104532000,0.8529999852180481,0.8634999990463257,0.8502500057220459,0.8619999885559082,0.8440743684768677,244956000,37.560001373291016,37.87799835205078,37.525001525878906,37.742000579833984,37.4326171875,31116000
2016-03-28,26.5,26.547500610351562,26.264999389648438,26.297500610351562,23.823474884033203,77645600,0.8604999780654907,0.8744999766349792,0.859499990940094,0.8707500100135803,0.8526425361633301,265388000,37.80849838256836,37.915000915527344,37.60200119018555,37.66400146484375,37.355262756347656,21676000
2016-03-29,26.22249984741211,26.947500228881836,26.219999313354492,26.920000076293945,24.387414932250977,124760400,0.8669999837875366,0.8867499828338623,0.8650000095367432,0.8847500085830688,0.8663516640663147,261812000,37.683998107910156,38.35900115966797,37.41450119018555,38.294498443603516,37.980587005615234,40062000
2016-03-30,27.162500381469727,27.604999542236328,27.149999618530273,27.389999389648438,24.813201904296875,182404400,0.8880000114440918,0.90625,0.887499988079071,0.8939999938011169,0.8754091262817383,376700000,38.410499572753906,38.865501403808594,38.37900161743164,38.41699981689453,38.10208511352539,40396000
2016-03-31,27.43000030517578,27.475000381469727,27.219999313354492,27.247499465942383,24.684104919433594,103553600,0.8980000019073486,0.8999999761581421,0.8837500214576721,0.890749990940094,0.8722267746925354,379884000,38.41699981689453,38.45399856567383,37.912498474121094,38.14500045776367,37.832313537597656,32554000
2016-04-01,27.19499969482422,27.5,27.049999237060547,27.497499465942383,24.910585403442383,103496000,0.8852499723434448,0.9042500257492065,0.8784999847412109,0.9037500023841858,0.884956419467926,348292000,37.858001708984375,38.50199890136719,37.7599983215332,38.48350143432617,38.16803741455078,31674000
2016-04-04,27.604999542236328,28.047500610351562,27.5674991607666,27.780000686645508,25.16651153564453,149424800,0.9112499952316284,0.9160000085830688,0.8914999961853027,0.8949999809265137,0.8763883113861084,393940000,38.47549819946289,38.62200164794922,38.089500427246094,38.25600051879883,37.94240188598633,26924000
2016-04-05,27.377500534057617,27.6825008392334,27.354999542236328,27.452499389648438,24.86981773376465,106314800,0.8870000243186951,0.9020000100135803,0.8834999799728394,0.893750011920929,0.8751643896102905,339568000,37.90650177001953,38.14350128173828,37.779998779296875,37.92850112915039,37.617591857910156,24478000
2016-04-06,27.5575008392334,27.7450008392334,27.299999237060547,27.739999771118164,25.130268096923828,105616400,0.8824999928474426,0.8955000042915344,0.8657500147819519,0.8949999809265137,0.8763883113861084,453376000,37.891998291015625,38.42100143432617,37.814998626708984,38.403499603271484,38.08869934082031,25312000
2016-04-07,27.487499237060547,27.604999542236328,27.030000686645508,27.135000228881836,24.58218765258789,127207600,0.8892499804496765,0.8972499966621399,0.8820000290870667,0.8857499957084656,0.86733078956604,378104000,38.26599884033203,38.46799850463867,37.875,38.00600051879883,37.6944580078125,25498000
2016-04-08,27.227500915527344,27.4424991607666,27.042499542236328,27.165000915527344,24.609373092651367,94326800,0.8930000066757202,0.8987500071525574,0.8827499747276306,0.8914999961853027,0.8729611039161682,255936000,38.29349899291992,38.35649871826172,37.78850173950195,37.9734992980957,37.66221618652344,23434000
2016-04-11,27.24250030517578,27.65250015258789,27.207500457763672,27.2549991607666,24.690898895263672,117630000,0.8967499732971191,0.9117500185966492,0.8939999938011169,0.8970000147819519,0.878346860408783,387524000,38.272499084472656,38.361000061035156,37.867000579833984,37.87699890136719,37.56651306152344,31774000
2016-04-12,27.334999084472656,27.625,27.165000915527344,27.610000610351562,25.01250648498535,108929200,0.8999999761581421,0.9012500047683716,0.8784999847412109,0.8960000276565552,0.8773677349090576,292764000,37.92150115966797,38.24599838256836,37.57849884033203,38.215999603271484,37.902732849121094,27388000
2016-04-13,27.700000762939453,28.084999084472656,27.700000762939453,28.010000228881836,25.37487030029297,133029200,0.8999999761581421,0.918749988079071,0.8999999761581421,0.9185000061988831,0.8993997573852539,350716000,38.515499114990234,38.787498474121094,38.22949981689453,38.59550094604492,38.27912139892578,35426000
2016-04-14,27.905000686645508,28.09749984741211,27.832500457763672,28.024999618530273,25.388460159301758,101895600,0.9160000085830688,0.925000011920929,0.9122499823570251,0.9210000038146973,0.9018476605415344,416564000,38.768001556396484,38.980499267578125,38.6609992980957,38.769500732421875,38.45169448852539,26992000
2016-04-15,28.02750015258789,28.075000762939453,27.4325008392334,27.462499618530273,24.878875732421875,187756000,0.9207500219345093,0.9365000128746033,0.9177500009536743,0.9282500147819519,0.9089470505714417,436972000,38.775001525878906,39.04650115966797,38.746498107910156,39.0,38.68030548095703,31712000
2016-04-18,27.22249984741211,27.237499237060547,26.735000610351562,26.8700008392334,24.342124938964844,243286000,0.9265000224113464,0.9265000224113464,0.9152500033378601,0.9242500066757202,0.9050301313400269,307320000,39.009498596191406,39.4275016784668,38.88050079345703,39.38399887084961,39.061161041259766,33540000
2016-04-19,26.969999313354492,27.0,26.5575008392334,26.727500915527344,24.213022232055664,129539600,0.9277499914169312,0.9294999837875366,0.9020000100135803,0.9077500104904175,0.8888732194900513,309152000,39.525001525878906,39.54750061035156,38.51350021362305,38.8125,38.49434280395508,43952000
2016-04-20,26.65999984741211,27.022499084472656,26.514999389648438,26.782499313354492,24.26284408569336,122444000,0.90625,0.9167500138282776,0.9052500128746033,0.9112499952316284,0.8923004865646362,200172000,38.95800018310547,38.983001708984375,38.563499450683594,38.74599838256836,38.42839050292969,34262000
2016-04-21,26.732500076293945,26.732500076293945,26.3799991607666,26.49250030517578,24.00013542175293,126210000,0.9114999771118164,0.9157500267028809,0.90625,0.9102500081062317,0.8913214802742004,178280000,38.865501403808594,39.08399963378906,38.57749938964844,39.0,38.68030548095703,77628000
2016-04-22,26.252500534057617,26.6200008392334,26.155000686645508,26.420000076293945,23.934452056884766,134732400,0.9132500290870667,0.9194999933242798,0.9037500023841858,0.9067500233650208,0.8878940343856812,223540000,37.195499420166016,37.69599914550781,36.51850128173828,36.88850021362305,36.58611297607422,140798000
2016-04-25,26.25,26.412500381469727,26.127500534057617,26.270000457763672,23.798566818237305,112126400,0.9070000052452087,0.9162499904632568,0.9045000076293945,0.9112499952316284,0.8923004865646362,191972000,36.76750183105469,37.24399948120117,36.755001068115234,37.11050033569336,36.806297302246094,49442000
2016-04-26,25.977500915527344,26.325000762939453,25.977500915527344,26.087499618530273,23.633237838745117,224064800,0.9167500138282776,0.9272500276565552,0.9079999923706055,0.9120000004768372,0.8930348753929138,214536000,37.22100067138672,37.27949905395508,36.01599884033203,36.26850128173828,35.9712028503418,55864000
2016-04-27,24.0,24.677499771118164,23.920000076293945,24.454999923706055,22.15432357788086,458408400,0.9097499847412109,0.9332500100135803,0.9079999923706055,0.9327499866485596,0.9133532047271729,352396000,36.26599884033203,36.35749816894531,35.45399856567383,36.073001861572266,35.77730178833008,66262000
2016-04-28,24.40250015258789,24.469999313354492,23.5625,23.707500457763672,21.477140426635742,328970800,0.9269999861717224,0.9325000047683716,0.9027500152587891,0.9049999713897705,0.8861804604530334,381224000,36.16450119018555,36.4630012512207,35.15999984741211,35.25299835205078,34.96402359008789,62590000
2016-04-29,23.497499465942383,23.68000030517578,23.127500534057617,23.434999465942383,21.230276107788086,274126000,0.9012500047683716,0.903249979019165,0.8784999847412109,0.8882499933242798,0.8697789311408997,321904000,35.20600128173828,35.605499267578125,35.18899917602539,35.39400100708008,35.103878021240234,58278000
2016-05-02,23.49250030517578,23.520000457763672,23.100000381469727,23.40999984741211,21.207637786865234,192640400,0.8967499732971191,0.9054999947547913,0.8924999833106995,0.8999999761581421,0.8812843561172485,256076000,35.59600067138672,35.77050018310547,35.31800079345703,35.72050094604492,35.42769241333008,33476000
2016-05-03,23.549999237060547,23.934999465942383,23.420000076293945,23.795000076293945,21.556413650512695,227325200,0.8897500038146973,0.8934999704360962,0.8815000057220459,0.8892499804496765,0.8707579970359802,224024000,35.625,35.66849899291992,35.36650085449219,35.422000885009766,35.13163757324219,38620000
2016-05-04,23.799999237060547,23.975000381469727,23.454999923706055,23.547500610351562,21.332195281982422,164102000,0.8784999847412109,0.8792499899864197,0.8600000143051147,0.8690000176429749,0.8509290814399719,525764000,35.3385009765625,35.752498626708984,35.20249938964844,35.56850051879883,35.276939392089844,34172000
2016-05-05,23.5,23.517499923706055,23.170000076293945,23.309999465942383,21.245609283447266,143562000,0.8762500286102295,0.8845000267028809,0.8677499890327454,0.8742499947547913,0.856069803237915,246884000,35.75,35.877498626708984,35.47249984741211,35.73550033569336,35.442569732666016,29668000
2016-05-06,23.342500686645508,23.362499237060547,22.962499618530273,23.18000030517578,21.127124786376953,174799600,0.8727499842643738,0.8855000138282776,0.8709999918937683,0.8832499980926514,0.8648825883865356,183240000,35.61000061035156,36.29949951171875,35.59749984741211,36.25899887084961,35.9617805480957,39952000
2016-05-09,23.25,23.4424991607666,23.147499084472656,23.197500228881836,21.14307403564453,131745600,0.8855000138282776,0.8892499804496765,0.874750018119812,0.8820000290870667,0.8636588454246521,333336000,36.334999084472656,36.714500427246094,36.17499923706055,36.45650100708008,36.15766143798828,38074000
2016-05-10,23.332500457763672,23.392499923706055,23.02750015258789,23.354999542236328,21.286619186401367,134747200,0.887499988079071,0.9004999995231628,0.8790000081062317,0.8989999890327454,0.8803049921989441,269676000,36.74800109863281,37.0,36.580501556396484,36.96900177001953,36.66595458984375,32634000
2016-05-11,23.3700008392334,23.392499923706055,23.114999771118164,23.127500534057617,21.07927703857422,114876400,0.9017500281333923,0.9114999771118164,0.8967499732971191,0.9014999866485596,0.8827532529830933,328176000,37.0260009765625,37.040000915527344,36.39500045776367,36.52750015258789,36.22807312011719,29834000
2016-05-12,23.18000030517578,23.19499969482422,22.36750030517578,22.584999084472656,20.584814071655273,305258800,0.9079999923706055,0.9120000004768372,0.8732500076293945,0.8892499804496765,0.8707579970359802,670540000,36.599998474121094,36.76850128173828,36.2135009765625,36.403499603271484,36.10508728027344,27094000
2016-05-13,22.5,22.917499542236328,22.5,22.6299991607666,20.625829696655273,177571200,0.9797499775886536,1.024999976158142,0.9750000238418579,1.0245000123977661,1.0031954050064087,2110256000,36.33100128173828,36.56449890136719,36.175498962402344,36.24150085449219,35.944419860839844,25244000
2016-05-16,23.09749984741211,23.59749984741211,22.912500381469727,23.469999313354492,21.391435623168945,245039200,1.0167499780654907,1.0700000524520874,1.0134999752044678,1.0547499656677246,1.0328161716461182,973032000,36.215999603271484,36.63399887084961,36.0,36.51499938964844,36.21567916870117,22538000
2016-05-17,23.637500762939453,23.674999237060547,23.252500534057617,23.372499465942383,21.30257225036621,187667600,1.0499999523162842,1.0644999742507935,1.0364999771118164,1.0570000410079956,1.0350193977355957,628392000,36.553001403808594,36.79249954223633,35.900001525878906,36.009498596191406,35.714324951171875,33404000
2016-05-18,23.540000915527344,23.802499771118164,23.47249984741211,23.639999389648438,21.54638671875,168249600,1.0499999523162842,1.096250057220459,1.0499999523162842,1.0839999914169312,1.0614582300186157,541072000,35.92499923706055,36.278499603271484,35.750999450683594,36.0890007019043,35.79316711425781,32536000
2016-05-19,23.65999984741211,23.65999984741211,23.392499923706055,23.549999237060547,21.464351654052734,121768400,1.0797499418258667,1.096500039100647,1.0782500505447388,1.0887500047683716,1.066109299659729,398880000,35.915000915527344,36.025001525878906,35.515499114990234,35.765499114990234,35.472320556640625,30598000
2016-05-20,23.65999984741211,23.857500076293945,23.6299991607666,23.80500030517578,21.69676971435547,128104000,1.0954999923706055,1.1127500534057617,1.09375,1.1082500219345093,1.0852036476135254,391084000,35.823001861572266,36.3849983215332,35.7504997253418,36.08549880981445,35.78969955444336,34798000
2016-05-23,23.967500686645508,24.297500610351562,23.917499542236328,24.107500076293945,21.972482681274414,152074400,1.1130000352859497,1.1172499656677246,1.1032500267028809,1.1100000143051147,1.0869178771972656,413636000,35.999000549316406,36.17499923706055,35.84700012207031,35.86249923706055,35.56852722167969,24816000
2016-05-24,24.30500030517578,24.522499084472656,24.209999084472656,24.475000381469727,22.307437896728516,140560800,1.1104999780654907,1.1375000476837158,1.1074999570846558,1.1339999437332153,1.1133017539978027,415788000,35.99250030517578,36.709999084472656,35.98249816894531,36.6515007019043,36.3510627746582,37884000
2016-05-25,24.667499542236328,24.934999465942383,24.52750015258789,24.905000686645508,22.6993465423584,152675200,1.1375000476837158,1.1422499418258667,1.1202499866485596,1.1292500495910645,1.108638882637024,458076000,36.75,36.99449920654297,36.630001068115234,36.904998779296875,36.602474212646484,32216000
2016-05-26,24.920000076293945,25.1825008392334,24.65999984741211,25.102500915527344,22.879364013671875,225324800,1.131250023841858,1.1495000123977661,1.128000020980835,1.1412500143051147,1.1204197406768799,309964000,36.79999923706055,37.05500030517578,36.650001525878906,36.846500396728516,36.544464111328125,27202000
2016-05-27,24.860000610351562,25.11750030517578,24.8125,25.087499618530273,22.86568832397461,145364800,1.1425000429153442,1.1492500305175781,1.1387499570846558,1.1475000381469727,1.126555323600769,277416000,36.8754997253418,37.39550018310547,36.85049819946289,37.380001068115234,37.073585510253906,34802000
2016-05-31,24.899999618530273,25.100000381469727,24.704999923706055,24.96500015258789,22.75403594970703,169228800,1.152500033378601,1.1705000400543213,1.1517499685287476,1.1679999828338623,1.1466811895370483,412524000,37.4379997253418,37.67399978637695,37.278499603271484,37.442501068115234,37.13557815551758,42484000
2016-06-01,24.7549991607666,24.885000228881836,24.582500457763672,24.614999771118164,22.435035705566406,116693200,1.162500023841858,1.18149995803833,1.159000039100647,1.1702500581741333,1.148890495300293,387132000,37.423500061035156,37.56850051879883,37.21699905395508,37.42300033569336,37.11624526977539,20788000
2016-06-02,24.399999618530273,24.459999084472656,24.157499313354492,24.43000030517578,22.26641845703125,160766400,1.1764999628067017,1.1885000467300415,1.1649999618530273,1.1785000562667847,1.1569896936416626,329208000,37.30500030517578,37.3650016784668,36.849998474121094,37.2135009765625,36.908451080322266,33916000
2016-06-03,24.447500228881836,24.5674991607666,24.362499237060547,24.479999542236328,22.31199073791504,114019600,1.1670000553131104,1.1684999465942383,1.1414999961853027,1.1619999408721924,1.1407909393310547,461076000,37.074501037597656,37.074501037597656,36.695499420166016,36.792999267578125,36.491397857666016,24608000
2016-06-06,24.497499465942383,25.47249984741211,24.387500762939453,24.657499313354492,22.47377586364746,93170000,1.1649999618530273,1.1740000247955322,1.149999976158142,1.156000018119812,1.1349002122879028,322512000,36.92499923706055,36.92499923706055,36.41450119018555,36.50299835205078,36.203773498535156,29992000
2016-06-07,24.8125,24.967500686645508,24.739999771118164,24.75749969482422,22.564910888671875,89638000,1.1629999876022339,1.1694999933242798,1.1577500104904175,1.1582499742507935,1.1371090412139893,193400000,36.66350173950195,36.83549880981445,36.540000915527344,36.554500579833984,36.254859924316406,24314000
2016-06-08,24.7549991607666,24.889999389648438,24.670000076293945,24.735000610351562,22.54440689086914,83392400,1.1584999561309814,1.162750005722046,1.1449999809265137,1.1545000076293945,1.1334272623062134,234616000,36.974998474121094,37.19049835205078,36.78850173950195,37.14649963378906,36.842002868652344,32314000
2016-06-09,24.625,24.997499465942383,24.614999771118164,24.912500381469727,22.706192016601562,106405600,1.1505000591278076,1.1862499713897705,1.1480000019073486,1.184499979019165,1.1628800630569458,472168000,36.85350036621094,37.19649887084961,36.82500076293945,37.125999450683594,36.82167434692383,19180000
2016-06-10,24.63249969482422,24.837499618530273,24.6200008392334,24.707500457763672,22.51934242248535,126851600,1.1705000400543213,1.180999994277954,1.153499960899353,1.1549999713897705,1.1339184045791626,400024000,36.79750061035156,36.981998443603516,36.5255012512207,36.65950012207031,36.35898971557617,29050000
2016-06-13,24.672500610351562,24.780000686645508,24.274999618530273,24.334999084472656,22.179832458496094,152082000,1.15625,1.1924999952316284,1.15625,1.1697499752044678,1.1483988761901855,475588000,36.49100112915039,36.95000076293945,36.49100112915039,36.59400177001953,36.29403305053711,23354000
2016-06-14,24.329999923706055,24.6200008392334,24.1875,24.364999771118164,22.20717430114746,127727600,1.1670000553131104,1.1775000095367432,1.1540000438690186,1.1720000505447388,1.1506085395812988,298344000,36.46549987792969,36.79999923706055,36.32500076293945,36.662498474121094,36.36196517944336,26584000
2016-06-15,24.454999923706055,24.602500915527344,24.25749969482422,24.28499984741211,22.134260177612305,117780800,1.1817500591278076,1.1942499876022339,1.1687500476837158,1.184000015258789,1.1623891592025757,301036000,36.74599838256836,36.85749816894531,36.56549835205078,36.609500885009766,36.30939865112305,23234000
2016-06-16,24.112499237060547,24.4375,24.017499923706055,24.387500762939453,22.227680206298828,125307200,1.1752500534057617,1.190750002861023,1.1637500524520874,1.1887500286102295,1.1670526266098022,246456000,36.39799880981445,36.519500732421875,35.777000427246094,36.212501525878906,35.91566467285156,45002000
2016-06-17,24.155000686645508,24.162500381469727,23.825000762939453,23.832500457763672,21.721834182739258,244032800,1.190250039100647,1.190500020980835,1.1632499694824219,1.1679999828338623,1.1466811895370483,471000000,36.06949996948242,36.06949996948242,35.055999755859375,35.212501525878906,34.923858642578125,82262000
2016-06-20,24.0,24.142499923706055,23.75749969482422,23.774999618530273,21.66942596435547,137647600,1.186750054359436,1.2042499780654907,1.1859999895095825,1.1890000104904175,1.1672979593276978,293768000,35.515499114990234,35.79349899291992,35.27050018310547,35.30649948120117,35.017086029052734,45654000
2016-06-21,23.735000610351562,24.087499618530273,23.670000076293945,23.977500915527344,21.853992462158203,142185600,1.194000005722046,1.1972500085830688,1.1799999475479126,1.1817500591278076,1.160180687904358,212508000,35.502498626708984,35.76900100708008,35.233001708984375,35.444000244140625,35.15346145629883,30318000
2016-06-22,24.0625,24.22249984741211,23.837499618530273,23.887500762939453,21.7719669342041,116876400,1.184249997138977,1.1920000314712524,1.1787500381469727,1.1807500123977661,1.1591987609863281,202620000,35.70249938964844,35.71049880981445,35.29399871826172,35.52349853515625,35.2323112487793,29058000
2016-06-23,23.985000610351562,24.072500228881836,23.8125,24.024999618530273,21.897287368774414,128960800,1.1920000314712524,1.2135000228881836,1.191249966621399,1.212249994277954,1.1901236772537231,297880000,35.52750015258789,35.74399948120117,35.01250076293945,35.743499755859375,35.45050048828125,42500000
2016-06-24,23.227500915527344,23.665000915527344,23.162500381469727,23.350000381469727,21.282066345214844,301245600,1.162500023841858,1.184000015258789,1.1325000524520874,1.1432499885559082,1.1223828792572021,1017684000,34.50849914550781,35.25,34.24549865722656,34.2599983215332,33.97916030883789,95436000
2016-06-27,23.25,23.262500762939453,22.875,23.010000228881836,20.972171783447266,181958400,1.1337499618530273,1.1425000429153442,1.1142499446868896,1.13100004196167,1.1103568077087402,449088000,34.1245002746582,34.166500091552734,33.632999420166016,34.05699920654297,33.7778205871582,58146000
2016-06-28,23.225000381469727,23.415000915527344,23.03499984741211,23.397499084472656,21.325361251831055,161779600,1.152500033378601,1.153749942779541,1.1317499876022339,1.1475000381469727,1.126555323600769,381920000,34.56850051879883,34.637001037597656,34.24250030517578,34.5629997253418,34.27967834472656,38246000
2016-06-29,23.49250030517578,23.637500762939453,23.407499313354492,23.600000381469727,21.50992774963379,146124000,1.1575000286102295,1.1752500534057617,1.1545000076293945,1.1662499904632568,1.144963264465332,318932000,34.7130012512207,34.974998474121094,34.63399887084961,34.759498596191406,34.474571228027344,43124000
2016-06-30,23.610000610351562,23.9424991607666,23.575000762939453,23.899999618530273,21.783357620239258,143345600,1.1682499647140503,1.1825000047683716,1.158750057220459,1.1752500534057617,1.153799057006836,430940000,34.88249969482422,35.188499450683594,34.744998931884766,35.17649841308594,34.888145446777344,42250000
2016-07-01,23.872499465942383,24.11750030517578,23.832500457763672,23.97249984741211,21.849443435668945,104106000,1.1687500476837158,1.184000015258789,1.162500023841858,1.1664999723434448,1.1452085971832275,218488000,35.255001068115234,35.62649917602539,35.186500549316406,35.51250076293945,35.22139358520508,30984000
2016-07-05,23.84749984741211,23.850000381469727,23.614999771118164,23.747499465942383,21.644365310668945,110820800,1.159999966621399,1.1857500076293945,1.1507500410079956,1.183750033378601,1.1621438264846802,371084000,35.2504997253418,35.40599822998047,34.95650100708008,35.24449920654297,34.955589294433594,28440000
2016-07-06,23.649999618530273,23.915000915527344,23.592500686645508,23.88249969482422,21.767410278320312,123796400,1.1755000352859497,1.1982500553131104,1.1694999933242798,1.191249966621399,1.1695067882537842,273104000,34.992000579833984,35.650001525878906,34.95000076293945,35.44850158691406,35.15791702270508,28902000
2016-07-07,23.924999237060547,24.125,23.905000686645508,23.985000610351562,21.860828399658203,100558400,1.1992499828338623,1.2265000343322754,1.193750023841858,1.222249984741211,1.1999409198760986,395400000,35.50550079345703,35.50849914550781,35.03350067138672,35.362998962402344,35.073116302490234,21174000
2016-07-08,24.122499465942383,24.22249984741211,24.012500762939453,24.170000076293945,22.029443740844727,115648400,1.2352499961853027,1.277250051498413,1.2304999828338623,1.2712500095367432,1.248046875,481932000,35.52799987792969,35.89500045776367,35.40549850463867,35.888999938964844,35.59481430053711,29946000
2016-07-11,24.1875,24.412500381469727,24.1825008392334,24.2450008392334,22.097806930541992,95179600,1.2894999980926514,1.309999942779541,1.2879999876022339,1.3005000352859497,1.2767627239227295,448776000,35.97100067138672,36.44649887084961,35.94350051879883,36.36000061035156,36.06194305419922,28822000
2016-07-12,24.292499542236328,24.424999237060547,24.280000686645508,24.354999542236328,22.198060989379883,96670000,1.315000057220459,1.3320000171661377,1.2984999418258667,1.3200000524520874,1.295906662940979,436760000,36.59600067138672,36.779998779296875,36.375,36.6254997253418,36.32526397705078,26468000
2016-07-13,24.352500915527344,24.417499542236328,24.209999084472656,24.217500686645508,22.07274055480957,103568800,1.3224999904632568,1.3300000429153442,1.3174999952316284,1.3194999694824219,1.2954161167144775,324604000,36.7760009765625,36.7760009765625,36.45100021362305,36.4739990234375,36.17501449584961,20436000
2016-07-14,24.34749984741211,24.747499465942383,24.329999923706055,24.697500228881836,22.510231018066406,155676000,1.3265000581741333,1.3450000286102295,1.315500020980835,1.3329999446868896,1.3086696863174438,316892000,36.696998596191406,36.80699920654297,36.52949905395508,36.790000915527344,36.48841857910156,21408000
2016-07-15,24.729999542236328,24.825000762939453,24.625,24.69499969482422,22.507953643798828,120548000,1.315999984741211,1.3235000371932983,1.2960000038146973,1.3174999952316284,1.2934527397155762,428616000,37.04999923706055,37.04999923706055,36.731998443603516,36.78150177001953,36.47999572753906,32342000
2016-07-18,24.674999237060547,25.032499313354492,24.649999618530273,24.957500457763672,22.747207641601562,145975600,1.3337500095367432,1.3357499837875366,1.3192499876022339,1.3242499828338623,1.300079107284546,252992000,36.89550018310547,37.75699996948242,36.82550048828125,37.65999984741211,37.351287841796875,38698000
2016-07-19,24.889999389648438,25.0,24.834999084472656,24.967500686645508,22.756315231323242,95119600,1.3235000371932983,1.343250036239624,1.3209999799728394,1.3380000591278076,1.313578724861145,382652000,37.493499755859375,37.829498291015625,37.42449951171875,37.670501708984375,37.36170959472656,30436000
2016-07-20,25.0,25.114999771118164,24.934999465942383,24.989999771118164,22.776826858520508,105104000,1.3424999713897705,1.3627500534057617,1.3370000123977661,1.3554999828338623,1.330758810043335,296460000,37.70249938964844,38.03200149536133,37.70249938964844,37.854000091552734,37.543701171875,22502000
2016-07-21,24.957500457763672,25.25,24.782499313354492,24.857500076293945,22.65606117248535,130808000,1.3524999618530273,1.3567500114440918,1.3259999752044678,1.3305000066757202,1.3062152862548828,361308000,37.849998474121094,37.907501220703125,37.57600021362305,37.72050094604492,37.411293029785156,19062000
2016-07-22,24.815000534057617,24.825000762939453,24.577499389648438,24.665000915527344,22.480606079101562,113254800,1.3352500200271606,1.3667500019073486,1.3255000114440918,1.3667500019073486,1.3418036699295044,315768000,37.86600112915039,37.97249984741211,37.632999420166016,37.9640007019043,37.652801513671875,20920000
2016-07-25,24.5625,24.709999084472656,24.229999542236328,24.334999084472656,22.179832458496094,161531600,1.375,1.3952499628067017,1.36899995803833,1.3919999599456787,1.3665930032730103,312528000,37.88399887084961,37.99100112915039,37.70349884033203,37.875999450683594,37.56552505493164,21466000
2016-07-26,24.204999923706055,24.49250030517578,24.104999542236328,24.167499542236328,22.027170181274414,224959200,1.4042500257492065,1.4229999780654907,1.402250051498413,1.4157500267028809,1.3899093866348267,514508000,37.875999450683594,37.9630012512207,37.63750076293945,37.88249969482422,37.57196807861328,23792000
2016-07-27,26.0674991607666,26.087499618530273,25.6875,25.737499237060547,23.45811653137207,369379200,1.4279999732971191,1.4305000305175781,1.3930000066757202,1.4014999866485596,1.3759194612503052,446676000,37.94850158691406,38.22249984741211,37.79650115966797,38.0984992980957,37.786197662353516,32172000
2016-07-28,25.707500457763672,26.112499237060547,25.704999923706055,26.084999084472656,23.77484703063965,159479200,1.4047499895095825,1.4149999618530273,1.40024995803833,1.4045000076293945,1.3788645267486572,221916000,38.44200134277344,38.44850158691406,37.954498291015625,38.29199981689453,37.978111267089844,73464000
2016-07-29,26.047500610351562,26.137500762939453,25.920000076293945,26.052499771118164,23.745222091674805,110934800,1.409749984741211,1.431249976158142,1.3845000267028809,1.4275000095367432,1.4014447927474976,409588000,39.885501861572266,40.196998596191406,39.5,39.56700134277344,39.24266052246094,101810000
2016-08-01,26.102500915527344,26.537500381469727,26.102500915527344,26.512500762939453,24.16448974609375,152671600,1.433500051498413,1.4387500286102295,1.409000039100647,1.4182499647140503,1.3923635482788086,301120000,39.333499908447266,40.3745002746582,39.25199890136719,40.047000885009766,39.71872329711914,60594000
2016-08-02,26.512500762939453,26.517499923706055,26.0,26.1200008392334,23.80674934387207,135266400,1.4249999523162842,1.4257500171661377,1.3875000476837158,1.4010000228881836,1.3754284381866455,282748000,39.86650085449219,40.11600112915039,39.72650146484375,40.00600051879883,39.67805480957031,39928000
2016-08-03,26.202499389648438,26.459999084472656,26.1924991607666,26.447500228881836,24.105241775512695,120810400,1.3992500305175781,1.4075000286102295,1.3914999961853027,1.4047499895095825,1.3791100978851318,299828000,39.82350158691406,39.97700119018555,39.6510009765625,39.94599914550781,39.618553161621094,29206000
2016-08-04,26.395000457763672,26.5,26.31999969482422,26.467500686645508,24.254154205322266,109634800,1.4114999771118164,1.437250018119812,1.408750057220459,1.4307500123977661,1.4046354293823242,272712000,39.9119987487793,40.0099983215332,39.69599914550781,39.86249923706055,39.535743713378906,21520000
2016-08-05,26.5674991607666,26.912500381469727,26.545000076293945,26.8700008392334,24.622997283935547,162213600,1.4472500085830688,1.4557499885559082,1.440250039100647,1.4550000429153442,1.4284433126449585,371588000,40.00550079345703,40.361000061035156,39.890499114990234,40.346500396728516,40.015769958496094,36146000
2016-08-08,26.8799991607666,27.092500686645508,26.790000915527344,27.092500686645508,24.826889038085938,112148800,1.475000023841858,1.4785000085830688,1.4529999494552612,1.468500018119812,1.4416966438293457,305064000,40.29999923706055,40.380001068115234,40.08449935913086,40.26150131225586,39.93146896362305,24426000
2016-08-09,27.0575008392334,27.235000610351562,27.002500534057617,27.202499389648438,24.92768669128418,105260800,1.4757499694824219,1.4865000247955322,1.468500018119812,1.472249984741211,1.4453777074813843,372344000,40.2244987487793,40.666500091552734,40.202999114990234,40.374000549316406,40.04304885864258,32154000
2016-08-10,27.177499771118164,27.225000381469727,26.940000534057617,27.0,24.74212646484375,96034000,1.4852499961853027,1.4874999523162842,1.4579999446868896,1.46274995803833,1.4360512495040894,375740000,40.352500915527344,40.54399871826172,40.324501037597656,40.42449951171875,40.0931282043457,18370000
2016-08-11,27.1299991607666,27.232500076293945,26.962499618530273,26.982500076293945,24.726091384887695,109938000,1.4704999923706055,1.4987499713897705,1.4674999713897705,1.4924999475479126,1.465258240699768,681064000,40.52349853515625,40.694000244140625,40.29999923706055,40.40999984741211,40.07875061035156,25646000
2016-08-12,26.94499969482422,27.110000610351562,26.94499969482422,27.045000076293945,24.783357620239258,74641600,1.5475000143051147,1.5844999551773071,1.5157500505447388,1.5759999752044678,1.547234296798706,1425744000,40.25450134277344,40.359500885009766,40.18199920654297,40.352500915527344,40.0217170715332,17946000
2016-08-15,27.03499984741211,27.385000228881836,27.020000457763672,27.3700008392334,25.081188201904297,103472800,1.5777499675750732,1.587499976158142,1.5532499551773071,1.5744999647140503,1.5457621812820435,573304000,40.36050033569336,40.56800079345703,40.201499938964844,40.29800033569336,39.96767044067383,18596000
2016-08-16,27.407499313354492,27.5575008392334,27.302499771118164,27.344999313354492,25.058271408081055,135177600,1.5722500085830688,1.5747499465942383,1.5602500438690186,1.565000057220459,1.536435604095459,287652000,40.17499923706055,40.2130012512207,39.849998474121094,40.05950164794922,39.73112487792969,21158000
2016-08-17,27.274999618530273,27.342500686645508,27.084999084472656,27.30500030517578,25.021617889404297,101424000,1.565000057220459,1.56850004196167,1.5164999961853027,1.528749942779541,1.5008466243743896,595212000,40.0,40.28150177001953,39.814998626708984,40.270999908447266,39.940887451171875,21322000
2016-08-18,27.3075008392334,27.399999618530273,27.2549991607666,27.270000457763672,24.989545822143555,87938800,1.5264999866485596,1.5549999475479126,1.5204999446868896,1.5525000095367432,1.5241633653640747,331684000,40.268001556396484,40.400001525878906,40.08150100708008,40.13750076293945,39.8084831237793,17292000
2016-08-19,27.1924991607666,27.422500610351562,27.09000015258789,27.34000015258789,25.053693771362305,101472400,1.5517499446868896,1.5682499408721924,1.5449999570846558,1.55649995803833,1.528090476989746,291560000,39.989498138427734,40.061500549316406,39.84400177001953,39.98249816894531,39.654754638671875,22416000
2016-08-22,27.21500015258789,27.274999618530273,26.962499618530273,27.127500534057617,24.85896110534668,103280800,1.5612499713897705,1.565250039100647,1.5427500009536743,1.562999963760376,1.5344716310501099,244748000,39.925498962402344,39.96500015258789,39.71649932861328,39.84749984741211,39.52085494995117,17056000
2016-08-23,27.147499084472656,27.329999923706055,27.13249969482422,27.212499618530273,24.936853408813477,85030800,1.5759999752044678,1.5829999446868896,1.5682499408721924,1.5727499723434448,1.5468889474868774,339764000,40.02399826049805,40.04999923706055,39.79949951171875,39.829498291015625,39.50300598144531,18350000
2016-08-24,27.142499923706055,27.1875,26.920000076293945,27.00749969482422,24.74899673461914,94700400,1.5782500505447388,1.5789999961853027,1.5412499904632568,1.5484999418258667,1.5230376720428467,298448000,39.84299850463867,39.92300033569336,39.53799819946289,39.68000030517578,39.354736328125,25672000
2016-08-25,26.84749984741211,26.969999313354492,26.670000076293945,26.892499923706055,24.643613815307617,100344800,1.5490000247955322,1.5497499704360962,1.5190000534057617,1.5382499694824219,1.5129563808441162,406032000,39.599998474121094,39.736000061035156,39.36149978637695,39.564998626708984,39.24066925048828,24054000
2016-08-26,26.852500915527344,26.987499237060547,26.577499389648438,26.735000610351562,24.499284744262695,111065200,1.5422500371932983,1.559499979019165,1.5299999713897705,1.5507500171661377,1.5252511501312256,300024000,39.6245002746582,39.970001220703125,39.47050094604492,39.6609992980957,39.33588790893555,24978000
2016-08-29,26.655000686645508,26.860000610351562,26.572500228881836,26.704999923706055,24.47178840637207,99881200,1.5570000410079956,1.563249945640564,1.5472500324249268,1.5497499704360962,1.5242671966552734,274652000,39.65250015258789,39.92599868774414,39.51599884033203,39.79100036621094,39.46482467651367,15474000
2016-08-30,26.450000762939453,26.625,26.375,26.5,24.283937454223633,99455600,1.5477499961853027,1.555999994277954,1.5364999771118164,1.5407500267028809,1.515414834022522,285544000,39.64400100708008,39.900001525878906,39.4734992980957,39.59600067138672,39.271427154541016,23348000
2016-08-31,26.415000915527344,26.642499923706055,26.40999984741211,26.524999618530273,24.306838989257812,118649600,1.5437500476837158,1.5479999780654907,1.5290000438690186,1.5334999561309814,1.508284091949463,388544000,39.47999954223633,39.57849884033203,39.36000061035156,39.49250030517578,39.16877365112305,21428000
2016-09-01,26.53499984741211,26.700000762939453,26.405000686645508,26.6825008392334,24.451175689697266,106806000,1.534749984741211,1.5844999551773071,1.5334999561309814,1.5787500143051147,1.5527900457382202,428492000,39.5989990234375,39.644500732421875,39.31650161743164,39.56999969482422,39.245635986328125,26070000
2016-09-02,26.924999237060547,27.0,26.704999923706055,26.9325008392334,24.680273056030273,107210000,1.5820000171661377,1.5837500095367432,1.5455000400543213,1.563249945640564,1.5375444889068604,323148000,39.76350021362305,39.85499954223633,39.66299819946289,39.84349822998047,39.51689147949219,26998000
2016-09-06,26.975000381469727,27.075000762939453,26.877500534057617,26.924999237060547,24.673397064208984,107521600,1.568750023841858,1.5779999494552612,1.5607500076293945,1.5779999494552612,1.5520524978637695,306812000,39.919498443603516,40.544498443603516,39.77149963378906,40.4010009765625,40.069828033447266,39790000
2016-09-07,26.957500457763672,27.190000534057617,26.767499923706055,27.09000015258789,24.82459831237793,169457200,1.5729999542236328,1.5807499885559082,1.5457500219345093,1.5547499656677246,1.529185175895691,397988000,40.39649963378906,40.529998779296875,40.18600082397461,40.39950180053711,40.06833267211914,22906000
2016-09-08,26.8125,26.8174991607666,26.309999465942383,26.3799991607666,24.17397117614746,212008000,1.5532499551773071,1.56850004196167,1.5355000495910645,1.565999984741211,1.540250301361084,315808000,40.26100158691406,40.42100143432617,40.050498962402344,40.141998291015625,39.81294631958008,23554000
2016-09-09,26.15999984741211,26.43000030517578,25.782499313354492,25.782499313354492,23.626440048217773,186228000,1.5487500429153442,1.5575000047683716,1.475000023841858,1.4880000352859497,1.463532567024231,697760000,39.938499450683594,40.087501525878906,39.40250015258789,39.42399978637695,39.100830078125,37752000
2016-09-12,25.662500381469727,26.43000030517578,25.63249969482422,26.360000610351562,24.1556453704834,181171200,1.468250036239624,1.5217499732971191,1.4329999685287476,1.5187499523162842,1.4937769174575806,598260000,39.22600173950195,40.00849914550781,39.17499923706055,39.941001892089844,39.61359405517578,37274000
2016-09-13,26.877500534057617,27.197500228881836,26.809999465942383,26.987499237060547,24.73067283630371,248704800,1.5149999856948853,1.5325000286102295,1.4882500171661377,1.496749997138977,1.472138524055481,471768000,39.70050048828125,39.78950119018555,39.21649932861328,39.43600082397461,39.11273193359375,36180000
2016-09-14,27.1825008392334,28.25749969482422,27.149999618530273,27.9424991607666,25.605806350708008,443554800,1.500249981880188,1.5149999856948853,1.4877500534057617,1.5099999904632568,1.4851709604263306,319048000,39.37649917602539,39.81650161743164,39.37649917602539,39.52299880981445,39.19902038574219,25842000
2016-09-15,28.46500015258789,28.9325008392334,28.372499465942383,28.892499923706055,26.476367950439453,359934400,1.5125000476837158,1.569000005722046,1.5089999437332153,1.5672500133514404,1.5414797067642212,515212000,39.5004997253418,40.182498931884766,39.43299865722656,40.061500549316406,39.73310852050781,31144000
2016-09-16,28.780000686645508,29.032499313354492,28.510000228881836,28.729999542236328,26.327451705932617,319547600,1.5727499723434448,1.5812499523162842,1.5529999732971191,1.5709999799728394,1.5451676845550537,902444000,39.95100021362305,39.95100021362305,39.680999755859375,39.89849853515625,39.571441650390625,42612000
2016-09-19,28.797500610351562,29.045000076293945,28.3125,28.395000457763672,26.020465850830078,188092000,1.587499976158142,1.631500005722046,1.5802500247955322,1.5917500257492065,1.5655765533447266,417128000,40.05550003051758,40.199501037597656,39.678001403808594,39.769500732421875,39.443504333496094,22990000
2016-09-20,28.262500762939453,28.530000686645508,28.127500534057617,28.392499923706055,26.018178939819336,138057200,1.6100000143051147,1.6100000143051147,1.56850004196167,1.5772500038146973,1.551315188407898,331112000,40.0,40.13750076293945,39.91299819946289,39.98899841308594,39.661197662353516,20984000
2016-09-21,28.462499618530273,28.497499465942383,28.110000610351562,28.387500762939453,26.013595581054688,144012800,1.5820000171661377,1.624500036239624,1.5817500352859497,1.621500015258789,1.5948373079299927,336212000,40.0629997253418,40.295501708984375,39.80149841308594,40.25149917602539,39.92155075073242,26970000
2016-09-22,28.587499618530273,28.735000610351562,28.5,28.655000686645508,26.258729934692383,124296000,1.63100004196167,1.6360000371932983,1.6162500381469727,1.625499963760376,1.5987714529037476,308732000,40.5,40.952999114990234,40.385501861572266,40.79750061035156,40.46307373046875,35186000
2016-09-23,28.604999542236328,28.697500228881836,27.887500762939453,28.177499771118164,25.821155548095703,209924800,1.627500057220459,1.6322499513626099,1.6165000200271606,1.6237499713897705,1.5970503091812134,276132000,40.75699996948242,40.849998474121094,40.63650131225586,40.74800109863281,40.413978576660156,28234000
2016-09-26,27.90999984741211,28.34749984741211,27.887500762939453,28.219999313354492,25.860103607177734,119477600,1.6052500009536743,1.6150000095367432,1.5882500410079956,1.6085000038146973,1.582051396369934,230040000,40.49100112915039,40.50400161743164,40.022499084472656,40.13249969482422,39.80352783203125,29454000
2016-09-27,28.25,28.295000076293945,28.084999084472656,28.272499084472656,25.908212661743164,98429600,1.6022499799728394,1.6660000085830688,1.6015000343322754,1.6634999513626099,1.6361467838287354,402752000,40.09149932861328,40.67449951171875,40.09149932861328,40.5364990234375,40.20420837402344,27346000
2016-09-28,28.422500610351562,28.65999984741211,28.357500076293945,28.487499237060547,26.105222702026367,118564400,1.6660000085830688,1.6707500219345093,1.6482499837875366,1.6694999933242798,1.6420483589172363,319788000,40.20399856567383,40.51250076293945,40.138999938964844,40.50299835205078,40.17098617553711,29406000
2016-09-29,28.290000915527344,28.450000762939453,27.950000762939453,28.045000076293945,25.699739456176758,143548000,1.6667499542236328,1.690250039100647,1.6512500047683716,1.684999942779541,1.6572933197021484,336684000,40.36149978637695,40.695499420166016,40.042999267578125,40.13199996948242,39.803035736083984,27000000
2016-09-30,28.114999771118164,28.342500686645508,27.950000762939453,28.262500762939453,25.899049758911133,145516400,1.6942499876022339,1.7297500371932983,1.684249997138977,1.7130000591278076,1.6848328113555908,429932000,40.18000030517578,40.40449905395508,40.07500076293945,40.202999114990234,39.873443603515625,33204000
2016-10-03,28.177499771118164,28.262500762939453,28.06999969482422,28.1299991607666,25.777629852294922,86807200,1.7130000591278076,1.7377500534057617,1.7082500457763672,1.7112499475479126,1.6831116676330566,242596000,40.127498626708984,40.176998138427734,39.811500549316406,40.01900100708008,39.69095993041992,29784000
2016-10-04,28.264999389648438,28.577499389648438,28.157499313354492,28.25,25.88759422302246,118947200,1.7137500047683716,1.7424999475479126,1.6947499513626099,1.7074999809265137,1.6794233322143555,281624000,40.25,40.32500076293945,39.98350143432617,40.13949966430664,39.81046676635742,25174000
2016-10-05,28.350000381469727,28.415000915527344,28.172500610351562,28.262500762939453,25.899049758911133,85812400,1.722000002861023,1.7395000457763672,1.7005000114440918,1.7057499885559082,1.6777023077011108,305440000,40.29999923706055,40.42499923706055,40.035499572753906,40.061500549316406,39.73310852050781,24276000
2016-10-06,28.424999237060547,28.584999084472656,28.282499313354492,28.47249984741211,26.091489791870117,115117200,1.6852500438690186,1.6957499980926514,1.656499981880188,1.683500051498413,1.655817985534668,360212000,40.20399856567383,40.34749984741211,40.0255012512207,40.15399932861328,39.82484817504883,21998000
2016-10-07,28.577499389648438,28.639999389648438,28.377500534057617,28.514999389648438,26.130430221557617,97433600,1.6947499513626099,1.6992499828338623,1.6664999723434448,1.6712499856948853,1.643769383430481,286260000,40.29650115966797,40.297000885009766,39.840999603271484,40.035499572753906,39.70732116699219,23262000
2016-10-10,28.7549991607666,29.1875,28.68000030517578,29.012500762939453,26.58633041381836,144944000,1.6799999475479126,1.6890000104904175,1.6617499589920044,1.6775000095367432,1.6499167680740356,287876000,40.19649887084961,40.86899948120117,40.11199951171875,40.708499908447266,40.37479782104492,29922000
2016-10-11,29.424999237060547,29.672500610351562,29.049999237060547,29.075000762939453,26.643604278564453,256164000,1.6720000505447388,1.6744999885559082,1.6404999494552612,1.653249979019165,1.6260652542114258,388540000,40.708499908447266,40.99300003051758,40.368499755859375,40.47850036621094,40.146690368652344,34432000
2016-10-12,29.337499618530273,29.4950008392334,29.1875,29.334999084472656,26.88185691833496,150347200,1.6464999914169312,1.6694999933242798,1.6327500343322754,1.6607500314712524,1.6334419250488281,419920000,40.597999572753906,40.724998474121094,40.4275016784668,40.5885009765625,40.25578689575195,18158000
2016-10-13,29.197500228881836,29.360000610351562,28.93000030517578,29.2450008392334,26.79938316345215,140769600,1.6412500143051147,1.6449999809265137,1.5924999713897705,1.6337499618530273,1.6068860292434692,390116000,40.30350112915039,40.327999114990234,39.930999755859375,40.20399856567383,39.87443923950195,27380000
2016-10-14,29.469999313354492,29.542499542236328,29.282499313354492,29.407499313354492,26.948291778564453,142608800,1.653749942779541,1.6649999618530273,1.6399999856948853,1.649749994277954,1.6226227283477783,330636000,40.372501373291016,40.50450134277344,40.11600112915039,40.22999954223633,39.90022277832031,22238000
2016-10-17,29.332500457763672,29.459999084472656,29.19499969482422,29.387500762939453,26.929969787597656,94499600,1.6495000123977661,1.6649999618530273,1.6380000114440918,1.6402499675750732,1.613279104232788,195328000,40.29949951171875,40.67449951171875,40.19150161743164,40.34199905395508,40.01130676269531,21128000
2016-10-18,29.545000076293945,29.552499771118164,29.362499237060547,29.36750030517578,26.911640167236328,98214000,1.6629999876022339,1.6747499704360962,1.65625,1.6652499437332153,1.63786780834198,269372000,40.71049880981445,41.44049835205078,40.666500091552734,41.074501037597656,40.73780059814453,45786000
2016-10-19,29.3125,29.440000534057617,28.450000762939453,29.280000686645508,26.83146095275879,80138400,1.6540000438690186,1.6694999933242798,1.6454999446868896,1.6617499589920044,1.6344249248504639,199060000,41.14400100708008,41.4900016784668,41.14400100708008,41.34199905395508,41.003108978271484,30002000
2016-10-20,29.21500015258789,29.344999313354492,29.082500457763672,29.264999389648438,26.817716598510742,96503200,1.681249976158142,1.6987500190734863,1.6575000286102295,1.6932499408721924,1.665407419204712,312084000,41.37799835205078,41.423500061035156,41.02750015258789,41.08150100708008,40.74474334716797,27878000
2016-10-21,29.202499389648438,29.227500915527344,29.06999969482422,29.149999618530273,26.71232795715332,92770800,1.687250018119812,1.691499948501587,1.6725000143051147,1.6885000467300415,1.6607356071472168,279508000,41.0,41.214500427246094,40.91550064086914,41.202999114990234,40.86524963378906,32316000
2016-10-24,29.274999618530273,29.434999465942383,29.25,29.412500381469727,26.9528865814209,94154800,1.7000000476837158,1.7697499990463257,1.6997499465942383,1.7677500247955322,1.7386829853057861,339836000,41.50450134277344,41.89699935913086,41.45199966430664,41.7869987487793,41.4444580078125,28952000
2016-10-25,29.487499237060547,29.59000015258789,29.327499389648438,29.5625,27.0903377532959,192516000,1.7647500038146973,1.8075000047683716,1.756250023841858,1.7967499494552612,1.7672059535980225,397460000,41.92499923706055,41.92499923706055,41.26499938964844,41.4275016784668,41.087913513183594,37814000
2016-10-26,28.577499389648438,28.924999237060547,28.327499389648438,28.897499084472656,26.480939865112305,264536800,1.781749963760376,1.8237500190734863,1.7799999713897705,1.8040000200271606,1.7743364572525024,333792000,41.35599899291992,41.385501861572266,40.817501068115234,41.10499954223633,40.76805114746094,35898000
2016-10-27,28.84749984741211,28.96500015258789,28.524999618530273,28.6200008392334,26.226652145385742,138248000,1.8177499771118164,1.8212499618530273,1.7597500085830688,1.7669999599456787,1.7379449605941772,388664000,41.1505012512207,41.32899856567383,40.730499267578125,40.86750030517578,40.532501220703125,59470000
2016-10-28,28.467500686645508,28.802499771118164,28.362499237060547,28.43000030517578,26.052539825439453,151446800,1.7755000591278076,1.8025000095367432,1.7607500553131104,1.7640000581741333,1.7349945306777954,290856000,41.49700164794922,41.95000076293945,40.849998474121094,40.97800064086914,40.642093658447266,87098000
2016-10-31,28.412500381469727,28.5575008392334,28.299999237060547,28.385000228881836,26.011306762695312,105677600,1.7697499990463257,1.7907500267028809,1.7687499523162842,1.7790000438690186,1.7497472763061523,252388000,41.121498107910156,41.131500244140625,40.400001525878906,40.494998931884766,40.16305160522461,44854000
2016-11-01,28.364999771118164,28.4424991607666,27.63249969482422,27.872499465942383,25.541662216186523,175303200,1.7855000495910645,1.7952500581741333,1.7072499990463257,1.7262500524520874,1.6978654861450195,473224000,40.54349899291992,40.698001861572266,39.91299819946289,40.27399826049805,39.94386672973633,47118000
2016-11-02,27.850000381469727,28.087499618530273,27.8075008392334,27.897499084472656,25.564573287963867,113326800,1.7395000457763672,1.7630000114440918,1.715999960899353,1.718999981880188,1.6907341480255127,295848000,40.3380012512207,40.3380012512207,39.25,39.42100143432617,39.09785842895508,47014000
2016-11-03,27.7450008392334,27.864999771118164,27.387500762939453,27.457500457763672,25.290546417236328,107730400,1.7269999980926514,1.7285000085830688,1.6660000085830688,1.6990000009536743,1.67106294631958,309664000,39.224998474121094,39.5,38.93149948120117,39.109500885009766,38.788909912109375,43504000
2016-11-04,27.13249969482422,27.5625,27.02750015258789,27.209999084472656,25.062580108642578,123348000,1.687749981880188,1.718250036239624,1.6644999980926514,1.6892499923706055,1.6614735126495361,328780000,38.564998626708984,39.42399978637695,38.54999923706055,39.05500030517578,38.73485565185547,39412000
2016-11-07,27.520000457763672,27.627500534057617,27.364999771118164,27.602500915527344,25.42410659790039,130240000,1.7387499809265137,1.7929999828338623,1.7374999523162842,1.781749963760376,1.7524523735046387,487580000,39.747501373291016,40.25,39.64500045776367,40.10150146484375,39.77278137207031,39852000
2016-11-08,27.577499389648438,27.93000030517578,27.424999237060547,27.764999389648438,25.573780059814453,97016800,1.7884999513626099,1.7942500114440918,1.7625000476837158,1.7790000438690186,1.7497472763061523,429884000,40.10150146484375,40.801998138427734,39.98099899291992,40.5989990234375,40.26619338989258,35382000
2016-11-09,27.469999313354492,27.829999923706055,27.012500762939453,27.719999313354492,25.532329559326172,236705600,1.7307499647140503,1.7725000381469727,1.718000054359436,1.7489999532699585,1.720240831375122,456532000,40.09149932861328,40.58549880981445,39.60200119018555,40.27949905395508,39.94931411743164,61970000
2016-11-10,27.772499084472656,27.772499084472656,26.457500457763672,26.947500228881836,24.82080078125,228538000,1.78725004196167,1.787500023841858,1.6690000295639038,1.6942499876022339,1.6663912534713745,869280000,40.5,40.50299835205078,38.4114990234375,39.01449966430664,38.6946907043457,118192000
2016-11-11,26.780000686645508,27.217500686645508,26.637500762939453,27.107500076293945,24.968172073364258,136575600,1.9877500534057617,2.219249963760376,1.962499976158142,2.1992499828338623,2.163088083267212,2175344000,38.84049987792969,38.864498138427734,38.277000427246094,38.587501525878906,38.27119064331055,71852000
2016-11-14,26.927499771118164,26.952499389648438,26.020000457763672,26.427499771118164,24.341840744018555,204702000,2.2022500038146973,2.2047500610351562,2.0905001163482666,2.0910000801086426,2.056617259979248,1348796000,38.5880012512207,38.5890007019043,37.179500579833984,37.6609992980957,37.3522834777832,73766000
2016-11-15,26.642499923706055,26.920000076293945,26.540000915527344,26.77750015258789,24.66421890258789,129058000,2.1072499752044678,2.1862499713897705,2.098249912261963,2.154750108718872,2.119318962097168,626092000,38.27349853515625,39.012001037597656,38.26100158691406,38.757999420166016,38.4402961730957,58878000
2016-11-16,26.674999237060547,27.5575008392334,26.649999618530273,27.497499465942383,25.3273868560791,235362000,2.183500051498413,2.313999891281128,2.158750057220459,2.290750026702881,2.253082275390625,987984000,38.520999908447266,39.17499923706055,38.31650161743164,38.999000549316406,38.679317474365234,35968000
2016-11-17,27.452499389648438,27.587499618530273,27.207500457763672,27.487499237060547,25.318174362182617,110528000,2.3077499866485596,2.3697500228881836,2.266249895095825,2.3097500801086426,2.271770715713501,832988000,39.125,39.44499969482422,38.99250030517578,39.30799865722656,38.98577880859375,30674000
2016-11-18,27.43000030517578,27.635000228881836,27.415000915527344,27.514999389648438,25.34351348876953,113715600,2.3097500801086426,2.3582499027252197,2.2950000762939453,2.3340001106262207,2.295621871948242,576060000,39.35850143432617,39.56449890136719,38.76750183105469,38.798500061035156,38.4804573059082,36126000
2016-11-21,27.530000686645508,27.997499465942383,27.502500534057617,27.9325008392334,25.728057861328125,117058400,2.352250099182129,2.358750104904175,2.309999942779541,2.32450008392334,2.286278486251831,436436000,38.904998779296875,39.32749938964844,38.814998626708984,39.2400016784668,38.9183464050293,32616000
2016-11-22,27.987499237060547,28.104999542236328,27.850000381469727,27.950000762939453,25.74418067932129,103862000,2.3324999809265137,2.3434998989105225,2.309499979019165,2.341249942779541,2.3027524948120117,330368000,39.449501037597656,39.688499450683594,39.1870002746582,39.25,38.928260803222656,27884000
2016-11-23,27.84000015258789,27.877500534057617,27.582500457763672,27.8075008392334,25.612930297851562,109705600,2.3429999351501465,2.3812499046325684,2.3192501068115234,2.349250078201294,2.3140807151794434,443236000,39.47600173950195,39.47600173950195,38.63249969482422,38.95000076293945,38.630714416503906,26260000
2016-11-25,27.782499313354492,27.967500686645508,27.737499237060547,27.947500228881836,25.74187660217285,45903600,2.3605000972747803,2.377500057220459,2.335249900817871,2.3540000915527344,2.318758964538574,195564000,39.13050079345703,39.14500045776367,38.90950012207031,39.01150131225586,38.69171142578125,12270000
2016-11-28,27.857500076293945,28.11750030517578,27.84749984741211,27.892499923706055,25.691213607788086,108776000,2.346750020980835,2.368499994277954,2.3399999141693115,2.352750062942505,2.3175277709960938,278736000,38.91749954223633,39.98699951171875,38.904998779296875,39.28950119018555,38.96743392944336,51508000
2016-11-29,27.69499969482422,28.00749969482422,27.517499923706055,27.864999771118164,25.6658878326416,114115200,2.3499999046325684,2.3610000610351562,2.3132500648498535,2.331249952316284,2.2963500022888184,444568000,39.41899871826172,39.821998596191406,39.266998291015625,39.47200012207031,39.148441314697266,31240000
2016-11-30,27.899999618530273,28.049999237060547,27.5674991607666,27.6299991607666,25.449430465698242,144649200,2.3399999141693115,2.3540000915527344,2.302500009536743,2.305000066757202,2.2704925537109375,440500000,39.45500183105469,39.57550048828125,38.657501220703125,38.79399871826172,38.47599792480469,45582000
2016-12-01,27.592500686645508,27.735000610351562,27.25749969482422,27.372499465942383,25.212257385253906,148347600,2.302500009536743,2.3042500019073486,2.1192500591278076,2.190999984741211,2.1582000255584717,1035524000,38.9275016784668,38.93000030517578,37.667999267578125,38.21649932861328,37.903228759765625,57342000
2016-12-02,27.292499542236328,27.522499084472656,27.212499618530273,27.475000381469727,25.30666732788086,106112000,2.15625,2.2200000286102295,2.128000020980835,2.211250066757202,2.1781463623046875,478292000,38.095001220703125,38.525001525878906,37.95000076293945,38.222999572753906,37.9096794128418,34376000
2016-12-05,27.5,27.50749969482422,27.0625,27.27750015258789,25.124757766723633,137298000,2.2497498989105225,2.3152499198913574,2.2249999046325684,2.296999931335449,2.2626123428344727,602284000,38.5,39.0,38.3484992980957,38.9109992980957,38.592041015625,33770000
2016-12-06,27.375,27.59000015258789,27.297500610351562,27.487499237060547,25.318174362182617,104782000,2.3052499294281006,2.343250036239624,2.289249897003174,2.334749937057495,2.299797296524048,498796000,39.009498596191406,39.263999938964844,38.66600036621094,38.808998107910156,38.49087142944336,34682000
2016-12-07,27.315000534057617,27.797500610351562,27.290000915527344,27.75749969482422,25.566875457763672,119994800,2.321000099182129,2.382499933242798,2.302500009536743,2.3767499923706055,2.3411686420440674,480804000,38.997501373291016,39.599998474121094,38.67649841308594,39.57350158691406,39.24911117553711,40588000
2016-12-08,27.71500015258789,28.107500076293945,27.649999618530273,28.030000686645508,25.817873001098633,108273200,2.3797500133514404,2.4154999256134033,2.3262500762939453,2.3369998931884766,2.302013635635376,381544000,39.647499084472656,39.95000076293945,39.39550018310547,39.75849914550781,39.432586669921875,32250000
2016-12-09,28.077499389648438,28.674999237060547,28.077499389648438,28.487499237060547,26.2392578125,137610400,2.3550000190734863,2.356750011444092,2.2677500247955322,2.2955000400543213,2.261134624481201,382312000,39.96500015258789,40.497501373291016,39.90250015258789,40.47249984741211,40.14073181152344,38090000
2016-12-12,28.322500228881836,28.75,28.122499465942383,28.325000762939453,26.089588165283203,105497600,2.2462499141693115,2.2487499713897705,2.188499927520752,2.2397499084472656,2.2062196731567383,601332000,40.24100112915039,40.567501068115234,40.22650146484375,40.39500045776367,40.06386947631836,32572000
2016-12-13,28.459999084472656,28.979999542236328,28.4375,28.797500610351562,26.524797439575195,174935200,2.2522499561309814,2.3072500228881836,2.2512500286102295,2.279249906539917,2.2451283931732178,387796000,40.61949920654297,41.21500015258789,40.59700012207031,40.766998291015625,40.43282699584961,42564000
2016-12-14,28.760000228881836,29.049999237060547,28.7450008392334,28.797500610351562,26.524797439575195,136127200,2.313499927520752,2.4277501106262207,2.289249897003174,2.411250114440918,2.375152111053467,983980000,40.79600143432617,41.2130012512207,40.638999938964844,40.894500732421875,40.55927658081055,35994000
2016-12-15,28.844999313354492,29.1825008392334,28.8075008392334,28.954999923706055,26.669862747192383,186098000,2.422499895095825,2.498500108718872,2.4149999618530273,2.467750072479248,2.4308066368103027,746548000,40.86800003051758,41.150001525878906,40.599998474121094,40.782501220703125,40.44820022583008,35394000
2016-12-16,29.11750030517578,29.125,28.912500381469727,28.99250030517578,26.704404830932617,177404400,2.4957499504089355,2.5174999237060547,2.4432499408721924,2.5102500915527344,2.4726696014404297,1089528000,40.91550064086914,40.959999084472656,40.40599822998047,40.492000579833984,40.16008377075195,51978000
2016-12-19,28.950000762939453,29.344999313354492,28.9375,29.15999984741211,26.858692169189453,111117600,2.492500066757202,2.5612499713897705,2.4749999046325684,2.540750026702881,2.502713441848755,744656000,40.4640007019043,40.81100082397461,40.224998474121094,40.625,40.291988372802734,25272000
2016-12-20,29.184999465942383,29.375,29.170000076293945,29.237499237060547,26.930070877075195,85700000,2.614500045776367,2.653249979019165,2.6029999256134033,2.6292500495910645,2.589888095855713,848056000,40.66849899291992,40.824501037597656,40.54999923706055,40.7599983215332,40.42588424682617,25438000
2016-12-21,29.200000762939453,29.350000381469727,29.19499969482422,29.264999389648438,26.955408096313477,95132800,2.6410000324249268,2.648750066757202,2.592750072479248,2.645750045776367,2.606142282485962,576136000,40.7859992980957,40.7859992980957,40.255001068115234,40.61000061035156,40.2771110534668,29192000
2016-12-22,29.087499618530273,29.127500534057617,28.90999984741211,29.072500228881836,26.778095245361328,104343600,2.6705000400543213,2.721750020980835,2.663249969482422,2.6777501106262207,2.637662887573242,718612000,40.45500183105469,40.55350112915039,40.30149841308594,40.48400115966797,40.15214920043945,22632000
2016-12-23,28.897499084472656,29.1299991607666,28.897499084472656,29.1299991607666,26.831056594848633,56998000,2.6594998836517334,2.746000051498413,2.656749963760376,2.744499921798706,2.7034127712249756,647692000,40.4005012512207,40.548500061035156,40.25550079345703,40.38999938964844,40.05891418457031,15310000
2016-12-27,29.1299991607666,29.450000762939453,29.122499465942383,29.315000534057617,27.0014591217041,73187600,2.801500082015991,2.934000015258789,2.7804999351501465,2.933000087738037,2.8890907764434814,1194272000,40.433998107910156,40.79999923706055,40.290000915527344,40.496498107910156,40.1645393371582,19520000
2016-12-28,29.3799991607666,29.5049991607666,29.049999237060547,29.190000534057617,26.886316299438477,83623600,2.990000009536743,2.9982500076293945,2.717250108718872,2.731250047683716,2.690361738204956,2295764000,40.666500091552734,40.666500091552734,40.12200164794922,40.22850036621094,39.898738861083984,24296000
2016-12-29,29.112499237060547,29.27750015258789,29.100000381469727,29.1825008392334,26.879411697387695,60158000,2.622499942779541,2.78725004196167,2.569999933242798,2.785749912261963,2.7440450191497803,2175368000,40.11650085449219,40.287498474121094,39.90700149536133,40.14400100708008,39.8149299621582,21148000
2016-12-30,29.162500381469727,29.299999237060547,28.857500076293945,28.954999923706055,26.669862747192383,122345200,2.783750057220459,2.7980000972747803,2.6575000286102295,2.6684999465942383,2.6285505294799805,1212932000,40.160499572753906,40.16450119018555,39.48099899291992,39.622501373291016,39.29771041870117,34718000
2017-01-03,28.950000762939453,29.082500457763672,28.690000534057617,29.037500381469727,26.745859146118164,115127600,2.609999895095825,2.659250020980835,2.484499931335449,2.5502500534057617,2.512071371078491,1501996000,40.03099822998047,40.571998596191406,39.84450149536133,40.4005012512207,40.06932830810547,39180000
2017-01-04,28.962499618530273,29.127500534057617,28.9375,29.0049991607666,26.715919494628906,84472400,2.5850000381469727,2.637500047683716,2.538249969482422,2.6097500324249268,2.570680618286133,1199220000,40.49449920654297,40.67150115966797,40.205501556396484,40.38850021362305,40.05742263793945,30306000
2017-01-05,28.979999542236328,29.21500015258789,28.952499389648438,29.15250015258789,26.85177993774414,88774400,2.6132500171661377,2.6454999446868896,2.526249885559082,2.5434999465942383,2.505422592163086,984296000,40.375,40.6870002746582,40.29600143432617,40.6510009765625,40.31777572631836,26810000
2017-01-06,29.19499969482422,29.540000915527344,29.11750030517578,29.477500915527344,27.15113067626953,127007600,2.5712499618530273,2.606250047683716,2.5299999713897705,2.577500104904175,2.5389130115509033,822856000,40.7495002746582,41.448001861572266,40.57500076293945,41.260501861572266,40.922279357910156,40342000
2017-01-09,29.487499237060547,29.857500076293945,29.485000610351562,29.747499465942383,27.399818420410156,134247600,2.5875000953674316,2.700000047683716,2.5875000953674316,2.681999921798706,2.6418488025665283,916248000,41.31850051879883,41.52149963378906,41.08100128173828,41.35900115966797,41.01996994018555,28178000
2017-01-10,29.6924991607666,29.844999313354492,29.575000762939453,29.77750015258789,27.427452087402344,97848400,2.6952500343322754,2.729749917984009,2.640749931335449,2.661750078201294,2.6219029426574707,880920000,41.35350036621094,41.47050094604492,41.15700149536133,41.300498962402344,40.961944580078125,23948000
2017-01-11,29.684999465942383,29.982500076293945,29.649999618530273,29.9375,27.5748291015625,110354400,2.6500000953674316,2.6549999713897705,2.603749990463257,2.628999948501587,2.5896427631378174,525664000,41.33100128173828,41.494998931884766,41.07350158691406,41.49300003051758,41.152870178222656,26508000
2017-01-12,29.725000381469727,29.825000762939453,29.552499771118164,29.8125,27.45969581604004,108344800,2.60575008392334,2.617500066757202,2.5404999256134033,2.5859999656677246,2.547285556793213,625616000,41.41899871826172,41.51900100708008,41.050498962402344,41.47650146484375,41.13650894165039,26990000
2017-01-13,29.77750015258789,29.905000686645508,29.702499389648438,29.760000228881836,27.411334991455078,104447600,2.5899999141693115,2.625,2.5764999389648438,2.585750102996826,2.5470399856567383,457820000,41.54999923706055,41.73249816894531,41.47600173950195,41.547000885009766,41.20642852783203,25804000
2017-01-17,29.584999084472656,30.059999465942383,29.55500030517578,30.0,27.63239288330078,137759200,2.575000047683716,2.5799999237060547,2.5142500400543213,2.527750015258789,2.489908218383789,580612000,41.5,41.50899887084961,41.15999984741211,41.37300109863281,41.03385543823242,28818000
2017-01-18,30.0,30.125,29.927499771118164,29.997499465942383,27.630090713500977,94852000,2.50600004196167,2.580749988555908,2.477750062942505,2.5737500190734863,2.535219430923462,654424000,41.4900016784668,41.490501403808594,41.20399856567383,41.45100021362305,41.11122131347656,20554000
2017-01-19,29.850000381469727,30.022499084472656,29.842500686645508,29.94499969482422,27.581737518310547,102389200,2.5767500400543213,2.6614999771118164,2.57450008392334,2.628999948501587,2.5896427631378174,644872000,41.45000076293945,41.650001525878906,41.198001861572266,41.21849822998047,40.880619049072266,21410000
2017-01-20,30.112499237060547,30.112499237060547,29.9325008392334,30.0,27.63239288330078,130391600,2.6519999504089355,2.6700000762939453,2.578000068664551,2.600250005722046,2.5613222122192383,492024000,41.454498291015625,41.46200180053711,41.22999954223633,41.40850067138672,41.069068908691406,26124000
2017-01-23,30.0,30.202499389648438,29.9424991607666,30.020000457763672,27.65081787109375,88200800,2.5950000286102295,2.6475000381469727,2.5924999713897705,2.6272499561309814,2.5879180431365967,369904000,41.580501556396484,42.277000427246094,41.435001373291016,42.221500396728516,41.87540054321289,49148000
2017-01-24,29.887500762939453,30.024999618530273,29.875,29.99250030517578,27.62548828125,92844000,2.637500047683716,2.689500093460083,2.622499942779541,2.6832499504089355,2.643080234527588,428052000,42.3489990234375,42.57600021362305,42.11399841308594,42.47650146484375,42.1283073425293,33768000
2017-01-25,30.104999542236328,30.524999618530273,30.06999969482422,30.469999313354492,28.065305709838867,129510400,2.726249933242798,2.7325000762939453,2.658250093460083,2.6947500705718994,2.6544084548950195,522760000,42.6775016784668,42.93949890136719,42.48699951171875,42.92250061035156,42.57065200805664,33108000
2017-01-26,30.417499542236328,30.610000610351562,30.399999618530273,30.485000610351562,28.07912826538086,105350400,2.697499990463257,2.7487499713897705,2.6675000190734863,2.7412500381469727,2.700211524963379,458800000,42.95249938964844,43.04999923706055,42.5260009765625,42.8489990234375,42.49775695800781,69866000
2017-01-27,30.53499984741211,30.587499618530273,30.399999618530273,30.487499237060547,28.081422805786133,82251600,2.7482500076293945,2.7972500324249268,2.721250057220459,2.794250011444092,2.7524185180664062,471996000,42.95000076293945,43.349998474121094,42.095001220703125,42.25149917602539,41.9051513671875,75050000
2017-01-30,30.232500076293945,30.407499313354492,30.165000915527344,30.407499313354492,28.00773811340332,121510000,2.7730000019073486,2.77524995803833,2.6977500915527344,2.750499963760376,2.7093231678009033,496004000,41.85300064086914,41.86149978637695,41.05149841308594,41.19150161743164,40.853851318359375,70338000
2017-01-31,30.287500381469727,30.34749984741211,30.155000686645508,30.337499618530273,27.94325828552246,196804000,2.723750114440918,2.7512500286102295,2.7049999237060547,2.7295000553131104,2.6886374950408936,362756000,40.974998474121094,41.153499603271484,40.66999816894531,41.009498596191406,40.673336029052734,40404000
2017-02-01,31.75749969482422,32.622501373291016,31.752500534057617,32.1875,29.647249221801758,447940000,2.7644999027252197,2.8529999256134033,2.746500015258789,2.848750114440918,2.806102752685547,590004000,41.20000076293945,41.20000076293945,40.61249923706055,40.762001037597656,40.42786407470703,45020000
2017-02-02,31.9950008392334,32.34749984741211,31.94499969482422,32.13249969482422,29.596593856811523,134841600,2.8324999809265137,2.8935000896453857,2.801500082015991,2.8847498893737793,2.8415634632110596,483240000,40.75,41.22800064086914,40.602500915527344,40.91299819946289,40.57762908935547,33784000
2017-02-03,32.07749938964844,32.29750061035156,32.040000915527344,32.27000045776367,29.723247528076172,98029200,2.8862500190734863,2.8975000381469727,2.8475000858306885,2.859499931335449,2.8166909217834473,372744000,41.15650177001953,41.30649948120117,40.967498779296875,41.006500244140625,40.67036437988281,30562000
2017-02-06,32.282501220703125,32.625,32.224998474121094,32.5724983215332,30.001873016357422,107383600,2.8499999046325684,2.9332499504089355,2.8499999046325684,2.9327499866485596,2.8888442516326904,506768000,41.04600143432617,41.11949920654297,40.714500427246094,41.08100128173828,40.7442512512207,27018000
2017-02-07,32.6349983215332,33.022499084472656,32.61249923706055,32.88249969482422,30.287405014038086,152735200,2.9674999713897705,3.0230000019073486,2.947499990463257,2.978250026702881,2.933663845062256,746224000,41.275001525878906,41.59600067138672,41.16450119018555,41.46149826049805,41.12162780761719,33332000
2017-02-08,32.837501525878906,33.05500030517578,32.80500030517578,33.0099983215332,30.40485191345215,92016400,2.9600000381469727,2.9827499389648438,2.9094998836517334,2.965250015258789,2.920858144760132,449580000,41.5265007019043,41.712501525878906,41.25550079345703,41.49399948120117,41.15386199951172,26044000
2017-02-09,32.912498474121094,33.11249923706055,32.779998779296875,33.10499954223633,30.624547958374023,113399600,2.9714999198913574,2.9765000343322754,2.890000104904175,2.9094998836517334,2.865943431854248,842568000,41.58649826049805,41.5989990234375,41.32500076293945,41.50299835205078,41.16278839111328,23884000
2017-02-10,33.1150016784668,33.23500061035156,33.01250076293945,33.029998779296875,30.555177688598633,80262000,2.9982500076293945,3.0174999237060547,2.815000057220459,2.8405001163482666,2.79797625541687,1651092000,41.647499084472656,41.85749816894531,41.5255012512207,41.74250030517578,41.40032958984375,28302000
2017-02-13,33.27000045776367,33.45500183105469,33.1875,33.3224983215332,30.82575035095215,92141600,2.834749937057495,2.8494999408721924,2.7049999237060547,2.7095000743865967,2.6689372062683105,1180724000,41.8849983215332,42.08700180053711,41.8125,41.948001861572266,41.60414123535156,25914000
2017-02-14,33.36750030517578,33.772499084472656,33.3125,33.755001068115234,31.225852966308594,132904800,2.6997499465942383,2.7537500858306885,2.657249927520752,2.7195000648498535,2.6787877082824707,850632000,41.98849868774414,42.099998474121094,41.791500091552734,42.00149917602539,41.657203674316406,27266000
2017-02-15,33.880001068115234,34.067501068115234,33.654998779296875,33.877498626708984,31.339176177978516,142492400,2.7225000858306885,2.744999885559082,2.694000005722046,2.7249999046325684,2.684204339981079,373020000,41.94049835205078,42.0885009765625,41.81100082397461,41.86600112915039,41.52281951904297,27144000
2017-02-16,33.91749954223633,33.974998474121094,33.709999084472656,33.837501525878906,31.30217742919922,90338400,2.7347500324249268,2.7360000610351562,2.6414999961853027,2.6812500953674316,2.6411101818084717,647176000,41.92499923706055,42.134498596191406,41.862998962402344,42.10850143432617,41.76333236694336,20102000
2017-02-17,33.775001525878906,33.95750045776367,33.775001525878906,33.93000030517578,31.387737274169922,88792800,2.6675000190734863,2.6852500438690186,2.6197500228881836,2.6807498931884766,2.640617609024048,563740000,42.06549835205078,42.34700012207031,41.98899841308594,42.32749938964844,41.980533599853516,29224000
2017-02-21,34.057498931884766,34.1875,33.994998931884766,34.17499923706055,31.6143741607666,98028800,2.705749988555908,2.780750036239624,2.7054998874664307,2.776750087738037,2.7351808547973633,551952000,42.39950180053711,42.61000061035156,42.32749938964844,42.4635009765625,42.115413665771484,25206000
2017-02-22,34.10749816894531,34.279998779296875,34.02750015258789,34.27750015258789,31.709218978881836,83347600,2.7855000495910645,2.7950000762939453,2.7497498989105225,2.7690000534057617,2.7309887409210205,433772000,42.400001525878906,42.68949890136719,42.33549880981445,42.56800079345703,42.21907043457031,24488000
2017-02-23,34.345001220703125,34.369998931884766,34.07500076293945,34.13249969482422,31.575063705444336,83152800,2.637500047683716,2.659749984741211,2.492000102996826,2.5122499465942383,2.4777626991271973,1592888000,42.55400085449219,42.63100051879883,42.125,42.54999923706055,42.20120620727539,27734000
2017-02-24,33.977500915527344,34.165000915527344,33.81999969482422,34.165000915527344,31.605127334594727,87106400,2.4267499446868896,2.549999952316284,2.3924999237060547,2.5364999771118164,2.5016798973083496,1029904000,42.38249969482422,42.417999267578125,42.14799880981445,42.390499114990234,42.04301452636719,26924000
2017-02-27,34.28499984741211,34.36000061035156,34.06999969482422,34.23249816894531,31.66756248474121,81029600,2.555000066757202,2.625499963760376,2.5390000343322754,2.6102499961853027,2.574418067932129,715400000,42.247501373291016,42.53350067138672,42.1505012512207,42.48350143432617,42.13525390625,20206000
2017-02-28,34.27000045776367,34.36000061035156,34.17499923706055,34.247501373291016,31.681447982788086,93931600,2.619999885559082,2.630000114440918,2.5195000171661377,2.5369999408721924,2.502173900604248,625360000,42.36750030517578,42.44150161743164,42.071998596191406,42.246498107910156,41.90019226074219,27662000
2017-03-01,34.47249984741211,35.037498474121094,34.400001525878906,34.9474983215332,32.329002380371094,145658400,2.594749927520752,2.609250068664551,2.527750015258789,2.5697500705718994,2.5344743728637695,504804000,42.569000244140625,42.900001525878906,42.45100021362305,42.837501525878906,42.486358642578125,36374000
2017-03-02,35.0,35.06999969482422,34.689998626708984,34.7400016784668,32.13704299926758,104844000,2.5567500591278076,2.571000099182129,2.472249984741211,2.4749999046325684,2.4410243034362793,754332000,42.81549835205078,42.824501037597656,42.43600082397461,42.49250030517578,42.14417266845703,25018000
2017-03-03,34.69499969482422,34.95750045776367,34.647499084472656,34.94499969482422,32.32667922973633,84432400,2.464250087738037,2.469249963760376,2.4054999351501465,2.460750102996826,2.4269700050354004,864692000,42.446998596191406,42.54100036621094,42.23550033569336,42.45399856567383,42.10599136352539,20100000
2017-03-06,34.842498779296875,34.942501068115234,34.650001525878906,34.834999084472656,32.22492218017578,87000000,2.4240000247955322,2.452500104904175,2.3792500495910645,2.4417500495910645,2.408231496810913,883568000,42.34299850463867,42.446998596191406,42.05849838256836,42.36349868774414,42.01622772216797,20958000
2017-03-07,34.76499938964844,34.994998931884766,34.6974983215332,34.880001068115234,32.26655960083008,69785200,2.4417500495910645,2.4882500171661377,2.4287500381469727,2.4684998989105225,2.4346139430999756,603400000,42.362998962402344,42.666500091552734,42.2760009765625,42.557498931884766,42.208648681640625,20774000
2017-03-08,34.73749923706055,34.95000076293945,34.70500183105469,34.75,32.146305084228516,74828800,2.5174999237060547,2.5325000286102295,2.461750030517578,2.4639999866485596,2.430175304412842,638712000,42.65599822998047,42.846500396728516,42.5625,42.68199920654297,42.332130432128906,20576000
2017-03-09,34.685001373291016,34.6974983215332,34.26250076293945,34.66999816894531,32.07229232788086,88623600,2.4477500915527344,2.4862499237060547,2.434999942779541,2.4635000228881836,2.4296817779541016,478060000,42.68450164794922,43.035499572753906,42.63349914550781,42.891998291015625,42.540401458740234,26954000
2017-03-10,34.8125,34.84000015258789,34.65999984741211,34.78499984741211,32.178680419921875,78451200,2.4902501106262207,2.5022499561309814,2.4595000743865967,2.4779999256134033,2.443983554840088,499740000,43.1349983215332,43.21149826049805,42.88050079345703,43.070499420166016,42.71744155883789,26732000
2017-03-13,34.712501525878906,34.85749816894531,34.70500183105469,34.79999923706055,32.19253921508789,69686800,2.4885001182556152,2.5562500953674316,2.4877500534057617,2.546250104904175,2.511296510696411,774136000,43.041500091552734,43.35649871826172,43.04100036621094,43.229000091552734,42.874637603759766,23332000
2017-03-14,34.82500076293945,34.912498474121094,34.709999084472656,34.747501373291016,32.143985748291016,61236400,2.5592501163482666,2.5687499046325684,2.5117499828338623,2.5445001125335693,2.509570837020874,522016000,43.1875,43.37900161743164,43.006500244140625,43.295501708984375,42.94060134887695,21234000
2017-03-15,34.852500915527344,35.1875,34.75749969482422,35.1150016784668,32.48394012451172,102767200,2.5562500953674316,2.5747499465942383,2.507999897003174,2.5637500286102295,2.5285563468933105,615036000,43.39699935913086,43.49399948120117,43.064998626708984,43.419498443603516,43.06358337402344,26658000
2017-03-16,35.18000030517578,35.255001068115234,35.064998626708984,35.17250061035156,32.53714370727539,76928000,2.57450008392334,2.595750093460083,2.5602500438690186,2.595249891281128,2.559624433517456,523100000,43.5265007019043,43.635501861572266,43.375999450683594,43.5,43.1434211730957,22090000
2017-03-17,35.25,35.25,34.97249984741211,34.997501373291016,32.37525177001953,175540000,2.61299991607666,2.6530001163482666,2.595249891281128,2.651750087738037,2.6153483390808105,1119688000,43.683998107910156,43.72100067138672,43.41849899291992,43.618499755859375,43.260948181152344,37366000
2017-03-20,35.099998474121094,35.375,35.057498931884766,35.3650016784668,32.715206146240234,86168000,2.6695001125335693,2.7402501106262207,2.653249979019165,2.7362499237060547,2.69868803024292,748568000,43.4739990234375,43.516998291015625,43.23350143432617,43.39550018310547,43.0397834777832,30844000
2017-03-21,35.52750015258789,35.70000076293945,34.932498931884766,34.959999084472656,32.34055709838867,158119600,2.71875,2.749000072479248,2.6397500038146973,2.647749900817871,2.611402750015259,913484000,43.50299835205078,43.673500061035156,42.384498596191406,42.50699996948242,42.15856170654297,50760000
2017-03-22,34.962501525878906,35.400001525878906,34.939998626708984,35.35499954223633,32.705955505371094,103440800,2.6364998817443848,2.7065000534057617,2.632499933242798,2.7017500400543213,2.6646618843078613,616764000,42.4739990234375,42.76750183105469,42.349998474121094,42.4900016784668,42.141700744628906,27334000
2017-03-23,35.314998626708984,35.39500045776367,35.15250015258789,35.22999954223633,32.59033203125,81385200,2.6937499046325684,2.7139999866485596,2.6675000190734863,2.6772499084472656,2.640498399734497,533940000,42.06949996948242,42.08449935913086,41.650001525878906,41.98249816894531,41.63835525512695,65754000
2017-03-24,35.375,35.435001373291016,35.087501525878906,35.15999984741211,32.52556610107422,89582400,2.724250078201294,2.7322499752044678,2.6605000495910645,2.6867499351501465,2.649867534637451,439500000,42.099998474121094,42.20000076293945,41.45500183105469,41.75699996948242,41.414710998535156,42114000
2017-03-27,34.84749984741211,35.30500030517578,34.654998779296875,35.220001220703125,32.581077575683594,94300400,2.6394999027252197,2.710249900817871,2.5894999504089355,2.706249952316284,2.669100284576416,506644000,41.40449905395508,42.069000244140625,41.21500015258789,41.925498962402344,41.581825256347656,38692000
2017-03-28,35.227500915527344,36.0099983215332,35.154998779296875,35.95000076293945,33.25638198852539,133499200,2.7074999809265137,2.722249984741211,2.6817500591278076,2.6922500133514404,2.655292510986328,432444000,41.984500885009766,42.27000045776367,41.61349868774414,42.03150177001953,41.68695831298828,30384000
2017-03-29,35.91999816894531,36.122501373291016,35.79750061035156,36.029998779296875,33.330379486083984,116760000,2.6997499465942383,2.712249994277954,2.6812500953674316,2.683500051498413,2.6466634273529053,349992000,42.13750076293945,42.579498291015625,42.069000244140625,42.493499755859375,42.14516830444336,29146000
2017-03-30,36.04750061035156,36.125,35.875,35.98249816894531,33.28644561767578,84829200,2.6907498836517334,2.75,2.684999942779541,2.734999895095825,2.697455406188965,525532000,42.5989990234375,42.599998474121094,42.3385009765625,42.4739990234375,42.125831604003906,18988000
2017-03-31,35.93000030517578,36.067501068115234,35.752498626708984,35.915000915527344,33.2240104675293,78646800,2.725250005722046,2.7472500801086426,2.7100000381469727,2.723249912261963,2.685865879058838,440808000,42.34149932861328,42.47800064086914,42.262001037597656,42.38999938964844,42.042518615722656,28820000
2017-04-03,35.9275016784668,36.029998779296875,35.76250076293945,35.92499923706055,33.23324966430664,79942800,2.723750114440918,2.7412500381469727,2.685499906539917,2.7095000743865967,2.672305107116699,445232000,42.4375,42.95000076293945,42.37649917602539,42.837501525878906,42.486358642578125,39388000
2017-04-04,35.8125,36.22249984741211,35.79249954223633,36.192501068115234,33.4807243347168,79565600,2.5850000381469727,2.6105000972747803,2.508500099182129,2.5195000171661377,2.4849138259887695,1271280000,42.400001525878906,42.650001525878906,42.3754997253418,42.628501892089844,42.279056549072266,26970000
2017-04-05,36.05500030517578,36.3650016784668,35.95249938964844,36.005001068115234,33.3072624206543,110871600,2.500499963760376,2.5592501163482666,2.487499952316284,2.5007500648498535,2.466421127319336,747048000,42.73550033569336,43.02949905395508,42.375999450683594,42.445499420166016,42.09756088256836,37104000
2017-04-06,36.0724983215332,36.130001068115234,35.86249923706055,35.915000915527344,33.2240104675293,84596000,2.50600004196167,2.53125,2.460249900817871,2.5190000534057617,2.48442006111145,635120000,42.474998474121094,42.679500579833984,42.20000076293945,42.255001068115234,41.90863037109375,30672000
2017-04-07,35.932498931884766,36.04499816894531,35.817501068115234,35.834999084472656,33.14999008178711,66688800,2.5255000591278076,2.54325008392334,2.493000030517578,2.5082499980926514,2.47381854057312,429068000,42.25,42.29399871826172,41.8650016784668,42.10499954223633,41.759857177734375,22232000
2017-04-10,35.900001525878906,35.970001220703125,35.724998474121094,35.79249954223633,33.11068344116211,75733600,2.509000062942505,2.515749931335449,2.440000057220459,2.4442501068115234,2.410696268081665,756332000,42.07699966430664,42.33700180053711,42.03950119018555,42.084999084472656,41.740020751953125,20924000
2017-04-11,35.73500061035156,35.837501525878906,35.01499938964844,35.407501220703125,32.75452423095703,121517600,2.413749933242798,2.4725000858306885,2.408750057220459,2.453000068664551,2.419325828552246,618148000,42.084999084472656,42.23149871826172,41.72999954223633,41.99399948120117,41.64976119995117,19486000
2017-04-12,35.400001525878906,35.537498474121094,35.252498626708984,35.45000076293945,32.793853759765625,81400000,2.453000068664551,2.4674999713897705,2.427500009536743,2.4327499866485596,2.399355173110962,414092000,41.92300033569336,42.18600082397461,41.87950134277344,42.073001861572266,41.72812271118164,22716000
2017-04-13,35.477500915527344,35.595001220703125,35.26250076293945,35.26250076293945,32.620399475097656,71291600,2.408250093460083,2.4302499294281006,2.3872499465942383,2.3872499465942383,2.354480028152466,506892000,42.051998138427734,42.186500549316406,41.89250183105469,42.00899887084961,41.664642333984375,21474000
2017-04-17,35.369998931884766,35.470001220703125,35.217498779296875,35.45750045776367,32.800777435302734,66328400,2.40024995803833,2.4809999465942383,2.3949999809265137,2.48075008392334,2.446695327758789,497292000,42.069000244140625,42.78200149536133,42.05149841308594,42.756500244140625,42.4060173034668,20982000
2017-04-18,35.352500915527344,35.5099983215332,35.27750015258789,35.29999923706055,32.655094146728516,58790000,2.466249942779541,2.4885001182556152,2.440000057220459,2.4822499752044678,2.4481756687164307,370116000,42.62699890136719,42.86949920654297,42.5625,42.699501037597656,42.34947967529297,18724000
2017-04-19,35.470001220703125,35.5,35.11249923706055,35.16999816894531,32.53481674194336,69313600,2.5,2.5244998931884766,2.4852499961853027,2.492000102996826,2.457791328430176,380828000,42.86949920654297,43.0099983215332,42.67649841308594,42.82550048828125,42.47444534301758,21606000
2017-04-20,35.30500030517578,35.72999954223633,35.290000915527344,35.61000061035156,32.94186019897461,93278400,2.5067501068115234,2.536250114440918,2.4852499961853027,2.5315001010894775,2.4967494010925293,404016000,42.98699951171875,43.19649887084961,42.875,43.00400161743164,42.6514892578125,23776000
2017-04-21,35.61000061035156,35.66999816894531,35.462501525878906,35.567501068115234,32.902549743652344,69283600,2.5209999084472656,2.5447499752044678,2.509000062942505,2.5420000553131104,2.5071046352386475,341896000,43.03099822998047,43.12200164794922,42.88650131225586,42.9474983215332,42.59545135498047,23458000
2017-04-24,35.875,35.98749923706055,35.79499816894531,35.90999984741211,33.21937942504883,68537200,2.5739998817443848,2.5869998931884766,2.5527501106262207,2.5737500190734863,2.538418769836426,371820000,43.422000885009766,43.99800109863281,43.30550003051758,43.94649887084961,43.58625411987305,33930000
2017-04-25,35.977500915527344,36.224998474121094,35.967498779296875,36.13249969482422,33.42521286010742,75486000,2.5885000228881836,2.6332499980926514,2.5667500495910645,2.618499994277954,2.582554340362549,388440000,44.112998962402344,44.61249923706055,43.9640007019043,44.44200134277344,44.07769775390625,40760000
2017-04-26,36.11750030517578,36.150001525878906,35.845001220703125,35.91999816894531,33.2286376953125,80164800,2.6322500705718994,2.6347498893737793,2.5985000133514404,2.6005001068115234,2.564802408218384,327004000,44.56949996948242,44.64950180053711,44.25749969482422,44.457000732421875,44.09257888793945,26466000
2017-04-27,35.97999954223633,36.040000915527344,35.82749938964844,35.9474983215332,33.25407028198242,56985200,2.6080000400543213,2.6494998931884766,2.589750051498413,2.6410000324249268,2.6047451496124268,319700000,44.5,44.66899871826172,44.35900115966797,44.571998596191406,44.20663070678711,46846000
2017-04-28,36.022499084472656,36.07500076293945,35.817501068115234,35.912498474121094,33.221683502197266,83441600,2.634000062942505,2.6410000324249268,2.601749897003174,2.6075000762939453,2.5717060565948486,348248000,46.45000076293945,46.79499816894531,46.1609992980957,46.22600173950195,45.84707260131836,76918000
2017-05-01,36.275001525878906,36.79999923706055,36.2400016784668,36.64500045776367,33.89930725097656,134411600,2.618499994277954,2.671250104904175,2.6112499237060547,2.6659998893737793,2.6294028759002686,307732000,46.20750045776367,46.79100036621094,46.040000915527344,46.64099884033203,46.25867462158203,46556000
2017-05-02,36.8849983215332,37.022499084472656,36.709999084472656,36.877498626708984,34.11439514160156,181408800,2.6387500762939453,2.640000104904175,2.563999891281128,2.5869998931884766,2.5514869689941406,629972000,46.66350173950195,47.14950180053711,46.54999923706055,46.85449981689453,46.470420837402344,35026000
2017-05-03,36.397499084472656,36.872501373291016,36.067501068115234,36.76499938964844,34.01030731201172,182788000,2.5799999237060547,2.615999937057495,2.565000057220459,2.606250047683716,2.5704734325408936,336904000,46.8025016784668,47.5099983215332,46.760501861572266,47.42250061035156,47.03376770019531,36496000
2017-05-04,36.630001068115234,36.78499984741211,36.45249938964844,36.63249969482422,33.88773727416992,93487600,2.612499952316284,2.6237499713897705,2.588249921798706,2.596250057220459,2.560610771179199,209788000,47.51449966430664,47.957000732421875,47.368499755859375,47.736000061035156,47.34469985961914,38752000
2017-05-05,36.689998626708984,37.244998931884766,36.689998626708984,37.2400016784668,34.449737548828125,109310800,2.5845000743865967,2.603749990463257,2.5687499046325684,2.5964999198913574,2.560856580734253,228428000,47.83599853515625,47.922000885009766,47.404998779296875,47.513999938964844,47.124515533447266,32310000
2017-05-08,37.25749969482422,38.42499923706055,37.25749969482422,38.252498626708984,35.38636779785156,195009600,2.6085000038146973,2.609999895095825,2.5577499866485596,2.5692501068115234,2.5339808464050293,365240000,47.372501373291016,48.04949951171875,47.369998931884766,47.93450164794922,47.541568756103516,37534000
2017-05-09,38.467498779296875,38.720001220703125,38.36249923706055,38.497501373291016,35.613014221191406,156521600,2.575000047683716,2.6232500076293945,2.566499948501587,2.573499917984009,2.5381722450256348,847672000,48.06650161743164,48.11000061035156,47.720001220703125,47.83549880981445,47.443382263183594,33758000
2017-05-10,38.407501220703125,38.48500061035156,38.02750015258789,38.314998626708984,35.444183349609375,103222800,2.8572499752044678,3.0455000400543213,2.8505001068115234,3.032249927520752,2.9906251430511475,2129096000,47.81100082397461,47.83549880981445,47.492000579833984,47.742000579833984,47.350650787353516,22920000
2017-05-11,38.11249923706055,38.51750183105469,38.07749938964844,38.48749923706055,35.75071716308594,109020400,3.0012500286102295,3.2607500553131104,2.9977500438690186,3.1624999046325684,3.1190874576568604,1939792000,47.56449890136719,47.89950180053711,47.43050003051758,47.794498443603516,47.40271759033203,20622000
2017-05-12,38.67499923706055,39.10499954223633,38.66749954223633,39.025001525878906,36.25,130108000,3.165750026702881,3.240000009536743,3.1445000171661377,3.1972498893737793,3.153360605239868,962620000,47.89250183105469,47.89899826049805,47.60300064086914,47.75699996948242,47.36552047729492,24298000
2017-05-15,39.002498626708984,39.162498474121094,38.76250076293945,38.92499923706055,36.1571044921875,104038800,3.239000082015991,3.3602499961853027,3.234499931335449,3.3577499389648438,3.3116567134857178,1087540000,47.76449966430664,48.1349983215332,47.64099884033203,47.96099853515625,47.567848205566406,26754000
2017-05-16,38.98500061035156,39.01499938964844,38.68000030517578,38.86750030517578,36.10369873046875,80194000,3.4094998836517334,3.436000108718872,3.3340001106262207,3.4202499389648438,3.3732988834381104,1120700000,48.1775016784668,48.29499816894531,48.01750183105469,48.230499267578125,47.835140228271484,22030000
2017-05-17,38.400001525878906,38.64250183105469,37.4275016784668,37.5625,34.89149475097656,203070800,3.3524999618530273,3.371500015258789,3.1887500286102295,3.193000078201294,3.1491687297821045,1271368000,47.98500061035156,48.04949951171875,47.00299835205078,47.10850143432617,46.72233963012695,48982000
2017-05-18,37.817501068115234,38.334999084472656,37.782501220703125,38.1349983215332,35.42327880859375,134272800,3.237499952316284,3.335750102996826,3.1762499809265137,3.3267500400543213,3.2810826301574707,1156032000,47.15999984741211,47.70899963378906,47.063499450683594,47.525001525878906,47.13542938232422,36010000
2017-05-19,38.345001220703125,38.494998931884766,38.157501220703125,38.26499938964844,35.544029235839844,107843200,3.4257500171661377,3.4554998874664307,3.380500078201294,3.4000000953674316,3.356858491897583,1018372000,47.64099884033203,47.97800064086914,47.599998474121094,47.73249816894531,47.341224670410156,27206000
2017-05-22,38.5,38.64500045776367,38.227500915527344,38.497501373291016,35.760009765625,91865600,3.4442501068115234,3.486999988555908,3.4332499504089355,3.4725000858306885,3.428438901901245,836608000,47.849998474121094,48.24100112915039,47.827999114990234,48.20349884033203,47.80836486816406,27748000
2017-05-23,38.724998474121094,38.724998474121094,38.32749938964844,38.45000076293945,35.715877532958984,79675600,3.492500066757202,3.4947500228881836,3.3927500247955322,3.4257500171661377,3.382282257080078,681248000,48.49800109863281,48.72549819946289,48.224998474121094,48.52750015258789,48.12971115112305,30908000
2017-05-24,38.459999084472656,38.54249954223633,38.16749954223633,38.334999084472656,35.609073638916016,76712000,3.5239999294281006,3.526750087738037,3.4519999027252197,3.464250087738037,3.4202921390533447,815996000,48.76300048828125,48.90599822998047,48.58150100708008,48.88050079345703,48.47981643676758,22660000
2017-05-25,38.432498931884766,38.587501525878906,38.25749969482422,38.467498779296875,35.732139587402344,76942400,3.5,3.5007500648498535,3.4110000133514404,3.4565000534057617,3.412641763687134,608228000,48.95000076293945,49.78900146484375,48.89099884033203,49.59299850463867,49.18647766113281,39082000
2017-05-26,38.5,38.560001373291016,38.32749938964844,38.40250015258789,35.6717529296875,87710400,3.4482500553131104,3.631999969482422,3.4277501106262207,3.5460000038146973,3.5010054111480713,779140000,49.599998474121094,49.81949996948242,49.36800003051758,49.66350173950195,49.25639724731445,32728000
2017-05-30,38.35499954223633,38.60749816894531,38.33250045776367,38.41749954223633,35.68569564819336,80507600,3.5924999713897705,3.657249927520752,3.5762500762939453,3.6217501163482666,3.5757946968078613,989652000,49.625,49.88100051879883,49.56800079345703,49.80849838256836,49.40020751953125,30324000
2017-05-31,38.49250030517578,38.54249954223633,38.095001220703125,38.189998626708984,35.47435760498047,97804800,3.667249917984009,3.674999952316284,3.5512499809265137,3.608750104904175,3.562959671020508,887316000,49.81050109863281,49.97999954223633,49.08399963378906,49.35449981689453,48.949928283691406,34482000
2017-06-01,38.29249954223633,38.33250045776367,38.05500030517578,38.29499816894531,35.571903228759766,65616400,3.6247498989105225,3.6257500648498535,3.562999963760376,3.6089999675750732,3.5632052421569824,503340000,49.54800033569336,49.65700149536133,49.06449890136719,49.41450119018555,49.00944137573242,26128000
2017-06-02,38.39500045776367,38.86249923706055,38.22249984741211,38.86249923706055,36.09904479980469,111082800,3.6059999465942383,3.632499933242798,3.5850000381469727,3.5910000801086426,3.5454347133636475,487456000,49.429500579833984,49.82400131225586,49.35350036621094,49.805999755859375,49.397727966308594,34710000
2017-06-05,38.584999084472656,38.61249923706055,38.3650016784668,38.48249816894531,35.7460823059082,101326800,3.57450008392334,3.713249921798706,3.5627501010894775,3.7002499103546143,3.65329909324646,817376000,49.894500732421875,50.369998931884766,49.772499084472656,50.194000244140625,49.78255081176758,27578000
2017-06-06,38.474998474121094,38.95249938964844,38.44499969482422,38.61249923706055,35.86682891845703,106499600,3.695499897003174,3.7422499656677246,3.6700000762939453,3.683500051498413,3.636761426925659,758728000,50.16550064086914,50.43050003051758,49.7400016784668,49.83399963378906,49.425498962402344,31042000
2017-06-07,38.755001068115234,38.994998931884766,38.619998931884766,38.842498779296875,36.080467224121094,84278400,3.708250045776367,3.746999979019165,3.692500114440918,3.7279999256134033,3.680696725845337,612612000,49.954498291015625,50.195499420166016,49.79349899291992,50.07500076293945,49.66452407836914,27482000
2017-06-08,38.8125,38.8849983215332,38.599998474121094,38.747501373291016,35.99222946166992,85003200,3.8364999294281006,4.0,3.7947499752044678,3.998500108718872,3.9477639198303223,1161744000,50.21149826049805,50.279998779296875,49.83100128173828,50.2140007019043,49.80238723754883,33758000
2017-06-09,38.79750061035156,38.79750061035156,36.505001068115234,37.244998931884766,34.59657287597656,259530800,4.118500232696533,4.212500095367432,3.5687499046325684,3.740000009536743,3.692544460296631,3692928000,50.27450180053711,50.275001525878906,47.66849899291992,48.50600051879883,48.10839080810547,72958000
2017-06-12,36.435001373291016,36.522499084472656,35.627498626708984,36.35499954223633,33.769859313964844,289229200,3.6470000743865967,3.7925000190734863,3.5527501106262207,3.7492499351501465,3.701676845550537,1697532000,47.93600082397461,48.400001525878906,46.84000015258789,48.09049987792969,47.6962890625,84042000
2017-06-13,36.790000915527344,36.86249923706055,36.287498474121094,36.647499084472656,34.04154968261719,136661600,3.859999895095825,3.8692500591278076,3.641249895095825,3.7850000858306885,3.736973524093628,1672504000,48.60200119018555,48.89550018310547,48.10049819946289,48.525001525878906,48.127227783203125,40108000
2017-06-14,36.875,36.875,35.959999084472656,36.290000915527344,33.709468841552734,126124800,3.7880001068115234,3.8515000343322754,3.7125000953674316,3.7929999828338623,3.7448723316192627,1184640000,48.775001525878906,48.98500061035156,47.97549819946289,48.39649963378906,47.99978256225586,30110000
2017-06-15,35.83000183105469,36.119998931884766,35.5525016784668,36.0724983215332,33.5074348449707,128661600,3.6740000247955322,3.8399999141693115,3.6624999046325684,3.8092501163482666,3.760915756225586,963824000,47.4010009765625,48.034000396728516,47.01850128173828,48.00899887084961,47.615455627441406,48552000
2017-06-16,35.94499969482422,36.125,35.54999923706055,35.567501068115234,33.03835678100586,201444400,3.819000005722046,3.867500066757202,3.75600004196167,3.7904999256134033,3.742403984069824,924960000,47.89550018310547,47.997501373291016,47.435001373291016,47.930999755859375,47.5380973815918,51184000
2017-06-19,35.915000915527344,36.685001373291016,35.915000915527344,36.584999084472656,33.98349380493164,130165600,3.835249900817871,3.9382500648498535,3.8315000534057617,3.933000087738037,3.8830950260162354,778176000,48.48249816894531,48.96500015258789,48.40999984741211,48.76100158691406,48.361297607421875,29376000
2017-06-20,36.717498779296875,36.717498779296875,36.23500061035156,36.252498626708984,33.67463684082031,99600400,3.975749969482422,4.043499946594238,3.9230000972747803,3.9272499084472656,3.877418279647827,1095444000,48.765499114990234,49.03950119018555,48.40999984741211,48.449501037597656,48.05234909057617,25946000
2017-06-21,36.380001068115234,36.51750183105469,36.15250015258789,36.467498779296875,33.87434768676758,85063200,3.9552500247955322,3.990499973297119,3.8924999237060547,3.9867498874664307,3.9361634254455566,682652000,48.53950119018555,48.977500915527344,48.47249984741211,48.929500579833984,48.528419494628906,23232000
2017-06-22,36.442501068115234,36.67499923706055,36.279998779296875,36.407501220703125,33.81861877441406,76425200,3.994999885559082,4.008500099182129,3.934999942779541,3.959249973297119,3.90901255607605,469132000,48.84349822998047,49.025001525878906,48.66550064086914,48.83100128173828,48.430728912353516,20190000
2017-06-23,36.282501220703125,36.790000915527344,36.27750015258789,36.56999969482422,33.969573974609375,141757600,3.9670000076293945,3.9830000400543213,3.8304998874664307,3.845750093460083,3.796952486038208,1088588000,48.775001525878906,49.33100128173828,48.722999572753906,49.304500579833984,48.90033721923828,31280000
2017-06-26,36.79249954223633,37.06999969482422,36.345001220703125,36.45500183105469,33.86273956298828,102769600,3.878999948501587,3.9149999618530273,3.708250045776367,3.8037500381469727,3.7554850578308105,1063960000,49.5,49.699501037597656,48.51649856567383,48.60449981689453,48.20608139038086,30358000
2017-06-27,36.252498626708984,36.540000915527344,35.904998779296875,35.932498931884766,33.377403259277344,99047600,3.7860000133514404,3.7947499752044678,3.658750057220459,3.6644999980926514,3.618001937866211,999492000,48.08000183105469,48.361000061035156,47.35449981689453,47.40449905395508,47.01591110229492,48872000
2017-06-28,36.122501373291016,36.52750015258789,35.790000915527344,36.45750045776367,33.865074157714844,88329600,3.7330000400543213,3.7985000610351562,3.643749952316284,3.793750047683716,3.7456130981445312,994948000,47.53300094604492,48.1619987487793,46.80799865722656,48.050498962402344,47.656620025634766,54912000
2017-06-29,36.1775016784668,36.282501220703125,35.56999969482422,35.91999816894531,33.36579132080078,125997600,3.765000104904175,3.7679998874664307,3.6019999980926514,3.6670000553131104,3.6204702854156494,1064424000,47.567501068115234,47.58300018310547,46.47999954223633,46.89099884033203,46.50661849975586,64134000
2017-06-30,36.11249923706055,36.2400016784668,35.94499969482422,36.005001068115234,33.44474411010742,92096400,3.684499979019165,3.6982500553131104,3.5875000953674316,3.614000082015991,3.568143129348755,731060000,47.199501037597656,47.25,46.480499267578125,46.48400115966797,46.102962493896484,45754000
2017-07-03,36.220001220703125,36.32500076293945,35.775001525878906,35.875,33.323974609375,57111200,3.6262500286102295,3.641249895095825,3.4644999504089355,3.4832499027252197,3.439051866531372,709072000,46.6609992980957,46.71200180053711,45.765499114990234,45.972999572753906,45.59614944458008,33896000
2017-07-05,35.92250061035156,36.1974983215332,35.68000030517578,36.022499084472656,33.46099853515625,86278400,3.547499895095825,3.6054999828338623,3.528249979019165,3.5762500762939453,3.5308713912963867,820188000,46.209999084472656,46.81449890136719,45.93149948120117,46.612998962402344,46.230899810791016,41882000
2017-07-06,35.755001068115234,35.875,35.602500915527344,35.682498931884766,33.145172119140625,96515200,3.546750068664551,3.634500026702881,3.49399995803833,3.5869998931884766,3.5414862632751465,746284000,46.25,46.80699920654297,45.99250030517578,46.384498596191406,46.004276275634766,40298000
2017-07-07,35.724998474121094,36.1875,35.724998474121094,36.04499816894531,33.481903076171875,76806800,3.6445000171661377,3.6875,3.6212499141693115,3.6689999103546143,3.6224448680877686,654972000,46.54949951171875,47.233001708984375,46.489498138427734,47.04050064086914,46.6548957824707,33266000
2017-07-10,36.02750015258789,36.48749923706055,35.842498779296875,36.26499938964844,33.68625259399414,84362400,3.743499994277954,3.8499999046325684,3.7170000076293945,3.8424999713897705,3.79374361038208,958492000,47.09749984741211,47.65650177001953,47.09749984741211,47.54999923706055,47.160221099853516,29030000
2017-07-11,36.182498931884766,36.462501525878906,36.095001220703125,36.38249969482422,33.79540252685547,79127200,3.846250057220459,3.904750108718872,3.8037500381469727,3.8970000743865967,3.8475520610809326,757956000,47.5260009765625,47.74449920654297,47.25600051879883,47.67649841308594,47.285682678222656,29224000
2017-07-12,36.467498779296875,36.54499816894531,36.20500183105469,36.435001373291016,33.84417724609375,99538000,3.9574999809265137,4.074999809265137,3.9140000343322754,4.062749862670898,4.011199951171875,1145208000,48.042999267578125,48.48149871826172,47.85200119018555,48.382999420166016,47.986392974853516,32042000
2017-07-13,36.375,37.122501373291016,36.36000061035156,36.942501068115234,34.31556701660156,100797600,4.074999809265137,4.15749979019165,3.96875,4.015749931335449,3.964794874191284,1369132000,48.540000915527344,48.935001373291016,48.2400016784668,48.442501068115234,48.045406341552734,30492000
2017-07-14,36.99250030517578,37.33250045776367,36.83250045776367,37.2599983215332,34.61050033569336,80528400,4.032249927520752,4.125249862670898,4.02524995803833,4.12375020980835,4.0714263916015625,941948000,48.70000076293945,48.87699890136719,48.50749969482422,48.84550094604492,48.445098876953125,21592000
2017-07-17,37.20500183105469,37.724998474121094,37.14250183105469,37.38999938964844,34.731266021728516,95174000,4.158249855041504,4.1875,4.043749809265137,4.106249809265137,4.054147720336914,930792000,48.816001892089844,49.16749954223633,48.540000915527344,48.79800033569336,48.397987365722656,33210000
2017-07-18,37.29999923706055,37.532501220703125,37.16749954223633,37.52000045776367,34.85200881958008,71475200,4.04449987411499,4.163750171661377,4.03249979019165,4.14900016784668,4.096353054046631,776640000,48.667999267578125,49.54249954223633,48.60200119018555,49.34749984741211,48.94298553466797,28266000
2017-07-19,37.619998931884766,37.85499954223633,37.48749923706055,37.755001068115234,35.07029724121094,83692000,4.158249855041504,4.184999942779541,4.115250110626221,4.127500057220459,4.075128078460693,687044000,49.5004997253418,49.779998779296875,49.35049819946289,49.63850021362305,49.231597900390625,28242000
2017-07-20,37.875,37.935001373291016,37.54750061035156,37.584999084472656,34.91238784790039,68974800,4.148250102996826,4.187749862670898,4.097750186920166,4.1875,4.134366989135742,699596000,49.849998474121094,49.933998107910156,49.23099899291992,49.609500885009766,49.202842712402344,28368000
2017-07-21,37.497501373291016,37.61000061035156,37.220001220703125,37.567501068115234,34.89613723754883,105010400,4.166749954223633,4.232500076293945,4.152249813079834,4.202499866485596,4.149174690246582,648332000,49.45000076293945,49.75550079345703,49.208499908447266,49.69200134277344,49.284664154052734,29266000
2017-07-24,37.64500045776367,38.11000061035156,37.474998474121094,38.022499084472656,35.31877517700195,85972800,4.209750175476074,4.2195000648498535,4.14300012588501,4.153749942779541,4.101044178009033,652524000,49.70500183105469,50.30950164794922,49.51350021362305,49.91550064086914,49.50634002685547,79690000
2017-07-25,37.95000076293945,38.459999084472656,37.95000076293945,38.185001373291016,35.4697265625,75415600,4.130499839782715,4.148250102996826,4.0894999504089355,4.133749961853027,4.081298351287842,496556000,48.53499984741211,48.83649826049805,48.189998626708984,48.451499938964844,48.0543327331543,118672000
2017-07-26,38.337501525878906,38.48249816894531,38.26499938964844,38.3650016784668,35.63691329956055,63124000,4.191999912261963,4.2482500076293945,4.146249771118164,4.18149995803833,4.128442287445068,640404000,48.638999938964844,48.6974983215332,48.01150131225586,48.265499114990234,47.86985778808594,44432000
2017-07-27,38.4375,38.497501373291016,36.82500076293945,37.63999938964844,34.963478088378906,129905200,4.20674991607666,4.218500137329102,3.938999891281128,4.043499946594238,3.9921936988830566,782856000,48.45899963378906,48.47600173950195,46.85300064086914,47.6254997253418,47.235103607177734,74358000
2017-07-28,37.47249984741211,37.557498931884766,37.29750061035156,37.375,34.717323303222656,68854800,4.00724983215332,4.134500026702881,3.9820001125335693,4.109749794006348,4.057603359222412,513348000,47.39950180053711,48.089500427246094,47.265499114990234,47.916500091552734,47.52371597290039,36276000
2017-07-31,37.474998474121094,37.58250045776367,37.032501220703125,37.182498931884766,34.53849792480469,79383600,4.123499870300293,4.159999847412109,4.015500068664551,4.062749862670898,4.011199951171875,559672000,48.0,48.05950164794922,47.08649826049805,47.275001525878906,46.88747787475586,45670000
2017-08-01,37.275001525878906,37.55500030517578,37.102500915527344,37.51250076293945,34.84504318237305,141474400,4.053249835968018,4.113999843597412,4.025000095367432,4.112249851226807,4.060070991516113,431384000,47.390499114990234,47.7244987487793,47.24800109863281,47.327999114990234,46.940040588378906,28052000
2017-08-02,39.81999969482422,39.9375,39.040000915527344,39.28499984741211,36.49150466918945,279747200,4.143750190734863,4.147749900817871,4.031750202178955,4.109749794006348,4.057603359222412,478444000,47.41849899291992,47.45500183105469,46.625999450683594,47.38199996948242,46.99360275268555,40788000
2017-08-03,39.26250076293945,39.3025016784668,38.755001068115234,38.89250183105469,36.12691116333008,108389200,4.109250068664551,4.165750026702881,4.0920000076293945,4.1620001792907715,4.109189510345459,442420000,47.45500183105469,47.5,46.97200012207031,47.01499938964844,46.62960433959961,22478000
2017-08-04,39.01750183105469,39.349998474121094,38.92250061035156,39.09749984741211,36.31733703613281,82239600,4.184999942779541,4.2517499923706055,4.1620001792907715,4.18025016784668,4.127207279205322,589096000,47.1974983215332,47.37699890136719,46.9900016784668,47.28950119018555,46.901859283447266,25092000
2017-08-07,39.26499938964844,39.72999954223633,39.16749954223633,39.70249938964844,36.87931442260742,87481200,4.209750175476074,4.3092498779296875,4.199999809265137,4.308750152587891,4.254077434539795,717412000,47.375999450683594,47.448001861572266,47.17499923706055,47.287498474121094,46.89986801147461,28916000
2017-08-08,39.650001525878906,40.45750045776367,39.567501068115234,40.02000045776367,37.17424392700195,144823600,4.347249984741211,4.363999843597412,4.217750072479248,4.257500171661377,4.2034783363342285,755336000,47.214500427246094,47.6245002746582,47.124000549316406,47.20949935913086,46.82251739501953,30102000
2017-08-09,39.814998626708984,40.317501068115234,39.77750015258789,40.26499938964844,37.40182113647461,104526000,4.210750102996826,4.30525016784668,4.1917500495910645,4.302750110626221,4.248152732849121,530784000,46.92250061035156,47.1879997253418,46.69599914550781,47.00400161743164,46.61870193481445,28018000
2017-08-10,39.974998474121094,40.0,38.657501220703125,38.83000183105469,36.210506439208984,163217200,4.303999900817871,4.316500186920166,4.108250141143799,4.118500232696533,4.066242694854736,1328088000,46.75,46.814998626708984,46.0890007019043,46.179500579833984,45.80095291137695,54148000
2017-08-11,39.150001525878906,39.64250183105469,39.01750183105469,39.369998931884766,36.71406936645508,105028400,3.928499937057495,3.9749999046325684,3.8227500915527344,3.8989999294281006,3.8495266437530518,1497196000,46.18550109863281,46.667999267578125,46.06100082397461,46.50450134277344,46.123291015625,32334000
2017-08-14,39.83000183105469,40.0525016784668,39.6875,39.962501525878906,37.26660919189453,88490800,3.9917500019073486,4.213749885559082,3.9800000190734863,4.210000038146973,4.156582355499268,1279020000,46.95349884033203,47.051998138427734,46.7244987487793,46.94649887084961,46.561668395996094,23012000
2017-08-15,40.165000915527344,40.54999923706055,40.03499984741211,40.400001525878906,37.67457962036133,117862000,4.215250015258789,4.2417497634887695,4.139750003814697,4.174499988555908,4.121531009674072,764532000,47.05149841308594,47.153499603271484,46.832000732421875,46.90399932861328,46.51951599121094,22130000
2017-08-16,40.48500061035156,40.627498626708984,40.037498474121094,40.23749923706055,37.523048400878906,110686400,4.1897501945495605,4.213500022888184,4.0960001945495605,4.128749847412109,4.076359748840332,596632000,47.0625,47.494998931884766,47.00199890136719,47.2135009765625,46.826480865478516,26906000
2017-08-17,40.130001068115234,40.1775016784668,39.459999084472656,39.46500015258789,36.80267333984375,111762400,4.120250225067139,4.137499809265137,4.0345001220703125,4.036749839782715,3.9855284690856934,525444000,47.147499084472656,47.19049835205078,46.38199996948242,46.382999420166016,46.00278854370117,33914000
2017-08-18,39.46500015258789,39.875,39.18000030517578,39.375,36.7187385559082,109712400,4.091750144958496,4.109000205993652,3.990999937057495,4.037499904632568,3.9862685203552246,601204000,46.3489990234375,46.55099868774414,46.17250061035156,46.308998107910156,45.929386138916016,26748000
2017-08-21,39.375,39.47249984741211,38.77750015258789,39.3025016784668,36.65113067626953,105474000,4.062250137329102,4.073750019073486,3.9342501163482666,3.978749990463257,3.9282655715942383,623672000,46.28850173950195,46.412498474121094,45.93000030517578,46.04349899291992,45.66606903076172,26024000
2017-08-22,39.557498931884766,40.0,39.505001068115234,39.94499969482422,37.25029373168945,86418400,4.012249946594238,4.06974983215332,3.9927499294281006,4.06374979019165,4.015717029571533,450456000,46.347999572753906,47.097999572753906,46.30849838256836,47.02000045776367,46.63457107543945,35502000
2017-08-23,39.76750183105469,40.11750030517578,39.720001220703125,39.994998931884766,37.29691696166992,77596400,4.03000020980835,4.15625,4.021249771118164,4.144999980926514,4.096009731292725,579520000,46.849998474121094,47.27149963378906,46.762001037597656,47.12900161743164,46.742679595947266,22690000
2017-08-24,40.10749816894531,40.185001373291016,39.63750076293945,39.817501068115234,37.13137435913086,79275600,4.177499771118164,4.182000160217285,4.103000164031982,4.129749774932861,4.080938816070557,469700000,47.18550109863281,47.31549835205078,46.5369987487793,46.84450149536133,46.46049880981445,25892000
2017-08-25,39.912498474121094,40.13999938964844,39.817501068115234,39.96500015258789,37.26892852783203,101920400,4.154250144958496,4.1645002365112305,4.088749885559082,4.095250129699707,4.046847343444824,357200000,46.96049880981445,47.0364990234375,46.505001068115234,46.525001525878906,46.14363098144531,23746000
2017-08-28,40.03499984741211,40.5,39.98249816894531,40.36750030517578,37.6442985534668,103864000,4.114500045776367,4.127500057220459,4.0582499504089355,4.1242499351501465,4.075503349304199,389496000,46.59400177001953,46.74250030517578,46.30550003051758,46.40650177001953,46.026092529296875,20988000
2017-08-29,40.025001525878906,40.779998779296875,40.0,40.727500915527344,37.97999572753906,118067600,4.0647501945495605,4.139500141143799,4.05649995803833,4.117499828338623,4.068833351135254,324096000,45.997501373291016,46.90950012207031,45.96549987792969,46.787498474121094,46.40396499633789,23172000
2017-08-30,40.95000076293945,40.97249984741211,40.65250015258789,40.837501525878906,38.08257293701172,109078400,4.137499809265137,4.153250217437744,4.106750011444092,4.142000198364258,4.093043327331543,384400000,46.78350067138672,47.292999267578125,46.70249938964844,47.18149948120117,46.79473876953125,22406000
2017-08-31,40.90999984741211,41.130001068115234,40.869998931884766,41.0,38.23411178588867,107140400,4.162499904632568,4.239999771118164,4.15500020980835,4.236000061035156,4.185932636260986,612684000,47.314998626708984,47.86000061035156,47.3125,47.762001037597656,47.3704833984375,33866000
2017-09-01,41.20000076293945,41.23500061035156,40.907501220703125,41.01250076293945,38.245758056640625,66364400,4.24875020980835,4.297500133514404,4.239999771118164,4.261499881744385,4.211129665374756,445432000,47.87350082397461,47.916500091552734,47.513999938964844,47.5994987487793,47.209312438964844,20858000
2017-09-05,40.9375,41.0625,40.13999938964844,40.52000045776367,37.7864990234375,117874000,4.209499835968018,4.2144999504089355,4.089000225067139,4.147749900817871,4.098724842071533,695364000,47.34299850463867,47.56949996948242,46.779998779296875,47.07400131225586,46.68812942504883,29148000
2017-09-06,40.6775016784668,40.747501373291016,40.130001068115234,40.477500915527344,37.74686050415039,86606800,4.181000232696533,4.195000171661377,4.110000133514404,4.145249843597412,4.096253871917725,397672000,47.19350051879883,47.224998474121094,46.63399887084961,47.10100173950195,46.714900970458984,27830000
2017-09-07,40.522499084472656,40.560001373291016,40.09000015258789,40.314998626708984,37.5953254699707,87714000,4.16225004196167,4.197249889373779,4.12375020980835,4.1645002365112305,4.1152777671813965,352868000,47.212501525878906,47.525001525878906,46.87649917602539,47.49449920654297,47.10517501831055,22332000
2017-09-08,40.21500015258789,40.287498474121094,39.63249969482422,39.657501220703125,36.98218536376953,114446000,4.152750015258789,4.167749881744385,4.067749977111816,4.092249870300293,4.043882369995117,498856000,47.48500061035156,47.53499984741211,47.0004997253418,47.070499420166016,46.68465042114258,19998000
2017-09-11,40.125,40.51250076293945,39.97249984741211,40.375,37.65127944946289,126323200,4.138500213623047,4.235750198364258,4.132999897003174,4.224999904632568,4.175062656402588,567444000,47.36000061035156,47.63399887084961,47.04999923706055,47.16450119018555,46.77787780761719,26748000
2017-09-12,40.65250015258789,40.9900016784668,39.692501068115234,40.21500015258789,37.502071380615234,286856000,4.25,4.25,4.17425012588501,4.240250110626221,4.190133571624756,411488000,47.34600067138672,47.40449905395508,46.875,47.33250045776367,46.94450378417969,25696000
2017-09-13,39.967498779296875,39.9900016784668,39.477500915527344,39.912498474121094,37.2199821472168,179629600,4.214749813079834,4.28849983215332,4.182000160217285,4.259250164031982,4.2089080810546875,580960000,47.275001525878906,47.64250183105469,47.23699951171875,47.52199935913086,47.1324462890625,21908000
2017-09-14,39.747501373291016,39.849998474121094,39.522499084472656,39.56999969482422,36.90058135986328,95042800,4.219749927520752,4.314000129699707,4.195000171661377,4.235000133514404,4.184945583343506,513712000,47.29999923706055,47.4015007019043,46.917999267578125,47.006500244140625,46.621177673339844,28548000
2017-09-15,39.61750030517578,40.24250030517578,39.5,39.970001220703125,37.27360153198242,196458400,4.321499824523926,4.502749919891357,4.316249847412109,4.502749919891357,4.449531078338623,1364792000,47.00450134277344,47.087501525878906,46.5625,46.76449966430664,46.381160736083984,39886000
2017-09-18,40.02750015258789,40.125,39.5,39.66749954223633,36.99150466918945,113077600,4.628499984741211,4.78000020980835,4.621500015258789,4.68874979019165,4.633331298828125,1684460000,46.7504997253418,46.84299850463867,46.27000045776367,46.48749923706055,46.10643005371094,29474000
2017-09-19,39.877498626708984,39.942501068115234,39.61000061035156,39.682498931884766,37.00550079345703,83242400,4.637750148773193,4.746250152587891,4.615499973297119,4.683750152587891,4.628390312194824,874280000,46.670501708984375,46.89699935913086,46.33300018310547,46.84299850463867,46.45901870727539,24854000
2017-09-20,39.474998474121094,39.564998626708984,38.45750045776367,39.01750183105469,36.3853645324707,211805600,4.6875,4.735499858856201,4.605249881744385,4.645999908447266,4.591086387634277,724920000,46.88650131225586,47.5,46.875,47.37699890136719,46.98863983154297,40080000
2017-09-21,38.95000076293945,38.95000076293945,38.1875,38.34749984741211,35.76056671142578,150046800,4.540999889373779,4.567500114440918,4.440249919891357,4.519000053405762,4.465587139129639,1075600000,47.40650177001953,47.63999938964844,46.96900177001953,47.377498626708984,46.989131927490234,27414000
2017-09-22,37.8849983215332,38.067501068115234,37.63999938964844,37.97249984741211,35.41084671020508,186581600,4.507500171661377,4.557750225067139,4.465000152587891,4.474999904632568,4.422107696533203,491232000,47.13850021362305,47.5,47.04199981689453,47.16299819946289,46.77639389038086,21496000
2017-09-25,37.497501373291016,37.95750045776367,37.290000915527344,37.63750076293945,35.09844970703125,177549200,4.443749904632568,4.445000171661377,4.254000186920166,4.275000095367432,4.224472522735596,874580000,46.97249984741211,46.98749923706055,46.22549819946289,46.7140007019043,46.33108139038086,37468000
2017-09-26,37.94499969482422,38.47999954223633,37.92250061035156,38.28499984741211,35.70226287841797,146640000,4.411250114440918,4.4670000076293945,4.258749961853027,4.298999786376953,4.248187065124512,1125620000,46.83449935913086,47.20399856567383,46.75600051879883,46.871498107910156,46.487281799316406,33454000
2017-09-27,38.45000076293945,38.68000030517578,38.3849983215332,38.557498931884766,35.956382751464844,102016800,4.390500068664551,4.406750202178955,4.318749904632568,4.393249988555908,4.341325283050537,713720000,47.137001037597656,48.27149963378906,47.09749984741211,47.994998931884766,47.60157012939453,46692000
2017-09-28,38.47249984741211,38.56999969482422,38.17499923706055,38.31999969482422,35.73491287231445,88022000,4.4004998207092285,4.4045000076293945,4.343999862670898,4.392000198364258,4.340088367462158,435244000,47.8125,48.308998107910156,47.77750015258789,48.240501403808594,47.84505844116211,28018000
2017-09-29,38.3025016784668,38.532501220703125,38.0,38.529998779296875,35.93073272705078,105199200,4.4770002365112305,4.493249893188477,4.431250095367432,4.469250202178955,4.4164252281188965,619092000,48.29999923706055,48.79050064086914,48.29999923706055,48.68600082397461,48.286903381347656,40622000
2017-10-02,38.564998626708984,38.61249923706055,38.18000030517578,38.45249938964844,35.85847473144531,74795200,4.519999980926514,4.549499988555908,4.425000190734863,4.474999904632568,4.422107696533203,503480000,48.782501220703125,48.887001037597656,48.09749984741211,48.37350082397461,47.976966857910156,30782000
2017-10-03,38.502498626708984,38.772499084472656,38.477500915527344,38.619998931884766,36.0146598815918,64921200,4.481249809265137,4.514500141143799,4.439499855041504,4.484250068664551,4.431250095367432,390332000,48.37799835205078,48.62200164794922,48.135501861572266,48.604000091552734,48.20558547973633,21666000
2017-10-04,38.407501220703125,38.46500015258789,38.1150016784668,38.369998931884766,35.781524658203125,80655200,4.490499973297119,4.544250011444092,4.453499794006348,4.521749973297119,4.468305587768555,427848000,48.5880012512207,48.720001220703125,48.28049850463867,48.3390007019043,47.942752838134766,21156000
2017-10-05,38.54499816894531,38.86000061035156,38.51250076293945,38.84749984741211,36.226829528808594,85135200,4.546500205993652,4.550000190734863,4.488999843597412,4.51924991607666,4.465834617614746,437364000,48.63949966430664,49.32550048828125,48.51350021362305,49.259498596191406,48.855709075927734,35618000
2017-10-06,38.74250030517578,38.872501373291016,38.63999938964844,38.82500076293945,36.20584487915039,69630400,4.491250038146973,4.546000003814697,4.474999904632568,4.53249979019165,4.478929042816162,318800000,49.0,49.7130012512207,48.925498962402344,49.68199920654297,49.274742126464844,31060000
2017-10-09,38.95249938964844,39.182498931884766,38.872501373291016,38.959999084472656,36.33172607421875,65051600,4.56974983215332,4.66825008392334,4.550749778747559,4.634749889373779,4.57996940612793,563492000,49.75,50.02299880981445,49.57500076293945,49.615501403808594,49.20879364013672,25910000
2017-10-10,39.01499938964844,39.5,38.775001525878906,38.974998474121094,36.345726013183594,62468000,4.785749912261963,4.823750019073486,4.68149995803833,4.723249912261963,4.667422771453857,974876000,49.76499938964844,49.87350082397461,49.05550003051758,49.38999938964844,48.98513412475586,23268000
2017-10-11,38.99250030517578,39.244998931884766,38.9375,39.13750076293945,36.49726867675781,67622400,4.739999771118164,4.775000095367432,4.69350004196167,4.773499965667725,4.7170796394348145,529508000,49.45199966430664,50.378501892089844,49.39699935913086,50.282501220703125,49.87031936645508,36300000
2017-10-12,39.087501525878906,39.342498779296875,38.932498931884766,39.0,36.36903762817383,64500400,4.7769999504089355,4.827250003814697,4.7482500076293945,4.775750160217285,4.719302654266357,528292000,50.19200134277344,50.57699966430664,50.05500030517578,50.282501220703125,49.87031936645508,30614000
2017-10-13,39.182498931884766,39.31999969482422,39.102500915527344,39.247501373291016,36.59983825683594,65576800,4.838749885559082,4.875,4.791250228881836,4.864749908447266,4.807250022888184,628728000,50.455501556396484,50.737998962402344,50.35300064086914,50.39350128173828,49.98041534423828,26552000
2017-10-16,39.474998474121094,40.0,39.412498474121094,39.970001220703125,37.27360153198242,96486000,4.894999980926514,4.951250076293945,4.830999851226807,4.948249816894531,4.88976526260376,576640000,50.48149871826172,50.599998474121094,50.07600021362305,50.467498779296875,50.053802490234375,21420000
2017-10-17,39.94499969482422,40.217498779296875,39.807498931884766,40.11750030517578,37.4111442565918,75989200,4.927249908447266,4.972499847412109,4.908750057220459,4.943749904632568,4.885317325592041,478596000,50.37200164794922,50.72800064086914,50.3025016784668,50.54999923706055,50.13563537597656,20260000
2017-10-18,40.10499954223633,40.1775016784668,39.900001525878906,39.939998626708984,37.2456169128418,65496800,4.952750205993652,4.953499794006348,4.833000183105469,4.939499855041504,4.881118297576904,567316000,50.5525016784668,50.81549835205078,50.26599884033203,50.637001037597656,50.22191619873047,25596000
2017-10-19,39.1875,39.27000045776367,38.755001068115234,38.994998931884766,36.36436462402344,170336800,4.861000061035156,4.949999809265137,4.81125020980835,4.945000171661377,4.886552333831787,570772000,50.23749923706055,50.36600112915039,49.8650016784668,50.09199905395508,49.68138122558594,34284000
2017-10-20,39.15250015258789,39.4375,38.9900016784668,39.0625,36.42731857299805,95896400,4.962250232696533,4.989749908447266,4.91349983215332,4.922500133514404,4.864317893981934,451620000,50.352500915527344,50.432498931884766,50.11349868774414,50.253501892089844,49.84156036376953,32120000
2017-10-23,39.22249984741211,39.42250061035156,38.875,39.04249954223633,36.40866470336914,87937200,4.944499969482422,4.971250057220459,4.894999980926514,4.915500164031982,4.857400894165039,428696000,50.25899887084961,50.28950119018555,49.154998779296875,49.277000427246094,48.87306594848633,32786000
2017-10-24,39.0724983215332,39.35499954223633,39.04999923706055,39.275001525878906,36.625484466552734,71028800,4.924749851226807,4.96875,4.898499965667725,4.9670000076293945,4.9082932472229,407244000,49.32500076293945,49.4630012512207,48.854000091552734,49.42449951171875,49.01935577392578,28902000
2017-10-25,39.227500915527344,39.38750076293945,38.817501068115234,39.102500915527344,36.46462631225586,84828400,4.927000045776367,4.980500221252441,4.779250144958496,4.8414998054504395,4.784276485443115,828160000,49.313499450683594,49.721500396728516,48.88600158691406,49.573001861572266,49.16664505004883,30574000
2017-10-26,39.307498931884766,39.45750045776367,39.19499969482422,39.352500915527344,36.697757720947266,68002000,4.869500160217285,4.9039998054504395,4.845250129699707,4.892250061035156,4.834426403045654,322744000,49.923500061035156,50.32550048828125,49.52349853515625,49.57099914550781,49.164649963378906,47396000
2017-10-27,39.8224983215332,40.900001525878906,39.67499923706055,40.76250076293945,38.01262283325195,177816800,4.945000171661377,5.046750068664551,4.918749809265137,5.046500205993652,4.986853122711182,572192000,51.54949951171875,53.180999755859375,51.342498779296875,51.68349838256836,51.25983428955078,103682000
2017-10-30,40.97249984741211,42.01750183105469,40.93000030517578,41.68000030517578,38.86823654174805,178803200,5.046500205993652,5.152249813079834,5.0304999351501465,5.0960001945495605,5.035768508911133,504056000,51.45800018310547,51.99150085449219,51.11650085449219,51.65650177001953,51.23306655883789,46804000
2017-10-31,41.974998474121094,42.412498474121094,41.73500061035156,42.2599983215332,39.40910720825195,144187200,5.1282501220703125,5.197249889373779,5.122499942779541,5.170249938964844,5.109139442443848,411908000,51.650001525878906,52.04999923706055,51.314998626708984,51.652000427246094,51.228599548339844,30326000
2017-11-01,42.467498779296875,42.48500061035156,41.40250015258789,41.72249984741211,38.90788269042969,134551200,5.233749866485596,5.2492499351501465,5.114999771118164,5.179999828338623,5.118775367736816,502576000,51.816001892089844,52.393001556396484,51.70000076293945,52.130001068115234,51.70267105102539,43262000
2017-11-02,41.650001525878906,42.125,41.31999969482422,42.02750015258789,39.19228744506836,165573600,5.150000095367432,5.195250034332275,5.091249942779541,5.148499965667725,5.087647438049316,342308000,51.9995002746582,52.2760009765625,51.43299865722656,52.14849853515625,51.72102737426758,26694000
2017-11-03,43.5,43.564998626708984,42.779998779296875,43.125,40.215763092041016,237594400,5.179999828338623,5.217249870300293,5.133500099182129,5.217249870300293,5.155585765838623,353640000,52.13750076293945,52.53300094604492,51.88249969482422,52.4995002746582,52.069149017333984,27770000
2017-11-06,43.092498779296875,43.747501373291016,42.93000030517578,43.5625,40.62373733520508,140105200,5.179999828338623,5.249499797821045,5.167500019073486,5.240749835968018,5.178807258605957,389944000,52.45500183105469,52.62950134277344,52.099998474121094,52.13399887084961,51.706642150878906,18294000
2017-11-07,43.477500915527344,43.8125,43.400001525878906,43.70249938964844,40.754295349121094,97446000,5.263750076293945,5.322500228881836,5.251500129699707,5.300749778747559,5.23809814453125,427700000,52.48249816894531,52.670501708984375,52.150001525878906,52.61949920654297,52.18815994262695,26104000
2017-11-08,43.665000915527344,44.060001373291016,43.58250045776367,44.060001373291016,41.08769607543945,97638000,5.296249866485596,5.300000190734863,5.181000232696533,5.229000091552734,5.167197227478027,522988000,52.502498626708984,53.134498596191406,52.352500915527344,52.91450119018555,52.480743408203125,24276000
2017-11-09,43.77750015258789,44.025001525878906,43.28499984741211,43.970001220703125,41.00374984741211,117930400,5.131750106811523,5.158249855041504,5.009250164031982,5.132999897003174,5.072331428527832,978564000,52.400001525878906,52.54399871826172,51.79249954223633,52.38600158691406,51.956581115722656,35892000
2017-11-10,43.77750015258789,43.845001220703125,43.567501068115234,43.66749954223633,40.86806869506836,100582000,5.327000141143799,5.466750144958496,5.290750026702881,5.403500080108643,5.339632987976074,1253256000,52.19350051879883,52.33150100708008,52.06100082397461,52.20750045776367,51.779537200927734,19442000
2017-11-13,43.375,43.625,43.349998474121094,43.49250030517578,40.704261779785156,67928400,5.403500080108643,5.4292497634887695,5.300250053405762,5.3157501220703125,5.252920150756836,582376000,52.040000915527344,52.4370002746582,51.9630012512207,52.060001373291016,51.63325500488281,18814000
2017-11-14,43.2599983215332,43.369998931884766,42.79499816894531,42.834999084472656,40.08890914916992,99130000,5.324999809265137,5.369999885559082,5.280749797821045,5.354499816894531,5.291212558746338,529292000,51.88600158691406,52.1150016784668,51.46649932861328,52.082000732421875,51.65507507324219,21012000
2017-11-15,42.49250030517578,42.58000183105469,42.095001220703125,42.27000045776367,39.560142517089844,116632400,5.298749923706055,5.300000190734863,5.195000171661377,5.249499797821045,5.187453746795654,501948000,51.75,51.98149871826172,51.53799819946289,51.820499420166016,51.395713806152344,18106000
2017-11-16,42.79499816894531,42.967498779296875,42.57500076293945,42.775001525878906,40.03276443481445,94550000,5.32450008392334,5.355000019073486,5.28125,5.290249824523926,5.227722644805908,441768000,51.9375,52.5880012512207,51.900001525878906,52.423500061035156,51.9937744140625,23768000
2017-11-17,42.7599983215332,42.84749984741211,42.40999984741211,42.537498474121094,39.810489654541016,87598000,5.3480000495910645,5.383749961853027,5.268750190734863,5.283999919891357,5.221546173095703,515664000,52.4900016784668,52.54999923706055,51.686500549316406,51.794498443603516,51.36992645263672,26712000
2017-11-20,42.5724983215332,42.63999938964844,42.38999938964844,42.494998931884766,39.77072525024414,65049600,5.299749851226807,5.364250183105469,5.262499809265137,5.3520002365112305,5.2887420654296875,396100000,51.79999923706055,51.935001373291016,51.63399887084961,51.733001708984375,51.308937072753906,17526000
2017-11-21,42.69499969482422,43.42499923706055,42.69499969482422,43.28499984741211,40.51007843017578,100525200,5.392250061035156,5.413000106811523,5.360000133514404,5.401249885559082,5.337411403656006,399176000,52.00199890136719,52.519500732421875,51.957000732421875,52.51499938964844,52.08452224731445,22206000
2017-11-22,43.34000015258789,43.75,43.26250076293945,43.7400016784668,40.935909271240234,102355600,5.425000190734863,5.425000190734863,5.340250015258789,5.3732500076293945,5.313429832458496,356640000,52.55799865722656,52.77149963378906,52.36249923706055,52.59600067138672,52.164859771728516,14538000
2017-11-24,43.775001525878906,43.875,43.662498474121094,43.74250030517578,40.938228607177734,56106800,5.389750003814697,5.425000190734863,5.364999771118164,5.423999786376953,5.363614559173584,180752000,52.71950149536133,53.003501892089844,52.59600067138672,52.82600021362305,52.392974853515625,16492000
2017-11-27,43.76250076293945,43.77000045776367,43.334999084472656,43.522499084472656,40.732337951660156,82867200,5.432750225067139,5.434000015258789,5.350249767303467,5.353499889373779,5.293900012969971,422896000,52.92850112915039,53.652000427246094,52.73849868774414,53.60049819946289,53.16111755371094,35430000
2017-11-28,43.57500076293945,43.717498779296875,42.96500015258789,43.26750183105469,40.493682861328125,105715200,5.358749866485596,5.368249893188477,5.205999851226807,5.267749786376953,5.209105968475342,512752000,53.699501037597656,54.0,52.72700119018555,53.16450119018555,52.72869873046875,36424000
2017-11-29,43.157501220703125,43.22999954223633,41.790000915527344,42.369998931884766,39.65373229980469,166665600,5.250249862670898,5.252999782562256,4.780749797821045,4.9105000495910645,4.855832576751709,1396788000,52.808998107910156,52.938499450683594,51.48249816894531,51.86899948120117,51.44382095336914,55866000
2017-11-30,42.60749816894531,43.03499984741211,42.11000061035156,42.962501525878906,40.208251953125,166108800,4.980000019073486,5.066999912261963,4.916250228881836,5.017749786376953,4.961887836456299,823768000,51.99700164794922,52.207000732421875,51.503501892089844,51.80849838256836,51.383811950683594,45092000
2017-12-01,42.48749923706055,42.91749954223633,42.125,42.76250076293945,40.02106857299805,159037200,4.982749938964844,5.0032501220703125,4.8117499351501465,4.941999912261963,4.886981964111328,811548000,51.52050018310547,51.86199951171875,50.845001220703125,51.253501892089844,50.833370208740234,37762000
2017-12-04,43.119998931884766,43.154998779296875,42.407501220703125,42.45000076293945,39.728607177734375,130169600,5.00124979019165,5.007500171661377,4.612500190734863,4.666500091552734,4.614549160003662,1240844000,51.38999938964844,51.56700134277344,50.46099853515625,50.59349822998047,50.178775787353516,38778000
2017-12-05,42.26499938964844,42.880001068115234,42.099998474121094,42.40999984741211,39.69116973876953,109400800,4.559999942779541,4.817500114440918,4.514500141143799,4.69350004196167,4.64124870300293,981488000,50.54949951171875,51.83399963378906,50.11600112915039,50.97999954223633,50.562103271484375,38998000
2017-12-06,41.875,42.54999923706055,41.6150016784668,42.252498626708984,39.54375076293945,114240000,4.642499923706055,4.753499984741211,4.620999813079834,4.731500148773193,4.678825378417969,467032000,50.82600021362305,51.979000091552734,50.765499114990234,51.63600158691406,51.212730407714844,28710000
2017-12-07,42.25749969482422,42.61000061035156,42.227500915527344,42.33000183105469,39.61629867553711,102693200,4.798999786376953,4.840000152587891,4.752999782562256,4.799749851226807,4.746315002441406,542600000,51.80350112915039,52.44599914550781,51.768001556396484,52.22850036621094,51.80037307739258,30866000
2017-12-08,42.622501373291016,42.75,42.20500183105469,42.342498779296875,39.627986907958984,93420800,4.850249767303467,4.869500160217285,4.778749942779541,4.78725004196167,4.733954429626465,466876000,52.59049987792969,52.82099914550781,52.292999267578125,52.46900177001953,52.03889846801758,31170000
2017-12-11,42.29999923706055,43.22249984741211,42.1974983215332,43.16749954223633,40.40009307861328,141095200,4.801499843597412,4.869500160217285,4.7855000495910645,4.866499900817871,4.812321186065674,372748000,52.55550003051758,52.79999923706055,52.20600128173828,52.5984992980957,52.16733932495117,23254000
2017-12-12,43.037498474121094,43.09749984741211,42.8650016784668,42.92499923706055,40.17315673828125,77636800,4.822500228881836,4.8460001945495605,4.747250080108643,4.770999908447266,4.717884540557861,455016000,52.5,53.125,52.243499755859375,52.438499450683594,52.008644104003906,33882000
2017-12-13,43.125,43.3849983215332,43.0,43.067501068115234,40.306514739990234,95273600,4.8125,4.81374979019165,4.646999835968018,4.6545000076293945,4.602682113647461,554280000,52.604000091552734,52.77399826049805,52.32899856567383,52.56949996948242,52.13857650756836,27680000
2017-12-14,43.099998474121094,43.282501220703125,42.912498474121094,43.05500030517578,40.29481887817383,81906000,4.6479997634887695,4.733500003814697,4.614999771118164,4.661749839782715,4.609850883483887,438164000,52.77450180053711,53.354000091552734,52.68000030517578,52.87350082397461,52.440086364746094,30962000
2017-12-15,43.407501220703125,43.54249954223633,43.1150016784668,43.49250030517578,40.704261779785156,160677200,4.706250190734863,4.809500217437744,4.640500068664551,4.789000034332275,4.735683917999268,670036000,53.18899917602539,53.76250076293945,53.00450134277344,53.599998474121094,53.160621643066406,63760000
2017-12-18,43.720001220703125,44.29999923706055,43.71500015258789,44.10499954223633,41.27750015258789,117684400,4.829999923706055,4.950500011444092,4.800000190734863,4.947500228881836,4.892420768737793,477704000,53.8224983215332,54.324501037597656,53.51850128173828,54.25450134277344,53.80976486206055,30292000
2017-12-19,43.75749969482422,43.84749984741211,43.522499084472656,43.6349983215332,40.8376350402832,109745600,4.938000202178955,4.9432501792907715,4.874000072479248,4.902750015258789,4.84816837310791,373100000,54.1510009765625,54.24850082397461,53.61349868774414,53.98899841308594,53.54643249511719,26350000
2017-12-20,43.717498779296875,43.85499954223633,43.3125,43.587501525878906,40.793174743652344,93902400,4.942500114440918,4.951749801635742,4.863749980926514,4.920000076293945,4.865226745605469,288820000,54.04600143432617,54.061500549316406,53.43000030517578,53.678001403808594,53.23798751831055,28728000
2017-12-21,43.54249954223633,44.005001068115234,43.525001525878906,43.752498626708984,40.94758605957031,83799600,4.923500061035156,4.948750019073486,4.888750076293945,4.897250175476074,4.842731475830078,300904000,53.769500732421875,53.875999450683594,53.45000076293945,53.54249954223633,53.10359573364258,25640000
2017-12-22,43.66999816894531,43.85499954223633,43.625,43.752498626708984,40.94758605957031,65397600,4.860000133514404,4.891250133514404,4.78125,4.881750106811523,4.827401638031006,466276000,53.5,53.58599853515625,53.38199996948242,53.44300079345703,53.004913330078125,17788000
2017-12-26,42.70000076293945,42.86750030517578,42.41999816894531,42.64250183105469,39.90875244140625,132742000,4.82574987411499,4.943749904632568,4.795499801635742,4.935999870300293,4.88104772567749,355080000,53.43199920654297,53.44300079345703,52.93199920654297,53.29249954223633,52.85565185546875,18376000
2017-12-27,42.525001525878906,42.69499969482422,42.4275016784668,42.650001525878906,39.91579055786133,85992800,4.922500133514404,4.9992499351501465,4.907750129699707,4.9292497634887695,4.874372959136963,329488000,53.33000183105469,53.41350173950195,52.91899871826172,53.0099983215332,52.57546615600586,22324000
2017-12-28,42.75,42.962501525878906,42.619998931884766,42.77000045776367,40.028099060058594,65920800,4.953249931335449,4.984499931335449,4.928750038146973,4.934999942779541,4.880059242248535,240248000,53.11249923706055,53.242000579833984,52.66899871826172,52.79750061035156,52.36471176147461,19884000
2017-12-29,42.630001068115234,42.647499084472656,42.30500030517578,42.307498931884766,39.595237731933594,103999600,4.96150016784668,4.96150016784668,4.837500095367432,4.837500095367432,4.783644199371338,279964000,52.77450180053711,52.90250015258789,52.6349983215332,52.66999816894531,52.23824691772461,23606000
2018-01-02,42.540000915527344,43.07500076293945,42.314998626708984,43.064998626708984,40.304168701171875,102223600,4.894499778747559,4.987500190734863,4.862500190734863,4.983749866485596,4.928267002105713,355616000,52.6510009765625,53.79899978637695,52.6510009765625,53.660499572753906,53.22062683105469,31766000
2018-01-03,43.13249969482422,43.63750076293945,42.9900016784668,43.057498931884766,40.297149658203125,118071600,5.102499961853027,5.34250020980835,5.09375,5.3117499351501465,5.252615928649902,914704000,53.69649887084961,54.80500030517578,53.67150115966797,54.57600021362305,54.12862777709961,31318000
2018-01-04,43.1349983215332,43.36750030517578,43.02000045776367,43.25749969482422,40.48434066772461,89738400,5.394000053405762,5.451250076293945,5.317249774932861,5.339749813079834,5.280303478240967,583268000,54.85449981689453,55.20399856567383,54.7130012512207,54.78799819946289,54.33888244628906,26052000
2018-01-05,43.36000061035156,43.842498779296875,43.26250076293945,43.75,40.94526672363281,94640000,5.354750156402588,5.422749996185303,5.2769999504089355,5.385000228881836,5.325048446655273,580124000,55.17250061035156,55.67900085449219,55.09000015258789,55.51449966430664,55.05943298339844,30250000
2018-01-08,43.587501525878906,43.90250015258789,43.48249816894531,43.587501525878906,40.793174743652344,82271200,5.510000228881836,5.625,5.4644999504089355,5.550000190734863,5.4882121086120605,881216000,55.54999923706055,55.95800018310547,55.5,55.71049880981445,55.25382614135742,24644000
2018-01-09,43.63750076293945,43.76499938964844,43.352500915527344,43.58250045776367,40.78848648071289,86336000,5.555500030517578,5.5954999923706055,5.466000080108643,5.548500061035156,5.486728668212891,497000000,55.922000885009766,55.922000885009766,55.40999984741211,55.63949966430664,55.183414459228516,26808000
2018-01-10,43.290000915527344,43.57500076293945,43.25,43.5724983215332,40.779136657714844,95839600,5.454999923706055,5.5954999923706055,5.400000095367432,5.5920000076293945,5.529744625091553,582664000,55.349998474121094,55.638999938964844,55.19900131225586,55.50699996948242,55.05199432373047,20734000
2018-01-11,43.647499084472656,43.872501373291016,43.622501373291016,43.81999969482422,41.010772705078125,74670800,5.625,5.656750202178955,5.580249786376953,5.6020002365112305,5.5396342277526855,406032000,55.615501403808594,55.74250030517578,55.32400131225586,55.602500915527344,55.1467170715332,22424000
2018-01-12,44.04499816894531,44.34000015258789,43.912498474121094,44.272499084472656,41.43426513671875,101672400,5.590000152587891,5.624750137329102,5.5335001945495605,5.57450008392334,5.512441158294678,359916000,55.505001068115234,56.564998626708984,55.4005012512207,56.532501220703125,56.069091796875,38586000
2018-01-16,44.474998474121094,44.84749984741211,44.03499984741211,44.04750061035156,41.223690032958984,118263600,5.601250171661377,5.687749862670898,5.417250156402588,5.502749919891357,5.441489219665527,702348000,57.015499114990234,57.444000244140625,56.33300018310547,56.53499984741211,56.07156753540039,36462000
2018-01-17,44.037498474121094,44.8125,43.76750183105469,44.775001525878906,41.9045524597168,137547200,5.517499923706055,5.627999782562256,5.422500133514404,5.618000030517578,5.555454254150391,538408000,56.81800079345703,56.965999603271484,56.17449951171875,56.95500183105469,56.488128662109375,27830000
2018-01-18,44.842498779296875,45.025001525878906,44.5625,44.814998626708984,41.94198226928711,124773600,5.598499774932861,5.665999889373779,5.566999912261963,5.611000061035156,5.548532962799072,408632000,56.967498779296875,57.02949905395508,56.222999572753906,56.798500061035156,56.33290481567383,27498000
2018-01-19,44.65250015258789,44.89500045776367,44.352500915527344,44.6150016784668,41.75481414794922,129700400,5.702250003814697,5.777249813079834,5.675000190734863,5.752749919891357,5.6887054443359375,609380000,56.9015007019043,57.18899917602539,56.625,57.17499923706055,56.70632553100586,30552000
2018-01-22,44.32500076293945,44.44499969482422,44.150001525878906,44.25,41.413204193115234,108434400,5.760749816894531,5.843999862670898,5.702499866485596,5.842249870300293,5.777209281921387,550944000,57.191001892089844,58.34400177001953,57.090999603271484,58.20800018310547,57.730857849121094,29550000
2018-01-23,44.32500076293945,44.86000061035156,44.20500183105469,44.2599983215332,41.42256546020508,130756400,5.896249771118164,5.9957499504089355,5.877500057220459,5.972750186920166,5.906256675720215,475228000,58.53099822998047,58.925498962402344,58.36249923706055,58.80849838256836,58.32643508911133,39138000
2018-01-24,44.3125,44.32500076293945,43.29999923706055,43.55500030517578,40.76277160644531,204420400,5.97599983215332,6.012249946594238,5.838749885559082,5.894999980926514,5.829372406005859,579972000,59.249000549316406,59.352500915527344,58.369998931884766,58.56449890136719,58.084434509277344,37128000
2018-01-25,43.627498626708984,43.73749923706055,42.63249969482422,42.77750015258789,40.03511428833008,166116000,5.949999809265137,5.993750095367432,5.893750190734863,5.908750057220459,5.842967987060547,409884000,59.035499572753906,59.25,58.59199905395508,59.106998443603516,58.62248611450195,29984000
2018-01-26,43.0,43.0,42.51499938964844,42.877498626708984,40.128692626953125,156572000,5.953000068664551,6.083499908447266,5.940000057220459,6.083250045776367,6.01552677154541,516356000,59.37649917602539,59.37799835205078,58.4015007019043,59.37799835205078,58.89126205444336,42170000
2018-01-29,42.540000915527344,42.540000915527344,41.76750183105469,41.9900016784668,39.29810333251953,202561600,6.06850004196167,6.202750205993652,6.015250205993652,6.171249866485596,6.102544784545898,455116000,59.400001525878906,59.900001525878906,59.202999114990234,59.32400131225586,58.837703704833984,31494000
2018-01-30,41.38249969482422,41.842498779296875,41.17499923706055,41.74250030517578,39.06645965576172,184192800,6.027750015258789,6.1605000495910645,5.960249900817871,6.067999839782715,6.0004448890686035,570832000,58.88600158691406,59.39649963378906,58.72549819946289,58.868499755859375,58.38594055175781,37338000
2018-01-31,41.717498779296875,42.11000061035156,41.625,41.85749816894531,39.1740837097168,129915600,6.14424991607666,6.231750011444092,6.111249923706055,6.144999980926514,6.076587677001953,478576000,59.19049835205078,59.316001892089844,58.60499954223633,59.111000061035156,58.62644958496094,36022000
2018-02-01,41.79249954223633,42.154998779296875,41.689998626708984,41.94499969482422,39.2559814453125,188923200,5.9629998207092285,6.172500133514404,5.951499938964844,6.012499809265137,5.945562839508057,519224000,58.79949951171875,59.372501373291016,58.46799850463867,59.079498291015625,58.595211029052734,73514000
2018-02-02,41.5,41.70000076293945,40.025001525878906,40.125,37.55265426635742,346375200,5.925000190734863,5.949250221252441,5.779250144958496,5.8379998207092285,5.773006916046143,718464000,56.37099838256836,56.564998626708984,55.55849838256836,55.959999084472656,55.501277923583984,117842000
2018-02-05,39.775001525878906,40.970001220703125,39.0,39.122501373291016,36.61442565917969,290954000,5.675000190734863,5.830749988555908,5.125,5.34250020980835,5.283022403717041,1165204000,55.03049850463867,55.7495002746582,52.83700180053711,53.11949920654297,52.68406295776367,83550000
2018-02-06,38.70750045776367,40.93000030517578,38.5,40.75749969482422,38.144596099853516,272975200,5.110000133514404,5.642499923706055,5.099999904632568,5.639500141143799,5.576717376708984,1114800000,51.69900131225586,54.36899948120117,51.5004997253418,54.221500396728516,53.777034759521484,76630000
2018-02-07,40.772499084472656,40.849998474121094,39.76750183105469,39.8849983215332,37.32802963256836,206434400,5.739500045776367,5.8742499351501465,5.667500019073486,5.71999979019165,5.656318664550781,802932000,54.24850082397461,54.326499938964844,52.73099899291992,52.77050018310547,52.33793258666992,51942000
2018-02-08,40.0724983215332,40.25,38.75749969482422,38.787498474121094,36.30091094970703,217562000,5.8470001220703125,5.880499839782715,5.437749862670898,5.438000202178955,5.3774590492248535,1144000000,52.993499755859375,53.19649887084961,50.23500061035156,50.385501861572266,49.97248077392578,66792000
2018-02-09,39.26750183105469,39.47249984741211,37.560001373291016,39.102500915527344,36.74491882324219,282690400,5.956250190734863,5.972249984741211,5.438000202178955,5.802000045776367,5.737406253814697,1674604000,51.29399871826172,52.58599853515625,49.849998474121094,52.313499450683594,51.884674072265625,98360000
2018-02-12,39.625,40.97249984741211,39.377498626708984,40.6775016784668,38.22495651245117,243278000,5.883999824523926,5.88700008392334,5.6257500648498535,5.70074987411499,5.6372857093811035,1093172000,52.833499908447266,53.278499603271484,52.27450180053711,52.72800064086914,52.2957763671875,56240000
2018-02-13,40.48749923706055,41.1875,40.412498474121094,41.084999084472656,38.607872009277344,130196800,5.664000034332275,5.862500190734863,5.631249904632568,5.8157501220703125,5.751003742218018,625524000,52.5,53.06100082397461,52.34600067138672,52.707000732421875,52.27495193481445,31586000
2018-02-14,40.7599983215332,41.8849983215332,40.720001220703125,41.842498779296875,39.3197021484375,162579600,5.775000095367432,6.0647501945495605,5.763750076293945,6.0355000495910645,5.9683074951171875,744988000,52.715999603271484,53.77349853515625,52.4900016784668,53.6349983215332,53.195343017578125,41304000
2018-02-15,42.4474983215332,43.272499084472656,42.25,43.247501373291016,40.64000701904297,204588800,6.119750022888184,6.209249973297119,6.038000106811523,6.162499904632568,6.093893527984619,698900000,54.17250061035156,54.70500183105469,53.36149978637695,54.56800079345703,54.12069320678711,37396000
2018-02-16,43.09000015258789,43.70500183105469,42.942501068115234,43.10749816894531,40.50843048095703,160704400,6.135000228881836,6.25,6.086750030517578,6.0960001945495605,6.028132438659668,637656000,54.66899871826172,55.41550064086914,54.57749938964844,54.775001525878906,54.32599639892578,39948000
2018-02-20,43.01250076293945,43.564998626708984,42.85499954223633,42.962501525878906,40.372188568115234,135722000,6.118750095367432,6.296750068664551,6.114999771118164,6.2270002365112305,6.1576762199401855,686240000,54.63800048828125,55.81449890136719,54.5,55.179500579833984,54.72718048095703,33754000
2018-02-21,43.20750045776367,43.529998779296875,42.752498626708984,42.76750183105469,40.188941955566406,149886400,6.292250156402588,6.29925012588501,6.033999919891357,6.037749767303467,5.970532417297363,892292000,55.45500183105469,56.810001373291016,55.3754997253418,55.6875,55.23101806640625,41486000
2018-02-22,42.95000076293945,43.48749923706055,42.9275016784668,43.125,40.52488708496094,123967600,6.0682501792907715,6.140749931335449,5.987500190734863,6.053750038146973,5.990074157714844,534364000,55.958499908447266,56.27299880981445,55.25749969482422,55.494998931884766,55.04008865356445,28010000
2018-02-23,43.41749954223633,43.912498474121094,43.3849983215332,43.875,41.229671478271484,135249600,6.114250183105469,6.148250102996826,6.063000202178955,6.148250102996826,6.083580017089844,415300000,55.93299865722656,56.45000076293945,55.422000885009766,56.40449905395508,55.942142486572266,25292000
2018-02-26,44.087501525878906,44.84749984741211,44.0525016784668,44.74250030517578,42.04486083984375,152648800,6.195000171661377,6.19950008392334,6.101500034332275,6.1645002365112305,6.099658966064453,469312000,56.59299850463867,57.209999084472656,56.46699905395508,57.185001373291016,56.716243743896484,30912000
2018-02-27,44.775001525878906,45.119998931884766,44.540000915527344,44.59749984741211,41.90860366821289,155712400,6.137499809265137,6.222750186920166,6.1282501220703125,6.151500225067139,6.086798191070557,455436000,57.185001373291016,57.212501525878906,55.839500427246094,55.8754997253418,55.417476654052734,42964000
2018-02-28,44.814998626708984,45.154998779296875,44.51250076293945,44.529998779296875,41.84516143798828,151128400,6.162499904632568,6.202499866485596,6.038249969482422,6.050000190734863,5.986363887786865,523116000,56.099998474121094,56.38249969482422,55.150001525878906,55.19599914550781,54.7435417175293,49292000
2018-03-01,44.6349983215332,44.94499969482422,43.165000915527344,43.75,41.112205505371094,195208000,6.047749996185303,6.102250099182129,5.703000068664551,5.80525016784668,5.744189262390137,1040120000,55.47700119018555,55.563499450683594,53.364498138427734,53.570499420166016,53.13136291503906,55338000
2018-03-02,43.20000076293945,44.07500076293945,43.11249923706055,44.0525016784668,41.39646530151367,153816000,5.696499824523926,5.920000076293945,5.546249866485596,5.91349983215332,5.851299285888672,913428000,52.89899826049805,54.34450149536133,52.50550079345703,54.207000732421875,53.762657165527344,50162000
2018-03-05,43.8025016784668,44.435001373291016,43.630001068115234,44.20500183105469,41.539772033691406,113605600,5.862750053405762,5.931250095367432,5.73799991607666,5.891250133514404,5.829283714294434,620776000,53.90650177001953,55.058998107910156,53.61349868774414,54.737998962402344,54.2892951965332,28648000
2018-03-06,44.477500915527344,44.5625,44.032501220703125,44.16749954223633,41.50453186035156,95154000,5.977499961853027,6.073500156402588,5.934000015258789,6.053999900817871,5.990322113037109,636808000,55.10499954223633,55.28150177001953,54.724998474121094,55.04499816894531,54.59377670288086,23382000
2018-03-07,43.73500061035156,43.962501525878906,43.567501068115234,43.75749969482422,41.11925506591797,126814000,5.949999809265137,6.098750114440918,5.948750019073486,6.046000003814697,5.982405662536621,581208000,54.64099884033203,55.810001373291016,54.49549865722656,55.75199890136719,55.294979095458984,30748000
2018-03-08,43.869998931884766,44.279998779296875,43.76750183105469,44.23500061035156,41.56795120239258,95096400,6.073750019073486,6.073750019073486,5.984749794006348,6.0295000076293945,5.9660797119140625,411912000,55.86000061035156,56.571998596191406,55.86000061035156,56.46900177001953,56.00611114501953,33862000
2018-03-09,44.4900016784668,45.0,44.34749984741211,44.994998931884766,42.282142639160156,128740800,6.077499866485596,6.146249771118164,6.06125020980835,6.1332502365112305,6.06873893737793,505524000,56.974998474121094,58.04999923706055,56.714500427246094,58.04199981689453,57.56621170043945,42662000
2018-03-12,45.0724983215332,45.59749984741211,45.0525016784668,45.43000030517578,42.6909294128418,128828400,6.175000190734863,6.324999809265137,6.166749954223633,6.24399995803833,6.1783246994018555,605060000,58.252498626708984,58.90800094604492,57.959999084472656,58.29650115966797,57.818634033203125,44306000
2018-03-13,45.647499084472656,45.875,44.810001373291016,44.99250030517578,42.27979278564453,126774000,6.28725004196167,6.362500190734863,6.151000022888184,6.192749977111816,6.1276140213012695,619772000,58.59149932861328,58.900001525878906,56.72850036621094,56.99549865722656,56.52829360961914,43140000
2018-03-14,45.08000183105469,45.130001068115234,44.45249938964844,44.61000061035156,41.920352935791016,117473600,6.236249923706055,6.263750076293945,6.1554999351501465,6.218500137329102,6.153092861175537,505496000,57.290000915527344,57.987998962402344,57.11750030517578,57.44449996948242,56.97361755371094,41870000
2018-03-15,44.625,45.060001373291016,44.51750183105469,44.662498474121094,41.969688415527344,90975200,6.232250213623047,6.315499782562256,6.190999984741211,6.233500003814697,6.167934417724609,401952000,57.47850036621094,58.125,56.78300094604492,57.53049850463867,57.05890655517578,33382000
2018-03-16,44.662498474121094,44.779998779296875,44.404998779296875,44.505001068115234,41.821685791015625,157618800,6.25,6.28125,6.211999893188477,6.26200008392334,6.196134090423584,399456000,57.76750183105469,57.84049987792969,56.56800079345703,56.72100067138672,56.25604248046875,58656000
2018-03-19,44.33000183105469,44.36750030517578,43.415000915527344,43.82500076293945,41.18268585205078,133787200,6.204500198364258,6.233749866485596,5.925000190734863,6.025000095367432,5.961624622344971,713772000,55.88800048828125,55.96849822998047,54.44599914550781,55.003501892089844,54.55262756347656,63656000
2018-03-20,43.810001373291016,44.20000076293945,43.73500061035156,43.810001373291016,41.168582916259766,78597600,6.0279998779296875,6.278749942779541,6.0279998779296875,6.239500045776367,6.17387056350708,554696000,54.91999816894531,55.27750015258789,54.12099838256836,54.790000915527344,54.34087371826172,54598000
2018-03-21,43.7599983215332,43.772499084472656,42.814998626708984,42.817501068115234,40.23593521118164,148219600,6.232999801635742,6.300000190734863,6.1832499504089355,6.214000225067139,6.148638725280762,438688000,54.628501892089844,55.435001373291016,54.36050033569336,54.70000076293945,54.251609802246094,44898000
2018-03-22,42.5,43.16999816894531,42.150001525878906,42.212501525878906,39.66740036010742,165963200,6.150000095367432,6.197000026702881,6.008500099182129,6.046249866485596,5.9826531410217285,551196000,54.0004997253418,54.19599914550781,52.481998443603516,52.657501220703125,52.22585678100586,69312000
2018-03-23,42.09749984741211,42.47999954223633,41.23500061035156,41.23500061035156,38.74883270263672,164115200,6.059999942779541,6.0625,5.813000202178955,5.824250221252441,5.762988567352295,735620000,52.56850051879883,53.3390007019043,51.243499755859375,51.32749938964844,50.90675735473633,49880000
2018-03-26,42.01750183105469,43.275001525878906,41.61000061035156,43.192501068115234,40.58830261230469,150164800,5.949999809265137,6.113249778747559,5.897500038146973,6.111999988555908,6.0477118492126465,611424000,52.529998779296875,52.9635009765625,50.52899932861328,52.704498291015625,52.272464752197266,65984000
2018-03-27,43.41999816894531,43.787498474121094,41.72999954223633,42.084999084472656,39.547584533691406,163690400,6.193749904632568,6.25,5.496250152587891,5.638000011444092,5.578698635101318,1409000000,53.19499969482422,53.22700119018555,49.88100051879883,50.34700012207031,49.934295654296875,60816000
2018-03-28,41.8125,42.505001068115234,41.29750061035156,41.619998931884766,39.110618591308594,166674000,5.603250026702881,5.734749794006348,5.425000190734863,5.533750057220459,5.47554349899292,945904000,50.09550094604492,51.2495002746582,49.20000076293945,50.25899887084961,49.84701156616211,77698000
2018-03-29,41.95249938964844,42.9375,41.724998474121094,41.94499969482422,39.41603088378906,153594000,5.602749824523926,5.887499809265137,5.517499923706055,5.789750099182129,5.728851795196533,916628000,50.56050109863281,52.40250015258789,50.20199966430664,51.856998443603516,51.43191909790039,69338000
2018-04-02,41.65999984741211,42.23500061035156,41.11750030517578,41.66999816894531,39.15760803222656,150347200,5.718500137329102,5.866250038146973,5.4375,5.526249885559082,5.468122959136963,922092000,51.38100051879883,51.97650146484375,49.712501525878906,50.631500244140625,50.21645736694336,65068000
2018-04-03,41.90999984741211,42.1875,41.220001220703125,42.09749984741211,39.559329986572266,121112000,5.695000171661377,5.758749961853027,5.533750057220459,5.633749961853027,5.57449197769165,667432000,50.807498931884766,51.25,49.86249923706055,50.933998107910156,50.5164794921875,51322000
2018-04-04,41.220001220703125,43.002498626708984,41.192501068115234,42.90250015258789,40.315792083740234,138422000,5.375249862670898,5.666500091552734,5.349999904632568,5.656000137329102,5.59650993347168,789168000,49.9114990234375,51.637001037597656,49.82550048828125,51.48550033569336,51.0634651184082,50724000
2018-04-05,43.14500045776367,43.557498931884766,43.02000045776367,43.20000076293945,40.595367431640625,107732800,5.715000152587891,5.728250026702881,5.462250232696533,5.5345001220703125,5.476286888122559,701240000,52.31949996948242,52.33549880981445,51.20000076293945,51.63199996948242,51.20875930786133,35836000
2018-04-06,42.74250030517578,43.119998931884766,42.04999923706055,42.095001220703125,39.5569953918457,140021200,5.430749893188477,5.539999961853027,5.326749801635742,5.356249809265137,5.2999091148376465,662988000,51.154998779296875,51.79999923706055,50.3125,50.497501373291016,50.083560943603516,40134000
2018-04-09,42.470001220703125,43.272499084472656,42.462501525878906,42.51250076293945,39.949310302734375,116070800,5.420000076293945,5.54925012588501,5.364999771118164,5.385250091552734,5.328604698181152,499524000,51.00199890136719,52.22949981689453,50.959999084472656,51.00450134277344,50.586402893066406,33220000
2018-04-10,43.25,43.5,42.88249969482422,43.3125,40.70106887817383,113634400,5.618000030517578,5.724999904632568,5.5602498054504395,5.697750091552734,5.637819290161133,761676000,51.51300048828125,52.06050109863281,50.77050018310547,51.82500076293945,51.400177001953125,36620000
2018-04-11,43.057498931884766,43.47999954223633,42.92499923706055,43.11000061035156,40.51079177856445,89726400,5.682750225067139,5.7245001792907715,5.623000144958496,5.656000137329102,5.59650993347168,460244000,51.599998474121094,51.79349899291992,50.959999084472656,51.25299835205078,50.83287048339844,34060000
2018-04-12,43.352500915527344,43.75,43.2599983215332,43.53499984741211,40.91016387939453,91557200,5.75,5.882999897003174,5.705249786376953,5.864999771118164,5.803309440612793,593920000,51.57350158691406,52.23249816894531,51.3025016784668,51.864498138427734,51.43935012817383,32896000
2018-04-13,43.69499969482422,43.959999084472656,43.462501525878906,43.682498931884766,41.04875564575195,100497200,5.9292497634887695,5.937749862670898,5.738749980926514,5.787499904632568,5.726624965667725,503036000,52.34450149536133,52.64899826049805,51.50749969482422,51.801998138427734,51.37736511230469,25410000
2018-04-16,43.75749969482422,44.04750061035156,43.70750045776367,43.95500183105469,41.30484390258789,86313600,5.794250011444092,5.821000099182129,5.691999912261963,5.78725004196167,5.726376533508301,350792000,52.27750015258789,52.57149887084961,51.69599914550781,52.30500030517578,51.87624740600586,29776000
2018-04-17,44.122501373291016,44.73500061035156,44.102500915527344,44.560001373291016,41.87336730957031,106421600,5.840000152587891,5.960000038146973,5.783750057220459,5.938499927520752,5.876037120819092,447224000,53.060001373291016,54.25,52.85449981689453,53.96799850463867,53.525611877441406,54584000
2018-04-18,44.45249938964844,44.70500183105469,44.220001220703125,44.459999084472656,41.779396057128906,83018000,5.887499809265137,5.981249809265137,5.819250106811523,5.909249782562256,5.847093105316162,391364000,53.95050048828125,54.099998474121094,53.5260009765625,53.769500732421875,53.328739166259766,31126000
2018-04-19,43.439998626708984,43.84749984741211,43.165000915527344,43.20000076293945,40.595367431640625,139235200,5.793749809265137,5.827499866485596,5.670000076293945,5.72599983215332,5.665772914886475,471996000,53.45100021362305,54.8754997253418,53.45100021362305,54.47249984741211,54.02597427368164,39884000
2018-04-20,42.650001525878906,42.80500030517578,41.35749816894531,41.43000030517578,38.93208312988281,261964400,5.717249870300293,5.802499771118164,5.68625020980835,5.717750072479248,5.657608985900879,386200000,54.2135009765625,54.73749923706055,53.60499954223633,53.86600112915039,53.42444610595703,42434000
2018-04-23,41.70750045776367,41.72999954223633,41.022499084472656,41.310001373291016,38.81932067871094,146062000,5.735750198364258,5.787499904632568,5.5707502365112305,5.5970001220703125,5.5381293296813965,427508000,54.14899826049805,54.400001525878906,53.33399963378906,53.69049835205078,53.25038146972656,69590000
2018-04-24,41.41749954223633,41.58250045776367,40.30500030517578,40.73500061035156,38.27898025512695,134768000,5.623000144958496,5.71999979019165,5.464000225067139,5.53000020980835,5.471833229064941,414596000,52.959999084472656,53.2244987487793,50.643001556396484,51.13199996948242,50.712860107421875,128220000
2018-04-25,40.654998779296875,41.35499954223633,40.602500915527344,40.912498474121094,38.44577407836914,113528400,5.5,5.5395002365112305,5.257500171661377,5.416500091552734,5.359526634216309,588492000,51.48749923706055,51.80350112915039,50.85049819946289,51.14950180053711,50.730220794677734,57860000
2018-04-26,41.029998779296875,41.432498931884766,40.842498779296875,41.05500030517578,38.579681396484375,111852000,5.579999923706055,5.638750076293945,5.51324987411499,5.630499839782715,5.57127571105957,375824000,51.6609992980957,52.60100173950195,51.022499084472656,52.16550064086914,51.737884521484375,50926000
2018-04-27,41.0,41.08250045776367,40.157501220703125,40.58000183105469,38.13331985473633,142623200,5.737500190734863,5.757500171661377,5.615499973297119,5.658249855041504,5.598733425140381,400848000,52.277000427246094,52.584999084472656,51.37950134277344,51.5724983215332,51.14974594116211,40746000
2018-04-30,40.532501220703125,41.814998626708984,40.459999084472656,41.314998626708984,38.824005126953125,169709600,5.674749851226807,5.724999904632568,5.603000164031982,5.622499942779541,5.563361644744873,327844000,51.72100067138672,51.91849899291992,50.915000915527344,50.92900085449219,50.51152420043945,34492000
2018-05-01,41.602500915527344,42.29999923706055,41.317501068115234,42.275001525878906,39.72612762451172,214277600,5.614250183105469,5.681250095367432,5.554999828338623,5.678500175476074,5.618772506713867,253788000,50.814998626708984,52.08649826049805,50.53049850463867,52.037498474121094,51.61093521118164,35326000
2018-05-02,43.807498931884766,44.4375,43.45000076293945,44.14250183105469,41.48103713989258,266157600,5.675000190734863,5.71999979019165,5.631249904632568,5.657750129699707,5.598240852355957,268248000,51.70000076293945,52.19900131225586,51.15800094604492,51.3025016784668,50.8819580078125,34698000
2018-05-03,43.970001220703125,44.375,43.61000061035156,44.22249984741211,41.55621337890625,136272800,5.690000057220459,5.851250171661377,5.64424991607666,5.824749946594238,5.76348352432251,443144000,51.26850128173828,51.53450012207031,50.394500732421875,51.314998626708984,50.894351959228516,39282000
2018-05-04,44.5625,46.0625,44.54249954223633,45.95750045776367,43.186614990234375,224805200,5.795750141143799,5.979750156402588,5.778250217437744,5.976500034332275,5.913637161254883,400660000,50.980499267578125,52.59400177001953,50.90250015258789,52.54999923706055,52.11923599243164,36892000
2018-05-07,46.29499816894531,46.91749954223633,46.1875,46.290000915527344,43.499061584472656,169805600,6.082250118255615,6.274750232696533,6.072249889373779,6.2170000076293945,6.151607513427734,687616000,52.69449996948242,53.25,52.51350021362305,52.972999572753906,52.53877258300781,34400000
2018-05-08,46.247501373291016,46.55500030517578,45.91749954223633,46.51250076293945,43.7081413269043,113611200,6.217249870300293,6.262750148773193,6.167749881744385,6.260000228881836,6.194154739379883,506616000,53.23099899291992,53.26150131225586,52.582000732421875,52.929500579833984,52.49562454223633,26030000
2018-05-09,46.63750076293945,46.849998474121094,46.30500030517578,46.84000015258789,44.015907287597656,92844800,6.280250072479248,6.396749973297119,6.252749919891357,6.394499778747559,6.327239513397217,596760000,53.20500183105469,54.70000076293945,53.105499267578125,54.4474983215332,54.00117874145508,47160000
2018-05-10,46.935001373291016,47.592498779296875,46.912498474121094,47.5099983215332,44.6454963684082,111957200,6.447999954223633,6.512499809265137,6.429999828338623,6.5032501220703125,6.4348464012146,994080000,54.75,55.47050094604492,54.694000244140625,55.27349853515625,54.82040786743164,36414000
2018-05-11,47.372501373291016,47.51499938964844,46.86249923706055,47.147499084472656,44.4756965637207,104848800,6.319499969482422,6.494750022888184,6.263500213623047,6.363249778747559,6.296318531036377,1214456000,55.02050018310547,55.45050048828125,54.861000061035156,55.16899871826172,54.71676254272461,30504000
2018-05-14,47.252498626708984,47.38249969482422,46.96500015258789,47.037498474121094,44.37193298339844,83115200,6.401750087738037,6.462250232696533,6.360000133514404,6.383999824523926,6.3168511390686035,523140000,55.278499603271484,55.907501220703125,55.2400016784668,55.33000183105469,54.87644577026367,39338000
2018-05-15,46.69499969482422,46.76750183105469,46.275001525878906,46.61000061035156,43.96866226196289,94780800,6.31974983215332,6.322500228881836,6.037499904632568,6.138999938964844,6.074429035186768,963528000,54.845001220703125,54.95600128173828,53.93899917602539,54.243499755859375,53.798851013183594,35738000
2018-05-16,46.51750183105469,47.1150016784668,46.5,47.04499816894531,44.379005432128906,76732400,6.099999904632568,6.2129998207092285,6.062749862670898,6.15024995803833,6.085559368133545,553828000,54.25450134277344,54.71900177001953,54.08150100708008,54.204498291015625,53.760169982910156,25628000
2018-05-17,47.0,47.227500915527344,46.59000015258789,46.747501373291016,44.09837341308594,69176000,6.1519999504089355,6.287499904632568,6.135749816894531,6.192749977111816,6.1276140213012695,519784000,54.073001861572266,54.54999923706055,53.82099914550781,54.0629997253418,53.619834899902344,25738000
2018-05-18,46.79750061035156,46.95249938964844,46.532501220703125,46.57749938964844,43.937992095947266,73190800,6.245250225067139,6.3092498779296875,6.143499851226807,6.148499965667725,6.083827495574951,483716000,53.29999923706055,53.686500549316406,53.23400115966797,53.481998443603516,53.04359436035156,35482000
2018-05-21,47.0,47.317501068115234,46.727500915527344,46.907501220703125,44.24930953979492,73603200,6.247000217437744,6.2507500648498535,6.012249946594238,6.105999946594238,6.041774272918701,640624000,53.95000076293945,54.665000915527344,53.900001525878906,54.20050048828125,53.75620651245117,25180000
2018-05-22,47.095001220703125,47.220001220703125,46.69499969482422,46.790000915527344,44.13846206665039,60962800,6.119500160217285,6.144999980926514,6.006249904632568,6.067500114440918,6.00368070602417,518264000,54.4900016784668,54.59000015258789,53.612998962402344,53.765499114990234,53.324771881103516,22226000
2018-05-23,46.587501525878906,47.125,46.439998626708984,47.09000015258789,44.42145919799805,80233600,6.006999969482422,6.1897501945495605,6.006249904632568,6.188499927520752,6.127193927764893,442956000,53.5,54.400001525878906,53.347999572753906,54.29800033569336,53.852909088134766,23740000
2018-05-24,47.192501068115234,47.209999084472656,46.5525016784668,47.037498474121094,44.37193298339844,92936000,6.184750080108643,6.235000133514404,6.13100004196167,6.192249774932861,6.130906581878662,437372000,54.345001220703125,54.35599899291992,53.6150016784668,54.272499084472656,53.82761764526367,20604000
2018-05-25,47.057498931884766,47.412498474121094,46.912498474121094,47.14500045776367,44.47334671020508,69844000,6.204999923706055,6.248499870300293,6.169000148773193,6.23199987411499,6.170263767242432,292112000,54.32749938964844,54.47850036621094,54.130001068115234,54.20399856567383,53.759681701660156,22224000
2018-05-29,46.900001525878906,47.1875,46.717498779296875,46.974998474121094,44.3129768371582,90056400,6.213749885559082,6.2835001945495605,6.167500019073486,6.214749813079834,6.153185844421387,352684000,53.79999923706055,54.06700134277344,53.15399932861328,53.403499603271484,52.965736389160156,36076000
2018-05-30,46.93000030517578,47.0,46.69499969482422,46.875,44.21864700317383,74762000,6.24875020980835,6.333499908447266,6.223750114440918,6.324749946594238,6.262094020843506,390996000,53.67399978637695,53.949501037597656,53.32749938964844,53.87350082397461,53.431888580322266,28686000
2018-05-31,46.80500030517578,47.057498931884766,46.53499984741211,46.717498779296875,44.070068359375,109931200,6.292500019073486,6.380000114440918,6.281750202178955,6.304749965667725,6.242293357849121,493868000,54.099998474121094,55.5,53.900001525878906,55.0,54.54915237426758,79368000
2018-06-01,46.997501373291016,47.564998626708984,46.9375,47.560001373291016,44.86482620239258,93770000,6.349999904632568,6.446750164031982,6.341249942779541,6.440499782562256,6.3766984939575195,421968000,55.64350128173828,56.90800094604492,55.60049819946289,56.75,56.284812927246094,63202000
2018-06-04,47.90999984741211,48.35499954223633,47.837501525878906,47.95750045776367,45.23979949951172,105064800,6.474999904632568,6.643499851226807,6.442500114440918,6.621250152587891,6.555657863616943,642024000,56.92499923706055,57.893001556396484,56.849998474121094,57.652000427246094,57.17940902709961,44754000
2018-06-05,48.26750183105469,48.48500061035156,48.09000015258789,48.32749938964844,45.588836669921875,86264000,6.624499797821045,6.664750099182129,6.579249858856201,6.6267499923706055,6.561102867126465,391712000,57.733001708984375,58.05500030517578,57.37300109863281,57.55099868774414,57.07924270629883,32964000
2018-06-06,48.407501220703125,48.52000045776367,47.97999954223633,48.494998931884766,45.74684143066406,83734400,6.535749912261963,6.631999969482422,6.51924991607666,6.628749847412109,6.563083648681641,371356000,57.63850021362305,57.73550033569336,56.816001892089844,57.34749984741211,56.87740707397461,34934000
2018-06-07,48.53499984741211,48.54999923706055,48.084999084472656,48.3650016784668,45.62420654296875,85388800,6.625,6.63700008392334,6.481249809265137,6.572500228881836,6.507388591766357,369448000,57.229000091552734,57.29349899291992,56.305999755859375,56.72100067138672,56.25604248046875,36108000
2018-06-08,47.79249954223633,48.0,47.442501068115234,47.92499923706055,45.20913314819336,106627200,6.499000072479248,6.599999904632568,6.480000019073486,6.557000160217285,6.492043972015381,360456000,56.56050109863281,56.93899917602539,56.1614990234375,56.635501861572266,56.17124557495117,27284000
2018-06-11,47.837501525878906,47.99250030517578,47.5525016784668,47.807498931884766,45.09829330444336,73234000,6.544250011444092,6.586249828338623,6.502500057220459,6.515500068664551,6.450954437255859,265372000,56.64699935913086,57.387001037597656,56.56999969482422,57.04499816894531,56.577392578125,24796000
2018-06-12,47.84749984741211,48.15250015258789,47.787498474121094,48.06999969482422,45.34592056274414,67644400,6.542250156402588,6.576749801635742,6.491499900817871,6.564499855041504,6.499468803405762,319160000,57.05099868774414,57.4375,57.05099868774414,57.40950012207031,56.93890380859375,26092000
2018-06-13,48.10499954223633,48.220001220703125,47.61000061035156,47.67499923706055,44.97331237792969,86553600,6.565999984741211,6.641749858856201,6.550749778747559,6.559999942779541,6.49501371383667,338208000,57.61399841308594,57.78200149536133,57.16899871826172,57.21149826049805,56.74251937866211,34302000
2018-06-14,47.88750076293945,47.89250183105469,47.55500030517578,47.70000076293945,44.99688720703125,86440400,6.605500221252441,6.730000019073486,6.5904998779296875,6.672749996185303,6.606646537780762,430016000,57.61050033569336,58.29949951171875,57.529998779296875,58.00550079345703,57.5300178527832,35422000
2018-06-15,47.50749969482422,47.540000915527344,47.064998626708984,47.209999084472656,44.534664154052734,246876800,6.614999771118164,6.686999797821045,6.583749771118164,6.631499767303467,6.565805435180664,432260000,57.99599838256836,58.195499420166016,57.68450164794922,57.9635009765625,57.48836135864258,44438000
2018-06-18,46.970001220703125,47.30500030517578,46.79999923706055,47.185001373291016,44.51107406616211,73939600,6.586999893188477,6.644999980926514,6.559500217437744,6.6272501945495605,6.561598300933838,356268000,57.634498596191406,59.20650100708008,57.54999923706055,59.17900085449219,58.69390106201172,33038000
2018-06-19,46.28499984741211,46.58250045776367,45.86249923706055,46.42250061035156,43.79178237915039,134314000,6.5229997634887695,6.591000080108643,6.375500202178955,6.5042500495910645,6.439815044403076,594932000,58.50550079345703,59.140499114990234,58.080501556396484,58.93450164794922,58.45139694213867,47282000
2018-06-20,46.587501525878906,46.79999923706055,46.432498931884766,46.625,43.98280715942383,82514800,6.545750141143799,6.611249923706055,6.506999969482422,6.557750225067139,6.492786407470703,369780000,59.165000915527344,60.074501037597656,59.10150146484375,59.20349884033203,58.71819305419922,51686000
2018-06-21,46.8125,47.087501525878906,46.23500061035156,46.3650016784668,43.7375373840332,102847600,6.590000152587891,6.608500003814697,6.420000076293945,6.427750110626221,6.364072799682617,359516000,59.2755012512207,59.51649856567383,58.17399978637695,58.47200012207031,57.99269104003906,44966000
2018-06-22,46.529998779296875,46.537498474121094,46.17499923706055,46.22999954223633,43.61018371582031,108801600,6.448750019073486,6.462250232696533,6.2582502365112305,6.273749828338623,6.211600303649902,434160000,58.574501037597656,58.75,57.98249816894531,58.464500427246094,57.98525619506836,34220000
2018-06-25,45.849998474121094,46.22999954223633,45.182498931884766,45.54249954223633,42.96165084838867,126652400,6.166250228881836,6.170000076293945,5.888500213623047,5.978000164031982,5.918778419494629,665816000,57.75,57.79949951171875,55.994998931884766,56.9640007019043,56.497047424316406,57682000
2018-06-26,45.747501373291016,46.63249969482422,45.6349983215332,46.10749816894531,43.49464416503906,98276800,6.09250020980835,6.141250133514404,5.9977498054504395,6.049749851226807,5.989819049835205,478884000,57.207000732421875,57.34349822998047,56.45000076293945,56.63100051879883,56.16677474975586,34688000
2018-06-27,46.307498931884766,46.81999969482422,46.00749969482422,46.040000915527344,43.430973052978516,101141200,6.09375,6.160749912261963,5.887499809265137,5.89300012588501,5.834621906280518,453892000,56.79999923706055,57.31050109863281,55.834999084472656,55.84700012207031,55.38920593261719,34538000
2018-06-28,46.025001525878906,46.5525016784668,45.95000076293945,46.375,43.746978759765625,69460800,5.882999897003174,6.0335001945495605,5.875249862670898,6.021500110626221,5.961848258972168,338012000,55.61949920654297,56.70000076293945,55.30350112915039,56.3390007019043,55.877174377441406,29726000
2018-06-29,46.5724983215332,46.79750061035156,45.727500915527344,46.27750015258789,43.65500259399414,90950800,6.087250232696533,6.099999904632568,5.921249866485596,5.922500133514404,5.863830089569092,392300000,56.615501403808594,57.06800079345703,56.35100173950195,56.45949935913086,55.996681213378906,31562000
2018-07-02,45.95500183105469,46.82500076293945,45.85499954223633,46.79499816894531,44.14318084716797,70925200,5.852250099182129,6.059750080108643,5.831500053405762,6.056000232696533,5.996007919311523,357572000,55.76750183105469,57.14950180053711,55.33000183105469,57.105499267578125,56.637393951416016,23216000
2018-07-03,46.9474983215332,46.98749923706055,45.8849983215332,45.97999954223633,43.37436294555664,55819200,6.091000080108643,6.0970001220703125,5.912499904632568,5.921000003814697,5.862344741821289,222732000,57.47100067138672,57.49549865722656,55.721500396728516,55.81399917602539,55.35647964477539,16448000
2018-07-05,46.314998626708984,46.602500915527344,46.06999969482422,46.349998474121094,43.723388671875,66416800,5.976749897003174,6.073249816894531,5.9375,6.0682501792907715,6.008134841918945,306216000,56.22999954223633,57.207000732421875,56.15599822998047,57.06449890136719,56.59672546386719,28594000
2018-07-06,46.35499954223633,47.10749816894531,46.29999923706055,46.99250030517578,44.32948684692383,69940800,6.043499946594238,6.1917500495910645,6.021999835968018,6.1832499504089355,6.121995449066162,296352000,57.0885009765625,57.810001373291016,56.86199951171875,57.75400161743164,57.28057861328125,21820000
2018-07-09,47.375,47.66999816894531,47.32500076293945,47.64500045776367,44.945011138916016,79026400,6.2582502365112305,6.26800012588501,6.151750087738037,6.231249809265137,6.169521331787109,303880000,58.0,58.39649963378906,57.86149978637695,58.36399841308594,57.88557434082031,21584000
2018-07-10,47.6775016784668,47.81999969482422,47.54499816894531,47.587501525878906,44.8907585144043,63756400,6.243750095367432,6.353499889373779,6.203000068664551,6.331250190734863,6.268530368804932,360016000,58.4995002746582,58.67499923706055,58.12799835205078,58.356998443603516,57.87863540649414,21334000
2018-07-11,47.125,47.44499969482422,46.90250015258789,46.970001220703125,44.30826187133789,75326000,6.237500190734863,6.272500038146973,6.177499771118164,6.1882500648498535,6.126945495605469,367508000,57.78099822998047,59.02199935913086,57.76850128173828,58.573001861572266,58.09286880493164,33252000
2018-07-12,47.38249969482422,47.852500915527344,47.32749938964844,47.75749969482422,45.05113220214844,72164400,6.234000205993652,6.329249858856201,6.223999977111816,6.280749797821045,6.2185282707214355,345508000,58.74300003051758,60.0994987487793,58.654998779296875,60.0629997253418,59.570648193359375,44148000
2018-07-13,47.77000045776367,47.959999084472656,47.724998474121094,47.83250045776367,45.12187576293945,50055600,6.299499988555908,6.299499988555908,6.190499782562256,6.232999801635742,6.171252727508545,246988000,60.13999938964844,60.52199935913086,59.76449966430664,60.22100067138672,59.727352142333984,32612000
2018-07-16,47.880001068115234,48.162498474121094,47.60499954223633,47.727500915527344,45.022823333740234,60172400,6.204999923706055,6.258500099182129,6.192500114440918,6.204999923706055,6.143529891967773,197036000,60.19049835205078,60.43550109863281,59.66999816894531,59.82550048828125,59.33509826660156,26784000
2018-07-17,47.4375,47.967498779296875,47.29999923706055,47.86249923706055,45.15017318725586,62138000,6.155250072479248,6.357500076293945,6.129499912261963,6.342249870300293,6.279420375823975,362136000,59.137001037597656,60.9379997253418,59.099998474121094,60.65399932861328,60.15680694580078,40162000
2018-07-18,47.94499969482422,47.95000076293945,47.48249816894531,47.599998474121094,44.902565002441406,65573600,6.334750175476074,6.348750114440918,6.241000175476074,6.292500019073486,6.230164051055908,277640000,60.42649841308594,61.079498291015625,60.22800064086914,60.64550018310547,60.14836883544922,38948000
2018-07-19,47.42250061035156,48.13750076293945,47.42250061035156,47.970001220703125,45.2515869140625,81147200,6.273499965667725,6.334750175476074,6.2582502365112305,6.300749778747559,6.238331317901611,235752000,60.33250045776367,60.82400131225586,59.88650131225586,59.95500183105469,59.46353530883789,38338000
2018-07-20,47.94499969482422,48.10749816894531,47.54249954223633,47.86000061035156,45.147830963134766,82704800,6.298250198364258,6.337500095367432,6.261250019073486,6.272250175476074,6.210113525390625,222352000,59.96200180053711,60.53850173950195,59.829498291015625,59.89400100708008,59.40303039550781,37938000
2018-07-23,47.66999816894531,47.9900016784668,47.38999938964844,47.90250015258789,45.18791580200195,63957600,6.245500087738037,6.247250080108643,6.081999778747559,6.235249996185303,6.173480987548828,301584000,59.78300094604492,60.755001068115234,59.60049819946289,60.54999923706055,60.05366134643555,65446000
2018-07-24,48.11249923706055,48.415000915527344,48.01250076293945,48.25,45.51572036743164,74791600,6.283750057220459,6.371250152587891,6.199999809265137,6.217750072479248,6.156152248382568,354620000,63.54999923706055,63.75,62.207000732421875,62.907501220703125,62.3918342590332,107600000
2018-07-25,48.26499938964844,48.712501525878906,48.10749816894531,48.70500183105469,45.94493865966797,66839600,6.227250099182129,6.309500217437744,6.168749809265137,6.296750068664551,6.234371662139893,319112000,62.63100051879883,63.9119987487793,62.45249938964844,63.797000885009766,63.274044036865234,51104000
2018-07-26,48.65250015258789,48.9900016784668,48.40250015258789,48.5525016784668,45.80108642578125,76304000,6.276500225067139,6.408249855041504,6.259500026702881,6.370999813079834,6.307885646820068,325124000,63.35900115966797,64.37000274658203,63.150001525878906,64.2750015258789,63.74812316894531,54686000
2018-07-27,48.747501373291016,48.79750061035156,47.525001525878906,47.744998931884766,45.03934860229492,96096000,6.4079999923706055,6.414999961853027,6.245999813079834,6.30049991607666,6.238084316253662,295420000,64.45600128173828,64.5719985961914,62.2244987487793,62.644500732421875,62.130985260009766,48362000
2018-07-30,47.974998474121094,48.04999923706055,47.26750183105469,47.477500915527344,44.7869987487793,84118000,6.3147501945495605,6.3207502365112305,6.067999839782715,6.103250026702881,6.042787075042725,340340000,62.252498626708984,62.644500732421875,61.208499908447266,61.50199890136719,60.99785232543945,43896000
2018-07-31,47.57500076293945,48.03499984741211,47.334999084472656,47.5724983215332,44.87661361694336,157492000,6.092750072479248,6.197000026702881,6.053500175476074,6.121500015258789,6.060858249664307,283988000,61.58549880981445,62.06050109863281,60.80950164794922,61.361000061035156,60.85801315307617,39382000
2018-08-01,49.782501220703125,50.439998626708984,49.32749938964844,50.375,47.520301818847656,271742800,6.153250217437744,6.209000110626221,6.097249984741211,6.161749839782715,6.100707530975342,283556000,61.955501556396484,62.29499816894531,61.24700164794922,61.64950180053711,61.14414978027344,36994000
2018-08-02,50.14500045776367,52.095001220703125,50.087501525878906,51.84749984741211,48.90935516357422,249616000,6.089749813079834,6.269499778747559,6.030250072479248,6.265500068664551,6.203432083129883,269668000,60.92499923706055,62.22050094604492,60.90299987792969,62.05649948120117,61.54780578613281,34704000
2018-08-03,51.75749969482422,52.185001373291016,51.369998931884766,51.997501373291016,49.05085754394531,133789600,6.290249824523926,6.326499938964844,6.273250102996826,6.302499771118164,6.240066051483154,214288000,62.25899887084961,62.32600021362305,61.47100067138672,61.90800094604492,61.40052795410156,21264000
2018-08-06,52.0,52.3125,51.76750183105469,52.26750183105469,49.305564880371094,101701600,6.289750099182129,6.354249954223633,6.24275016784668,6.350749969482422,6.287835597991943,207508000,62.080501556396484,62.12300109863281,61.5265007019043,61.88349914550781,61.376224517822266,22114000
2018-08-07,52.33000183105469,52.375,51.689998626708984,51.77750015258789,48.843326568603516,102349600,6.400000095367432,6.442500114440918,6.373000144958496,6.423749923706055,6.360114574432373,258132000,62.60049819946289,63.30400085449219,62.59000015258789,62.79199981689453,62.277278900146484,42506000
2018-08-08,51.51250076293945,51.95249938964844,51.130001068115234,51.8125,48.876338958740234,90102000,6.425000190734863,6.50600004196167,6.389750003814697,6.4604997634887695,6.396498203277588,262100000,62.83599853515625,63.58599853515625,62.60599899291992,63.06650161743164,62.54952621459961,34344000
2018-08-09,52.38249969482422,52.44499969482422,51.79999923706055,52.220001220703125,49.26074981689453,93970400,6.478499889373779,6.481249809265137,6.403749942779541,6.411499977111816,6.347984790802002,204280000,63.13650131225586,63.597999572753906,63.005001068115234,63.222999572753906,62.70474624633789,27326000
2018-08-10,51.84000015258789,52.275001525878906,51.66749954223633,51.88249969482422,49.114017486572266,98444800,6.328750133514404,6.402500152587891,6.317500114440918,6.369750022888184,6.306648254394531,256396000,62.95899963378906,63.060001373291016,62.358001708984375,62.6254997253418,62.11214065551758,26602000
2018-08-13,52.32749938964844,52.73749923706055,51.92499923706055,52.217498779296875,49.43114471435547,103563600,6.378499984741211,6.525000095367432,6.3767499923706055,6.4029998779296875,6.339569091796875,375208000,62.560001373291016,63.298500061035156,62.35150146484375,62.43199920654297,61.92022705078125,27500000
2018-08-14,52.540000915527344,52.63999938964844,52.064998626708984,52.4375,49.63939666748047,82992000,6.509500026702881,6.550000190734863,6.42549991607666,6.535749912261963,6.471004009246826,466220000,62.625,63.02949905395508,61.97700119018555,62.90700149536133,62.39133834838867,28080000
2018-08-15,52.30500030517578,52.685001373291016,52.08250045776367,52.560001373291016,49.75537109375,115230400,6.5567498207092285,6.591000080108643,6.397500038146973,6.4770002365112305,6.412836074829102,591136000,62.2140007019043,62.5989990234375,61.3120002746582,61.611000061035156,61.10595703125,37052000
2018-08-16,52.9375,53.45249938964844,52.86750030517578,53.33000183105469,50.484283447265625,114001600,6.547500133514404,6.550000190734863,6.375249862670898,6.435999870300293,6.372241973876953,801260000,62.0994987487793,62.185001373291016,60.98149871826172,61.202999114990234,60.7013053894043,32176000
2018-08-17,53.36000061035156,54.48749923706055,53.290000915527344,54.39500045776367,51.49243927001953,141708000,6.323500156402588,6.324250221252441,6.093249797821045,6.120500087738037,6.059868812561035,1143188000,61.10200119018555,61.34749984741211,60.20000076293945,60.79249954223633,60.29417037963867,33092000
2018-08-20,54.525001525878906,54.79499816894531,53.77750015258789,53.8650016784668,50.99072265625,121150800,6.079500198364258,6.329999923706055,5.9679999351501465,6.196000099182129,6.134619235992432,854388000,61.03300094604492,61.295501708984375,60.435001373291016,61.09749984741211,60.59667205810547,22218000
2018-08-21,54.20000076293945,54.29750061035156,53.50749969482422,53.7599983215332,50.89134216308594,104639200,6.212500095367432,6.337500095367432,6.192500114440918,6.333000183105469,6.270262718200684,673988000,61.1510009765625,61.63800048828125,60.75149917602539,60.87049865722656,60.371524810791016,23082000
2018-08-22,53.525001525878906,54.09000015258789,53.459999084472656,53.76250076293945,50.89370346069336,76072400,6.300000190734863,6.575500011444092,6.296500205993652,6.570499897003174,6.505410194396973,749856000,60.71099853515625,61.326499938964844,60.6609992980957,61.087501525878906,60.586753845214844,22296000
2018-08-23,53.662498474121094,54.26250076293945,53.650001525878906,53.872501373291016,50.997825622558594,75532800,6.531499862670898,6.736999988555908,6.517499923706055,6.671000003814697,6.604914665222168,720684000,60.99399948120117,61.75849914550781,60.967498779296875,61.05799865722656,60.55748748779297,24666000
2018-08-24,54.150001525878906,54.224998474121094,53.77750015258789,54.040000915527344,51.156394958496094,73905600,6.679500102996826,6.820250034332275,6.675000190734863,6.805500030517578,6.738081455230713,531512000,61.29999923706055,61.869998931884766,61.07099914550781,61.837501525878906,61.33060836791992,24454000
2018-08-27,54.287498474121094,54.685001373291016,54.08250045776367,54.48500061035156,51.57765197753906,82100400,6.8354997634887695,6.972499847412109,6.803750038146973,6.897500038146973,6.829169750213623,505776000,62.207000732421875,62.89350128173828,62.034000396728516,62.813499450683594,62.298606872558594,28580000
2018-08-28,54.752498626708984,55.1349983215332,54.72999954223633,54.92499923706055,51.99415969848633,91107200,6.891499996185303,6.9145002365112305,6.738249778747559,6.859499931335449,6.791546821594238,475384000,62.79499816894531,62.827999114990234,62.14849853515625,62.292999267578125,61.78236770629883,27330000
2018-08-29,55.037498474121094,55.872501373291016,54.852500915527344,55.744998931884766,52.770423889160156,109019200,6.8480000495910645,6.987500190734863,6.827000141143799,6.962250232696533,6.897049903869629,420108000,62.75,63.35850143432617,62.63999938964844,63.23249816894531,62.71417236328125,36926000
2018-08-30,55.8125,57.064998626708984,55.599998474121094,56.25749969482422,53.255558013916016,195175200,6.930749893188477,7.043000221252441,6.9079999923706055,6.945250034332275,6.880208492279053,346608000,63.16999816894531,63.4744987487793,62.36050033569336,62.72200012207031,62.207855224609375,30104000
2018-08-31,56.627498626708984,57.217498779296875,56.5,56.907501220703125,53.87088394165039,173360400,6.925000190734863,7.03000020980835,6.914999961853027,7.017000198364258,6.951286315917969,306592000,62.61050033569336,62.627498626708984,61.287498474121094,61.59000015258789,61.085140228271484,42308000
2018-09-04,57.102500915527344,57.29499816894531,56.657501220703125,57.09000015258789,54.04364776611328,109560400,7.003749847412109,7.130499839782715,6.974999904632568,7.09250020980835,7.0260796546936035,391720000,61.125999450683594,61.39350128173828,60.327999114990234,60.56549835205078,60.06903076171875,41458000
2018-09-05,57.247501373291016,57.41749954223633,56.275001525878906,56.717498779296875,53.69102478027344,133332000,7.074749946594238,7.110499858856201,6.878749847412109,6.9604997634887695,6.895315170288086,393156000,60.46099853515625,60.743499755859375,58.766998291015625,59.95500183105469,59.46353530883789,53988000
2018-09-06,56.557498931884766,56.837501525878906,55.32500076293945,55.775001525878906,52.79882049560547,137160000,6.943999767303467,6.946499824523926,6.784749984741211,6.817999839782715,6.754149913787842,322796000,59.92850112915039,59.949501037597656,58.18050003051758,59.199501037597656,58.71422576904297,46854000
2018-09-07,55.462501525878906,56.342498779296875,55.1775016784668,55.32500076293945,52.372833251953125,150479200,6.724999904632568,6.923250198364258,6.679749965667725,6.796500205993652,6.732852935791016,295420000,58.599998474121094,59.4275016784668,58.4635009765625,58.87950134277344,58.396854400634766,32658000
2018-09-10,55.23749923706055,55.462501525878906,54.11750030517578,54.58250045776367,51.66994857788086,158066000,6.819250106811523,6.898250102996826,6.775000095367432,6.868249893188477,6.803929805755615,220140000,59.209999084472656,59.33300018310547,58.53049850463867,58.75299835205078,58.27138900756836,27670000
2018-09-11,54.502498626708984,56.07500076293945,54.13999938964844,55.962501525878906,52.976318359375,142996000,6.821499824523926,6.909999847412109,6.80049991607666,6.820000171661377,6.756131172180176,243112000,58.55500030517578,59.547000885009766,58.29750061035156,59.4995002746582,59.01176834106445,29254000
2018-09-12,56.23500061035156,56.25,54.959999084472656,55.26750183105469,52.318397521972656,197114800,6.779749870300293,6.799499988555908,6.547999858856201,6.704999923706055,6.642208576202393,419092000,59.099998474121094,59.53450012207031,58.30799865722656,58.58000183105469,58.09981155395508,35716000
2018-09-13,55.880001068115234,57.087501525878906,55.64250183105469,56.602500915527344,53.5821533203125,166825600,6.771500110626221,6.875,6.754000186920166,6.7835001945495605,6.719973564147949,305536000,58.98500061035156,59.393001556396484,58.46099853515625,59.106998443603516,58.62248611450195,40068000
2018-09-14,56.4375,56.709999084472656,55.630001068115234,55.959999084472656,52.973934173583984,127997200,6.874750137329102,6.977499961853027,6.837500095367432,6.910749912261963,6.846031665802002,386936000,59.400001525878906,59.400001525878906,58.67599868774414,58.89899826049805,58.41618347167969,24176000
2018-09-17,55.537498474121094,55.73749923706055,54.317501068115234,54.470001220703125,51.563446044921875,148780400,6.885000228881836,6.934500217437744,6.828750133514404,6.848249912261963,6.784116268157959,205528000,58.88850021362305,59.090999603271484,57.92300033569336,57.99150085449219,57.51613235473633,34096000
2018-09-18,54.4474983215332,55.462501525878906,54.279998779296875,54.560001373291016,51.64865493774414,126286800,6.852250099182129,6.955999851226807,6.768750190734863,6.7754998207092285,6.712047576904297,299520000,58.132999420166016,59.06650161743164,58.07149887084961,58.355499267578125,57.87714385986328,32314000
2018-09-19,54.625,54.904998779296875,53.82500076293945,54.592498779296875,51.679412841796875,108495200,6.756750106811523,6.817500114440918,6.706250190734863,6.799499988555908,6.7358222007751465,224860000,58.448001861572266,58.813499450683594,57.930999755859375,58.7135009765625,58.232215881347656,25962000
2018-09-20,55.060001373291016,55.56999969482422,54.787498474121094,55.00749969482422,52.072269439697266,106435200,6.676249980926514,6.718999862670898,6.602499961853027,6.6570000648498535,6.594658851623535,430584000,59.03350067138672,59.70000076293945,58.8125,59.57849884033203,59.09012222290039,29244000
2018-09-21,55.19499969482422,55.34000015258789,54.3224983215332,54.415000915527344,51.511383056640625,384986800,6.669000148773193,6.715000152587891,6.552750110626221,6.586249828338623,6.524571418762207,435128000,59.74599838256836,59.82899856567383,58.60300064086914,58.60599899291992,58.125587463378906,91222000
2018-09-24,54.20500183105469,55.314998626708984,54.157501220703125,55.1974983215332,52.252140045166016,110773600,6.554999828338623,6.645999908447266,6.4670000076293945,6.642499923706055,6.580292701721191,293912000,57.97050094604492,59.259498596191406,57.57500076293945,58.97800064086914,58.49454116821289,31150000
2018-09-25,54.9375,55.70500183105469,54.92499923706055,55.54750061035156,52.58345413208008,98217600,6.709249973297119,6.735499858856201,6.6227498054504395,6.710249900817871,6.647408485412598,280388000,59.212501525878906,59.84299850463867,58.704498291015625,59.69449996948242,59.205169677734375,33152000
2018-09-26,55.25,55.9375,54.939998626708984,55.10499954223633,52.16456604003906,95938800,6.715250015258789,6.75600004196167,6.6570000648498535,6.672999858856201,6.610507965087891,268548000,59.68450164794922,60.36199951171875,59.27000045776367,59.702999114990234,59.213600158691406,37650000
2018-09-27,55.95500183105469,56.61000061035156,55.8849983215332,56.23749923706055,53.23663330078125,120724800,6.708499908447266,6.730000019073486,6.653250217437744,6.684999942779541,6.622396469116211,214428000,60.0,60.84299850463867,59.90250015258789,60.36800003051758,59.873146057128906,36274000
2018-09-28,56.1974983215332,56.459999084472656,56.005001068115234,56.435001373291016,53.423606872558594,91717600,6.8182501792907715,7.047999858856201,6.789999961853027,7.0254998207092285,6.959707736968994,709396000,60.204498291015625,60.42250061035156,59.89149856567383,60.354000091552734,59.8592643737793,35612000
2018-10-01,56.98749923706055,57.35499954223633,56.587501525878906,56.814998626708984,53.783321380615234,94403200,7.104000091552734,7.301499843597412,7.065000057220459,7.234000205993652,7.16625452041626,622060000,60.650001525878906,61.209999084472656,60.15950012207031,60.42649841308594,59.93116760253906,33164000
2018-10-02,56.8125,57.5,56.657501220703125,57.31999969482422,54.261383056640625,99152800,7.206250190734863,7.318999767303467,7.139500141143799,7.1620001792907715,7.094930171966553,383964000,60.333499908447266,61.22600173950195,59.983001708984375,60.38199996948242,59.88703155517578,40180000
2018-10-03,57.51250076293945,58.36750030517578,57.44499969482422,58.01750183105469,54.92165756225586,114619200,7.232999801635742,7.240499973297119,7.0632500648498535,7.16825008392334,7.101120948791504,320552000,60.599998474121094,60.70899963378906,60.10749816894531,60.576499938964844,60.07994079589844,26246000
2018-10-04,57.69499969482422,58.087501525878906,56.682498931884766,56.997501373291016,53.95608901977539,128168000,7.131750106811523,7.15625,6.9045000076293945,6.982250213623047,6.916863441467285,391220000,60.25149917602539,60.29499816894531,58.192501068115234,58.85350036621094,58.371063232421875,46576000
2018-10-05,56.9900016784668,57.102500915527344,55.14500045776367,56.0724983215332,53.08043670654297,134322000,6.957250118255615,7.019999980926514,6.688499927520752,6.746500015258789,6.6833176612854,426636000,58.79999923706055,59.099998474121094,57.715999603271484,58.39149856567383,57.91284942626953,31852000
2018-10-08,55.5525016784668,56.20000076293945,55.04999923706055,55.942501068115234,52.95737838745117,118655600,6.662499904632568,6.7789998054504395,6.501999855041504,6.64424991607666,6.582028388977051,408612000,58.0,58.792999267578125,56.77000045776367,57.79600143432617,57.322235107421875,46190000
2018-10-09,55.90999984741211,56.817501068115234,55.5625,56.717498779296875,53.69102478027344,107564000,6.623499870300293,6.718999862670898,6.570000171661377,6.638500213623047,6.576332092285156,273500000,57.56549835205078,58.07749938964844,57.208499908447266,57.25849914550781,56.78913497924805,33690000
2018-10-10,56.3650016784668,56.587501525878906,54.01250076293945,54.09000015258789,51.203731536865234,167962400,6.531499862670898,6.577750205993652,6.139999866485596,6.142250061035156,6.084728717803955,684940000,56.81999969482422,56.85100173950195,54.57550048828125,54.608001708984375,54.160362243652344,58980000
2018-10-11,53.630001068115234,54.875,53.08000183105469,53.61249923706055,50.7516975402832,212497600,6.0542497634887695,6.189000129699707,5.856500148773193,5.8782501220703125,5.8232011795043945,725436000,53.95199966430664,55.803001403808594,53.794498443603516,54.5369987487793,54.08994674682617,67696000
2018-10-12,55.10499954223633,55.720001220703125,54.209999084472656,55.52750015258789,52.56450653076172,161351600,6.137750148773193,6.238500118255615,5.991250038146973,6.16349983215332,6.105780601501465,608236000,55.981998443603516,56.291500091552734,54.75149917602539,56.027000427246094,55.56773376464844,49370000
2018-10-15,55.290000915527344,55.45750045776367,54.317501068115234,54.34000015258789,51.44038772583008,123164000,6.150000095367432,6.150000095367432,5.883500099182129,5.884500026702881,5.829392433166504,449760000,55.900001525878906,56.09000015258789,54.9109992980957,55.12200164794922,54.67015075683594,30074000
2018-10-16,54.73249816894531,55.747501373291016,54.189998626708984,55.537498474121094,52.573978424072266,116736000,5.9982500076293945,6.1570000648498535,5.948500156402588,6.145750045776367,6.088197231292725,408712000,55.67399978637695,56.81850051879883,55.587501525878906,56.65399932861328,56.1895866394043,38378000
2018-10-17,55.57500076293945,55.65999984741211,54.834999084472656,55.29750061035156,52.346805572509766,91541600,6.208499908447266,6.247000217437744,6.0269999504089355,6.076499938964844,6.019593715667725,329668000,57.0,57.349998474121094,55.70000076293945,56.37950134277344,55.9173469543457,35652000
2018-10-18,54.46500015258789,54.935001373291016,53.25,54.005001068115234,51.123268127441406,130325200,6.146500110626221,6.1852498054504395,5.927249908447266,5.988249778747559,5.932170867919922,524020000,56.5,56.61750030517578,54.31700134277344,54.89550018310547,54.44550704956055,46152000
2018-10-19,54.51499938964844,55.314998626708984,54.35749816894531,54.82749938964844,51.901878356933594,132314800,6.044000148773193,6.06374979019165,5.692500114440918,5.729249954223633,5.675595283508301,613608000,55.18550109863281,56.04750061035156,54.85150146484375,55.25899887084961,54.806026458740234,41286000
2018-10-22,54.9474983215332,55.84000015258789,54.73500061035156,55.162498474121094,52.21898651123047,115168400,5.7820000648498535,5.882999897003174,5.676750183105469,5.7804999351501465,5.726365089416504,368844000,55.6254997253418,56.08449935913086,55.0,55.56850051879883,55.11299133300781,27116000
2018-10-23,53.95750045776367,55.8125,53.67499923706055,55.682498931884766,52.71124267578125,155071200,5.510749816894531,5.604750156402588,5.417749881744385,5.526500225067139,5.474745750427246,626436000,54.56449890136719,55.900001525878906,53.95050048828125,55.74549865722656,55.28853988647461,37686000
2018-10-24,55.650001525878906,56.057498931884766,53.6349983215332,53.772499084472656,50.90316390991211,163702000,5.487750053405762,5.534749984741211,4.971250057220459,4.985249996185303,4.938565254211426,884288000,55.75,55.83100128173828,52.75299835205078,52.85599899291992,52.422725677490234,49286000
2018-10-25,54.4275016784668,55.345001220703125,54.1875,54.95000076293945,52.0178337097168,119423200,4.886750221252441,5.243750095367432,4.8420000076293945,5.196000099182129,5.147339820861816,951720000,54.01499938964844,55.89099884033203,53.77750015258789,55.179500579833984,54.72718048095703,72956000
2018-10-26,53.974998474121094,55.04750061035156,53.16749954223633,54.07500076293945,51.189517974853516,189033600,4.957749843597412,5.120999813079834,4.828000068664551,4.957250118255615,4.910826683044434,664784000,52.416500091552734,55.849998474121094,52.11149978637695,54.1875,53.74331283569336,106438000
2018-10-29,54.79750061035156,54.92250061035156,51.522499084472656,53.060001373291016,50.22868728637695,183742000,5.09975004196167,5.103250026702881,4.40024995803833,4.640500068664551,4.597042083740234,758016000,54.82699966430664,55.44150161743164,50.36000061035156,51.73649978637695,51.31240463256836,81290000
2018-10-30,52.787498474121094,53.79499816894531,52.317501068115234,53.32500076293945,50.479549407958984,146640000,4.663750171661377,5.085000038146973,4.640500068664551,5.074999809265137,5.027472972869873,807192000,51.0004997253418,52.54499816894531,50.69850158691406,52.47549819946289,52.04534149169922,59768000
2018-10-31,54.220001220703125,55.11249923706055,54.154998779296875,54.71500015258789,51.795372009277344,153435600,5.241250038146973,5.3147501945495605,5.100249767303467,5.270750045776367,5.221391201019287,745772000,53.40999984741211,55.400001525878906,53.40999984741211,54.52899932861328,54.08201217651367,70916000
2018-11-01,54.76250076293945,55.59000015258789,54.20249938964844,55.55500030517578,52.590553283691406,233292800,5.307499885559082,5.462250232696533,5.179749965667725,5.452750205993652,5.401686191558838,566528000,54.56999969482422,54.994998931884766,53.89099884033203,54.29899978637695,53.85390090942383,40132000
2018-11-02,52.38750076293945,53.412498474121094,51.35749816894531,51.869998931884766,49.102176666259766,365314800,5.4432501792907715,5.550000190734863,5.255249977111816,5.373000144958496,5.3226823806762695,452960000,54.45000076293945,54.900001525878906,53.382999420166016,53.574501037597656,53.135337829589844,43438000
2018-11-05,51.07500076293945,51.09749984741211,49.54249954223633,50.397499084472656,47.708255767822266,264654800,5.359749794006348,5.3832502365112305,5.131999969482422,5.294250011444092,5.244670391082764,379332000,53.62649917602539,53.66749954223633,51.70000076293945,52.7864990234375,52.35379409790039,45358000
2018-11-06,50.47999954223633,51.18000030517578,50.42250061035156,50.942501068115234,48.22417449951172,127531600,5.286250114440918,5.371250152587891,5.238999843597412,5.276500225067139,5.227086067199707,299012000,52.750999450683594,53.99100112915039,52.68050003051758,53.47850036621094,53.040122985839844,28660000
2018-11-07,51.49250030517578,52.51499938964844,51.032501220703125,52.48749923706055,49.686737060546875,133697600,5.34375,5.4352498054504395,5.2795000076293945,5.344749927520752,5.294696807861328,483812000,54.17449951171875,55.496498107910156,54.02949905395508,55.4119987487793,54.9577751159668,43388000
2018-11-08,52.494998931884766,52.529998779296875,51.6875,52.122501373291016,49.513370513916016,101450400,5.284999847412109,5.285749912261963,5.095749855041504,5.149750232696533,5.1015238761901855,511352000,55.3650016784668,55.4109992980957,54.21799850463867,54.73149871826172,54.28285598754883,33694000
2018-11-09,51.38750076293945,51.502498626708984,50.5625,51.11750030517578,48.558685302734375,137463200,5.059999942779541,5.232999801635742,5.026000022888184,5.141749858856201,5.093597888946533,413240000,54.20100021362305,54.41749954223633,53.2130012512207,53.85100173950195,53.40957260131836,34860000
2018-11-12,49.75,49.962501525878906,48.4474983215332,48.54249954223633,46.11256790161133,204542000,5.049499988555908,5.071750164031982,4.7164998054504395,4.738500118255615,4.694125175476074,617116000,53.65650177001953,53.70500183105469,52.01750183105469,52.46799850463867,52.03791046142578,34002000
2018-11-13,47.907501220703125,49.29499816894531,47.86249923706055,48.057498931884766,45.65185546875,187531600,4.837250232696533,5.105249881744385,4.830999851226807,4.982749938964844,4.936086177825928,644712000,52.740501403808594,53.333499908447266,52.02000045776367,52.39849853515625,51.96897506713867,25750000
2018-11-14,48.474998474121094,48.619998931884766,46.48249816894531,46.70000076293945,44.3623161315918,243204000,5.15749979019165,5.171999931335449,4.8207502365112305,4.929749965667725,4.8835835456848145,526580000,53.0,53.28950119018555,52.05550003051758,52.729000091552734,52.29677200317383,34666000
2018-11-15,47.09749984741211,47.99250030517578,46.724998474121094,47.852500915527344,45.45711135864258,185915200,4.923749923706055,5.132500171661377,4.887499809265137,5.059750080108643,5.012365341186523,840708000,52.573001861572266,53.94350051879883,52.06449890136719,53.5525016784668,53.113521575927734,41584000
2018-11-16,47.625,48.74250030517578,47.3650016784668,48.38249969482422,45.96059036254883,147713200,4.083000183105469,4.266499996185303,4.040249824523926,4.110750198364258,4.072253704071045,1963520000,53.26150131225586,53.62200164794922,52.744998931884766,53.41350173950195,52.97565841674805,35366000
2018-11-19,47.5,47.67499923706055,46.247501373291016,46.46500015258789,44.139076232910156,167701200,4.044750213623047,4.045499801635742,3.6157500743865967,3.617500066757202,3.583622694015503,1697820000,53.169498443603516,53.400001525878906,51.14350128173828,51.37099838256836,50.94990158081055,45684000
2018-11-20,44.592498779296875,45.36750030517578,43.877498626708984,44.244998931884766,42.03019332885742,271300800,3.3515000343322754,3.8564999103546143,3.332750082015991,3.7269999980926514,3.6920979022979736,1692032000,50.364498138427734,51.86750030517578,50.11050033569336,51.522499084472656,51.10015869140625,54458000
2018-11-21,44.932498931884766,45.067501068115234,44.13750076293945,44.19499969482422,41.982696533203125,124496800,3.865499973297119,3.882499933242798,3.590250015258789,3.6177499294281006,3.583869695663452,1025496000,52.265499114990234,52.73550033569336,51.972999572753906,52.17150115966797,51.743839263916016,29698000
2018-11-23,43.73500061035156,44.150001525878906,43.025001525878906,43.0724983215332,40.91639709472656,94496000,3.582750082015991,3.7397499084472656,3.5697500705718994,3.625,3.591052532196045,411968000,51.67499923706055,52.150001525878906,51.42599868774414,51.505001068115234,51.08280563354492,14178000
2018-11-26,43.560001373291016,43.73749923706055,42.564998626708984,43.654998779296875,41.469730377197266,179994000,3.7472500801086426,3.836750030517578,3.6640000343322754,3.8262500762939453,3.790417432785034,814832000,52.20000076293945,52.849998474121094,51.98849868774414,52.797000885009766,52.36421585083008,31558000
2018-11-27,42.877498626708984,43.692501068115234,42.720001220703125,43.560001373291016,41.379486083984375,165549600,3.799999952316284,3.9252500534057617,3.7637500762939453,3.843250036239624,3.8072595596313477,738060000,52.56700134277344,53.3380012512207,52.275001525878906,52.61399841308594,52.182708740234375,33048000
2018-11-28,44.182498931884766,45.3224983215332,43.73249816894531,45.23500061035156,42.97064971923828,184250000,3.9619998931884766,4.006999969482422,3.828249931335449,4.0017499923706055,3.9642741680145264,804524000,52.87300109863281,54.643001556396484,52.147499084472656,54.589500427246094,54.14202117919922,46042000
2018-11-29,45.665000915527344,45.70000076293945,44.42499923706055,44.88750076293945,42.64055252075195,167080000,4.0,4.037499904632568,3.9035000801086426,3.934000015258789,3.9010579586029053,549172000,54.17649841308594,55.00749969482422,54.099998474121094,54.729000091552734,54.28036880493164,31004000
2018-11-30,45.0724983215332,45.08250045776367,44.25749969482422,44.64500045776367,42.410179138183594,158126000,3.9437499046325684,4.096499919891357,3.8929998874664307,4.085750102996826,4.051537990570068,729564000,54.78150177001953,55.48249816894531,54.159000396728516,55.48249816894531,55.02769470214844,59668000
2018-12-03,46.1150016784668,46.23500061035156,45.3025016784668,46.20500183105469,43.8921012878418,163210000,4.315000057220459,4.367000102996826,4.183499813079834,4.250999927520752,4.215402603149414,890804000,56.608001708984375,56.75,55.58649826049805,55.81800079345703,55.360450744628906,57532000
2018-12-04,45.23749923706055,45.59749984741211,44.067501068115234,44.17250061035156,41.961326599121094,165377200,4.205999851226807,4.210999965667725,3.9124999046325684,3.9277501106262207,3.8948607444763184,812112000,55.64950180053711,55.71200180053711,53.03900146484375,53.12350082397461,52.68804168701172,45630000
2018-12-06,42.939998626708984,43.69499969482422,42.60499954223633,43.68000030517578,41.49348449707031,172393600,3.7860000133514404,3.962249994277954,3.770250082015991,3.9572501182556152,3.9241132736206055,692308000,52.25,53.97100067138672,52.124000549316406,53.90399932861328,53.46213912963867,47436000
2018-12-07,43.372501373291016,43.622501373291016,42.07500076293945,42.122501373291016,40.013946533203125,169126400,3.9614999294281006,3.971750020980835,3.640500068664551,3.6902499198913574,3.659348487854004,681676000,53.61149978637695,54.25149917602539,51.96849822998047,52.32899856567383,51.900047302246094,42682000
2018-12-10,41.25,42.522499084472656,40.83250045776367,42.400001525878906,40.277565002441406,248104000,3.6449999809265137,3.821500062942505,3.641249895095825,3.7964999675750732,3.7647101879119873,629472000,52.14699935913086,52.97999954223633,51.650001525878906,52.659000396728516,52.22734451293945,33652000
2018-12-11,42.915000915527344,42.9474983215332,41.75,42.157501220703125,40.04719543457031,189126800,3.8889999389648438,3.897249937057495,3.625,3.7047500610351562,3.673727512359619,671912000,53.34700012207031,53.52000045776367,52.505001068115234,53.08250045776367,52.647369384765625,33852000
2018-12-12,42.599998474121094,42.97999954223633,42.255001068115234,42.275001525878906,40.1588134765625,142510800,3.7105000019073486,3.819499969482422,3.620500087738037,3.7225000858306885,3.69132924079895,654136000,53.854000091552734,54.58649826049805,53.5984992980957,53.686500549316406,53.24641799926758,28960000
2018-12-13,42.622501373291016,43.14250183105469,42.38750076293945,42.73749923706055,40.5981559753418,127594400,3.7697501182556152,3.8345000743865967,3.686000108718872,3.722249984741211,3.6910808086395264,471384000,53.78350067138672,54.42100143432617,53.2495002746582,53.676998138427734,53.23698806762695,24986000
2018-12-14,42.25,42.27000045776367,41.31999969482422,41.369998931884766,39.29911422729492,162814800,3.6802499294281006,3.7647500038146973,3.637500047683716,3.661250114440918,3.63059139251709,471820000,53.000999450683594,53.58599853515625,52.46849822998047,52.58549880981445,52.154441833496094,36358000
2018-12-17,41.36249923706055,42.087501525878906,40.682498931884766,40.98500061035156,38.933387756347656,177151600,3.63100004196167,3.703749895095825,3.5309998989105225,3.5894999504089355,3.5594420433044434,662868000,52.35049819946289,53.11899948120117,50.83150100708008,51.282501220703125,50.862125396728516,49932000
2018-12-18,41.345001220703125,41.88249969482422,41.09749984741211,41.51750183105469,39.439231872558594,135366000,3.6337499618530273,3.7582499980926514,3.606250047683716,3.6735000610351562,3.6427385807037354,564372000,51.70000076293945,52.984500885009766,51.52399826049805,52.170501708984375,51.74284744262695,43640000
2018-12-19,41.5,41.86249923706055,39.772499084472656,40.22249984741211,38.209049224853516,196189200,3.6394999027252197,3.69350004196167,3.410749912261963,3.46274995803833,3.4337539672851562,745364000,52.364498138427734,53.785499572753906,50.971500396728516,51.77299880981445,51.348602294921875,58264000
2018-12-20,40.099998474121094,40.52750015258789,38.82500076293945,39.20750045776367,37.24486541748047,259092000,3.4542500972747803,3.5450000762939453,3.3172500133514404,3.377500057220459,3.3492178916931152,749588000,51.29999923706055,52.37200164794922,50.393001556396484,51.17900085449219,50.75946807861328,53674000
2018-12-21,39.21500015258789,39.540000915527344,37.407501220703125,37.682498931884766,35.79620361328125,382978400,3.404249906539917,3.4375,3.2114999294281006,3.2392499446868896,3.212125539779663,863740000,51.60200119018555,51.88349914550781,49.05950164794922,49.5625,49.15622329711914,104656000
2018-12-24,37.037498474121094,37.88750076293945,36.647499084472656,36.70750045776367,34.87001037597656,148676800,3.16225004196167,3.249500036239624,3.112499952316284,3.177000045776367,3.1503970623016357,463840000,49.215999603271484,50.60599899291992,48.882999420166016,49.23350143432617,48.829925537109375,36360000
2018-12-26,37.07500076293945,39.307498931884766,36.68000030517578,39.29249954223633,37.32561111450195,234330000,3.2235000133514404,3.3285000324249268,3.1115000247955322,3.327500104904175,3.2996366024017334,695100000,49.89950180053711,52.42250061035156,49.63249969482422,52.39250183105469,51.9630241394043,46318000
2018-12-27,38.959999084472656,39.192501068115234,37.51750183105469,39.037498474121094,37.0833740234375,212468400,3.274749994277954,3.309499979019165,3.129499912261963,3.279249906539917,3.2517902851104736,637044000,51.310001373291016,52.66699981689453,50.349998474121094,52.64500045776367,52.21345520019531,45996000
2018-12-28,39.375,39.630001068115234,38.63750076293945,39.057498931884766,37.10237121582031,169165600,3.299999952316284,3.4347500801086426,3.2577500343322754,3.341249942779541,3.3132712841033936,628728000,52.974998474121094,53.21149826049805,52.099998474121094,52.33399963378906,51.90501022338867,34398000
2018-12-31,39.63249969482422,39.84000015258789,39.119998931884766,39.435001373291016,37.460975646972656,140014000,3.384999990463257,3.4177498817443848,3.30649995803833,3.3375000953674316,3.3095526695251465,465140000,52.89149856567383,53.14950180053711,51.652000427246094,52.24800109863281,51.81970977783203,33110000
2019-01-02,38.72249984741211,39.712501525878906,38.557498931884766,39.47999954223633,37.50372314453125,148158800,3.2660000324249268,3.4619998931884766,3.2512500286102295,3.4054999351501465,3.376983404159546,508752000,51.36000061035156,53.03950119018555,51.263999938964844,52.73400115966797,52.30173110961914,31868000
2019-01-03,35.994998931884766,36.43000030517578,35.5,35.54750061035156,33.768070220947266,365248800,3.344749927520752,3.378999948501587,3.1922500133514404,3.1997499465942383,3.172956943511963,705552000,52.53350067138672,53.3129997253418,51.118499755859375,51.27349853515625,50.85319900512695,41960000
2019-01-04,36.13249969482422,37.13750076293945,35.95000076293945,37.064998626708984,35.209617614746094,234428400,3.2734999656677246,3.4432499408721924,3.242500066757202,3.404750108718872,3.37623929977417,585620000,52.12799835205078,54.0,51.84299850463867,53.903499603271484,53.46164321899414,46022000
2019-01-07,37.17499923706055,37.20750045776367,36.474998474121094,36.98249816894531,35.1312370300293,219111200,3.4625000953674316,3.6222500801086426,3.410749912261963,3.5850000381469727,3.554980754852295,709160000,54.048500061035156,54.1349983215332,53.13199996948242,53.79600143432617,53.35502243041992,47446000
2019-01-08,37.38999938964844,37.95500183105469,37.130001068115234,37.6875,35.80095672607422,164101200,3.667249917984009,3.6695001125335693,3.422499895095825,3.4957499504089355,3.466477870941162,786016000,54.29999923706055,54.66749954223633,53.41749954223633,54.26850128173828,53.82365036010742,35414000
2019-01-09,37.8224983215332,38.63249969482422,37.407501220703125,38.32749938964844,36.40891647338867,180396400,3.547499895095825,3.6122500896453857,3.496500015258789,3.564500093460083,3.5346519947052,617260000,54.39950180053711,54.582000732421875,53.71849822998047,54.08250045776367,53.6391716003418,26998000
2019-01-10,38.125,38.49250030517578,37.71500015258789,38.45000076293945,36.5252799987793,143122800,3.5450000762939453,3.6394999027252197,3.4839999675750732,3.6307499408721924,3.6003477573394775,523156000,53.74700164794922,53.990501403808594,53.23400115966797,53.94150161743164,53.49932861328125,26598000
2019-01-11,38.220001220703125,38.42499923706055,37.877498626708984,38.0724983215332,36.166683197021484,108092800,3.6082499027252197,3.7437500953674316,3.5802500247955322,3.720750093460083,3.689594030380249,874764000,53.494998931884766,53.66849899291992,52.82149887084961,53.2234992980957,52.78721237182617,30864000
2019-01-14,37.712501525878906,37.817501068115234,37.30500030517578,37.5,35.62284469604492,129756800,3.6679999828338623,3.7864999771118164,3.64424991607666,3.760999917984009,3.7295069694519043,730168000,52.66699981689453,52.92250061035156,52.4275016784668,52.57550048828125,52.144527435302734,28490000
2019-01-15,37.567501068115234,38.34749984741211,37.51250076293945,38.26750183105469,36.351924896240234,114843600,3.7939999103546143,3.833750009536743,3.728250026702881,3.7467501163482666,3.715376138687134,617012000,52.9005012512207,54.41350173950195,52.72200012207031,54.32550048828125,53.88017654418945,37518000
2019-01-16,38.27000045776367,38.970001220703125,38.25,38.73500061035156,36.79600524902344,122278800,3.774250030517578,3.807499885559082,3.7155001163482666,3.7209999561309814,3.6898412704467773,470104000,54.5,55.11800003051758,54.4005012512207,54.47549819946289,54.02894973754883,38280000
2019-01-17,38.54999923706055,39.415000915527344,38.314998626708984,38.96500015258789,37.014503479003906,119284800,3.6877501010894775,3.833250045776367,3.660249948501587,3.7929999828338623,3.7612383365631104,493436000,54.39950180053711,55.03499984741211,54.16299819946289,54.95600128173828,54.50551223754883,24896000
2019-01-18,39.375,39.470001220703125,38.994998931884766,39.20500183105469,37.242496490478516,135004000,3.843250036239624,3.94950008392334,3.791249990463257,3.9232499599456787,3.890397071838379,651336000,55.429500579833984,55.900001525878906,54.9640007019043,55.3650016784668,54.91115951538086,44892000
2019-01-22,39.102500915527344,39.182498931884766,38.154998779296875,38.32500076293945,36.40654754638672,121576000,3.8927500247955322,3.9045000076293945,3.6887500286102295,3.719249963760376,3.6881062984466553,661552000,54.79999923706055,54.94850158691406,53.544498443603516,53.93149948120117,53.48940658569336,39632000
2019-01-23,38.537498474121094,38.78499984741211,37.92499923706055,38.47999954223633,36.553775787353516,92522400,3.7750000953674316,3.864500045776367,3.7007501125335693,3.7322499752044678,3.7009973526000977,591020000,54.34299850463867,54.647499084472656,53.378501892089844,54.22050094604492,53.77604675292969,25194000
2019-01-24,38.52750015258789,38.619998931884766,37.935001373291016,38.17499923706055,36.264041900634766,101766000,3.817500114440918,3.963749885559082,3.8127501010894775,3.946000099182129,3.9129574298858643,708972000,54.1254997253418,54.400001525878906,53.500999450683594,54.20000076293945,53.755706787109375,29114000
2019-01-25,38.869998931884766,39.532501220703125,38.58000183105469,39.439998626708984,37.46572494506836,134142000,3.885999917984009,4.021999835968018,3.7825000286102295,4.003749847412109,3.9702236652374268,1154572000,54.71149826049805,55.167999267578125,54.59000015258789,55.07550048828125,54.62403106689453,23260000
2019-01-28,38.9474983215332,39.08250045776367,38.415000915527344,39.07500076293945,37.11899948120117,104768400,3.413749933242798,3.5409998893737793,3.2750000953674316,3.4502499103546143,3.421359062194824,2511528000,54.503501892089844,54.66849899291992,53.730499267578125,53.99300003051758,53.55040740966797,29334000
2019-01-29,39.0625,39.532501220703125,38.52750015258789,38.66999816894531,36.73427200317383,166348800,3.403749942779541,3.452500104904175,3.27524995803833,3.2899999618530273,3.262451171875,1153932000,54.051998138427734,54.23649978637695,53.30099868774414,53.50299835205078,53.064422607421875,19704000
2019-01-30,40.8125,41.537498474121094,40.057498931884766,41.3125,39.24448776245117,244439200,3.3667500019073486,3.4492499828338623,3.2864999771118164,3.4347500801086426,3.4059879779815674,974228000,53.86800003051758,54.97600173950195,53.832000732421875,54.89950180053711,54.4494743347168,29452000
2019-01-31,41.52750015258789,42.25,41.13999938964844,41.61000061035156,39.527103424072266,162958400,3.43149995803833,3.6297500133514404,3.4094998836517334,3.59375,3.563657283782959,842852000,55.61199951171875,56.38349914550781,55.26250076293945,56.294498443603516,55.833038330078125,40232000
2019-02-01,41.7400016784668,42.244998931884766,41.48249816894531,41.630001068115234,39.546104431152344,130672400,3.612499952316284,3.6697499752044678,3.564500093460083,3.6182498931884766,3.587951898574829,625048000,56.114498138427734,56.720001220703125,55.712501525878906,55.930999755859375,55.47251892089844,33116000
2019-02-04,41.852500915527344,42.915000915527344,41.81999969482422,42.8125,40.66940689086914,125982000,3.6342499256134033,3.7669999599456787,3.611999988555908,3.7295000553131104,3.698270559310913,528592000,55.95050048828125,57.117000579833984,55.8754997253418,57.07099914550781,56.603172302246094,78408000
2019-02-05,43.21500015258789,43.77000045776367,43.087501525878906,43.54499816894531,41.36524200439453,144406400,3.741499900817871,3.785749912261963,3.7074999809265137,3.7487499713897705,3.7173595428466797,542424000,56.48149871826172,57.63850021362305,56.18000030517578,57.59349822998047,57.12138748168945,82296000
2019-02-06,43.662498474121094,43.89250183105469,43.212501525878906,43.560001373291016,41.379486083984375,112958400,3.782249927520752,3.890000104904175,3.776750087738037,3.825000047683716,3.7929701805114746,702464000,57.4635009765625,57.70000076293945,55.917999267578125,56.144500732421875,55.68427276611328,48256000
2019-02-07,43.099998474121094,43.48500061035156,42.584999084472656,42.73500061035156,40.59579086303711,126966800,3.778249979019165,3.7804999351501465,3.6422500610351562,3.685499906539917,3.6546382904052734,637120000,55.590999603271484,55.5994987487793,54.679500579833984,55.295501708984375,54.84223175048828,38298000
2019-02-08,42.247501373291016,42.665000915527344,42.10499954223633,42.602500915527344,40.64348220825195,95280000,3.6177499294281006,3.7149999141693115,3.603250026702881,3.7042500972747803,3.673231840133667,461604000,54.74399948120117,55.255001068115234,54.71200180053711,55.11899948120117,54.667171478271484,21766000
2019-02-11,42.76250076293945,42.8025016784668,42.3125,42.35749816894531,40.409759521484375,83973600,3.659749984741211,3.7144999504089355,3.612499952316284,3.661250114440918,3.63059139251709,495180000,55.1875,55.67150115966797,55.0,55.10599899291992,54.65428161621094,18498000
2019-02-12,42.525001525878906,42.75,42.42499923706055,42.72249984741211,40.75796127319336,89134000,3.700000047683716,3.7950000762939453,3.685499906539917,3.779249906539917,3.7476043701171875,591060000,55.550498962402344,56.643001556396484,55.550498962402344,56.37900161743164,55.916847229003906,35036000
2019-02-13,42.84749984741211,43.119998931884766,42.47999954223633,42.54499816894531,40.58863067626953,89960800,3.809000015258789,3.895750045776367,3.7952499389648438,3.822000026702881,3.7899954319000244,605372000,56.652000427246094,57.14250183105469,56.29999923706055,56.43149948120117,55.96891403198242,28042000
2019-02-14,42.4275016784668,42.814998626708984,42.345001220703125,42.70000076293945,40.736515045166016,87342800,3.821000099182129,3.8917500972747803,3.7774999141693115,3.8632500171661377,3.8309004306793213,827264000,56.25,56.80649948120117,55.85449981689453,56.459999084472656,55.9971809387207,21106000
2019-02-15,42.8125,42.92499923706055,42.4375,42.60499954223633,40.645877838134766,98507200,4.073750019073486,4.096749782562256,3.9105000495910645,3.933500051498413,3.900562047958374,1516748000,56.96500015258789,56.96500015258789,55.83599853515625,55.98149871826172,55.522605895996094,27826000
2019-02-19,42.4275016784668,42.86000061035156,42.372501373291016,42.73249816894531,40.76750564575195,75891200,3.9227499961853027,3.9972500801086426,3.9035000801086426,3.9159998893737793,3.8832075595855713,551892000,55.832000732421875,56.481998443603516,55.832000732421875,56.32550048828125,55.86378479003906,21980000
2019-02-20,42.79750061035156,43.33000183105469,42.747501373291016,43.00749969482422,41.02986145019531,104457600,3.945499897003174,4.031499862670898,3.9342501163482666,3.963749885559082,3.930558919906616,540988000,56.444000244140625,56.54650115966797,55.587501525878906,56.02949905395508,55.57020950317383,24090000
2019-02-21,42.95000076293945,43.092498779296875,42.57500076293945,42.76499938964844,40.79851150512695,68998800,3.9765000343322754,4.00124979019165,3.879499912261963,3.89424991607666,3.8616409301757812,448548000,55.93899917602539,55.95750045776367,54.89899826049805,55.21049880981445,54.75792694091797,33272000
2019-02-22,42.89500045776367,43.25,42.845001220703125,43.24250030517578,41.25406265258789,75652800,3.946500062942505,3.9987499713897705,3.9327499866485596,3.979749917984009,3.946425199508667,401740000,55.48500061035156,55.86249923706055,55.025001525878906,55.827999114990234,55.370365142822266,29436000
2019-02-25,43.540000915527344,43.967498779296875,43.48749923706055,43.557498931884766,41.55458450317383,87493600,4.064000129699707,4.131999969482422,3.9584999084472656,3.967250108718872,3.934030055999756,656020000,56.096500396728516,56.27000045776367,55.705501556396484,55.86650085449219,55.408546447753906,26208000
2019-02-26,43.4275016784668,43.82500076293945,43.29249954223633,43.58250045776367,41.57842254638672,68280800,3.9625000953674316,4.019000053405762,3.893749952316284,3.927500009536743,3.8946127891540527,488464000,55.71849822998047,56.321998596191406,55.334999084472656,56.10049819946289,55.64063262939453,35026000
2019-02-27,43.3025016784668,43.75,43.182498931884766,43.717498779296875,41.707210540771484,111341600,3.9130001068115234,3.9397499561309814,3.8277499675750732,3.8852500915527344,3.8527164459228516,500256000,55.70050048828125,56.2864990234375,55.428001403808594,56.144500732421875,55.68427276611328,22092000
2019-02-28,43.58000183105469,43.727500915527344,43.22999954223633,43.287498474121094,41.2969856262207,112861600,3.875,3.8975000381469727,3.8340001106262207,3.8564999103546143,3.8281478881835938,324944000,55.95000076293945,56.699501037597656,55.920501708984375,56.32749938964844,55.86577224731445,27422000
2019-03-01,43.56999969482422,43.787498474121094,43.22249984741211,43.74250030517578,41.7310676574707,103544800,3.906749963760376,3.953749895095825,3.8480000495910645,3.911250114440918,3.882495880126953,357188000,56.54999923706055,57.5,56.54999923706055,57.42599868774414,56.95526885986328,34086000
2019-03-04,43.92250061035156,44.4375,43.49250030517578,43.962501525878906,41.94095993041992,109744800,3.950000047683716,3.9730000495910645,3.862499952316284,3.9195001125335693,3.8906850814819336,409992000,57.72800064086914,58.2760009765625,56.912498474121094,57.67100143432617,57.19826126098633,35490000
2019-03-05,43.98500061035156,44.0,43.6349983215332,43.88249969482422,41.864627838134766,78949600,3.903749942779541,3.9514999389648438,3.8489999771118164,3.9130001068115234,3.884233236312866,362924000,57.79999923706055,58.824501037597656,57.6510009765625,58.45949935913086,57.98029327392578,40094000
2019-03-06,43.66749954223633,43.872501373291016,43.48500061035156,43.630001068115234,41.62374496459961,83241600,3.9040000438690186,3.9124999046325684,3.7985000610351562,3.8012499809265137,3.773303985595703,403524000,58.5880012512207,58.73699951171875,58.15250015258789,58.24700164794922,57.7695426940918,23602000
2019-03-07,43.467498779296875,43.61000061035156,43.005001068115234,43.125,41.1419677734375,99185600,3.7774999141693115,3.78725004196167,3.684999942779541,3.7314999103546143,3.704066753387451,450104000,58.025001525878906,58.17900085449219,57.08549880981445,57.54249954223633,57.0708122253418,30086000
2019-03-08,42.58000183105469,43.26750183105469,42.375,43.227500915527344,41.239749908447266,95997600,3.6414999961853027,3.776750087738037,3.619999885559082,3.7660000324249268,3.738313674926758,422416000,56.69499969482422,57.67250061035156,56.5099983215332,57.49850082397461,57.02716827392578,23694000
2019-03-11,43.872501373291016,44.779998779296875,43.837501525878906,44.724998474121094,42.66837692260742,128044000,3.789750099182129,4.051499843597412,3.7422499656677246,4.028500080108643,3.998884439468384,859728000,57.599998474121094,58.99549865722656,57.57849884033203,58.9630012512207,58.47966766357422,30032000
2019-03-12,45.0,45.66749954223633,44.842498779296875,45.227500915527344,43.14777755737305,129870400,4.05649995803833,4.109749794006348,3.979749917984009,4.063000202178955,4.033131122589111,579576000,59.1150016784668,60.285499572753906,59.1150016784668,59.86249923706055,59.371788024902344,42220000
2019-03-13,45.5625,45.82500076293945,45.22999954223633,45.4275016784668,43.33858871459961,124130000,4.100749969482422,4.244999885559082,4.093249797821045,4.2154998779296875,4.184508323669434,768900000,60.29650115966797,60.35599899291992,59.89550018310547,59.952999114990234,59.461551666259766,25888000
2019-03-14,45.974998474121094,46.025001525878906,45.63999938964844,45.932498931884766,43.82035446166992,94318000,4.22475004196167,4.23675012588501,4.131249904632568,4.138999938964844,4.108572959899902,519384000,59.95100021362305,60.23500061035156,59.561500549316406,59.62649917602539,59.137725830078125,27302000
2019-03-15,46.212501525878906,46.83250045776367,45.935001373291016,46.529998779296875,44.390384674072266,156171600,4.182499885559082,4.288249969482422,4.178999900817871,4.245250225067139,4.214040756225586,661484000,59.900001525878906,60.08599853515625,59.35049819946289,59.51499938964844,59.02714538574219,51886000
2019-03-18,46.45000076293945,47.09749984741211,46.4474983215332,47.005001068115234,44.84354782104492,104879200,4.2769999504089355,4.331250190734863,4.196499824523926,4.223750114440918,4.192698001861572,486992000,59.484500885009766,59.747501373291016,59.07400131225586,59.4275016784668,58.94035720825195,24442000
2019-03-19,47.087501525878906,47.247501373291016,46.47999954223633,46.63249969482422,44.488182067871094,126585600,4.318999767303467,4.4375,4.302000045776367,4.392749786376953,4.36045503616333,854972000,59.58599853515625,60.170501708984375,59.472999572753906,60.12300109863281,59.630157470703125,29788000
2019-03-20,46.557498931884766,47.372501373291016,46.182498931884766,47.040000915527344,44.87693786621094,124140800,4.421999931335449,4.475749969482422,4.324999809265137,4.360000133514404,4.327947616577148,719148000,60.06999969482422,61.4995002746582,59.97949981689453,61.32149887084961,60.81882858276367,41508000
2019-03-21,47.505001068115234,49.08250045776367,47.45249938964844,48.772499084472656,46.52977752685547,204136800,4.3832502365112305,4.625,4.3782501220703125,4.598499774932861,4.564692974090576,824312000,61.0,61.821998596191406,60.82899856567383,61.80649948120117,61.29985809326172,28150000
2019-03-22,48.834999084472656,49.42250061035156,47.69499969482422,47.76250076293945,45.56621551513672,169630800,4.571000099182129,4.619999885559082,4.423500061035156,4.4375,4.404875755310059,747644000,61.442501068115234,61.68149948120117,60.29999923706055,60.38249969482422,59.88752746582031,34422000
2019-03-25,47.877498626708984,47.994998931884766,46.650001525878906,47.185001373291016,45.0152702331543,175381200,4.396500110626221,4.461249828338623,4.277750015258789,4.3445000648498535,4.312559604644775,525212000,59.97800064086914,60.47200012207031,59.5,59.86899948120117,59.37823486328125,27576000
2019-03-26,47.915000915527344,48.220001220703125,46.14500045776367,46.6974983215332,44.55018615722656,199202000,4.487249851226807,4.543749809265137,4.364999771118164,4.421750068664551,4.3892436027526855,703508000,60.259498596191406,60.38249969482422,59.0880012512207,59.492000579833984,59.004329681396484,30752000
2019-03-27,47.1875,47.439998626708984,46.63750076293945,47.11750030517578,44.950870513916016,119393600,4.447500228881836,4.4942498207092285,4.34250020980835,4.412499904632568,4.38006067276001,474372000,59.59600067138672,59.59600067138672,58.21149826049805,58.9005012512207,58.41768264770508,29428000
2019-03-28,47.23749923706055,47.38999938964844,46.88249969482422,47.18000030517578,45.010501861572266,83121600,4.43874979019165,4.497499942779541,4.377749919891357,4.431250095367432,4.398672103881836,480264000,58.775001525878906,58.86249923706055,58.17150115966797,58.61349868774414,58.13302993774414,22402000
2019-03-29,47.45750045776367,47.52000045776367,47.1349983215332,47.48749923706055,45.303863525390625,94256000,4.498499870300293,4.513500213623047,4.447750091552734,4.488999843597412,4.45599889755249,456896000,59.00899887084961,59.19850158691406,58.319000244140625,58.84450149536133,58.36213684082031,30890000
2019-04-01,47.90999984741211,47.91999816894531,47.095001220703125,47.810001373291016,45.61152648925781,111448000,4.581500053405762,4.587500095367432,4.509250164031982,4.557000160217285,4.523497104644775,483824000,59.37699890136719,60.0099983215332,59.31800079345703,59.94900131225586,59.457584381103516,27706000
2019-04-02,47.772499084472656,48.6150016784668,47.76250076293945,48.505001068115234,46.27457046508789,91062800,4.581250190734863,4.619750022888184,4.538000106811523,4.574999809265137,4.541365146636963,440920000,60.002498626708984,60.29050064086914,59.5620002746582,60.277000427246094,59.78289794921875,18288000
2019-04-03,48.3125,49.125,48.287498474121094,48.837501525878906,46.59178161621094,93087200,4.625,4.775000095367432,4.619999885559082,4.7154998779296875,4.680832386016846,783504000,60.6349983215332,61.029998779296875,60.25400161743164,60.54050064086914,60.04423522949219,22180000
2019-04-04,48.6974983215332,49.092498779296875,48.28499984741211,48.92250061035156,46.672874450683594,76457200,4.699999809265137,4.7492499351501465,4.643249988555908,4.706500053405762,4.67189884185791,457376000,60.56449890136719,61.02750015258789,60.45199966430664,60.97249984741211,60.472694396972656,21022000
2019-04-05,49.11249923706055,49.275001525878906,48.98249816894531,49.25,46.98530960083008,74106400,4.75,4.791250228881836,4.713250160217285,4.773749828338623,4.738654136657715,481744000,60.96500015258789,61.019500732421875,60.50149917602539,60.5724983215332,60.07596969604492,20012000
2019-04-08,49.10499954223633,50.057498931884766,49.084999084472656,50.025001525878906,47.72468566894531,103526800,4.743000030517578,4.820000171661377,4.71875,4.794750213623047,4.759500980377197,424192000,60.55550003051758,60.6974983215332,60.23500061035156,60.41400146484375,59.91877365112305,21750000
2019-04-09,50.08000183105469,50.712501525878906,49.807498931884766,49.875,47.581581115722656,143072800,4.761000156402588,4.772250175476074,4.689000129699707,4.731500148773193,4.696715354919434,439972000,60.09450149536133,60.35749816894531,59.91899871826172,60.134498596191406,59.641563415527344,19668000
2019-04-10,49.66999816894531,50.185001373291016,49.54499816894531,50.154998779296875,47.84870147705078,86781200,4.73075008392334,4.828499794006348,4.726250171661377,4.802499771118164,4.767193794250488,444772000,60.25450134277344,60.446998596191406,60.03300094604492,60.3224983215332,59.82801818847656,15510000
2019-04-11,50.212501525878906,50.25,49.61000061035156,49.73749923706055,47.45038986206055,83603200,4.804999828338623,4.836750030517578,4.738749980926514,4.78849983215332,4.753297328948975,374600000,60.44499969482422,60.637001037597656,60.22700119018555,60.47949981689453,59.983741760253906,16998000
2019-04-12,49.79999923706055,50.03499984741211,49.0525016784668,49.717498779296875,47.43132019042969,111042800,4.827499866485596,4.831500053405762,4.741499900817871,4.750249862670898,4.715327739715576,471708000,60.78099822998047,61.15250015258789,60.66450119018555,61.13650131225586,60.63535690307617,24312000
2019-04-15,49.64500045776367,49.962501525878906,49.502498626708984,49.807498931884766,47.517181396484375,70146400,4.742499828338623,4.747499942779541,4.577499866485596,4.617499828338623,4.583553791046143,440092000,61.204498291015625,61.46500015258789,60.72800064086914,61.326499938964844,60.823787689208984,23796000
2019-04-16,49.8650016784668,50.342498779296875,49.63999938964844,49.8125,47.52195358276367,102785600,4.6570000648498535,4.724249839782715,4.624000072479248,4.705249786376953,4.670657634735107,394964000,61.5,61.79899978637695,61.25199890136719,61.59550094604492,61.09059143066406,22622000
2019-04-17,49.8849983215332,50.845001220703125,49.65250015258789,50.782501220703125,48.44734191894531,115627200,4.740499973297119,4.761499881744385,4.659749984741211,4.682250022888184,4.647827625274658,351004000,61.849998474121094,62.255001068115234,61.64500045776367,62.00699996948242,61.498714447021484,30366000
2019-04-18,50.779998779296875,51.037498474121094,50.630001068115234,50.96500015258789,48.62145233154297,96783200,4.689000129699707,4.723249912261963,4.629499912261963,4.65749979019165,4.623260974884033,380988000,62.25,62.297000885009766,61.97050094604492,62.07350158691406,61.56467056274414,24750000
2019-04-22,50.70750045776367,51.23500061035156,50.584999084472656,51.13249969482422,48.78125,77758000,4.633749961853027,4.727499961853027,4.6020002365112305,4.711750030517578,4.67711067199707,279936000,61.833499908447266,62.71699905395508,61.66849899291992,62.6879997253418,62.174129486083984,19084000
2019-04-23,51.10749816894531,51.9375,50.974998474121094,51.869998931884766,49.48484420776367,93292000,4.724999904632568,4.798250198364258,4.715250015258789,4.766749858856201,4.731705665588379,346856000,62.832000732421875,63.721500396728516,62.5984992980957,63.52949905395508,63.00872802734375,31868000
2019-04-24,51.84000015258789,52.119998931884766,51.76250076293945,51.790000915527344,49.40851593017578,70162400,4.777249813079834,4.820250034332275,4.716000080108643,4.779250144958496,4.744115352630615,318204000,63.52949905395508,63.70000076293945,62.990501403808594,63.002498626708984,62.486053466796875,23396000
2019-04-25,51.70750045776367,51.939998626708984,51.279998779296875,51.31999969482422,48.96012496948242,74172800,4.738749980926514,4.761250019073486,4.59250020980835,4.672749996185303,4.638397216796875,499296000,63.51499938964844,63.63999938964844,62.900001525878906,63.367000579833984,62.84756088256836,31344000
2019-04-26,51.224998474121094,51.25,50.529998779296875,51.07500076293945,48.726402282714844,74596400,4.517749786376953,4.522250175476074,4.332499980926514,4.452250003814697,4.419519424438477,868988000,63.66899871826172,63.945499420166016,63.25,63.87099838256836,63.34743118286133,27228000
2019-04-29,51.099998474121094,51.49250030517578,50.96500015258789,51.15250015258789,48.800323486328125,88818800,4.460249900817871,4.511250019073486,4.387499809265137,4.483250141143799,4.450292110443115,391920000,64.02549743652344,64.84850311279297,63.58549880981445,64.80999755859375,64.27873992919922,72368000
2019-04-30,50.76499938964844,50.849998474121094,49.77750015258789,50.16749954223633,47.86061096191406,186139600,4.45074987411499,4.550749778747559,4.43149995803833,4.525000095367432,4.491733074188232,362920000,59.53150177001953,60.04899978637695,59.150001525878906,59.948001861572266,59.45659255981445,133178000
2019-05-01,52.470001220703125,53.82749938964844,52.307498931884766,52.630001068115234,50.20988464355469,259309200,4.577750205993652,4.620250225067139,4.511499881744385,4.511750221252441,4.478582382202148,354280000,59.875,59.962501525878906,58.58399963378906,58.66600036621094,58.18510437011719,74340000
2019-05-02,52.459999084472656,53.162498474121094,52.032501220703125,52.287498474121094,49.88313293457031,127985200,4.521500110626221,4.6217498779296875,4.478000164031982,4.579750061035156,4.54608154296875,394684000,58.630001068115234,58.96900177001953,57.916500091552734,58.32550048828125,57.847389221191406,45098000
2019-05-03,52.72249984741211,52.959999084472656,52.557498931884766,52.9375,50.50324630737305,83569600,4.588250160217285,4.598249912261963,4.51324987411499,4.575250148773193,4.541614532470703,336824000,58.87049865722656,59.56999969482422,58.6775016784668,59.477500915527344,58.98995590209961,41588000
2019-05-06,51.0724983215332,52.209999084472656,50.875,52.119998931884766,49.72334289550781,129772400,4.387499809265137,4.508500099182129,4.349999904632568,4.496250152587891,4.46319580078125,422176000,58.599998474121094,59.77149963378906,58.55799865722656,59.67300033569336,59.18384552001953,31774000
2019-05-07,51.470001220703125,51.85499954223633,50.20750045776367,50.71500015258789,48.3829460144043,155054800,4.447500228881836,4.447500228881836,4.279250144958496,4.327750205993652,4.295933723449707,555220000,59.29050064086914,59.73849868774414,58.25,58.94300079345703,58.45983123779297,36604000
2019-05-08,50.474998474121094,51.334999084472656,50.4375,50.724998474121094,48.392494201660156,105358000,4.300000190734863,4.428750038146973,4.288000106811523,4.3480000495910645,4.31603479385376,419168000,58.864498138427734,59.2135009765625,58.381500244140625,58.53900146484375,58.059139251708984,25520000
2019-05-09,50.099998474121094,50.41999816894531,49.165000915527344,50.18000030517578,47.87255859375,139634400,4.278500080108643,4.288249969482422,4.135000228881836,4.254749774932861,4.223467826843262,660248000,58.130001068115234,58.70349884033203,57.731998443603516,58.39849853515625,57.9197883605957,29556000
2019-05-10,49.35499954223633,49.712501525878906,48.192501068115234,49.29499816894531,47.209346771240234,164834800,4.223750114440918,4.289750099182129,4.099999904632568,4.2204999923706055,4.18947172164917,569500000,58.44200134277344,58.81399917602539,57.31850051879883,58.38199996948242,57.90342712402344,31650000
2019-05-13,46.9275016784668,47.369998931884766,45.712501525878906,46.43000030517578,44.465572357177734,229722400,4.087500095367432,4.110750198364258,3.9452500343322754,3.961250066757202,3.932128429412842,656912000,57.262001037597656,57.5984992980957,56.275001525878906,56.829498291015625,56.36365509033203,45626000
2019-05-14,46.602500915527344,47.42499923706055,46.352500915527344,47.165000915527344,45.169471740722656,146118800,4.00124979019165,4.08650016784668,3.962249994277954,4.051000118255615,4.021219253540039,524880000,57.11600112915039,57.243499755859375,56.17649841308594,56.24300003051758,55.78196334838867,40392000
2019-05-15,46.567501068115234,47.9375,46.505001068115234,47.72999954223633,45.71056365966797,106178800,3.994999885559082,4.026249885559082,3.9352500438690186,3.989500045776367,3.960170269012451,502320000,56.127498626708984,58.915000915527344,56.06999969482422,58.540000915527344,58.06013107299805,59302000
2019-05-16,47.477500915527344,48.11750030517578,47.209999084472656,47.52000045776367,45.50945281982422,132125600,3.9839999675750732,4.047749996185303,3.9412500858306885,4.004749774932861,3.9753081798553467,781088000,58.59199905395508,59.70800018310547,58.42250061035156,59.224998474121094,58.7395133972168,35308000
2019-05-17,46.73249816894531,47.724998474121094,46.689998626708984,47.25,45.25086975097656,131516400,3.9625000953674316,4.092750072479248,3.873500108718872,3.913249969482422,3.884481191635132,1022068000,58.791500091552734,59.31449890136719,58.32099914550781,58.43899917602539,57.9599609375,25362000
2019-05-20,45.880001068115234,46.087501525878906,45.06999969482422,45.772499084472656,43.83588790893555,154449200,3.8137500286102295,3.8692500591278076,3.768749952316284,3.793750047683716,3.765859842300415,572064000,57.650001525878906,57.650001525878906,56.90700149536133,57.233001708984375,56.763851165771484,30602000
2019-05-21,46.30500030517578,47.0,46.17499923706055,46.650001525878906,44.6762580871582,113459200,3.8550000190734863,3.8924999237060547,3.815999984741211,3.876499891281128,3.84800124168396,361848000,57.7239990234375,57.900001525878906,57.16550064086914,57.72200012207031,57.248836517333984,20562000
2019-05-22,46.165000915527344,46.4275016784668,45.63750076293945,45.69499969482422,43.76166534423828,118994400,3.8375000953674316,3.8637499809265137,3.7939999103546143,3.805000066757202,3.777026891708374,325868000,57.5625,58.18899917602539,57.54999923706055,57.79249954223633,57.318756103515625,18826000
2019-05-23,44.95000076293945,45.1349983215332,44.45249938964844,44.915000915527344,43.01465606689453,146118800,3.7422499656677246,3.7422499656677246,3.6227500438690186,3.683000087738037,3.655924081802368,591844000,57.30350112915039,57.502498626708984,56.65800094604492,57.266998291015625,56.797569274902344,25214000
2019-05-24,45.04999923706055,45.53499984741211,44.654998779296875,44.74250030517578,42.84946060180664,94858800,3.7019999027252197,3.737499952316284,3.621999979019165,3.6287500858306885,3.6020724773406982,357584000,57.599998474121094,57.71799850463867,56.83549880981445,56.93050003051758,56.463829040527344,18554000
2019-05-28,44.72999954223633,45.147499084472656,44.477500915527344,44.557498931884766,42.672279357910156,111792800,3.6465001106262207,3.679500102996826,3.581249952316284,3.583250045776367,3.5569076538085938,428356000,57.07400131225586,57.824501037597656,56.93349838256836,56.97800064086914,56.51094055175781,20948000
2019-05-29,44.10499954223633,44.837501525878906,44.0,44.345001220703125,42.46877670288086,113924800,3.535249948501587,3.570499897003174,3.4735000133514404,3.508500099182129,3.4827065467834473,559800000,56.6349983215332,56.75,55.59749984741211,55.99700164794922,55.5379753112793,36230000
2019-05-30,44.48749923706055,44.807498931884766,44.16749954223633,44.57500076293945,42.68905258178711,84873600,3.5077500343322754,3.543750047683716,3.4392499923706055,3.477750062942505,3.456122636795044,394300000,56.00749969482422,56.34000015258789,55.79499816894531,56.070499420166016,55.61087417602539,18088000
2019-05-31,44.057498931884766,44.497501373291016,43.747501373291016,43.76750183105469,41.91572189331055,108174400,3.428499937057495,3.4962499141693115,3.3847498893737793,3.3864998817443848,3.3654396533966064,389720000,55.28200149536133,55.66999816894531,55.16749954223633,55.32500076293945,54.871490478515625,31582000
2019-06-03,43.900001525878906,44.47999954223633,42.567501068115234,43.32500076293945,41.491947174072266,161584400,3.397749900817871,3.4367499351501465,3.315000057220459,3.3445000648498535,3.3237016201019287,478644000,53.346500396728516,53.349998474121094,51.35150146484375,51.9370002746582,51.511253356933594,96890000
2019-06-04,43.86000061035156,44.95750045776367,43.630001068115234,44.90999984741211,43.00986862182617,123872000,3.4089999198913574,3.5802500247955322,3.3867499828338623,3.575000047683716,3.5527682304382324,641836000,52.2244987487793,52.922000885009766,51.80149841308594,52.7244987487793,52.292301177978516,60512000
2019-06-05,46.06999969482422,46.247501373291016,45.28499984741211,45.6349983215332,43.704193115234375,119093600,3.649250030517578,3.654750108718872,3.495500087738037,3.5320000648498535,3.510035514831543,511616000,52.75,52.84049987792969,51.650001525878906,52.231998443603516,51.803836822509766,46988000
2019-06-06,45.77000045776367,46.36750030517578,45.537498474121094,46.30500030517578,44.34585952758789,90105200,3.536250114440918,3.6192500591278076,3.533750057220459,3.5945000648498535,3.5721473693847656,408140000,52.31050109863281,52.5,51.7755012512207,52.38800048828125,51.95856475830078,29020000
2019-06-07,46.627498626708984,47.97999954223633,46.442501068115234,47.537498474121094,45.526206970214844,122737600,3.6005001068115234,3.671999931335449,3.581249952316284,3.637500047683716,3.614880084991455,348856000,52.7140007019043,53.67150115966797,52.557498931884766,53.41849899291992,52.980613708496094,43828000
2019-06-10,47.95249938964844,48.842498779296875,47.904998779296875,48.14500045776367,46.10799789428711,104883600,3.694000005722046,3.779750108718872,3.694000005722046,3.710750102996826,3.6876745223999023,402780000,53.849998474121094,54.742000579833984,53.763999938964844,54.13800048828125,53.69422149658203,28510000
2019-06-11,48.71500015258789,49.0,48.400001525878906,48.70249938964844,46.64192199707031,107731600,3.7709999084472656,3.809000015258789,3.7290000915527344,3.768749952316284,3.7453131675720215,383872000,54.8494987487793,55.20050048828125,53.97850036621094,54.051998138427734,53.60892105102539,33508000
2019-06-12,48.48749923706055,48.99250030517578,48.34749984741211,48.54750061035156,46.493473052978516,73012800,3.7249999046325684,3.731250047683716,3.6397500038146973,3.6549999713897705,3.632270574569702,358892000,53.997501373291016,54.125999450683594,53.47999954223633,53.95500183105469,53.512718200683594,23670000
2019-06-13,48.67499923706055,49.1974983215332,48.400001525878906,48.537498474121094,46.4838981628418,86698400,3.6772499084472656,3.7249999046325684,3.6594998836517334,3.7065000534057617,3.68345046043396,308080000,54.23550033569336,54.829498291015625,54.128501892089844,54.550498962402344,54.103336334228516,20814000
2019-06-14,47.88750076293945,48.397499084472656,47.57500076293945,48.185001373291016,46.14631652832031,75046000,3.6127500534057617,3.6372499465942383,3.571000099182129,3.615999937057495,3.593513250350952,394428000,54.48699951171875,54.737998962402344,54.07400131225586,54.314998626708984,53.86976623535156,24582000
2019-06-17,48.224998474121094,48.7400016784668,48.04249954223633,48.47249984741211,46.42164611816406,58676400,3.6142499446868896,3.6630001068115234,3.591249942779541,3.6257500648498535,3.603203058242798,276040000,54.45500183105469,55.06399917602539,54.400001525878906,54.69449996948242,54.246150970458984,19770000
2019-06-18,49.01250076293945,50.0724983215332,48.8025016784668,49.61249923706055,47.513404846191406,106204000,3.6875,3.8777499198913574,3.676500082015991,3.822000026702881,3.798231601715088,581920000,55.57500076293945,55.93899917602539,55.03950119018555,55.262001037597656,54.80900955200195,34526000
2019-06-19,49.91999816894531,49.970001220703125,49.32749938964844,49.467498779296875,47.37454605102539,84496800,3.8575000762939453,3.86899995803833,3.8017499446868896,3.828000068664551,3.8041951656341553,331644000,55.36199951171875,55.471500396728516,54.80149841308594,55.22549819946289,54.772796630859375,26714000
2019-06-20,50.092498779296875,50.15250015258789,49.50749969482422,49.8650016784668,47.75522994995117,86056000,3.919250011444092,3.9332499504089355,3.8380000591278076,3.8524999618530273,3.828542470932007,350168000,56.084999084472656,56.13600158691406,55.349998474121094,55.65999984741211,55.2037353515625,24018000
2019-06-21,49.70000076293945,50.212501525878906,49.537498474121094,49.69499969482422,47.59242630004883,191202400,3.8375000953674316,3.88700008392334,3.7874999046325684,3.7939999103546143,3.770406484603882,434428000,55.49300003051758,56.32849884033203,55.486000061035156,56.26850128173828,55.8072509765625,50774000
2019-06-24,49.6349983215332,50.040000915527344,49.54249954223633,49.64500045776367,47.54454803466797,72881600,3.815500020980835,3.846250057220459,3.7679998874664307,3.816499948501587,3.7927658557891846,282948000,56.0,56.17850112915039,55.66550064086914,55.834999084472656,55.3773078918457,24236000
2019-06-25,49.60749816894531,49.814998626708984,48.8224983215332,48.89250183105469,46.82387924194336,84281200,3.821500062942505,3.8970000743865967,3.784250020980835,3.7869999408721924,3.7634501457214355,311868000,55.75400161743164,55.78499984741211,54.22999954223633,54.37900161743164,53.93324279785156,31644000
2019-06-26,49.442501068115234,50.247501373291016,49.337501525878906,49.95000076293945,47.83664321899414,104270000,3.915250062942505,4.043000221252441,3.902250051498413,3.9814999103546143,3.956740617752075,584072000,54.54999923706055,54.75600051879883,53.68450164794922,54.01599884033203,53.57321548461914,34698000
2019-06-27,50.0724983215332,50.39250183105469,49.89250183105469,49.935001373291016,47.8222770690918,83598800,4.067749977111816,4.099999904632568,4.031499862670898,4.080749988555908,4.055373668670654,445440000,54.337501525878906,54.42300033569336,53.79249954223633,53.83150100708008,53.39023208618164,24078000
2019-06-28,49.66999816894531,49.875,49.26250076293945,49.47999954223633,47.38652420043945,124442400,4.125,4.134250164031982,4.058750152587891,4.10575008392334,4.080216884613037,397668000,53.86149978637695,54.13999938964844,53.689998626708984,54.13999938964844,53.69620132446289,33672000
2019-07-01,50.79249954223633,51.122501373291016,50.162498474121094,50.38750076293945,48.2556266784668,109012000,4.3142499923706055,4.348750114440918,4.116499900817871,4.154250144958496,4.128415107727051,709756000,55.051998138427734,55.429500579833984,54.76649856567383,55.0,54.54915237426758,29196000
2019-07-02,50.352500915527344,50.782501220703125,50.34000015258789,50.682498931884766,48.53815460205078,67740800,4.137499809265137,4.158750057220459,4.042500019073486,4.055749893188477,4.030528545379639,400228000,55.24150085449219,55.644500732421875,54.98350143432617,55.630001068115234,55.17399215698242,20630000
2019-07-03,50.81999969482422,51.11000061035156,50.67250061035156,51.102500915527344,48.94036865234375,45448000,4.079249858856201,4.085000038146973,4.008500099182129,4.068749904632568,4.043447494506836,246636000,55.92499923706055,56.39950180053711,55.74250030517578,56.14950180053711,55.689231872558594,20154000
2019-07-05,50.837501525878906,51.27000045776367,50.724998474121094,51.057498931884766,48.89728546142578,69062000,4.010000228881836,4.014500141143799,3.941999912261963,4.0057501792907715,3.980839729309082,396552000,55.96849822998047,56.73249816894531,55.875,56.63349914550781,56.16926574707031,29794000
2019-07-08,50.20249938964844,50.349998474121094,49.602500915527344,50.005001068115234,47.88930892944336,101354400,3.9457499980926514,3.964750051498413,3.9000000953674316,3.9302499294281006,3.9058094024658203,329788000,56.29349899291992,56.36050033569336,55.5880012512207,55.839500427246094,55.38176727294922,29888000
2019-07-09,49.79999923706055,50.377498626708984,49.70249938964844,50.310001373291016,48.181419372558594,82312000,3.8877499103546143,3.9609999656677246,3.875,3.9327499866485596,3.9082934856414795,342860000,55.51599884033203,56.393001556396484,55.35749816894531,56.214500427246094,55.75370407104492,29472000
2019-07-10,50.462501525878906,50.932498931884766,50.38999938964844,50.807498931884766,48.65785217285156,71588400,3.9765000343322754,4.0592498779296875,3.9625000953674316,4.001500129699707,3.9766159057617188,452076000,56.61600112915039,57.117000579833984,56.53300094604492,57.045501708984375,56.57789611816406,30710000
2019-07-11,50.82749938964844,51.09749984741211,50.4275016784668,50.4375,48.303504943847656,80767200,4.074999809265137,4.197999954223633,4.037499904632568,4.1570000648498535,4.1311492919921875,682560000,57.30799865722656,57.6619987487793,56.97650146484375,57.20399856567383,56.735084533691406,26004000
2019-07-12,50.61249923706055,51.0,50.54999923706055,50.82500076293945,48.674617767333984,70380800,4.184999942779541,4.261750221252441,4.184999942779541,4.190249919891357,4.164192199707031,506392000,57.14649963378906,57.375,56.928001403808594,57.266998291015625,56.797569274902344,21878000
2019-07-15,51.022499084472656,51.467498779296875,51.0,51.3025016784668,49.131927490234375,67789600,4.21150016784668,4.227749824523926,4.153250217437744,4.1817498207092285,4.155745506286621,289840000,57.266998291015625,57.534000396728516,57.0,57.5255012512207,57.053951263427734,21164000
2019-07-16,51.147499084472656,51.52750015258789,50.875,51.125,48.9619255065918,67467200,4.166749954223633,4.204249858856201,4.120999813079834,4.177000045776367,4.151023864746094,341444000,57.33649826049805,57.92900085449219,57.33649826049805,57.67300033569336,57.20024108886719,25352000
2019-07-17,51.01250076293945,51.272499084472656,50.817501068115234,50.837501525878906,48.686580657958984,56430000,4.178750038146973,4.249750137329102,4.149250030517578,4.24275016784668,4.216366291046143,348204000,57.54600143432617,57.922000885009766,57.33100128173828,57.33700180053711,56.86699676513672,19538000
2019-07-18,51.0,51.470001220703125,50.92499923706055,51.415000915527344,49.239662170410156,74162400,4.2532501220703125,4.317749977111816,4.196249961853027,4.254499912261963,4.228043079376221,442192000,57.099998474121094,57.40850067138672,56.643001556396484,57.36199951171875,56.891788482666016,25450000
2019-07-19,51.4474983215332,51.625,50.59000015258789,50.647499084472656,48.50463104248047,83717200,4.293000221252441,4.299499988555908,4.204999923706055,4.210999965667725,4.184813976287842,344896000,57.465999603271484,57.57899856567383,56.5625,56.57749938964844,56.11371612548828,23184000
2019-07-22,50.912498474121094,51.807498931884766,50.90250015258789,51.80500030517578,49.61315155029297,89111600,4.232500076293945,4.296000003814697,4.224999904632568,4.2829999923706055,4.256364345550537,315940000,56.77349853515625,57.000999450683594,56.260501861572266,56.96049880981445,56.49357604980469,28914000
2019-07-23,52.1150016784668,52.227500915527344,51.8224983215332,52.209999084472656,50.001014709472656,73420800,4.322500228881836,4.393499851226807,4.3067498207092285,4.391499996185303,4.364189624786377,428176000,57.17250061035156,57.44300079345703,56.64250183105469,57.40250015258789,56.93196105957031,20648000
2019-07-24,51.91749954223633,52.287498474121094,51.79249954223633,52.16749954223633,49.96031951904297,59966400,4.434999942779541,4.472249984741211,4.358500003814697,4.4664998054504395,4.438725471496582,366236000,56.63100051879883,57.27299880981445,56.425498962402344,56.98649978637695,56.51936721801758,27192000
2019-07-25,52.22249984741211,52.310001373291016,51.682498931884766,51.755001068115234,49.565269470214844,55638400,4.424749851226807,4.4375,4.310999870300293,4.334499835968018,4.307543754577637,392700000,56.9474983215332,57.179500579833984,56.18550109863281,56.797000885009766,56.331424713134766,54762000
2019-07-26,51.869998931884766,52.432498931884766,51.78499984741211,51.935001373291016,49.737648010253906,70475600,4.36175012588501,4.423749923706055,4.36175012588501,4.3767499923706055,4.3495330810546875,274160000,61.400001525878906,63.419498443603516,61.400001525878906,62.26100158691406,61.75063705444336,121216000
2019-07-29,52.1150016784668,52.65999984741211,52.11000061035156,52.41999816894531,50.20213317871094,86693600,4.369500160217285,4.386750221252441,4.281750202178955,4.370500087738037,4.343321323394775,248160000,62.125,62.449501037597656,61.5099983215332,62.09199905395508,61.58301544189453,41382000
2019-07-30,52.189998626708984,52.540000915527344,51.82749938964844,52.19499969482422,49.98665237426758,135742800,4.323750019073486,4.398499965667725,4.3092498779296875,4.386250019073486,4.358972072601318,197772000,61.349998474121094,61.84550094604492,61.26599884033203,61.400001525878906,60.89668655395508,28616000
2019-07-31,54.10499954223633,55.342498779296875,52.82500076293945,53.2599983215332,51.006591796875,277125600,4.354499816894531,4.355500221252441,4.17549991607666,4.2179999351501465,4.191769599914551,359416000,61.243499755859375,61.74549865722656,60.409000396728516,60.90999984741211,60.410701751708984,39960000
2019-08-01,53.474998474121094,54.50749969482422,51.685001373291016,52.10749816894531,49.902854919433594,216071600,4.228499889373779,4.319499969482422,4.070499897003174,4.123000144958496,4.097360610961914,421212000,60.881500244140625,61.814998626708984,60.349998474121094,60.5890007019043,60.09233474731445,35426000
2019-08-02,51.38249969482422,51.60749816894531,50.407501220703125,51.005001068115234,48.847007751464844,163448400,4.029749870300293,4.0995001792907715,3.9820001125335693,4.029749870300293,4.0046916007995605,428348000,60.150001525878906,60.474998474121094,59.5,59.816001892089844,59.3256721496582,34910000
2019-08-05,49.497501373291016,49.662498474121094,48.14500045776367,48.334999084472656,46.28996658325195,209572000,3.8450000286102295,3.846250057220459,3.7225000858306885,3.7697501182556152,3.746306896209717,589156000,58.64849853515625,58.84400177001953,57.13750076293945,57.73749923706055,57.26420974731445,47840000
2019-08-06,49.07749938964844,49.51750183105469,48.5099983215332,49.25,47.16625213623047,143299200,3.8450000286102295,3.890749931335449,3.7607500553131104,3.8087499141693115,3.785064935684204,361272000,58.2760009765625,59.06999969482422,58.076499938964844,58.55400085449219,58.07402038574219,36014000
2019-08-07,48.852500915527344,49.88999938964844,48.45500183105469,49.7599983215332,47.6546745300293,133457600,3.747499942779541,3.859250068664551,3.7300000190734863,3.847249984741211,3.8233249187469482,372560000,57.88999938964844,58.993499755859375,57.54199981689453,58.795501708984375,58.313541412353516,30686000
2019-08-08,50.04999923706055,50.88249969482422,49.84749984741211,50.85749816894531,48.70573425292969,108038000,3.905250072479248,3.957750082015991,3.8475000858306885,3.9565000534057617,3.9318957328796387,309300000,59.32149887084961,60.31399917602539,58.70000076293945,60.30950164794922,59.81513214111328,30116000
2019-08-09,50.32500076293945,50.689998626708984,49.8224983215332,50.247501373291016,48.304378509521484,98478800,3.915250062942505,3.918750047683716,3.8037500381469727,3.8545000553131104,3.8305299282073975,341816000,59.9995002746582,60.222999572753906,59.24449920654297,59.44499969482422,58.95771408081055,20418000
2019-08-12,49.904998779296875,50.51250076293945,49.787498474121094,50.119998931884766,48.18181228637695,89927600,3.802000045776367,3.8545000553131104,3.7642500400543213,3.786250114440918,3.7627053260803223,279200000,59.0,59.28049850463867,58.43600082397461,58.724998474121094,58.243614196777344,22064000
2019-08-13,50.255001068115234,53.03499984741211,50.119998931884766,52.24250030517578,50.22224044799805,188874000,3.784749984741211,3.947499990463257,3.745500087738037,3.901249885559082,3.8769898414611816,351956000,58.717498779296875,60.27149963378906,58.64950180053711,59.83649826049805,59.346004486083984,28434000
2019-08-14,50.790000915527344,51.61000061035156,50.647499084472656,50.6875,48.72737503051758,146189600,3.8125,3.8237500190734863,3.707750082015991,3.7517499923706055,3.728419542312622,419880000,58.80350112915039,59.13949966430664,58.05350112915039,58.212501525878906,57.73532485961914,35430000
2019-08-15,50.8650016784668,51.28499984741211,49.91749954223633,50.435001373291016,48.4846305847168,108909600,3.770750045776367,3.790750026702881,3.6847500801086426,3.719249963760376,3.6961216926574707,477200000,58.42150115966797,58.82099914550781,58.150001525878906,58.465999603271484,57.98674011230469,28506000
2019-08-16,51.06999969482422,51.790000915527344,50.959999084472656,51.625,49.628623962402344,110481600,3.983750104904175,4.03849983215332,3.921999931335449,3.989000082015991,3.96419358253479,1007960000,59.03950119018555,59.19200134277344,58.650001525878906,58.96049880981445,58.47718811035156,24916000
2019-08-19,52.654998779296875,53.182498931884766,52.50749969482422,52.587501525878906,50.55389404296875,97654400,4.103000164031982,4.2855000495910645,4.086750030517578,4.269499778747559,4.24294900894165,815112000,59.59149932861328,60.46950149536133,59.52000045776367,60.02199935913086,59.52998352050781,24450000
2019-08-20,52.720001220703125,53.337501525878906,52.58000183105469,52.59000015258789,50.556297302246094,107537200,4.263999938964844,4.264500141143799,4.17549991607666,4.196750164031982,4.170652389526367,463188000,59.76750183105469,59.900001525878906,59.15250015258789,59.17649841308594,58.6914176940918,20206000
2019-08-21,53.247501373291016,53.412498474121094,52.900001525878906,53.15999984741211,51.10426330566406,86141600,4.26324987411499,4.336249828338623,4.241499900817871,4.280749797821045,4.254129886627197,427244000,59.79100036621094,60.02799987792969,59.395999908447266,59.57899856567383,59.09062194824219,14152000
2019-08-22,53.29750061035156,53.61000061035156,52.6875,53.1150016784668,51.06100082397461,89014800,4.290500164031982,4.333250045776367,4.247499942779541,4.2870001792907715,4.260341644287109,303488000,59.689998626708984,59.93899917602539,58.945499420166016,59.57600021362305,59.087642669677734,17352000
2019-08-23,52.35749816894531,53.01250076293945,50.25,50.65999984741211,48.700923919677734,187272000,4.210000038146973,4.264750003814697,4.040999889373779,4.060999870300293,4.035745620727539,568056000,59.25849914550781,59.78350067138672,57.5,57.67900085449219,57.20619583129883,36254000
2019-08-26,51.46500015258789,51.79750061035156,51.26499938964844,51.622501373291016,49.62620162963867,104174400,4.140250205993652,4.1645002365112305,4.097750186920166,4.136250019073486,4.110528469085693,318208000,57.97249984741211,58.59299850463867,57.74250030517578,58.558998107910156,58.0789680480957,21166000
2019-08-27,51.96500015258789,52.13750076293945,50.88249969482422,51.040000915527344,49.06623077392578,103493200,4.174749851226807,4.177499771118164,4.015500068664551,4.045000076293945,4.019845008850098,290968000,59.150001525878906,59.25,58.22800064086914,58.54100036621094,58.06113052368164,23460000
2019-08-28,51.025001525878906,51.43000030517578,50.83000183105469,51.38249969482422,49.39549255371094,63755200,4.014500141143799,4.083499908447266,3.9749999046325684,4.0304999351501465,4.009400367736816,255612000,58.243499755859375,58.92499923706055,58.01250076293945,58.6875,58.206424713134766,16810000
2019-08-29,52.125,52.33000183105469,51.665000915527344,52.252498626708984,50.23185729980469,83962000,4.122499942779541,4.207499980926514,4.11899995803833,4.175000190734863,4.153143882751465,357976000,59.32099914550781,59.95949935913086,59.263999938964844,59.71200180053711,59.2225341796875,19636000
2019-08-30,52.540000915527344,52.61249923706055,51.79999923706055,52.185001373291016,50.16696548461914,84573600,4.221499919891357,4.271500110626221,4.16949987411499,4.187749862670898,4.165827751159668,290616000,60.01750183105469,60.01750183105469,59.2859992980957,59.5265007019043,59.03854751586914,18064000
2019-09-03,51.60749816894531,51.744998931884766,51.05500030517578,51.42499923706055,49.436336517333984,80092000,4.114500045776367,4.147749900817871,4.081250190734863,4.104249954223633,4.082764625549316,296140000,59.092498779296875,59.45399856567383,58.18550109863281,58.477500915527344,57.99814987182617,25908000
2019-09-04,52.09749984741211,52.369998931884766,51.83000183105469,52.29750061035156,50.275108337402344,76752400,4.165249824523926,4.226500034332275,4.165249824523926,4.218999862670898,4.196913719177246,227728000,58.97249984741211,59.24399948120117,58.576499938964844,59.11349868774414,58.628929138183594,21312000
2019-09-05,53.0,53.49250030517578,52.877498626708984,53.31999969482422,51.258052825927734,95654800,4.321750164031982,4.499750137329102,4.320000171661377,4.493500232696533,4.469977378845215,695676000,59.68299865722656,60.70000076293945,59.634498596191406,60.609500885009766,60.112674713134766,26394000
2019-09-06,53.51250076293945,53.60499954223633,53.127498626708984,53.314998626708984,51.25325393676758,77449200,4.46999979019165,4.527249813079834,4.427999973297119,4.466249942779541,4.442869663238525,376976000,60.457000732421875,60.647499084472656,60.16299819946289,60.316001892089844,59.82157897949219,18972000
2019-09-09,53.709999084472656,54.11000061035156,52.76750183105469,53.54249954223633,51.471961975097656,109237600,4.497499942779541,4.5995001792907715,4.495999813079834,4.512499809265137,4.48887825012207,417524000,60.354000091552734,61.02750015258789,59.65850067138672,60.26350021362305,59.76950454711914,31854000
2019-09-10,53.46500015258789,54.19499969482422,52.9275016784668,54.17499923706055,52.07999801635742,127111600,4.479499816894531,4.606249809265137,4.469749927520752,4.579500198364258,4.5555267333984375,352812000,59.804500579833984,60.5,59.800498962402344,60.28499984741211,59.790828704833984,27922000
2019-09-11,54.51750183105469,55.9275016784668,54.432498931884766,55.897499084472656,53.735897064208984,177158400,4.594250202178955,4.656750202178955,4.565000057220459,4.608250141143799,4.5841264724731445,361512000,60.19449996948242,61.12350082397461,60.11399841308594,61.0,60.499969482421875,23522000
2019-09-12,56.20000076293945,56.60499954223633,55.71500015258789,55.772499084472656,53.61572265625,128906800,4.65500020980835,4.710000038146973,4.598750114440918,4.606750011444092,4.582633018493652,327840000,61.173500061035156,62.12099838256836,61.12799835205078,61.74850082397461,61.24233627319336,31644000
2019-09-13,55.0,55.1974983215332,54.255001068115234,54.6875,52.57268142700195,159053200,4.539750099182129,4.577000141143799,4.504499912261963,4.548500061035156,4.524689674377441,324592000,61.605499267578125,62.0525016784668,61.354000091552734,62.00149917602539,61.493263244628906,23676000
2019-09-16,54.432498931884766,55.032501220703125,54.38999938964844,54.974998474121094,52.84907531738281,84632400,4.4730000495910645,4.539999961853027,4.462500095367432,4.505249977111816,4.481665134429932,231832000,61.52199935913086,61.95100021362305,61.259498596191406,61.58150100708008,61.07670211791992,28218000
2019-09-17,54.9900016784668,55.20500183105469,54.779998779296875,55.17499923706055,53.04133224487305,73274800,4.51200008392334,4.531000137329102,4.465250015258789,4.526750087738037,4.503052234649658,223048000,61.58150100708008,61.75,61.16749954223633,61.49399948120117,60.98991775512695,20806000
2019-09-18,55.26499938964844,55.712501525878906,54.86000061035156,55.692501068115234,53.53882598876953,101360000,4.519750118255615,4.5355000495910645,4.412499904632568,4.499499797821045,4.475944995880127,258152000,61.512001037597656,61.8120002746582,60.82350158691406,61.63249969482422,61.127281188964844,17440000
2019-09-19,55.502498626708984,55.939998626708984,55.092498779296875,55.2400016784668,53.10381317138672,88242400,4.505499839782715,4.52400016784668,4.412749767303467,4.423500061035156,4.400343894958496,245476000,61.61600112915039,62.21699905395508,61.615501403808594,61.9375,61.429786682128906,16554000
2019-09-20,55.345001220703125,55.63999938964844,54.36750030517578,54.432498931884766,52.327545166015625,221652400,4.422500133514404,4.446249961853027,4.307000160217285,4.317249774932861,4.29464864730835,350244000,61.68199920654297,62.13999938964844,61.17900085449219,61.492000579833984,60.987937927246094,37692000
2019-09-23,54.73749923706055,54.959999084472656,54.412498474121094,54.68000030517578,52.56547927856445,76662000,4.317500114440918,4.416749954223633,4.31374979019165,4.370999813079834,4.348117351531982,249712000,61.32849884033203,61.98400115966797,61.18899917602539,61.734500885009766,61.228450775146484,20798000
2019-09-24,55.25749969482422,55.622501373291016,54.29750061035156,54.41999816894531,52.31553268432617,124763200,4.402500152587891,4.432250022888184,4.277500152587891,4.3132500648498535,4.290670394897461,317268000,62.0,62.355499267578125,60.53200149536133,60.916500091552734,60.417152404785156,35804000
2019-09-25,54.63750076293945,55.375,54.28499984741211,55.25749969482422,53.12064743041992,87613600,4.312749862670898,4.475500106811523,4.267749786376953,4.455749988555908,4.432424545288086,308432000,60.800498962402344,62.4010009765625,60.459999084472656,62.297000885009766,61.786338806152344,26798000
2019-09-26,55.0,55.23500061035156,54.70750045776367,54.97249984741211,52.84666442871094,75334000,4.446000099182129,4.454750061035156,4.38224983215332,4.433499813079834,4.410290718078613,234564000,62.106998443603516,62.23350143432617,61.590999603271484,62.114498138427734,61.60533142089844,23166000
2019-09-27,55.1349983215332,55.2400016784668,54.31999969482422,54.70500183105469,52.589508056640625,101408000,4.391499996185303,4.442500114440918,4.232999801635742,4.294000148773193,4.271521091461182,362056000,62.14149856567383,62.2495002746582,60.7599983215332,61.29750061035156,60.79502868652344,34122000
2019-09-30,55.224998474121094,56.14500045776367,55.1974983215332,55.99250030517578,53.82722473144531,103909600,4.320000171661377,4.361999988555908,4.28849983215332,4.351749897003174,4.328968524932861,186184000,61.029998779296875,61.37049865722656,60.67100143432617,61.05699920654297,60.55649948120117,24470000
2019-10-01,56.26750183105469,57.05500030517578,56.04999923706055,56.147499084472656,53.976234436035156,139223200,4.375,4.525000095367432,4.345250129699707,4.349999904632568,4.327227592468262,366008000,61.1245002746582,61.643001556396484,60.27750015258789,60.29999923706055,59.80570602416992,24504000
2019-10-02,55.76499938964844,55.89500045776367,54.48249816894531,54.7400016784668,52.62315368652344,138449200,4.328000068664551,4.340000152587891,4.2532501220703125,4.326000213623047,4.303354740142822,293372000,59.82500076293945,59.9379997253418,58.631500244140625,58.895999908447266,58.41321563720703,33030000
2019-10-03,54.60749816894531,55.2400016784668,53.782501220703125,55.20500183105469,53.070186614990234,114426000,4.33050012588501,4.539000034332275,4.300000190734863,4.532750129699707,4.509021759033203,450588000,59.16699981689453,59.54999923706055,58.15700149536133,59.471500396728516,58.98400115966797,28368000
2019-10-04,56.40999984741211,56.872501373291016,55.97249984741211,56.752498626708984,54.55782699584961,138478800,4.534999847412109,4.578750133514404,4.4695000648498535,4.54925012588501,4.525434970855713,265524000,59.714500427246094,60.62300109863281,59.548500061035156,60.54800033569336,60.05167007446289,24282000
2019-10-07,56.567501068115234,57.48249816894531,56.459999084472656,56.76499938964844,54.56985092163086,122306000,4.614500045776367,4.708499908447266,4.60575008392334,4.608250141143799,4.5841264724731445,480984000,60.349998474121094,60.945499420166016,60.21799850463867,60.412498474121094,59.91728210449219,17040000
2019-10-08,56.45500183105469,57.01499938964844,56.08250045776367,56.099998474121094,53.93056869506836,111820000,4.515999794006348,4.515999794006348,4.412499904632568,4.430749893188477,4.40755558013916,444436000,59.938499450683594,60.34349822998047,59.4739990234375,59.506500244140625,59.01871109008789,20086000
2019-10-09,56.75749969482422,56.9474983215332,56.40999984741211,56.75749969482422,54.56263732910156,74770400,4.507999897003174,4.567500114440918,4.479000091552734,4.517749786376953,4.494100570678711,292412000,60.06650161743164,60.42300033569336,59.90599822998047,60.119998931884766,59.6271858215332,15948000
2019-10-10,56.98249816894531,57.61000061035156,56.82500076293945,57.522499084472656,55.29805374145508,113013600,4.515500068664551,4.626999855041504,4.510250091552734,4.57574987411499,4.551797389984131,309124000,59.93000030517578,60.78099822998047,59.893001556396484,60.4734992980957,59.97779083251953,12842000
2019-10-11,58.23749923706055,59.40999984741211,58.07749938964844,59.0525016784668,56.768890380859375,166795600,4.660250186920166,4.733500003814697,4.641250133514404,4.649750232696533,4.6254096031188965,446404000,61.201499938964844,61.4375,60.68199920654297,60.785499572753906,60.28722381591797,22330000
2019-10-14,58.724998474121094,59.532501220703125,58.66749954223633,58.967498779296875,56.68718719482422,96427600,4.640999794006348,4.6842498779296875,4.609749794006348,4.663249969482422,4.638838768005371,200040000,60.69449996948242,61.29399871826172,60.59400177001953,60.88850021362305,60.389381408691406,13296000
2019-10-15,59.09749984741211,59.412498474121094,58.720001220703125,58.83000183105469,56.554996490478516,87360000,4.754000186920166,4.982250213623047,4.739999771118164,4.909249782562256,4.883549690246582,664124000,61.07500076293945,62.35649871826172,61.04600143432617,62.11199951171875,61.60285568237305,27584000
2019-10-16,58.342498779296875,58.810001373291016,58.29999923706055,58.592498779296875,56.32667922973633,73903200,4.875,4.980500221252441,4.84375,4.855249881744385,4.829834461212158,428944000,62.09049987792969,62.70949935913086,61.92649841308594,62.150001525878906,61.640541076660156,22986000
2019-10-17,58.772499084472656,59.037498474121094,58.380001068115234,58.81999969482422,56.545379638671875,67585200,4.900000095367432,4.945250034332275,4.802499771118164,4.857250213623047,4.831823348999023,263436000,62.56999969482422,63.1875,62.493499755859375,62.63999938964844,62.12652587890625,20958000
2019-10-18,58.647499084472656,59.39500045776367,58.5724983215332,59.102500915527344,56.81694412231445,97433600,4.857749938964844,4.890500068664551,4.6875,4.762249946594238,4.737320423126221,307440000,62.734500885009766,62.90549850463867,62.00699996948242,62.22050094604492,61.71046829223633,31624000
2019-10-21,59.380001068115234,60.247501373291016,59.33000183105469,60.127498626708984,57.802303314208984,87247200,4.823999881744385,4.913750171661377,4.804999828338623,4.90024995803833,4.874597549438477,261868000,62.435001373291016,62.675498962402344,61.9995002746582,62.2140007019043,61.70402145385742,18094000
2019-10-22,60.290000915527344,60.54999923706055,59.904998779296875,59.9900016784668,57.670135498046875,82293600,4.957499980926514,5.0632500648498535,4.882500171661377,4.890250205993652,4.864650249481201,328720000,62.2239990234375,62.436500549316406,61.99250030517578,62.060001373291016,61.5512809753418,22862000
2019-10-23,60.525001525878906,60.810001373291016,60.30500030517578,60.79499816894531,58.44400405883789,75828800,4.807750225067139,4.891499996185303,4.775750160217285,4.8772501945495605,4.851718902587891,279916000,62.010501861572266,62.902000427246094,62.010501861572266,62.881500244140625,62.36604690551758,21282000
2019-10-24,61.127498626708984,61.20000076293945,60.45249938964844,60.89500045776367,58.540138244628906,69275200,4.918749809265137,4.955249786376953,4.884500026702881,4.921500205993652,4.895736217498779,232020000,62.955501556396484,63.14500045776367,62.61750030517578,62.955501556396484,62.4394416809082,20224000
2019-10-25,60.790000915527344,61.682498931884766,60.720001220703125,61.64500045776367,59.26113510131836,73477200,5.002500057220459,5.134500026702881,4.994750022888184,5.113500118255615,5.086730480194092,423092000,62.599998474121094,63.400001525878906,62.45750045776367,63.21500015258789,62.69681167602539,27104000
2019-10-28,61.85499954223633,62.3125,61.68000030517578,62.26250076293945,59.854759216308594,96572800,5.15749979019165,5.222499847412109,5.127999782562256,5.169750213623047,5.142687797546387,330792000,63.75,64.96199798583984,63.615501403808594,64.4489974975586,63.920684814453125,65428000
2019-10-29,62.24250030517578,62.4375,60.64250183105469,60.8224983215332,58.47043991088867,142839600,5.155749797821045,5.16225004196167,5.053500175476074,5.072999954223633,5.04644250869751,211236000,63.79999923706055,64.04000091552734,62.78049850463867,63.03300094604492,62.51630401611328,52654000
2019-10-30,61.189998626708984,61.32500076293945,60.3025016784668,60.814998626708984,58.463233947753906,124522000,5.099999904632568,5.10575008392334,5.006499767303467,5.074999809265137,5.048431873321533,205960000,62.75749969482422,63.4010009765625,62.532501220703125,63.03499984741211,62.518287658691406,29204000
2019-10-31,61.810001373291016,62.29249954223633,59.314998626708984,62.189998626708984,59.78504943847656,139162000,5.053999900817871,5.074999809265137,4.945250034332275,5.0254998207092285,4.9991912841796875,209732000,63.0,63.32600021362305,62.4739990234375,62.939998626708984,62.42406463623047,31904000
2019-11-01,62.3849983215332,63.98249816894531,62.290000915527344,63.95500183105469,61.481815338134766,151125200,4.989999771118164,5.097249984741211,4.964749813079834,5.0647501945495605,5.038236141204834,283640000,63.290000915527344,63.650001525878906,62.98550033569336,63.61249923706055,63.0910530090332,28812000
2019-11-04,64.3324966430664,64.4625015258789,63.845001220703125,64.375,61.885562896728516,103272000,5.146249771118164,5.275000095367432,5.123000144958496,5.262499809265137,5.234952449798584,376716000,63.80550003051758,64.625,63.80550003051758,64.48049926757812,63.951934814453125,30632000
2019-11-05,64.26249694824219,64.54750061035156,64.08000183105469,64.28250122070312,61.79663848876953,79897600,5.262249946594238,5.28849983215332,5.191999912261963,5.240250110626221,5.2128167152404785,300868000,64.55999755859375,64.86199951171875,64.46900177001953,64.5719985961914,64.04269409179688,25148000
2019-11-06,64.19249725341797,64.37249755859375,63.842498779296875,64.30999755859375,61.82307815551758,75864400,5.216000080108643,5.2417497634887695,5.102749824523926,5.1907501220703125,5.163576126098633,269012000,64.50450134277344,64.64949798583984,64.1135025024414,64.55049896240234,64.0213623046875,24626000
2019-11-07,64.68499755859375,65.0875015258789,64.52749633789062,64.85749816894531,62.53658676147461,94940400,5.277750015258789,5.292500019073486,5.16349983215332,5.208499908447266,5.181234359741211,280340000,64.71399688720703,66.13249969482422,64.6875,65.34700012207031,64.81133270263672,45140000
2019-11-08,64.67250061035156,65.11000061035156,64.2125015258789,65.03500366210938,62.70772933959961,69986400,5.191500186920166,5.226250171661377,5.153749942779541,5.194499969482422,5.167307376861572,189100000,65.07599639892578,65.85549926757812,65.07599639892578,65.44999694824219,64.91349029541016,30392000
2019-11-11,64.57499694824219,65.61750030517578,64.56999969482422,65.55000305175781,63.204322814941406,81821200,5.193749904632568,5.227749824523926,5.10699987411499,5.204500198364258,5.177254676818848,243436000,65.19999694824219,65.24500274658203,64.79350280761719,64.91400146484375,64.38188171386719,17234000
2019-11-12,65.38749694824219,65.69750213623047,65.2300033569336,65.48999786376953,63.1464729309082,87388800,5.243000030517578,5.296500205993652,5.207749843597412,5.240250110626221,5.2128167152404785,283504000,64.92849731445312,65.46749877929688,64.71199798583984,64.8604965209961,64.32881164550781,28852000
2019-11-13,65.28250122070312,66.19499969482422,65.26750183105469,66.11750030517578,63.751487731933594,102734400,5.208749771118164,5.236499786376953,5.147500038146973,5.214250087738037,5.186954021453857,300188000,64.65899658203125,65.1259994506836,64.60749816894531,64.80899810791016,64.27774047851562,20538000
2019-11-14,65.9375,66.22000122070312,65.5250015258789,65.66000366210938,63.31037902832031,89182800,5.223249912261963,5.247000217437744,5.163000106811523,5.244750022888184,5.217294692993164,518080000,64.75,65.78600311279297,64.6969985961914,65.4574966430664,64.92091369628906,28948000
2019-11-15,65.91999816894531,66.44499969482422,65.75250244140625,66.44000244140625,64.06246185302734,100206400,5.242499828338623,5.29449987411499,5.015999794006348,5.104750156402588,5.07802677154541,1053628000,65.75250244140625,66.677001953125,65.59449768066406,66.677001953125,66.13042449951172,39286000
2019-11-18,66.44999694824219,66.85749816894531,66.05750274658203,66.7750015258789,64.38546752929688,86703200,5.097249984741211,5.333749771118164,5.094250202178955,5.307000160217285,5.2792181968688965,574588000,66.61699676513672,66.69599914550781,65.80799865722656,65.99199676513672,65.4510498046875,27984000
2019-11-19,66.9749984741211,67.0,66.34750366210938,66.57250213623047,64.19022369384766,76167200,5.275750160217285,5.299499988555908,5.141250133514404,5.199749946594238,5.172529697418213,414564000,66.33149719238281,66.33149719238281,65.5885009765625,65.62950134277344,65.0915298461914,21864000
2019-11-20,66.38500213623047,66.5199966430664,65.0999984741211,65.79750061035156,63.442955017089844,106234400,5.176750183105469,5.363749980926514,5.164000034332275,5.2795000076293945,5.251861572265625,472588000,65.56800079345703,65.6604995727539,64.46050262451172,65.09300231933594,64.5594253540039,28892000
2019-11-21,65.92250061035156,66.00250244140625,65.29499816894531,65.50250244140625,63.15851593017578,121395200,5.275000095367432,5.330999851226807,5.232749938964844,5.254499912261963,5.226993560791016,288388000,64.9625015258789,65.55599975585938,64.5374984741211,65.00700378417969,64.47412109375,25546000
2019-11-22,65.64749908447266,65.79499816894531,65.20999908447266,65.44499969482422,63.103065490722656,65325200,5.277249813079834,5.323999881744385,5.248499870300293,5.272250175476074,5.2446513175964355,224100000,65.1500015258789,65.34500122070312,64.46800231933594,64.68350219726562,64.15328979492188,27776000
2019-11-25,65.67749786376953,66.61000061035156,65.62999725341797,66.59249877929688,64.20950317382812,84020400,5.401000022888184,5.535250186920166,5.388000011444092,5.530250072479248,5.501298904418945,506476000,64.81300354003906,65.52050018310547,64.78050231933594,65.28199768066406,64.74687194824219,23590000
2019-11-26,66.73500061035156,66.79000091552734,65.625,66.07250213623047,63.7081184387207,105207600,5.512499809265137,5.517250061035156,5.418499946594238,5.425000190734863,5.396601676940918,385244000,65.49549865722656,65.70050048828125,65.2020034790039,65.6500015258789,65.11186981201172,21910000
2019-11-27,66.3949966430664,66.99500274658203,66.32749938964844,66.95999908447266,64.56385803222656,65235600,5.466750144958496,5.50124979019165,5.429500102996826,5.455999851226807,5.431441783905029,215784000,65.77100372314453,65.88200378417969,65.47350311279297,65.60649871826172,65.06871032714844,18808000
2019-11-29,66.6500015258789,67.0,66.4749984741211,66.8125,64.42163848876953,46617600,5.425000190734863,5.453499794006348,5.394499778747559,5.418499946594238,5.394111156463623,141556000,65.33000183105469,65.49749755859375,65.1614990234375,65.20449829101562,64.67000579833984,12802000
2019-12-02,66.81749725341797,67.0625,65.86250305175781,66.04000091552734,63.67676544189453,94487200,5.411499977111816,5.425000190734863,5.216000080108643,5.231249809265137,5.207704544067383,372036000,65.12799835205078,65.27200317382812,64.01899719238281,64.44300079345703,63.91474533081055,26538000
2019-12-03,64.57749938964844,64.88249969482422,64.07250213623047,64.86250305175781,62.541419982910156,114430400,5.046750068664551,5.195499897003174,5.009250164031982,5.191500186920166,5.168134689331055,465232000,63.93299865722656,64.86150360107422,63.852500915527344,64.73699951171875,64.20633697509766,25270000
2019-12-04,65.26750183105469,65.82749938964844,65.16999816894531,65.43499755859375,63.09342956542969,67181600,5.2754998207092285,5.297999858856201,5.20674991607666,5.235499858856201,5.211935997009277,273424000,65.30500030517578,66.2135009765625,65.15249633789062,65.9469985961914,65.40640258789062,35506000
2019-12-05,65.94750213623047,66.47250366210938,65.68250274658203,66.3949966430664,64.0190658569336,74424400,5.257500171661377,5.273250102996826,5.187749862670898,5.218500137329102,5.195013046264648,184884000,66.3499984741211,66.39900207519531,65.71600341796875,66.3479995727539,65.80414581298828,24408000
2019-12-06,66.87000274658203,67.75,66.82499694824219,67.67749786376953,65.25566864013672,106075600,5.288000106811523,5.337250232696533,5.2779998779296875,5.3042497634887695,5.280375957489014,232236000,66.63749694824219,67.12349700927734,66.5615005493164,66.96949768066406,66.4205322265625,32968000
2019-12-09,67.5,67.69999694824219,66.22750091552734,66.7300033569336,64.34209442138672,128042400,5.28125,5.359250068664551,5.272500038146973,5.3042497634887695,5.280375957489014,211880000,66.94300079345703,67.87750244140625,66.80349731445312,67.14949798583984,66.59905242919922,30842000
2019-12-10,67.1500015258789,67.51750183105469,66.46499633789062,67.12000274658203,64.7181396484375,90420400,5.334499835968018,5.401500225067139,5.281499862670898,5.3495001792907715,5.325422286987305,256388000,66.99700164794922,67.4000015258789,66.69999694824219,67.14450073242188,66.59410858154297,17606000
2019-12-11,67.20249938964844,67.7750015258789,67.125,67.69249725341797,65.27013397216797,78756800,5.360000133514404,5.439000129699707,5.357500076293945,5.433499813079834,5.409043788909912,233796000,67.41500091552734,67.49449920654297,67.05500030517578,67.2125015258789,66.66155242919922,20480000
2019-12-12,66.94499969482422,68.13999938964844,66.83000183105469,67.86499786376953,65.43645477294922,137310400,5.4045000076293945,5.619999885559082,5.395500183105469,5.601749897003174,5.576536178588867,404348000,67.1604995727539,67.72899627685547,66.91000366210938,67.42449951171875,66.87181091308594,29114000
2019-12-13,67.86499786376953,68.82499694824219,67.73249816894531,68.7874984741211,66.32593536376953,133587600,5.604750156402588,5.7245001792907715,5.545499801635742,5.59975004196167,5.574544906616211,454704000,67.3949966430664,67.56749725341797,67.08300018310547,67.34349822998047,66.79146575927734,33170000
2019-12-16,69.25,70.19750213623047,69.24500274658203,69.96499633789062,67.46131896972656,128186000,5.647500038146973,5.701499938964844,5.6192498207092285,5.628749847412109,5.603414535522461,320976000,67.75,68.17649841308594,67.53050231933594,68.03500366210938,67.47731018066406,28128000
2019-12-17,69.89250183105469,70.44249725341797,69.69999694824219,70.10250091552734,67.59390258789062,114158400,5.647500038146973,5.730000019073486,5.638000011444092,5.707250118255615,5.6815619468688965,321196000,68.12049865722656,68.21649932861328,67.53849792480469,67.74449920654297,67.18917846679688,32948000
2019-12-18,69.94999694824219,70.4749984741211,69.77999877929688,69.93499755859375,67.43240356445312,116028400,5.742249965667725,5.798500061035156,5.733749866485596,5.737750053405762,5.7119245529174805,343548000,67.8499984741211,67.97149658203125,67.52300262451172,67.59549713134766,67.04139709472656,23330000
2019-12-19,69.875,70.29499816894531,69.73750305175781,70.00499725341797,67.49988555908203,98369200,5.772500038146973,5.900000095367432,5.767499923706055,5.886499881744385,5.86000394821167,445360000,67.59549713134766,67.87650299072266,67.4375,67.8219985961914,67.26604461669922,28922000
2019-12-20,70.55750274658203,70.6624984741211,69.63999938964844,69.86000061035156,67.36009216308594,275978000,5.953249931335449,6.009749889373779,5.934000015258789,5.984250068664551,5.9573163986206055,603044000,68.15499877929688,68.19999694824219,67.5364990234375,67.56099700927734,67.00717163085938,50090000
2019-12-23,70.13249969482422,71.0625,70.09249877929688,71.0,68.45929718017578,98572000,6.013000011444092,6.045249938964844,5.959750175476074,5.9704999923706055,5.943628311157227,355060000,67.9365005493164,68.09249877929688,67.4000015258789,67.53150177001953,66.97794342041016,19936000
2019-12-24,71.17250061035156,71.22250366210938,70.7300033569336,71.06749725341797,68.52437591552734,48478800,5.954999923706055,5.982749938964844,5.920499801635742,5.9654998779296875,5.9386491775512695,138864000,67.510498046875,67.60050201416016,67.20850372314453,67.22149658203125,66.67045593261719,13468000
2019-12-26,71.20500183105469,72.49500274658203,71.17500305175781,72.47750091552734,69.8839111328125,93121200,5.968999862670898,6.007999897003174,5.949999809265137,5.979750156402588,5.952835559844971,182852000,67.32749938964844,68.16000366210938,67.27549743652344,68.12349700927734,67.56507873535156,23662000
2019-12-27,72.77999877929688,73.49250030517578,72.02999877929688,72.44999694824219,69.8573989868164,146266000,5.994999885559082,6.008500099182129,5.895249843597412,5.921750068664551,5.895096302032471,254644000,68.19999694824219,68.35250091552734,67.6500015258789,67.73200225830078,67.17678833007812,23212000
2019-12-30,72.36499786376953,73.17250061035156,71.30500030517578,72.87999725341797,70.27201080322266,144114400,5.899750232696533,5.90500020980835,5.776500225067139,5.808000087738037,5.781857967376709,258056000,67.84049987792969,67.8499984741211,66.89199829101562,66.9854965209961,66.43639373779297,19994000
2019-12-31,72.48249816894531,73.41999816894531,72.37999725341797,73.4124984741211,70.78546142578125,100805600,5.772500038146973,5.892000198364258,5.7532501220703125,5.882500171661377,5.856023788452148,231004000,66.78949737548828,67.03299713134766,66.60649871826172,66.96949768066406,66.4205322265625,19514000
2020-01-02,74.05999755859375,75.1500015258789,73.79750061035156,75.0875015258789,72.40050506591797,135480400,5.96875,5.9977498054504395,5.918000221252441,5.9977498054504395,5.970754623413086,237536000,67.42050170898438,68.43399810791016,67.32450103759766,68.43399810791016,67.87303161621094,27278000
2020-01-03,74.2874984741211,75.1449966430664,74.125,74.35749816894531,71.69664001464844,146322800,5.877500057220459,5.9457502365112305,5.852499961853027,5.901750087738037,5.875186920166016,205384000,67.4000015258789,68.6875,67.36599731445312,68.07599639892578,67.51795959472656,23408000
2020-01-06,73.44750213623047,74.98999786376953,73.1875,74.94999694824219,72.26793670654297,118387200,5.808000087738037,5.9317498207092285,5.781750202178955,5.926499843597412,5.899824142456055,262636000,67.58149719238281,69.91600036621094,67.55000305175781,69.8905029296875,69.31758117675781,46768000
2020-01-07,74.95999908447266,75.2249984741211,74.37000274658203,74.59750366210938,71.92805480957031,108872000,5.954999923706055,6.044250011444092,5.909749984741211,5.9982500076293945,5.971251487731934,314856000,70.02300262451172,70.17500305175781,69.5780029296875,69.75550079345703,69.18370056152344,34330000
2020-01-08,74.29000091552734,76.11000061035156,74.29000091552734,75.79750061035156,73.0851058959961,132079200,5.99399995803833,6.051000118255615,5.953750133514404,6.009500026702881,5.982451438903809,277108000,69.74099731445312,70.59249877929688,69.63150024414062,70.25199890136719,69.67611694335938,35314000
2020-01-09,76.80999755859375,77.60749816894531,76.55000305175781,77.40750122070312,74.63749694824219,170108400,6.096250057220459,6.148250102996826,6.021500110626221,6.075500011444092,6.048155307769775,255112000,71.09649658203125,71.43399810791016,70.510498046875,70.989501953125,70.4075927734375,33200000
2020-01-10,77.6500015258789,78.1675033569336,77.0625,77.5824966430664,74.80623626708984,140644800,6.1832499504089355,6.213749885559082,6.09375,6.107999801635742,6.080508232116699,316296000,71.47350311279297,71.74700164794922,70.9800033569336,71.447998046875,70.8623275756836,26258000
2020-01-13,77.91000366210938,79.26750183105469,77.7874984741211,79.23999786376953,76.40442657470703,121532000,6.191500186920166,6.324749946594238,6.168749809265137,6.299499988555908,6.27114725112915,319840000,71.76249694824219,72.0739974975586,71.26850128173828,72.00150299072266,71.41128540039062,30730000
2020-01-14,79.17500305175781,79.39250183105469,78.0425033569336,78.16999816894531,75.37271118164062,161954400,6.256499767303467,6.2820000648498535,6.168749809265137,6.182000160217285,6.154176235198975,359088000,72.0,72.13150024414062,71.38849639892578,71.52950286865234,70.94316101074219,26076000
2020-01-15,77.9625015258789,78.875,77.38749694824219,77.83499908447266,75.04969024658203,121923600,6.19474983215332,6.217249870300293,6.113249778747559,6.139249801635742,6.111618518829346,263104000,71.6510009765625,72.03900146484375,71.58300018310547,71.95999908447266,71.37012481689453,21550000
2020-01-16,78.39749908447266,78.92500305175781,78.02249908447266,78.80999755859375,75.98980712890625,108829200,6.192999839782715,6.229249954223633,6.16949987411499,6.223249912261963,6.195240020751953,284192000,72.27249908447266,72.53500366210938,72.0,72.50800323486328,71.91362762451172,26080000
2020-01-17,79.06749725341797,79.68499755859375,78.75,79.68250274658203,76.83109283447266,137816400,6.242499828338623,6.25,6.1842498779296875,6.23199987411499,6.203949928283691,253792000,73.12699890136719,74.02749633789062,72.82749938964844,73.97599792480469,73.36959838867188,52424000
2020-01-21,79.29750061035156,79.75499725341797,79.0,79.14250183105469,76.3104019165039,110843200,6.195250034332275,6.232250213623047,6.164249897003174,6.198500156402588,6.170601844787598,217916000,73.94999694824219,74.49400329589844,73.510498046875,74.11250305175781,73.50498962402344,48930000
2020-01-22,79.6449966430664,79.99749755859375,79.32749938964844,79.42500305175781,76.58282470703125,101832400,6.24399995803833,6.339749813079834,6.224999904632568,6.252749919891357,6.224606513977051,239240000,74.48650360107422,75.02899932861328,74.13300323486328,74.19349670410156,73.5853271484375,28458000
2020-01-23,79.4800033569336,79.88999938964844,78.9124984741211,79.80750274658203,76.95162200927734,104472000,6.293000221252441,6.329999923706055,6.203750133514404,6.321499824523926,6.293046474456787,244516000,74.37750244140625,74.67500305175781,74.01599884033203,74.2344970703125,73.62598419189453,26650000
2020-01-24,80.0625,80.8324966430664,79.37999725341797,79.57749938964844,76.7298583984375,146537600,6.4375,6.487500190734863,6.207499980926514,6.26200008392334,6.233814239501953,373512000,74.64099884033203,74.70999908447266,73.15899658203125,73.30850219726562,72.70757293701172,29786000
2020-01-27,77.51499938964844,77.94249725341797,76.22000122070312,77.23750305175781,74.47360229492188,161940000,5.955999851226807,6.056250095367432,5.805749893188477,6.005000114440918,5.977971076965332,470536000,71.5770034790039,71.8290023803711,70.9749984741211,71.58650207519531,70.99970245361328,34132000
2020-01-28,78.1500015258789,79.5999984741211,78.04750061035156,79.42250061035156,76.58036804199219,162234000,6.071249961853027,6.231750011444092,6.017749786376953,6.199250221252441,6.171347141265869,310976000,72.08699798583984,72.73999786376953,71.51799774169922,72.5250015258789,71.93050384521484,29724000
2020-01-29,81.11250305175781,81.9625015258789,80.34500122070312,81.08499908447266,78.18341064453125,216229200,6.184750080108643,6.2210001945495605,6.098499774932861,6.138500213623047,6.1108717918396,258848000,72.9229965209961,73.20700073242188,72.26950073242188,72.83499908447266,72.23795318603516,21566000
2020-01-30,80.13500213623047,81.02249908447266,79.6875,80.96749877929688,78.07009887695312,126743200,6.040249824523926,6.158750057220459,5.985000133514404,6.145249843597412,6.11759090423584,290504000,71.90499877929688,72.76249694824219,71.75,72.7125015258789,72.116455078125,27110000
2020-01-31,80.23249816894531,80.66999816894531,77.07250213623047,77.37750244140625,74.60856628417969,199588400,6.099249839782715,6.111249923706055,5.868750095367432,5.910749912261963,5.884146213531494,370420000,73.39299774169922,73.4834976196289,71.35299682617188,71.63899993896484,71.05176544189453,43822000
2020-02-03,76.07499694824219,78.37249755859375,75.55500030517578,77.16500091552734,74.40367889404297,173788400,5.892499923706055,6.027750015258789,5.886250019073486,6.0082502365112305,5.981207370758057,255564000,73.0824966430664,74.31500244140625,72.83049774169922,74.12999725341797,73.5223388671875,71636000
2020-02-04,78.82749938964844,79.91000366210938,78.40750122070312,79.7125015258789,76.8600082397461,136616400,6.150750160217285,6.197500228881836,6.100500106811523,6.178249835968018,6.150441646575928,271544000,72.72450256347656,73.36699676513672,71.10150146484375,72.27050018310547,71.67809295654297,95880000
2020-02-05,80.87999725341797,81.19000244140625,79.73750305175781,80.36250305175781,77.48676300048828,118826800,6.299749851226807,6.309999942779541,6.1852498054504395,6.269000053405762,6.240783214569092,208220000,73.18049621582031,73.22899627685547,71.48400115966797,72.30249786376953,71.70982360839844,36376000
2020-02-06,80.64250183105469,81.30500030517578,80.06500244140625,81.30249786376953,78.39311981201172,105425600,6.303500175476074,6.356249809265137,6.2220001220703125,6.356249809265137,6.327640533447266,218284000,72.5989990234375,74.0780029296875,72.52400207519531,73.79850006103516,73.19355773925781,37822000
2020-02-07,80.59249877929688,80.8499984741211,79.5,80.00749969482422,77.32752227783203,117684000,6.315999984741211,6.338250160217285,6.264249801635742,6.289750099182129,6.261441230773926,189752000,73.36949920654297,74.26249694824219,73.27050018310547,73.95549774169922,73.34925842285156,28360000
2020-02-10,78.54499816894531,80.38749694824219,78.4625015258789,80.38749694824219,77.69481658935547,109348800,6.3125,6.574999809265137,6.307499885559082,6.574250221252441,6.544659614562988,529608000,73.86150360107422,75.44400024414062,73.76000213623047,75.43299865722656,74.81465911865234,38302000
2020-02-11,80.9000015258789,80.9749984741211,79.67749786376953,79.90249633789062,77.22606658935547,94323200,6.683000087738037,6.8125,6.6207499504089355,6.697249889373779,6.667105197906494,638556000,75.66349792480469,76.49400329589844,75.27249908447266,75.50299835205078,74.88409423828125,34852000
2020-02-12,80.36750030517578,81.80500030517578,80.36750030517578,81.80000305175781,79.06000518798828,113730400,6.750249862670898,6.820000171661377,6.711249828338623,6.813499927520752,6.782832622528076,374644000,75.79299926757812,76.01499938964844,75.43350219726562,75.93150329589844,75.30907440185547,31042000
2020-02-13,81.04750061035156,81.55500030517578,80.8375015258789,81.21749877929688,78.49700164794922,94747600,6.755249977111816,6.836999893188477,6.727749824523926,6.769499778747559,6.7390313148498535,528016000,75.5,76.29750061035156,75.19999694824219,75.66950225830078,75.04922485351562,22914000
2020-02-14,81.18499755859375,81.49500274658203,80.7125015258789,81.23750305175781,78.51634216308594,80113600,7.18149995803833,7.3742499351501465,7.150000095367432,7.244750022888184,7.212141036987305,1041924000,75.72650146484375,76.00250244140625,75.27749633789062,75.9365005493164,75.31402587890625,23198000
2020-02-18,78.83999633789062,79.9375,78.65249633789062,79.75,77.07867431640625,152531200,7.140999794006348,7.432750225067139,7.121500015258789,7.414249897003174,7.3808794021606445,620164000,75.71700286865234,76.52799987792969,75.55049896240234,75.97200012207031,75.34923553466797,25642000
2020-02-19,80.0,81.14250183105469,80.0,80.90499877929688,78.19496154785156,93984000,7.53725004196167,7.885250091552734,7.53725004196167,7.867499828338623,7.832088947296143,694332000,76.36000061035156,76.53700256347656,76.04900360107422,76.24349975585938,75.61852264404297,22746000
2020-02-20,80.65750122070312,81.1624984741211,79.55249786376953,80.07499694824219,77.39277648925781,100566000,7.819250106811523,7.9079999923706055,7.408750057220459,7.71750020980835,7.682764530181885,810052000,75.95050048828125,76.35350036621094,75.21299743652344,75.84950256347656,75.22774505615234,25962000
2020-02-21,79.65499877929688,80.11250305175781,77.625,78.26249694824219,75.6409912109375,129554000,7.604750156402588,7.630000114440918,7.266499996185303,7.351749897003174,7.318659782409668,768180000,75.22899627685547,75.54750061035156,73.92449951171875,74.1729965209961,73.56498718261719,42520000
2020-02-24,74.31500244140625,76.04499816894531,72.30750274658203,74.54499816894531,72.04800415039062,222195200,6.754749774932861,7.046750068664551,6.699999809265137,6.831999778747559,6.8012495040893555,856916000,71.15249633789062,71.81900024414062,70.3395004272461,70.99299621582031,70.41104888916016,49560000
2020-02-25,75.23750305175781,75.63249969482422,71.53250122070312,72.0199966430664,69.60760498046875,230673600,6.90749979019165,6.969749927520752,6.448999881744385,6.551249980926514,6.521764278411865,1055496000,71.55000305175781,71.84249877929688,69.02100372314453,69.31600189208984,68.747802734375,51580000
2020-02-26,71.63249969482422,74.47000122070312,71.625,73.1624984741211,70.7118148803711,198054800,6.551499843597412,6.886250019073486,6.550000190734863,6.691249847412109,6.661131858825684,747732000,69.7490005493164,70.68350219726562,68.82749938964844,69.52349853515625,68.95359802246094,49776000
2020-02-27,70.2750015258789,71.5,68.23999786376953,68.37999725341797,66.08953094482422,320605600,6.372499942779541,6.675000190734863,6.222249984741211,6.315000057220459,6.290337562561035,906416000,67.95700073242188,68.47000122070312,65.71199798583984,65.74749755859375,65.20854949951172,62290000
2020-02-28,64.31500244140625,69.60250091552734,64.09249877929688,68.33999633789062,66.05086517333984,426510000,6.061500072479248,6.811500072479248,6.044750213623047,6.7517499923706055,6.725380897521973,1133252000,63.71549987792969,67.12249755859375,63.410499572753906,66.9625015258789,66.41358947753906,80198000
2020-03-02,70.56999969482422,75.36000061035156,69.43000030517578,74.70249938964844,72.20022583007812,341397200,6.922500133514404,6.9397501945495605,6.525000095367432,6.910749912261963,6.88375997543335,890744000,67.56950378417969,69.37349700927734,66.26000213623047,69.31600189208984,68.747802734375,55430000
2020-03-03,75.9175033569336,76.0,71.44999694824219,72.33000183105469,69.90721893310547,319475600,6.966750144958496,7.026750087738037,6.561500072479248,6.647250175476074,6.6212897300720215,652792000,69.88400268554688,70.40950012207031,66.46199798583984,66.88600158691406,66.33772277832031,56602000
2020-03-04,74.11000061035156,75.8499984741211,73.28250122070312,75.68499755859375,73.14983367919922,219178400,6.755000114440918,7.122250080108643,6.679999828338623,7.112750053405762,7.084970474243164,597408000,67.947998046875,69.13899993896484,66.8499984741211,69.08000183105469,68.51374053955078,47598000
2020-03-05,73.87999725341797,74.88749694824219,72.85250091552734,73.2300033569336,70.77706909179688,187572800,6.912499904632568,7.079999923706055,6.787499904632568,6.832250118255615,6.805567741394043,540328000,67.27749633789062,67.68150329589844,65.08200073242188,65.73799896240234,65.19912719726562,54380000
2020-03-06,70.5,72.70500183105469,70.30750274658203,72.25749969482422,69.83715057373047,226176800,6.6519999504089355,6.709750175476074,6.449999809265137,6.651000022888184,6.625024795532227,515412000,63.497501373291016,65.13749694824219,62.86050033569336,64.78700256347656,64.25592803955078,64640000
2020-03-09,65.9375,69.52249908447266,65.75,66.5425033569336,64.3135757446289,286744800,5.997499942779541,6.485000133514404,5.954500198364258,6.136000156402588,6.112035274505615,614160000,60.24800109863281,62.63650131225586,59.902000427246094,60.78950119018555,60.29119873046875,69252000
2020-03-10,69.28500366210938,71.61000061035156,67.34249877929688,71.33499908447266,68.94554138183594,285290000,6.41349983215332,6.5269999504089355,6.149750232696533,6.5269999504089355,6.501508712768555,580648000,62.71950149536133,63.79249954223633,60.72549819946289,63.75849914550781,63.23585510253906,54872000
2020-03-11,69.34750366210938,70.30500030517578,67.96499633789062,68.85749816894531,66.55101776123047,255598800,6.386499881744385,6.414999961853027,6.0642499923706055,6.161749839782715,6.137685298919678,499964000,62.41350173950195,62.846500396728516,59.55699920654297,60.54499816894531,60.0486946105957,54732000
2020-03-12,63.98500061035156,67.5,62.0,62.057498931884766,59.97879409790039,418474000,5.636499881744385,5.9029998779296875,5.394999980926514,5.407750129699707,5.386630535125732,816540000,56.13100051879883,59.4375,55.423500061035156,55.57749938964844,55.121910095214844,94326000
2020-03-13,66.22250366210938,69.9800033569336,63.23749923706055,69.49250030517578,67.16476440429688,370732000,5.762499809265137,6.0254998207092285,5.490250110626221,6.020999908447266,5.997485160827637,634836000,58.7495002746582,60.720001220703125,55.614498138427734,60.7135009765625,60.2158203125,79400000
2020-03-16,60.48749923706055,64.7699966430664,60.0,60.5525016784668,58.52421951293945,322423600,5.3102498054504395,5.652500152587891,4.849999904632568,4.909999847412109,4.8908233642578125,726972000,54.480499267578125,57.27349853515625,53.354000091552734,53.650001525878906,53.2102165222168,96520000
2020-03-17,61.877498626708984,64.40249633789062,59.599998474121094,63.21500015258789,61.09751892089844,324056000,5.022749900817871,5.521500110626221,4.775000095367432,5.4317498207092285,5.41053581237793,833632000,54.53200149536133,56.29999923706055,52.45500183105469,55.90299987792969,55.44474411010742,83194000
2020-03-18,59.942501068115234,62.5,59.279998779296875,61.66749954223633,59.60186004638672,300233600,5.002500057220459,5.248499870300293,4.517000198364258,5.070499897003174,5.050698280334473,874268000,52.99700164794922,55.2495002746582,51.849998474121094,54.55950164794922,54.11226272583008,93044000
2020-03-19,61.84749984741211,63.209999084472656,60.65250015258789,61.19499969482422,59.14519500732422,271857200,5.048999786376953,5.41825008392334,4.834750175476074,5.324250221252441,5.303456783294678,765512000,54.4109992980957,57.63050079345703,52.77750015258789,55.583499908447266,55.127872467041016,74064000
2020-03-20,61.79499816894531,62.95750045776367,57.0,57.310001373291016,55.39033126831055,401693200,5.474999904632568,5.757999897003174,5.1282501220703125,5.143750190734863,5.123661518096924,804636000,56.54499816894531,56.92399978637695,53.10499954223633,53.410499572753906,52.97268295288086,82878000
2020-03-23,57.02000045776367,57.125,53.15250015258789,56.092498779296875,54.2136116027832,336752800,5.142749786376953,5.4120001792907715,4.9629998207092285,5.317249774932861,5.296483039855957,643876000,52.81850051879883,53.34550094604492,50.44350051879883,52.70650100708008,52.27445602416992,83672000
2020-03-24,59.09000015258789,61.92250061035156,58.57500076293945,61.720001220703125,59.65260314941406,287531200,5.724999904632568,6.316500186920166,5.701250076293945,6.229499816894531,6.20517110824585,1101644000,55.19900131225586,56.666500091552734,54.32149887084961,56.5004997253418,56.037353515625,72468000
2020-03-25,62.6875,64.5625,61.07500076293945,61.380001068115234,59.323997497558594,303602000,6.34499979019165,6.545499801635742,6.0914998054504395,6.140500068664551,6.116517066955566,793432000,56.229000091552734,57.30849838256836,54.1505012512207,55.08100128173828,54.62948989868164,90324000
2020-03-26,61.630001068115234,64.66999816894531,61.59000015258789,64.61000061035156,62.4458122253418,252087200,6.348499774932861,6.555500030517578,6.25,6.431000232696533,6.405882835388184,696108000,55.736000061035156,58.57400131225586,54.60150146484375,58.145999908447266,57.66936492919922,76562000
2020-03-27,63.1875,63.967498779296875,61.76250076293945,61.935001373291016,59.86040115356445,204216800,6.25,6.578000068664551,6.2170000076293945,6.3182501792907715,6.293574333190918,638828000,56.37350082397461,57.5525016784668,55.20000076293945,55.51300048828125,55.057945251464844,62794000
2020-03-30,62.685001373291016,63.880001068115234,62.349998474121094,63.70249938964844,61.568702697753906,167976400,6.383999824523926,6.64900016784668,6.339749813079834,6.639750003814697,6.613818168640137,602252000,56.63199996948242,57.54999923706055,54.92449951171875,57.31549835205078,56.84566879272461,58736000
2020-03-31,63.900001525878906,65.62249755859375,63.0,63.5724983215332,61.44304275512695,197002000,6.679999828338623,6.885000228881836,6.443749904632568,6.590000152587891,6.564263343811035,949960000,57.436500549316406,58.66999816894531,56.83599853515625,58.09749984741211,57.62126159667969,65228000
2020-04-01,61.625,62.18000030517578,59.782501220703125,60.227500915527344,58.21010208129883,176218400,6.391250133514404,6.538249969482422,6.0320000648498535,6.076749801635742,6.0530171394348145,656912000,56.20000076293945,56.47100067138672,54.67449951171875,55.10499954223633,54.65328598022461,51970000
2020-04-02,60.084999084472656,61.287498474121094,59.224998474121094,61.23249816894531,59.181434631347656,165934000,6.105999946594238,6.400000095367432,6.057750225067139,6.386750221252441,6.361804962158203,675764000,55.0,56.13850021362305,54.65650177001953,55.85150146484375,55.3936767578125,56410000
2020-04-03,60.70000076293945,61.42499923706055,59.74250030517578,60.352500915527344,58.33091354370117,129880000,6.348999977111816,6.390749931335449,5.959750175476074,6.097750186920166,6.073936462402344,663212000,55.73550033569336,55.93949890136719,53.75400161743164,54.6349983215332,54.187137603759766,51374000
2020-04-06,62.724998474121094,65.77749633789062,62.345001220703125,65.61750030517578,63.419551849365234,201820400,6.38100004196167,6.747000217437744,6.323249816894531,6.710000038146973,6.683792591094971,727884000,56.650001525878906,59.537498474121094,56.25,59.15950012207031,58.674556732177734,63320000
2020-04-07,67.69999694824219,67.92500305175781,64.75,64.85749816894531,62.684993743896484,202887200,6.932499885559082,6.956250190734863,6.432499885559082,6.475749969482422,6.450459003448486,784520000,60.85049819946289,61.03900146484375,58.86249923706055,59.12799835205078,58.643310546875,61620000
2020-04-08,65.68499755859375,66.84249877929688,65.30750274658203,66.51750183105469,64.2894058227539,168895200,6.585249900817871,6.698750019073486,6.514999866485596,6.673749923706055,6.6476850509643555,542444000,60.154998779296875,60.744998931884766,59.1974983215332,60.349998474121094,59.85529708862305,40334000
2020-04-09,67.17500305175781,67.51750183105469,66.17500305175781,66.99749755859375,64.7533187866211,161834800,6.800000190734863,6.822999954223633,6.510499954223633,6.573750019073486,6.5480756759643555,525564000,60.909000396728516,61.0994987487793,59.62099838256836,60.32849884033203,59.83396530151367,54028000
2020-04-13,67.07749938964844,68.42500305175781,66.4574966430664,68.3125,66.02428436279297,131022800,6.513750076293945,6.755000114440918,6.425000190734863,6.746250152587891,6.719903469085693,398408000,60.07500076293945,60.72600173950195,59.11650085449219,60.52050018310547,60.0244026184082,38702000
2020-04-14,70.0,72.0625,69.51249694824219,71.76249694824219,69.35872650146484,194994800,6.875,7.132999897003174,6.847249984741211,7.098750114440918,7.071026802062988,530948000,61.99850082397461,63.787498474121094,61.426998138427734,63.26150131225586,62.7429313659668,63358000
2020-04-15,70.5999984741211,71.5824966430664,70.15750122070312,71.10749816894531,68.72566986083984,131154400,6.929999828338623,7.104249954223633,6.884500026702881,7.020999908447266,6.993578910827637,366148000,62.32550048828125,63.75550079345703,61.70000076293945,62.8650016784668,62.34968185424805,42236000
2020-04-16,71.84500122070312,72.05000305175781,70.5875015258789,71.67250061035156,69.27173614501953,157125200,7.177000045776367,7.474999904632568,7.163750171661377,7.367499828338623,7.338726997375488,745620000,63.356998443603516,63.667999267578125,61.90999984741211,62.871498107910156,62.35612487792969,57896000
2020-04-17,71.17250061035156,71.73750305175781,69.21499633789062,70.69999694824219,68.33180236816406,215250000,7.449999809265137,7.471499919891357,7.173500061035156,7.308000087738037,7.279458522796631,539120000,64.08499908447266,64.5,63.29999923706055,63.95000076293945,63.425785064697266,51050000
2020-04-20,69.48750305175781,70.41999816894531,69.2125015258789,69.23249816894531,66.9134521484375,130015200,7.181000232696533,7.337500095367432,7.131750106811523,7.176249980926514,7.148223400115967,449388000,63.49449920654297,63.840999603271484,62.821998596191406,63.057498931884766,62.54060363769531,35292000
2020-04-21,69.06999969482422,69.3125,66.35749816894531,67.09249877929688,64.84513854980469,180991600,7.057750225067139,7.1192498207092285,6.677750110626221,6.737750053405762,6.711435317993164,735160000,62.135501861572266,62.5,60.25,60.608001708984375,60.111183166503906,49648000
2020-04-22,68.40249633789062,69.4749984741211,68.05000305175781,69.0250015258789,66.71292114257812,116862400,6.930749893188477,7.196750164031982,6.885000228881836,7.153749942779541,7.125810146331787,483356000,62.05550003051758,63.99399948120117,61.86000061035156,62.920501708984375,62.40472412109375,46296000
2020-04-23,68.96749877929688,70.4375,68.71749877929688,68.75749969482422,66.45437622070312,124814400,7.196000099182129,7.328499794006348,7.074999809265137,7.100249767303467,7.072519779205322,424160000,63.2869987487793,64.40750122070312,63.0265007019043,63.55849838256836,63.037498474121094,34202000
2020-04-24,69.30000305175781,70.75250244140625,69.25,70.74250030517578,68.37287902832031,126161200,7.090000152587891,7.2417497634887695,7.014999866485596,7.239749908447266,7.211474418640137,352328000,62.75,63.885501861572266,62.20000076293945,63.83000183105469,63.30677032470703,37402000
2020-04-27,70.44999694824219,71.13500213623047,69.98750305175781,70.7925033569336,68.42121124267578,117087600,7.374750137329102,7.587500095367432,7.349999904632568,7.427000045776367,7.397994518280029,479388000,64.5999984741211,64.70500183105469,63.25299835205078,63.542999267578125,63.02212142944336,44186000
2020-04-28,71.2699966430664,71.4574966430664,69.55000305175781,69.6449966430664,67.31214141845703,112004800,7.574999809265137,7.605000019073486,7.278500080108643,7.283999919891357,7.255551815032959,442904000,64.16000366210938,64.23799896240234,61.51900100708008,61.62950134277344,61.12430953979492,80700000
2020-04-29,71.18250274658203,72.4175033569336,70.97250366210938,71.93250274658203,69.52301025390625,137280800,7.419250011444092,7.514500141143799,7.34375,7.46150016784668,7.432359218597412,379160000,67.25,68.00749969482422,66.33650207519531,67.10900115966797,66.55889892578125,108358000
2020-04-30,72.48999786376953,73.63249969482422,72.0875015258789,73.44999694824219,70.98970031738281,183064000,7.407249927520752,7.46150016784668,7.293000221252441,7.307000160217285,7.278461933135986,375916000,66.56800079345703,67.5,66.07499694824219,67.33499908447266,66.78302764892578,55842000
2020-05-01,71.5625,74.75,71.4625015258789,72.26750183105469,69.84680938720703,240616800,7.108749866485596,7.222499847412109,7.020999908447266,7.069499969482422,7.0418901443481445,342096000,66.20449829101562,67.57150268554688,65.48300170898438,65.86599731445312,65.32608032226562,48872000
2020-05-04,72.2925033569336,73.42250061035156,71.58000183105469,73.29000091552734,70.8350601196289,133568000,7.021999835968018,7.296000003814697,7.021999835968018,7.282249927520752,7.253809452056885,317556000,65.40650177001953,66.22350311279297,64.80049896240234,66.1449966430664,65.602783203125,30806000
2020-05-05,73.76499938964844,75.25,73.61499786376953,74.38999938964844,71.89820098876953,147751200,7.386750221252441,7.506750106811523,7.282249927520752,7.343500137329102,7.3148193359375,368896000,66.875,68.55049896240234,66.75150299072266,67.45099639892578,66.89808654785156,39666000
2020-05-06,75.11499786376953,75.80999755859375,74.71749877929688,75.15750122070312,72.6399917602539,142333600,7.423250198364258,7.550000190734863,7.385250091552734,7.44474983215332,7.415674209594727,323464000,67.9000015258789,68.43450164794922,67.25650024414062,67.27149963378906,66.7200698852539,31732000
2020-05-07,75.80500030517578,76.2925033569336,75.49250030517578,75.93499755859375,73.39147186279297,115215200,7.584499835968018,7.6852498054504395,7.5329999923706055,7.6217498779296875,7.591982364654541,373732000,68.06549835205078,68.80000305175781,67.62699890136719,68.46399688720703,67.90277862548828,30652000
2020-05-08,76.41000366210938,77.5875015258789,76.07250213623047,77.53250122070312,75.13829803466797,133838400,7.693749904632568,7.818749904632568,7.659749984741211,7.8125,7.781988143920898,339216000,69.09100341796875,69.83200073242188,68.60050201416016,69.21700286865234,68.64961242675781,33326000
2020-05-11,77.0250015258789,79.26249694824219,76.80999755859375,78.75250244140625,76.32062530517578,145946400,7.807499885559082,8.112500190734863,7.778749942779541,8.065500259399414,8.0339994430542,469060000,68.8395004272461,70.77649688720703,68.7750015258789,70.17949676513672,69.60421752929688,32718000
2020-05-12,79.4574966430664,79.92250061035156,77.72750091552734,77.85250091552734,75.44841003417969,162301200,8.123499870300293,8.172499656677246,7.792749881744385,7.802499771118164,7.772027015686035,493060000,70.41100311279297,70.71649932861328,68.72550201416016,68.75900268554688,68.19536590576172,33918000
2020-05-13,78.0374984741211,78.98750305175781,75.80249786376953,76.9124984741211,74.53743743896484,200622400,7.917500019073486,8.078499794006348,7.594749927520752,7.78000020980835,7.749616622924805,625852000,68.80799865722656,69.2665023803711,66.40049743652344,67.41649627685547,66.86385345458984,40368000
2020-05-14,76.12750244140625,77.44750213623047,75.38249969482422,77.38500213623047,74.99534606933594,158929200,7.841750144958496,8.03600025177002,7.6875,8.030500411987305,7.999138832092285,602312000,66.6760025024414,67.86849975585938,66.16500091552734,67.84300231933594,67.28687286376953,36660000
2020-05-15,75.0875015258789,76.9749984741211,75.05249786376953,76.92749786376953,74.55196380615234,166348400,7.889750003814697,8.500499725341797,7.874000072479248,8.490750312805176,8.457589149475098,987660000,67.41300201416016,68.72899627685547,66.94999694824219,68.65299987792969,68.0902328491211,41544000
2020-05-18,78.2925033569336,79.125,77.58000183105469,78.73999786376953,76.3084945678711,135178400,8.760499954223633,8.916500091552734,8.680500030517578,8.750249862670898,8.716073989868164,774460000,68.0790023803711,69.63800048828125,67.70999908447266,69.25900268554688,68.69127655029297,47094000
2020-05-19,78.75749969482422,79.62999725341797,78.25250244140625,78.28500366210938,75.8675765991211,101729600,8.790249824523926,9.087499618530273,8.762749671936035,8.805500030517578,8.771108627319336,717320000,69.27400207519531,69.62449645996094,68.68800354003906,68.72000122070312,68.15669250488281,31586000
2020-05-20,79.16999816894531,79.87999725341797,79.12999725341797,79.80750274658203,77.3430404663086,111504800,8.991000175476074,9.043000221252441,8.888750076293945,8.970000267028809,8.934967041015625,587536000,69.45800018310547,70.60150146484375,69.37100219726562,70.45800018310547,69.88043975830078,38262000
2020-05-21,79.66500091552734,80.22250366210938,78.96749877929688,79.2125015258789,76.76641845703125,102688800,9.05150032043457,9.052499771118164,8.737500190734863,8.775250434875488,8.740979194641113,761068000,70.54949951171875,70.822998046875,69.71949768066406,70.3375015258789,69.76093292236328,30894000
2020-05-22,78.94249725341797,79.80750274658203,78.8375015258789,79.72250366210938,77.26066589355469,81803200,8.825249671936035,9.093000411987305,8.713250160217285,9.026249885559082,8.990995407104492,1038764000,70.19499969482422,70.8499984741211,69.79750061035156,70.66200256347656,70.08275604248047,28544000
2020-05-26,80.875,81.05999755859375,79.125,79.18250274658203,76.73735046386719,125522000,9.156749725341797,9.181750297546387,8.67199993133545,8.71774959564209,8.683703422546387,770780000,72.0979995727539,72.25550079345703,70.97000122070312,71.06849670410156,70.48593139648438,44590000
2020-05-27,79.03500366210938,79.67749786376953,78.27249908447266,79.52749633789062,77.0716781616211,112945200,8.625,8.632749557495117,7.9967498779296875,8.525250434875488,8.49195384979248,1175892000,71.0,71.26750183105469,69.7300033569336,71.01399993896484,70.43187713623047,31684000
2020-05-28,79.19249725341797,80.86000061035156,78.90750122070312,79.5625,77.10560607910156,133560800,8.412249565124512,8.760499954223633,8.379249572753906,8.487000465393066,8.453855514526367,734896000,70.0,72.2229995727539,69.9540023803711,70.91200256347656,70.3307113647461,35170000
2020-05-29,79.8125,80.2874984741211,79.11750030517578,79.48500061035156,77.03047943115234,153532400,8.554499626159668,8.875499725341797,8.484999656677246,8.875499725341797,8.840837478637695,745256000,71.02149963378906,71.83650207519531,70.79900360107422,71.6760025024414,71.08844757080078,37044000
2020-06-01,79.4375,80.5875015258789,79.30249786376953,80.4625015258789,77.97781372070312,80791200,8.833250045776367,8.840749740600586,8.689499855041504,8.806249618530273,8.771856307983398,389876000,71.28500366210938,72.0790023803711,71.11399841308594,71.74349975585938,71.1553955078125,25162000
2020-06-02,80.1875,80.86000061035156,79.73249816894531,80.83499908447266,78.33880615234375,87642800,8.796250343322754,8.837249755859375,8.657999992370605,8.825249671936035,8.790782928466797,391320000,71.75,72.1500015258789,71.08049774169922,72.1155014038086,71.52435302734375,23442000
2020-06-03,81.16500091552734,81.55000305175781,80.57499694824219,81.27999877929688,78.77005767822266,104491200,8.822250366210938,8.866250038146973,8.699999809265137,8.769499778747559,8.735252380371094,365440000,72.13500213623047,72.45050048828125,71.58100128173828,71.9625015258789,71.37260437011719,27732000
2020-06-04,81.09750366210938,81.40499877929688,80.19499969482422,80.58000183105469,78.0916976928711,87560400,8.727999687194824,8.943249702453613,8.677499771118164,8.766500473022461,8.736249923706055,424280000,71.83899688720703,72.06600189208984,70.30049896240234,70.71499633789062,70.13532257080078,26982000
2020-06-05,80.8375015258789,82.9375,80.80750274658203,82.875,80.31581115722656,137250400,8.794500350952148,8.996999740600586,8.708000183105469,8.920000076293945,8.8892183303833,481748000,70.78199768066406,72.31500244140625,70.38099670410156,72.0009994506836,71.41078186035156,42642000
2020-06-08,82.5625,83.4000015258789,81.83000183105469,83.36499786376953,80.79067993164062,95654400,8.877249717712402,8.889749526977539,8.685750007629395,8.805000305175781,8.774616241455078,387736000,71.31400299072266,72.44999694824219,71.2239990234375,72.4020004272461,71.80850219726562,33878000
2020-06-09,83.03500366210938,86.40249633789062,83.00250244140625,85.99749755859375,83.34190368652344,147712400,8.800000190734863,9.109749794006348,8.751250267028809,9.045999526977539,9.014782905578613,468488000,72.26200103759766,73.38999938964844,72.11799621582031,72.60399627685547,72.00884246826172,33624000
2020-06-10,86.9749984741211,88.69249725341797,86.52249908447266,88.20999908447266,85.48607635498047,166651600,9.167750358581543,9.5,9.153499603271484,9.36674976348877,9.334426879882812,632180000,73.07550048828125,73.63849639892578,72.71800231933594,73.23500061035156,72.63468170166016,31762000
2020-06-11,87.32749938964844,87.76499938964844,83.87000274658203,83.9749984741211,81.38182830810547,201662400,9.149999618530273,9.261249542236328,8.78600025177002,8.796250343322754,8.76589584350586,583652000,72.05149841308594,72.58000183105469,69.92050170898438,70.09500122070312,69.52042388916016,47144000
2020-06-12,86.18000030517578,86.94999694824219,83.55500030517578,84.69999694824219,82.0844497680664,200146000,9.162500381469727,9.187250137329102,8.70324993133545,8.932499885559082,8.901676177978516,570908000,71.29299926757812,71.72550201416016,69.29000091552734,70.64600372314453,70.06690216064453,36676000
2020-06-15,83.3125,86.41999816894531,83.1449966430664,85.74749755859375,83.09961700439453,138808800,8.815250396728516,9.182250022888184,8.743749618530273,9.173749923706055,9.14209270477295,400004000,69.47450256347656,71.25,69.36000061035156,71.03700256347656,70.4546890258789,30468000
2020-06-16,87.86499786376953,88.30000305175781,86.18000030517578,88.0199966430664,85.30194854736328,165428800,9.225000381469727,9.26675033569336,8.838749885559082,9.068499565124512,9.037203788757324,535716000,72.44999694824219,72.8584976196289,71.44950103759766,72.32350158691406,71.73065948486328,30648000
2020-06-17,88.7874984741211,88.8499984741211,87.77249908447266,87.89749908447266,85.18323516845703,114406400,9.113750457763672,9.298999786376953,9.070249557495117,9.236000061035156,9.20412826538086,408304000,72.64700317382812,73.11000061035156,71.75650024414062,72.62699890136719,72.03164672851562,30610000
2020-06-18,87.85250091552734,88.36250305175781,87.30500030517578,87.93250274658203,85.21713256835938,96820400,9.22700023651123,9.282500267028809,9.114500045776367,9.218000411987305,9.186186790466309,254408000,72.49250030517578,72.64849853515625,71.31199645996094,71.70600128173828,71.11821746826172,34862000
2020-06-19,88.66000366210938,89.13999938964844,86.2874984741211,87.43000030517578,84.73014831542969,264476000,9.242500305175781,9.444999694824219,9.227250099182129,9.261249542236328,9.229290962219238,524160000,72.0,72.2249984741211,70.94999694824219,71.23200225830078,70.64810180664062,52784000
2020-06-22,87.83499908447266,89.86499786376953,87.7874984741211,89.71749877929688,86.94701385498047,135445200,9.300000190734863,9.53125,9.273249626159668,9.526749610900879,9.493871688842773,398468000,71.25050354003906,72.54750061035156,70.95950317382812,72.53299713134766,71.93841552734375,29442000
2020-06-23,91.0,93.09500122070312,90.56749725341797,91.63249969482422,88.8028793334961,212155600,9.550999641418457,9.642499923706055,9.407500267028809,9.449999809265137,9.417388916015625,375108000,72.5999984741211,73.76000213623047,72.25,73.1989974975586,72.59896850585938,37752000
2020-06-24,91.25,92.19750213623047,89.62999725341797,90.01499938964844,87.2353286743164,192623200,9.476249694824219,9.556500434875488,9.144499778747559,9.23550033569336,9.203628540039062,449372000,73.16400146484375,73.78949737548828,71.5,71.63500213623047,71.04779052734375,31592000
2020-06-25,90.17500305175781,91.25,89.39250183105469,91.20999908447266,88.39342498779297,137522400,9.35575008392334,9.505000114440918,9.182250022888184,9.489999771118164,9.457249641418457,376072000,71.56099700927734,72.11599731445312,70.97699737548828,72.05500030517578,71.46434783935547,23958000
2020-06-26,91.10250091552734,91.33000183105469,88.25499725341797,88.40750122070312,85.67748260498047,205256800,9.5,9.5,9.125,9.154999732971191,9.123409271240234,592084000,71.63150024414062,71.85099792480469,67.75,68.12699890136719,67.56853485107422,97640000
2020-06-29,88.3125,90.5425033569336,87.81999969482422,90.44499969482422,87.65204620361328,130646000,9.169750213623047,9.204500198364258,8.899999618530273,9.199999809265137,9.168253898620605,342248000,68.01699829101562,69.9000015258789,67.5824966430664,69.8584976196289,69.28585052490234,45074000
2020-06-30,90.0199966430664,91.49500274658203,90.0,91.19999694824219,88.38374328613281,140223200,9.314000129699707,9.526249885559082,9.266500473022461,9.497750282287598,9.464975357055664,367892000,69.84400177001953,71.19999694824219,69.34649658203125,70.90249633789062,70.32129669189453,40286000
2020-07-01,91.27999877929688,91.83999633789062,90.97750091552734,91.02749633789062,88.21656036376953,110737200,9.520750045776367,9.575750350952148,9.413000106811523,9.529999732971191,9.497113227844238,326648000,70.95850372314453,72.42400360107422,70.70899963378906,72.0999984741211,71.50897979736328,42182000
2020-07-02,91.9625015258789,92.61750030517578,90.91000366210938,91.02749633789062,88.21656036376953,114041600,9.638999938964844,9.737500190734863,9.57824993133545,9.612250328063965,9.579079627990723,364056000,72.59200286865234,74.4260025024414,72.55349731445312,73.49649810791016,72.89403533935547,57218000
2020-07-06,92.5,93.94499969482422,92.46749877929688,93.4625015258789,90.57637023925781,118655600,9.74174976348877,9.9087495803833,9.712499618530273,9.839249610900879,9.805294036865234,315892000,74.40750122070312,75.5,73.8489990234375,74.98249816894531,74.36784362792969,44712000
2020-07-07,93.85250091552734,94.65499877929688,93.05750274658203,93.17250061035156,90.29531860351562,112424400,9.946249961853027,10.069999694824219,9.850749969482422,9.871749877929688,9.837684631347656,357800000,74.80650329589844,76.06600189208984,74.48500061035156,74.49600219726562,73.88533020019531,42364000
2020-07-08,94.18000030517578,95.375,94.08999633789062,95.34249877929688,92.39832305908203,117092000,9.993749618530273,10.225000381469727,9.965499877929688,10.215999603271484,10.180742263793945,365480000,75.04000091552734,75.55850219726562,74.61499786376953,75.18000030517578,74.56373596191406,31766000
2020-07-09,96.26249694824219,96.31749725341797,94.67250061035156,95.75250244140625,92.795654296875,125642800,10.380249977111816,10.569999694824219,10.233499526977539,10.508999824523926,10.472733497619629,494548000,75.49649810791016,76.45700073242188,74.77950286865234,75.93299865722656,75.31055450439453,41836000
2020-07-10,95.33499908447266,95.9800033569336,94.70500183105469,95.91999816894531,92.9579849243164,90257200,10.588749885559082,10.65524959564209,10.37874984741211,10.479249954223633,10.443086624145508,497676000,75.6624984741211,77.06700134277344,75.03600311279297,76.95050048828125,76.3197250366211,35918000
2020-07-13,97.26499938964844,99.95500183105469,95.25749969482422,95.47750091552734,92.52916717529297,191649200,10.595000267028809,10.79224967956543,10.024999618530273,10.052249908447266,10.017560958862305,457076000,77.49700164794922,78.81800079345703,75.3280029296875,75.61150360107422,74.99169921875,42954000
2020-07-14,94.83999633789062,97.25499725341797,93.87750244140625,97.05750274658203,94.06036376953125,170989200,10.074999809265137,10.402750015258789,9.785499572753906,10.376999855041504,10.341191291809082,542676000,74.6395034790039,76.13999938964844,74.29650115966797,76.04299926757812,75.4196548461914,38108000
2020-07-15,98.98999786376953,99.24749755859375,96.48999786376953,97.7249984741211,94.7072525024414,153198000,10.414250373840332,10.432999610900879,10.055749893188477,10.227250099182129,10.191954612731934,403984000,76.1614990234375,76.81649780273438,74.8915023803711,75.84400177001953,75.2222900390625,31026000
2020-07-16,96.5625,97.40499877929688,95.90499877929688,96.52249908447266,93.5418930053711,110577600,10.015000343322754,10.20674991607666,9.895500183105469,10.134750366210938,10.099777221679688,344964000,75.07499694824219,75.79550170898438,74.41349792480469,75.74600219726562,75.12509155273438,26484000
2020-07-17,96.98750305175781,97.14749908447266,95.83999633789062,96.32749938964844,93.35289764404297,92186800,10.225500106811523,10.248499870300293,10.087750434875488,10.201499938964844,10.166295051574707,266284000,75.84549713134766,76.17150115966797,74.90499877929688,75.84249877929688,75.2208023071289,34264000
2020-07-20,96.4175033569336,98.5,96.0625,98.35749816894531,95.3202133178711,90318000,10.274250030517578,10.53125,10.156749725341797,10.510749816894531,10.474478721618652,284852000,75.75,78.45050048828125,75.13500213623047,78.19200134277344,77.55104064941406,30166000
2020-07-21,99.17250061035156,99.25,96.74250030517578,97.0,94.004638671875,103433200,10.512999534606934,10.5600004196167,10.286749839782715,10.328499794006348,10.292855262756348,277036000,79.25150299072266,79.35250091552734,77.63099670410156,77.7959976196289,77.15829467773438,27486000
2020-07-22,96.69249725341797,97.9749984741211,96.60250091552734,97.27249908447266,94.26872253417969,89001600,10.367500305175781,10.602499961853027,10.291500091552734,10.438750267028809,10.402727127075195,367292000,77.7854995727539,78.3489990234375,77.1614990234375,78.24250030517578,77.60111999511719,24482000
2020-07-23,96.99749755859375,97.07749938964844,92.01000213623047,92.84500122070312,89.97794342041016,197004400,10.449999809265137,10.54699993133545,10.03125,10.12975025177002,10.094792366027832,411660000,78.29650115966797,78.51750183105469,75.42949676513672,75.8375015258789,75.2158432006836,33910000
2020-07-24,90.98750305175781,92.97000122070312,89.1449966430664,92.61499786376953,89.75505828857422,185438800,9.875,10.364749908447266,9.777000427246094,10.194499969482422,10.159319877624512,473292000,74.95950317382812,75.77149963378906,74.37950134277344,75.4104995727539,74.79235076904297,29902000
2020-07-27,93.70999908447266,94.90499877929688,93.4800033569336,94.80999755859375,91.88227081298828,121214000,10.232250213623047,10.441749572753906,10.21774959564209,10.421500205993652,10.38553524017334,292132000,75.66300201416016,76.87799835205078,75.61650085449219,76.47149658203125,75.84464263916016,27124000
2020-07-28,94.36750030517578,94.55000305175781,93.24749755859375,93.25250244140625,90.37287139892578,103625600,10.374250411987305,10.381999969482422,10.209250450134277,10.215499877929688,10.18024730682373,271636000,76.25,76.30049896240234,75.0260009765625,75.18250274658203,74.56620788574219,30910000
2020-07-29,93.75,95.2300033569336,93.7125015258789,95.04000091552734,92.10516357421875,90329200,10.39074993133545,10.516249656677246,10.347000122070312,10.465499877929688,10.429381370544434,284508000,75.25,76.66649627685547,75.15049743652344,76.17549896240234,75.55107116699219,22676000
2020-07-30,94.1875,96.29750061035156,93.76750183105469,96.19000244140625,93.21963500976562,158130000,10.375,10.623000144958496,10.295249938964844,10.61400032043457,10.577374458312988,308880000,74.89849853515625,77.04450225830078,74.75849914550781,76.91850280761719,76.2879867553711,36042000
2020-07-31,102.88500213623047,106.41500091552734,100.82499694824219,106.26000213623047,102.97868347167969,374336800,10.563249588012695,10.766500473022461,10.432999610900879,10.614749908447266,10.578119277954102,386080000,74.85250091552734,75.2509994506836,72.69999694824219,74.39749908447266,73.78764343261719,91468000
2020-08-03,108.19999694824219,111.63749694824219,107.89250183105469,108.9375,105.57351684570312,308151200,10.732500076293945,11.098750114440918,10.715250015258789,11.010250091552734,10.972257614135742,412720000,74.55000305175781,74.8864974975586,73.58599853515625,74.13800048828125,73.53026580810547,45482000
2020-08-04,109.13249969482422,110.79000091552734,108.38749694824219,109.66500091552734,106.27853393554688,173071600,11.050000190734863,11.227749824523926,10.906000137329102,11.227749824523926,11.189002990722656,310336000,74.33550262451172,74.65550231933594,73.20149993896484,73.66500091552734,73.06114196777344,37212000
2020-08-05,109.37750244140625,110.39250183105469,108.89749908447266,110.0625,106.66376495361328,121776800,11.244000434875488,11.371749877929688,11.166250228881836,11.286749839782715,11.247802734375,249924000,73.84100341796875,74.5,73.56099700927734,73.95449829101562,73.34827423095703,29134000
2020-08-06,110.40499877929688,114.4124984741211,109.79750061035156,113.90249633789062,110.38516998291016,202428800,11.349749565124512,11.357999801635742,11.178750038146973,11.33549976348877,11.296381950378418,244316000,73.80750274658203,75.3134994506836,73.59500122070312,75.24749755859375,74.63067626953125,33306000
2020-08-07,113.20500183105469,113.67500305175781,110.2925033569336,111.11250305175781,107.8755111694336,198045600,11.3125,11.50475025177002,11.037500381469727,11.19950008392334,11.160850524902344,342516000,75.4520034790039,76.00450134277344,74.3134994506836,74.91850280761719,74.30437469482422,27718000
2020-08-10,112.5999984741211,113.7750015258789,110.0,112.72750091552734,109.44343566894531,212403600,11.334250450134277,11.408249855041504,10.856499671936035,11.164999961853027,11.126472473144531,427796000,74.54000091552734,75.35749816894531,73.87449645996094,74.84100341796875,74.22750854492188,20546000
2020-08-11,111.97000122070312,112.48249816894531,109.10749816894531,109.375,106.18861389160156,187902400,11.073749542236328,11.136750221252441,10.79574966430664,10.850000381469727,10.812559127807617,354512000,74.69999694824219,75.52200317382812,73.90950012207031,74.0270004272461,73.4201889038086,31098000
2020-08-12,110.49749755859375,113.2750015258789,110.29750061035156,113.01000213623047,109.71772003173828,165598000,10.990750312805176,11.467000007629395,10.958250045776367,11.440250396728516,11.400771141052246,464412000,74.35600280761719,75.58350372314453,74.25,75.36199951171875,74.74424743652344,22512000
2020-08-13,114.43000030517578,116.0425033569336,113.92749786376953,115.01000213623047,111.65943145751953,210082000,11.545999526977539,11.721750259399414,11.35575008392334,11.442999839782715,11.403510093688965,374460000,75.4104995727539,76.84850311279297,75.4104995727539,75.8324966430664,75.21087646484375,22388000
2020-08-14,114.83000183105469,115.0,113.04499816894531,114.90750122070312,111.5599365234375,165565200,11.529999732971191,11.704750061035156,11.440500259399414,11.564000129699707,11.524091720581055,366436000,75.68049621582031,75.989501953125,74.94999694824219,75.23149871826172,74.61482238769531,21942000
2020-08-17,116.0625,116.0875015258789,113.9625015258789,114.60749816894531,111.2686767578125,119561600,11.851249694824219,12.409749984741211,11.81725025177002,12.336999893188477,12.29442310333252,621300000,75.79850006103516,76.18900299072266,75.25,75.81199645996094,75.1905517578125,19990000
2020-08-18,114.35250091552734,116.0,114.00749969482422,115.5625,112.19585418701172,105633600,12.449999809265137,12.496000289916992,12.086250305175781,12.260749816894531,12.218441009521484,503448000,76.30599975585938,77.86849975585938,76.08350372314453,77.78900146484375,77.15135192871094,28378000
2020-08-19,115.98249816894531,117.1624984741211,115.61000061035156,115.7074966430664,112.33662414550781,145538000,12.296500205993652,12.3149995803833,12.097999572753906,12.138500213623047,12.096611976623535,622624000,77.62449645996094,78.44300079345703,77.0,77.23049926757812,76.59742736816406,30472000
2020-08-20,115.75,118.39250183105469,115.73249816894531,118.2750015258789,114.8293228149414,126907200,11.975000381469727,12.375,11.87874984741211,12.140999794006348,12.099102973937988,921388000,76.99849700927734,79.00849914550781,76.7229995727539,78.8125,78.16645812988281,26382000
2020-08-21,119.26249694824219,124.86750030517578,119.25,124.37000274658203,120.74675750732422,338054800,12.201749801635742,12.80875015258789,12.195249557495117,12.683500289916992,12.639729499816895,999868000,78.58999633789062,79.59400177001953,78.1155014038086,78.77850341796875,78.13273620605469,34838000
2020-08-24,128.69749450683594,128.78500366210938,123.9375,125.85749816894531,122.19091796875,345937600,12.883749961853027,12.912500381469727,12.507499694824219,12.720250129699707,12.676353454589844,490564000,79.62349700927734,80.43900299072266,78.75199890136719,79.25749969482422,78.6078109741211,25638000
2020-08-25,124.69750213623047,125.18000030517578,123.05249786376953,124.82499694824219,121.18851470947266,211495600,12.630749702453613,12.761249542236328,12.573749542236328,12.75,12.705998420715332,289076000,79.00499725341797,80.44400024414062,78.89399719238281,80.2925033569336,79.63432312011719,25150000
2020-08-26,126.18000030517578,126.99250030517578,125.0824966430664,126.52249908447266,122.8365707397461,163022400,12.799249649047852,12.868499755859375,12.677749633789062,12.77299976348877,12.72891902923584,321244000,80.31500244140625,82.6395034790039,80.04900360107422,82.20649719238281,81.53262329101562,52188000
2020-08-27,127.14250183105469,127.48500061035156,123.8324966430664,125.01000213623047,121.36813354492188,155552400,12.781499862670898,12.850000381469727,12.566499710083008,12.628250122070312,12.584671020507812,317604000,82.33049774169922,82.39949798583984,80.94049835205078,81.4260025024414,80.75852966308594,31350000
2020-08-28,126.01249694824219,126.44249725341797,124.57749938964844,124.80750274658203,121.17152404785156,187630000,12.675000190734863,13.14799976348877,12.642499923706055,13.147749900817871,13.102375984191895,537160000,81.47350311279297,82.06749725341797,81.28050231933594,81.97149658203125,81.29955291748047,22418000
2020-08-31,127.58000183105469,131.0,126.0,129.0399932861328,125.28070831298828,225702700,13.18274974822998,13.574999809265137,13.037750244140625,13.374500274658203,13.328346252441406,500840000,82.17849731445312,82.2249984741211,81.2665023803711,81.47650146484375,80.8086166381836,26422000
2020-09-01,132.75999450683594,134.8000030517578,130.52999877929688,134.17999267578125,130.27099609375,151948100,13.479999542236328,13.993749618530273,13.43649959564209,13.821000099182129,13.777426719665527,511316000,81.60800170898438,82.96099853515625,81.47650146484375,82.75399780273438,82.07563781738281,22652000
2020-09-02,137.58999633789062,137.97999572753906,127.0,131.39999389648438,127.57198333740234,200119000,14.703749656677246,14.726750373840332,13.899999618530273,14.346500396728516,14.30126953125,874012000,83.40049743652344,86.30500030517578,83.0094985961914,85.86949920654297,85.16559600830078,49522000
2020-09-03,126.91000366210938,128.83999633789062,120.5,120.87999725341797,117.35845184326172,257599600,13.828749656677246,13.884499549865723,12.87874984741211,13.01550006866455,12.974466323852539,945128000,84.97599792480469,85.0,80.385498046875,81.47550201416016,80.80762481689453,63726000
2020-09-04,120.06999969482422,123.69999694824219,110.88999938964844,120.95999908447266,117.43611907958984,332607200,12.7837495803833,13.175000190734863,11.704750061035156,12.6225004196167,12.582704544067383,1463684000,80.44999694824219,81.74949645996094,76.89849853515625,79.06050109863281,78.41242218017578,55850000
2020-09-08,113.94999694824219,118.98999786376953,112.68000030517578,112.81999969482422,109.53325653076172,231366600,11.73449993133545,12.550000190734863,11.70425033569336,11.913000106811523,11.87544059753418,795728000,76.25,77.77749633789062,75.82499694824219,76.18000030517578,75.55553436279297,54032000
2020-09-09,117.26000213623047,119.13999938964844,115.26000213623047,117.31999969482422,113.90215301513672,176940500,12.399999618530273,12.809249877929688,12.231749534606934,12.71500015258789,12.67491340637207,736200000,77.44499969482422,77.93599700927734,76.25849914550781,77.36150360107422,76.72735595703125,39242000
2020-09-10,120.36000061035156,120.5,112.5,113.48999786376953,110.18372344970703,182274400,12.989250183105469,13.065250396728516,12.166999816894531,12.311750411987305,12.272936820983887,698684000,77.50900268554688,78.68299865722656,76.0,76.30249786376953,75.6770248413086,33024000
2020-09-11,114.56999969482422,115.2300033569336,110.0,112.0,108.73714447021484,180860300,12.48550033569336,12.65250015258789,11.895750045776367,12.16450023651123,12.126150131225586,636928000,76.40750122070312,76.93499755859375,74.6510009765625,75.78800201416016,75.166748046875,30706000
2020-09-14,114.72000122070312,115.93000030517578,112.80000305175781,115.36000061035156,111.99925231933594,140150100,13.081000328063965,13.3149995803833,12.631250381469727,12.872249603271484,12.8316650390625,1201744000,76.5824966430664,77.8499984741211,75.25550079345703,75.44149780273438,74.82308197021484,42660000
2020-09-15,118.33000183105469,118.83000183105469,113.61000061035156,115.54000091552734,112.17401123046875,184642000,13.279999732971191,13.298749923706055,12.827750205993652,12.991000175476074,12.950041770935059,727556000,76.39450073242188,77.54949951171875,76.1050033569336,76.75599670410156,76.1268081665039,23042000
2020-09-16,115.2300033569336,116.0,112.04000091552734,112.12999725341797,108.86334228515625,154679000,12.957249641418457,13.09274959564209,12.513750076293945,12.51449966430664,12.475042343139648,556384000,77.1240005493164,77.71849822998047,75.57949829101562,75.60449981689453,74.98474884033203,22128000
2020-09-17,109.72000122070312,112.19999694824219,108.70999908447266,110.33999633789062,107.12548065185547,178011000,12.13224983215332,12.589750289916992,12.034749984741211,12.463500022888184,12.42420482635498,792512000,74.29049682617188,74.93299865722656,73.12300109863281,74.35199737548828,73.74251556396484,40008000
2020-09-18,110.4000015258789,110.87999725341797,106.08999633789062,106.83999633789062,103.72746276855469,287104900,12.59375,12.632499694824219,11.988750457763672,12.189249992370605,12.150823593139648,698460000,74.41500091552734,74.76000213623047,71.58100128173828,72.55449676513672,71.9597396850586,63056000
2020-09-21,104.54000091552734,110.19000244140625,103.0999984741211,110.08000183105469,106.87309265136719,195713800,11.925000190734863,12.522500038146973,11.904500007629395,12.517250061035156,12.47778606414795,721044000,71.58100128173828,72.00299835205078,70.13400268554688,71.50700378417969,70.92085266113281,56908000
2020-09-22,112.68000030517578,112.86000061035156,109.16000366210938,111.80999755859375,108.55268096923828,183055400,12.574999809265137,12.64799976348877,12.155500411987305,12.637749671936035,12.597905158996582,646452000,72.51599884033203,73.19850158691406,71.4749984741211,72.99099731445312,72.39266967773438,33950000
2020-09-23,111.62000274658203,112.11000061035156,106.7699966430664,107.12000274658203,103.99930572509766,150718700,12.575499534606934,12.72700023651123,12.07925033569336,12.123749732971191,12.085525512695312,647012000,72.60449981689453,72.65399932861328,70.13400268554688,70.46949768066406,69.891845703125,37726000
2020-09-24,105.16999816894531,110.25,105.0,108.22000122070312,105.06725311279297,167743300,12.072250366210938,12.569499969482422,12.013999938964844,12.347999572753906,12.309069633483887,731240000,70.13400268554688,71.89949798583984,70.10749816894531,71.14299774169922,70.55982208251953,34552000
2020-09-25,108.43000030517578,112.44000244140625,107.66999816894531,112.27999877929688,109.00895690917969,149981400,12.447500228881836,12.883500099182129,12.245750427246094,12.873749732971191,12.833160400390625,588016000,71.25250244140625,72.2969970703125,70.38400268554688,71.9530029296875,71.36318969726562,30326000
2020-09-28,115.01000213623047,115.31999969482422,112.77999877929688,114.95999908447266,111.61090087890625,137672400,13.040249824523926,13.051750183105469,12.75,13.03499984741211,12.993903160095215,573808000,73.59950256347656,73.64949798583984,72.31400299072266,72.93299865722656,72.33514404296875,30784000
2020-09-29,114.55000305175781,115.30999755859375,113.56999969482422,114.08999633789062,110.7662582397461,99382200,12.9375,13.442749977111816,12.933250427246094,13.225749969482422,13.184051513671875,621460000,73.19550323486328,73.5999984741211,72.69999694824219,73.3010025024414,72.70014190673828,31816000
2020-09-30,113.79000091552734,117.26000213623047,113.62000274658203,115.80999755859375,112.43614196777344,142675200,13.157500267028809,13.6225004196167,13.150250434875488,13.530500411987305,13.48784351348877,689184000,73.0469970703125,74.30999755859375,72.78800201416016,73.27999877929688,72.67930603027344,40924000
2020-10-01,117.63999938964844,117.72000122070312,115.83000183105469,116.79000091552734,113.38758850097656,116120400,13.758000373840332,13.762749671936035,13.460749626159668,13.614500045776367,13.571576118469238,525004000,74.18299865722656,74.75350189208984,73.83999633789062,74.3949966430664,73.78516387939453,32884000
2020-10-02,112.88999938964844,115.37000274658203,112.22000122070312,113.0199966430664,109.72743225097656,144712000,13.225000381469727,13.519499778747559,13.050999641418457,13.062250137329102,13.021068572998047,552496000,72.98149871826172,73.95149993896484,72.36750030517578,72.77999877929688,72.18340301513672,31222000
2020-10-05,113.91000366210938,116.6500015258789,113.55000305175781,116.5,113.10604858398438,106243800,13.236000061035156,13.64424991607666,13.222749710083008,13.642499923706055,13.5994873046875,479820000,73.13249969482422,74.23500061035156,73.00450134277344,74.1415023803711,73.53376007080078,21602000
2020-10-06,115.69999694824219,116.12000274658203,112.25,113.16000366210938,109.86334991455078,161498200,13.829999923706055,14.142000198364258,13.664999961853027,13.736499786376953,13.693191528320312,784420000,73.7750015258789,74.22599792480469,72.25050354003906,72.5510025024414,71.956298828125,26096000
2020-10-07,114.62000274658203,115.55000305175781,114.12999725341797,115.08000183105469,111.7274169921875,96849000,13.999750137329102,14.119250297546387,13.863499641418457,13.96399974822998,13.919974327087402,418084000,72.96549987792969,73.44850158691406,71.6614990234375,72.95700073242188,72.35895538330078,36108000
2020-10-08,116.25,116.4000015258789,114.58999633789062,114.97000122070312,111.62061309814453,83477200,14.074999809265137,14.084500312805176,13.758000373840332,13.838749885559082,13.795119285583496,378900000,73.27249908447266,74.40149688720703,73.27249908447266,74.17150115966797,73.5634994506836,26076000
2020-10-09,115.27999877929688,117.0,114.91999816894531,116.97000122070312,113.56233978271484,100506900,13.767000198364258,13.824250221252441,13.660750389099121,13.762749671936035,13.719359397888184,346892000,74.64299774169922,75.59249877929688,74.3499984741211,75.52249908447266,74.90342712402344,32966000
2020-10-12,120.05999755859375,125.18000030517578,119.27999877929688,124.4000015258789,120.7759017944336,240226800,13.989500045776367,14.347000122070312,13.912500381469727,14.22599983215332,14.181146621704102,434744000,76.9000015258789,79.4209976196289,76.46499633789062,78.22949981689453,77.58822631835938,55344000
2020-10-13,125.2699966430664,125.38999938964844,119.6500015258789,121.0999984741211,117.57202911376953,262330500,14.296500205993652,14.34850025177002,14.018750190734863,14.248250007629395,14.203328132629395,344604000,78.85050201416016,79.25800323486328,77.93150329589844,78.35350036621094,77.71121978759766,39072000
2020-10-14,121.0,123.02999877929688,119.62000274658203,121.19000244140625,117.65938568115234,150712000,14.290499687194824,14.34274959564209,13.960000038146973,14.095250129699707,14.050811767578125,276100000,78.7300033569336,79.19249725341797,77.29499816894531,78.1719970703125,77.53119659423828,33174000
2020-10-15,118.72000122070312,121.19999694824219,118.1500015258789,120.70999908447266,117.19338989257812,112559200,13.810750007629395,14.005749702453613,13.767749786376953,13.970000267028809,13.92595386505127,267224000,77.2249984741211,78.56999969482422,77.05650329589844,77.77349853515625,77.13597106933594,31210000
2020-10-16,121.27999877929688,121.55000305175781,118.80999755859375,119.0199966430664,115.55262756347656,115393800,14.036749839782715,14.121500015258789,13.792499542236328,13.81149959564209,13.767955780029297,242392000,78.09149932861328,78.885498046875,77.88300323486328,78.38500213623047,77.74246978759766,34194000
2020-10-19,119.95999908447266,120.41999816894531,115.66000366210938,115.9800033569336,112.60120391845703,120639300,13.902999877929688,13.983499526977539,13.406749725341797,13.497750282287598,13.45519733428955,298068000,78.79650115966797,79.19650268554688,76.14600372314453,76.49749755859375,75.87042236328125,29734000
2020-10-20,116.19999694824219,118.9800033569336,115.62999725341797,117.51000213623047,114.08661651611328,124423700,13.583499908447266,13.799750328063965,13.506999969482422,13.645500183105469,13.602479934692383,229212000,76.15550231933594,78.69200134277344,76.0250015258789,77.55400085449219,76.91827392578125,41670000
2020-10-21,116.66999816894531,118.70999908447266,116.44999694824219,116.87000274658203,113.46527862548828,89946000,13.625,13.791500091552734,13.477499961853027,13.524749755859375,13.482110023498535,219596000,78.49250030517578,80.75700378417969,78.35700225830078,79.29949951171875,78.64947509765625,60322000
2020-10-22,117.44999694824219,118.04000091552734,114.58999633789062,115.75,112.37788391113281,101988000,13.522500038146973,13.611749649047852,13.231749534606934,13.361000061035156,13.318873405456543,290480000,79.25,80.6709976196289,78.8740005493164,80.33300018310547,79.67449951171875,30512000
2020-10-23,116.38999938964844,116.55000305175781,114.27999877929688,115.04000091552734,111.6885757446289,82572600,13.449999809265137,13.593250274658203,13.291250228881836,13.590250015258789,13.547403335571289,233484000,80.75250244140625,81.70600128173828,80.59549713134766,81.64900207519531,80.97969818115234,30548000
2020-10-26,114.01000213623047,116.55000305175781,112.87999725341797,115.05000305175781,111.69828033447266,111850700,13.427000045776367,13.692749977111816,13.03849983215332,13.141249656677246,13.099817276000977,336896000,80.75,81.47899627685547,78.38899993896484,79.2145004272461,78.56515502929688,35826000
2020-10-27,115.48999786376953,117.27999877929688,114.54000091552734,116.5999984741211,113.20313262939453,92276800,13.305999755859375,13.442000389099121,13.191499710083008,13.396750450134277,13.354513168334961,250520000,79.44650268554688,80.0999984741211,78.84950256347656,79.94400024414062,79.28868865966797,25902000
2020-10-28,115.05000305175781,115.43000030517578,111.0999984741211,111.19999694824219,107.96043395996094,143937800,13.197999954223633,13.260000228881836,12.609000205993652,12.626999855041504,12.587190628051758,376520000,77.50050354003906,77.69049835205078,75.42400360107422,75.54000091552734,74.92078399658203,45174000
2020-10-29,112.37000274658203,116.93000030517578,112.19999694824219,115.31999969482422,111.96041870117188,146129200,12.838500022888184,13.192749977111816,12.75,13.02400016784668,12.98293685913086,320080000,75.85099792480469,79.43699645996094,75.82749938964844,77.84400177001953,77.20590209960938,55406000
2020-10-30,111.05999755859375,111.98999786376953,107.72000122070312,108.86000061035156,105.68860626220703,190272600,12.850000381469727,12.93649959564209,12.300000190734863,12.534000396728516,12.494483947753906,416820000,83.37200164794922,84.06600189208984,80.07849884033203,80.80549621582031,80.14311218261719,99878000
2020-11-02,109.11000061035156,110.68000030517578,107.31999969482422,108.7699966430664,105.60123443603516,122866900,12.657750129699707,12.836750030517578,12.395000457763672,12.580750465393066,12.54108715057373,299652000,81.177001953125,82.91200256347656,80.71199798583984,81.21600341796875,80.55026245117188,44228000
2020-11-03,109.66000366210938,111.48999786376953,108.7300033569336,110.44000244140625,107.22256469726562,107624400,12.708499908447266,13.104999542236328,12.602749824523926,13.019499778747559,12.978452682495117,272900000,81.53800201416016,82.94999694824219,80.60549926757812,82.28299713134766,81.6084976196289,31432000
2020-11-04,114.13999938964844,115.58999633789062,112.3499984741211,114.94999694824219,111.6011962890625,138235500,13.389249801635742,13.827500343322754,13.336999893188477,13.794249534606934,13.750758171081543,410228000,85.27899932861328,88.50150299072266,85.1500015258789,87.2925033569336,86.57694244384766,71342000
2020-11-05,117.94999694824219,119.62000274658203,116.87000274658203,119.02999877929688,115.56232452392578,126387100,14.162500381469727,14.33899974822998,13.991000175476074,14.15999984741211,14.1153564453125,319028000,88.52249908447266,89.59100341796875,87.05149841308594,88.125,87.40261840820312,39758000
2020-11-06,118.31999969482422,119.19999694824219,116.12999725341797,118.69000244140625,115.4310302734375,114457900,14.109749794006348,14.588749885559082,13.895000457763672,14.562000274658203,14.516088485717773,383348000,87.56700134277344,88.42500305175781,86.83399963378906,87.98650360107422,87.2652587890625,28622000
2020-11-09,120.5,121.98999786376953,116.05000305175781,116.31999969482422,113.12614440917969,154515300,14.552499771118164,14.691499710083008,13.610750198364258,13.630749702453613,13.587774276733398,582976000,89.79900360107422,90.84449768066406,87.87750244140625,88.07099914550781,87.34906005859375,53440000
2020-11-10,115.55000305175781,117.58999633789062,114.12999725341797,115.97000122070312,112.78572845458984,138023400,13.606499671936035,13.606499671936035,12.628250122070312,12.770000457763672,12.72973918914795,644068000,86.4885025024414,87.96900177001953,85.80599975585938,86.88600158691406,86.17378997802734,43022000
2020-11-11,117.19000244140625,119.62999725341797,116.44000244140625,119.48999786376953,116.20909118652344,112295000,13.053750038146973,13.4350004196167,12.948249816894531,13.418000221252441,13.375693321228027,404744000,87.41999816894531,88.1449966430664,87.15299987792969,87.36150360107422,86.64537811279297,31838000
2020-11-12,119.62000274658203,120.52999877929688,118.56999969482422,119.20999908447266,115.93678283691406,103162300,13.479000091552734,13.765999794006348,13.315999984741211,13.45674991607666,13.414323806762695,365812000,87.0999984741211,88.2490005493164,86.89849853515625,87.14099884033203,86.42667388916016,26474000
2020-11-13,119.44000244140625,119.66999816894531,117.87000274658203,119.26000213623047,115.98539733886719,81581900,13.627249717712402,13.668749809265137,13.059249877929688,13.29699993133545,13.255078315734863,346312000,87.4000015258789,88.85649871826172,86.79900360107422,88.61299896240234,87.88661193847656,29744000
2020-11-16,118.91999816894531,120.98999786376953,118.1500015258789,120.30000305175781,116.99681854248047,91183000,13.172499656677246,13.649499893188477,13.156000137329102,13.515250205993652,13.472638130187988,413776000,88.20700073242188,89.71700286865234,88.06649780273438,88.70149993896484,87.97439575195312,25468000
2020-11-17,119.55000305175781,120.66999816894531,118.95999908447266,119.38999938964844,116.11182403564453,74271000,13.552499771118164,13.5962495803833,13.303750038146973,13.422249794006348,13.37993335723877,312028000,88.39299774169922,88.85700225830078,87.97450256347656,88.08300018310547,87.36096954345703,21314000
2020-11-18,118.61000061035156,119.81999969482422,118.0,118.02999877929688,114.78917694091797,76322100,13.465250015258789,13.60575008392334,13.1850004196167,13.428750038146973,13.386412620544434,510924000,87.83200073242188,88.25,86.92849731445312,87.03199768066406,86.31857299804688,20108000
2020-11-19,117.58999633789062,119.05999755859375,116.80999755859375,118.63999938964844,115.38240814208984,74113000,13.212750434875488,13.487500190734863,13.100000381469727,13.440250396728516,13.39787769317627,565936000,86.6614990234375,88.17449951171875,86.5009994506836,87.92849731445312,87.20772552490234,20106000
2020-11-20,118.63999938964844,118.7699966430664,117.29000091552734,117.33999633789062,114.11811828613281,73604300,13.454000473022461,13.494500160217285,13.0649995803833,13.087750434875488,13.046486854553223,341088000,88.0999984741211,88.41799926757812,86.75,86.81900024414062,86.10733032226562,27694000
2020-11-23,117.18000030517578,117.62000274658203,113.75,113.8499984741211,110.72394561767578,127959300,13.171250343322754,13.382499694824219,13.01550006866455,13.140000343322754,13.09857177734375,361356000,87.01100158691406,87.29949951171875,85.50900268554688,86.37799835205078,85.66993713378906,22530000
2020-11-24,113.91000366210938,115.8499984741211,112.58999633789062,115.16999816894531,112.0077133178711,113874200,13.142499923706055,13.161999702453613,12.885000228881836,12.95775032043457,12.91689682006836,346500000,86.375,88.3239974975586,86.0364990234375,88.19499969482422,87.47205352783203,27984000
2020-11-25,115.55000305175781,116.75,115.16999816894531,116.02999877929688,112.84407043457031,76499200,13.032500267028809,13.269499778747559,13.020000457763672,13.234749794006348,13.193022727966309,259916000,88.3905029296875,88.51899719238281,87.41799926757812,88.20649719238281,87.48345184326172,19600000
2020-11-27,116.56999969482422,117.48999786376953,116.22000122070312,116.58999633789062,113.3886947631836,46691300,13.375,13.407500267028809,13.170499801635742,13.261249542236328,13.219439506530762,167276000,88.22699737548828,89.85050201416016,88.22699737548828,89.35099792480469,88.61856079101562,14790000
2020-11-30,116.97000122070312,120.97000122070312,116.80999755859375,119.05000305175781,115.7811508178711,169410200,13.265000343322754,13.412500381469727,12.972249984741211,13.40149974822998,13.359246253967285,286952000,88.78250122070312,89.01699829101562,87.39199829101562,87.72000122070312,87.00093078613281,32418000
2020-12-01,121.01000213623047,123.47000122070312,120.01000213623047,122.72000122070312,119.35039520263672,127728200,13.492250442504883,13.5287504196167,13.228249549865723,13.390000343322754,13.347784996032715,296948000,88.33300018310547,91.08599853515625,88.15149688720703,89.76799774169922,89.03215026855469,37350000
2020-12-02,122.0199966430664,123.37000274658203,120.88999938964844,123.08000183105469,119.70050048828125,89004200,13.350500106811523,13.673500061035156,13.23425006866455,13.544500350952148,13.50179672241211,283360000,89.76799774169922,91.63700103759766,89.25849914550781,91.24849700927734,90.5005111694336,29424000
2020-12-03,123.5199966430664,123.77999877929688,122.20999908447266,122.94000244140625,119.5643539428711,78967600,13.587499618530273,13.65999984741211,13.329000473022461,13.395999908447266,13.357708930969238,199520000,91.0270004272461,92.19149780273438,90.8499984741211,91.09200286865234,90.34530639648438,24728000
2020-12-04,122.5999984741211,122.86000061035156,121.5199966430664,122.25,118.89330291748047,78260400,13.44849967956543,13.5600004196167,13.388750076293945,13.558250427246094,13.519497871398926,202244000,91.01100158691406,91.4749984741211,90.67949676513672,91.18800354003906,90.44051361083984,20544000
2020-12-07,122.30999755859375,124.56999969482422,122.25,123.75,120.35208892822266,86712000,13.601249694824219,13.731249809265137,13.5,13.606749534606934,13.567858695983887,223244000,90.77749633789062,91.4645004272461,90.1520004272461,90.85150146484375,90.10677337646484,22288000
2020-12-08,124.37000274658203,124.9800033569336,123.08999633789062,124.37999725341797,120.96479034423828,82225500,13.585000038146973,13.598750114440918,13.281499862670898,13.350000381469727,13.311843872070312,271920000,90.4260025024414,90.79850006103516,89.56400299072266,90.56649780273438,89.82410430908203,19936000
2020-12-09,124.52999877929688,125.94999694824219,121.0,121.77999877929688,118.43619537353516,115089200,13.30049991607666,13.413999557495117,12.868249893188477,12.930749893188477,12.893789291381836,401300000,90.51799774169922,91.41850280761719,88.0999984741211,88.89299774169922,88.164306640625,31728000
2020-12-10,120.5,123.87000274658203,120.1500015258789,123.23999786376953,119.8561019897461,81312200,12.869000434875488,13.068750381469727,12.849499702453613,12.972249984741211,12.93517017364502,207764000,88.12999725341797,88.74949645996094,86.67649841308594,88.38249969482422,87.65801239013672,28688000
2020-12-11,122.43000030517578,122.76000213623047,120.55000305175781,122.41000366210938,119.04890441894531,86939800,12.967249870300293,13.020000457763672,12.822999954223633,13.013250350952148,12.976052284240723,209264000,88.0,88.8655014038086,87.63700103759766,88.73999786376953,88.01256561279297,18628000
2020-12-14,122.5999984741211,123.3499984741211,121.54000091552734,121.77999877929688,118.43619537353516,79184500,13.088000297546387,13.388750076293945,13.077500343322754,13.30875015258789,13.270709991455078,270156000,88.53600311279297,89.48999786376953,87.45649719238281,87.61299896240234,86.89480590820312,33050000
2020-12-15,124.33999633789062,127.9000015258789,124.12999725341797,127.87999725341797,124.36871337890625,157243700,13.439749717712402,13.46399974822998,13.186750411987305,13.36050033569336,13.322309494018555,193016000,87.99299621582031,88.19999694824219,87.08350372314453,88.05400085449219,87.33219909667969,21352000
2020-12-16,127.41000366210938,128.3699951171875,126.55999755859375,127.80999755859375,124.30062866210938,98208600,13.422499656677246,13.437250137329102,13.212499618530273,13.242500305175781,13.204647064208984,223116000,88.45549774169922,88.45549774169922,87.4530029296875,87.8594970703125,87.1392822265625,24676000
2020-12-17,128.89999389648438,129.5800018310547,128.0399932861328,128.6999969482422,125.16620635986328,94359800,13.36674976348877,13.379500389099121,13.178500175476074,13.3412504196167,13.303118705749512,231384000,88.19650268554688,88.33550262451172,86.55750274658203,87.02549743652344,86.3121337890625,34880000
2020-12-18,128.9600067138672,129.10000610351562,126.12000274658203,126.66000366210938,123.18220520019531,192541500,13.378999710083008,13.404999732971191,13.070500373840332,13.272000312805176,13.2340669631958,342064000,87.30850219726562,87.41799926757812,85.75,86.31099700927734,85.60347747802734,85256000
2020-12-21,125.0199966430664,128.30999755859375,123.44999694824219,128.22999572753906,124.70907592773438,121251600,13.074749946594238,13.369999885559082,12.967499732971191,13.332249641418457,13.29414176940918,302332000,85.45649719238281,86.8499984741211,84.69999694824219,86.72799682617188,86.01705932617188,33974000
2020-12-22,131.61000061035156,134.41000366210938,129.64999389648438,131.8800048828125,128.2588653564453,168904800,13.319250106811523,13.337249755859375,13.053999900817871,13.278249740600586,13.240294456481934,185580000,86.46649932861328,86.63050079345703,85.28900146484375,86.01100158691406,85.30593872070312,20370000
2020-12-23,132.16000366210938,132.42999267578125,130.77999877929688,130.9600067138672,127.36416625976562,88223700,13.255999565124512,13.274999618530273,13.005000114440918,13.009249687194824,12.972067832946777,179144000,86.19650268554688,87.20549774169922,86.05999755859375,86.4114990234375,85.70315551757812,22974000
2020-12-24,131.32000732421875,133.4600067138672,131.10000610351562,131.97000122070312,128.34640502929688,54930100,13.037249565124512,13.132499694824219,12.938750267028809,12.993749618530273,12.956607818603516,97884000,86.44999694824219,87.12049865722656,86.21749877929688,86.70800018310547,85.99722290039062,9312000
2020-12-28,133.99000549316406,137.33999633789062,133.50999450683594,136.69000244140625,132.936767578125,124486200,13.0625,13.0625,12.763250350952148,12.899999618530273,12.863127708435059,212564000,87.24549865722656,89.3499984741211,87.09100341796875,88.697998046875,87.97090911865234,27650000
2020-12-29,138.0500030517578,138.7899932861328,134.33999633789062,134.8699951171875,131.166748046875,121047300,12.925000190734863,13.072500228881836,12.842249870300293,12.943249702453613,12.906253814697266,170372000,89.36150360107422,89.42350006103516,87.75550079345703,87.88800048828125,87.16757202148438,19726000
2020-12-30,135.5800018310547,135.99000549316406,133.39999389648438,133.72000122070312,130.04837036132812,96452100,12.990249633789062,13.213749885559082,12.896750450134277,13.145750045776367,13.108175277709961,225396000,88.25,88.38800048828125,86.4000015258789,86.8125,86.10088348388672,21026000
2020-12-31,134.0800018310547,134.74000549316406,131.72000122070312,132.69000244140625,129.046630859375,99116600,13.136500358581543,13.151000022888184,12.914999961853027,13.055000305175781,13.017684936523438,192424000,86.8635025024414,87.875,86.80449676513672,87.63200378417969,86.91365051269531,21070000
2021-01-04,133.52000427246094,133.61000061035156,126.76000213623047,129.41000366210938,125.8567123413086,143301900,13.104249954223633,13.65250015258789,12.962499618530273,13.113499641418457,13.076017379760742,560640000,88.0,88.12449645996094,85.35700225830078,86.30650329589844,85.59902954101562,37324000
2021-01-05,128.88999938964844,131.74000549316406,128.42999267578125,131.00999450683594,127.4127426147461,97664900,13.099749565124512,13.443499565124512,13.086999893188477,13.404749870300293,13.366436004638672,322760000,86.25450134277344,87.34149932861328,85.84500122070312,87.00250244140625,86.28931427001953,20360000
2021-01-06,127.72000122070312,131.0500030517578,126.37999725341797,126.5999984741211,123.12385559082031,155088000,13.22249984741211,13.244999885559082,12.586000442504883,12.614500045776367,12.578445434570312,580424000,85.01300048828125,87.19850158691406,84.80500030517578,86.14399719238281,85.43785095214844,46588000
2021-01-07,128.36000061035156,131.6300048828125,127.86000061035156,130.9199981689453,127.32525634765625,109578200,12.967499732971191,13.377750396728516,12.886500358581543,13.343999862670898,13.305859565734863,461480000,86.33799743652344,88.89099884033203,86.33799743652344,88.71700286865234,87.98977661132812,41936000
2021-01-08,132.42999267578125,132.6300048828125,130.22999572753906,132.0500030517578,128.4241943359375,105158200,13.362500190734863,13.420999526977539,13.041999816894531,13.276749610900879,13.238800048828125,292528000,88.85800170898438,89.96800231933594,88.06099700927734,89.8915023803711,89.15464782714844,35484000
2021-01-11,129.19000244140625,130.1699981689453,128.5,128.97999572753906,125.43849182128906,100384500,13.418749809265137,13.961000442504883,13.362500190734863,13.621500015258789,13.582564353942871,518344000,88.85099792480469,89.21900177001953,87.60700225830078,87.81449890136719,87.09466552734375,34796000
2021-01-12,128.5,129.69000244140625,126.86000061035156,128.8000030517578,125.26344299316406,91951100,13.7524995803833,13.754500389099121,13.345000267028809,13.484749794006348,13.446207046508789,291476000,87.26799774169922,88.3949966430664,85.81900024414062,86.87149810791016,86.15939331054688,29528000
2021-01-13,128.75999450683594,131.4499969482422,128.49000549316406,130.88999938964844,127.29605102539062,88636800,13.489999771118164,13.625,13.385000228881836,13.531749725341797,13.493072509765625,210028000,86.36599731445312,87.81950378417969,86.36599731445312,87.36250305175781,86.64637756347656,23432000
2021-01-14,130.8000030517578,131.0,128.75999450683594,128.91000366210938,125.37042999267578,90221800,13.574999809265137,13.599749565124512,13.180500030517578,13.200249671936035,13.162519454956055,283120000,87.44349670410156,88.37750244140625,86.30349731445312,86.5459976196289,85.83656311035156,29212000
2021-01-15,128.77999877929688,130.22000122070312,127.0,127.13999938964844,123.6490478515625,111598500,13.227999687194824,13.325249671936035,12.84850025177002,12.85949993133545,12.82274341583252,277780000,86.45099639892578,87.38099670410156,85.58550262451172,86.38099670410156,85.67291259765625,31444000
2021-01-19,127.77999877929688,128.7100067138672,126.94000244140625,127.83000183105469,124.320068359375,90757300,13.016249656677246,13.093999862670898,12.843999862670898,13.025250434875488,12.988019943237305,226188000,87.1500015258789,90.19200134277344,86.6415023803711,89.22350311279297,88.49211120605469,41660000
2021-01-20,128.66000366210938,132.49000549316406,128.5500030517578,132.02999877929688,128.4047393798828,104319500,13.111749649047852,13.430500030517578,13.056750297546387,13.365750312805176,13.327547073364258,258572000,91.31849670410156,94.98600006103516,90.97550201416016,94.00350189208984,93.2329330444336,64152000
2021-01-21,133.8000030517578,139.6699981689453,133.58999633789062,136.8699951171875,133.1118621826172,120150900,13.418499946594238,13.999250411987305,13.253000259399414,13.867500305175781,13.827863693237305,337780000,94.68250274658203,96.60399627685547,93.97049713134766,94.2074966430664,93.43524932861328,58634000
2021-01-22,136.27999877929688,139.85000610351562,135.02000427246094,139.07000732421875,135.25143432617188,114459400,13.739999771118164,13.841750144958496,13.627249717712402,13.712499618530273,13.673304557800293,246820000,94.572998046875,95.21949768066406,93.82499694824219,94.62799835205078,93.85231018066406,32744000
2021-01-25,143.07000732421875,145.08999633789062,136.5399932861328,142.9199981689453,138.99574279785156,157611700,13.781749725341797,13.828499794006348,13.236499786376953,13.653249740600586,13.614224433898926,251112000,95.63700103759766,96.09100341796875,92.95800018310547,94.71399688720703,93.9375991821289,50586000
2021-01-26,143.60000610351562,144.3000030517578,141.3699951171875,143.16000366210938,139.22915649414062,98390600,13.580499649047852,13.644749641418457,13.387499809265137,13.435250282287598,13.396848678588867,163980000,94.29949951171875,95.7874984741211,93.80650329589844,95.39749908447266,94.61550903320312,31462000
2021-01-27,143.42999267578125,144.3000030517578,140.41000366210938,142.05999755859375,138.1593780517578,140843800,13.229999542236328,13.232749938964844,12.793749809265137,12.917750358581543,12.880826950073242,371272000,93.74549865722656,94.02349853515625,89.86399841308594,90.9469985961914,90.20149230957031,82512000
2021-01-28,139.52000427246094,141.99000549316406,136.6999969482422,137.08999633789062,133.32582092285156,142621100,12.99625015258789,13.339750289916992,12.96049976348877,13.050999641418457,13.01369857788086,228316000,91.55000305175781,94.39949798583984,91.55000305175781,92.66000366210938,91.90044403076172,55278000
2021-01-29,135.8300018310547,136.74000549316406,130.2100067138672,131.9600067138672,128.3367156982422,177523800,13.074999809265137,13.334750175476074,12.911499977111816,12.989749908447266,12.952620506286621,271552000,91.70099639892578,92.37699890136719,90.0780029296875,91.36799621582031,90.61902618408203,44530000
2021-02-01,133.75,135.3800048828125,130.92999267578125,134.13999938964844,130.4568328857422,106239800,13.053250312805176,13.270750045776367,12.902750015258789,13.237000465393066,13.199166297912598,217204000,92.22949981689453,95.7770004272461,92.22949981689453,94.65350341796875,93.87760925292969,40252000
2021-02-02,135.72999572753906,136.30999755859375,134.61000061035156,134.99000549316406,131.28347778320312,83305400,13.398750305175781,13.571999549865723,13.285499572753906,13.556750297546387,13.517999649047852,220440000,95.65650177001953,97.46849822998047,95.31849670410156,95.95600128173828,95.16943359375,66332000
2021-02-03,135.75999450683594,135.77000427246094,133.61000061035156,133.94000244140625,130.26229858398438,89880900,13.63599967956543,13.931750297546387,13.516500473022461,13.530500411987305,13.491827964782715,245408000,103.28050231933594,105.33100128173828,100.67749786376953,102.94400024414062,102.10015106201172,97882000
2021-02-04,136.3000030517578,137.39999389648438,134.58999633789062,137.38999938964844,133.6175994873047,84183100,13.531000137329102,13.673500061035156,13.337750434875488,13.664250373840332,13.62519359588623,201340000,103.03099822998047,103.46499633789062,101.75499725341797,102.68150329589844,101.83979797363281,48596000
2021-02-05,137.35000610351562,137.4199981689453,135.86000061035156,136.75999450683594,133.20362854003906,75693800,13.725000381469727,13.737250328063965,13.54574966430664,13.590999603271484,13.552154541015625,169152000,102.97799682617188,104.7969970703125,102.5,104.44149780273438,103.58536529541016,29866000
2021-02-08,136.02999877929688,136.9600067138672,134.9199981689453,136.91000366210938,133.3497314453125,71297200,13.727250099182129,14.473750114440918,13.727250099182129,14.438750267028809,14.397480010986328,434624000,105.0,105.75,103.1675033569336,104.22599792480469,103.37162017822266,28828000
2021-02-09,136.6199951171875,137.8800048828125,135.85000610351562,136.00999450683594,132.47312927246094,76774200,14.340749740600586,14.583250045776367,14.22249984741211,14.263250350952148,14.22248363494873,287560000,103.73999786376953,104.92549896240234,103.5,103.76950073242188,102.91887664794922,21892000
2021-02-10,136.47999572753906,136.99000549316406,134.39999389648438,135.38999938964844,131.86927795410156,73046600,14.463250160217285,14.904999732971191,14.341500282287598,14.764249801635742,14.722047805786133,485352000,104.15699768066406,104.94400024414062,102.61199951171875,104.3239974975586,103.46883392333984,25102000
2021-02-11,135.89999389648438,136.38999938964844,133.77000427246094,135.1300048828125,131.61599731445312,64280000,14.980250358581543,15.272250175476074,14.925000190734863,15.250749588012695,15.207158088684082,450828000,104.55000305175781,104.69999694824219,103.44300079345703,104.4375,103.58139038085938,20480000
2021-02-12,134.35000610351562,135.52999877929688,133.69000244140625,135.3699951171875,131.84976196289062,60145100,15.050000190734863,15.291250228881836,14.774999618530273,14.961250305175781,14.918487548828125,374756000,103.9885025024414,104.9749984741211,103.67849731445312,104.75150299072266,103.89282989501953,18990000
2021-02-16,135.49000549316406,136.00999450683594,132.7899932861328,133.19000244140625,129.72645568847656,80576300,15.064249992370605,15.3725004196167,14.949999809265137,15.330249786376953,15.286433219909668,321960000,104.5875015258789,107.25700378417969,104.5875015258789,105.53500366210938,104.66991424560547,31004000
2021-02-17,131.25,132.22000122070312,129.47000122070312,130.83999633789062,127.43756866455078,97918500,15.170999526977539,15.22350025177002,14.779999732971191,14.906000137329102,14.863393783569336,274756000,104.6989974975586,106.12200164794922,104.4175033569336,105.93099975585938,105.0626449584961,20294000
2021-02-18,129.1999969482422,130.0,127.41000366210938,129.7100067138672,126.33696746826172,96856700,14.729000091552734,14.873250007629395,14.574999809265137,14.829000473022461,14.786615371704102,233868000,105.25,106.09950256347656,104.66649627685547,105.29049682617188,104.42740631103516,22546000
2021-02-19,130.24000549316406,130.7100067138672,128.8000030517578,129.8699951171875,126.49284362792969,87668800,15.024499893188477,15.177000045776367,14.846750259399414,14.92650032043457,14.883834838867188,271724000,105.3895034790039,105.92900085449219,104.17150115966797,104.44049835205078,103.58436584472656,37938000
2021-02-22,128.00999450683594,129.72000122070312,125.5999984741211,126.0,122.72342681884766,103916400,14.774749755859375,15.13325023651123,14.324999809265137,14.35575008392334,14.314720153808594,325884000,102.68000030517578,104.0165023803711,102.4000015258789,102.71299743652344,101.87104034423828,29466000
2021-02-23,123.76000213623047,126.70999908447266,118.38999938964844,125.86000061035156,122.58708953857422,158273000,14.075249671936035,14.238750457763672,13.38949966430664,14.142000198364258,14.101578712463379,391780000,100.69950103759766,103.625,99.5114974975586,103.00599670410156,102.16163635253906,34658000
2021-02-24,124.94000244140625,125.55999755859375,122.2300033569336,125.3499984741211,122.09033966064453,111039900,14.122750282287598,14.506750106811523,13.755999565124512,14.49899959564209,14.457557678222656,448320000,101.50199890136719,104.41600036621094,101.37650299072266,104.19049835205078,103.33641815185547,22608000
2021-02-25,124.68000030517578,126.45999908447266,120.54000091552734,120.98999786376953,117.84370422363281,148199500,14.045499801635742,14.374750137329102,13.2162504196167,13.307499885559082,13.269463539123535,824436000,102.79650115966797,104.1500015258789,100.32450103759766,100.79750061035156,99.97123718261719,41548000
2021-02-26,122.58999633789062,124.8499984741211,121.19999694824219,121.26000213623047,118.10669708251953,164560400,13.7524995803833,13.854499816894531,13.361000061035156,13.714500427246094,13.675301551818848,500932000,101.49749755859375,102.82599639892578,100.05049896240234,101.09549713134766,100.26678466796875,40042000
2021-03-01,123.75,127.93000030517578,122.79000091552734,127.79000091552734,124.4668960571289,116307900,13.875,13.925000190734863,13.553250312805176,13.841750144958496,13.802188873291016,353184000,102.4000015258789,103.8115005493164,101.72100067138672,103.48300170898438,102.63472747802734,26060000
2021-03-02,128.41000366210938,128.72000122070312,125.01000213623047,125.12000274658203,121.86630249023438,102260900,13.899999618530273,13.920499801635742,13.395999908447266,13.40625,13.36793327331543,264116000,103.24199676513672,104.73699951171875,102.83350372314453,103.2239990234375,102.37785339355469,25564000
2021-03-03,124.80999755859375,125.70999908447266,121.83999633789062,122.05999755859375,118.88590240478516,112966300,13.426250457763672,13.451499938964844,12.798749923706055,12.804750442504883,12.768152236938477,377592000,102.59750366210938,103.79949951171875,99.69999694824219,100.57050323486328,99.74609375,33892000
2021-03-04,121.75,123.5999984741211,118.62000274658203,120.12999725341797,117.00607299804688,178155000,12.800749778747559,12.975000381469727,12.083749771118164,12.37024974822998,12.334893226623535,573344000,100.74349975585938,103.72949981689453,100.27149963378906,101.69650268554688,100.86286926269531,49216000
2021-03-05,120.9800033569336,121.94000244140625,117.56999969482422,121.41999816894531,118.26255798339844,153766600,12.550000190734863,12.550000190734863,11.67924976348877,12.46150016784668,12.425883293151855,542840000,103.05750274658203,105.30999755859375,101.38899993896484,104.85350036621094,103.99398803710938,53100000
2021-03-08,120.93000030517578,121.0,116.20999908447266,116.36000061035156,113.33413696289062,154376600,12.449999809265137,12.4712495803833,11.566499710083008,11.593250274658203,11.560113906860352,543112000,104.2030029296875,105.68699645996094,100.2594985961914,100.375,99.55220794677734,36868000
2021-03-09,119.02999877929688,122.05999755859375,118.79000091552734,121.08999633789062,117.94110870361328,129525800,12.130249977111816,12.61674976348877,12.059249877929688,12.52025032043457,12.488775253295898,521824000,102.48750305175781,103.19599914550781,101.77999877929688,102.01799774169922,101.1817398071289,33920000
2021-03-10,121.69000244140625,122.16999816894531,119.44999694824219,119.9800033569336,116.85999298095703,111943300,12.840499877929688,12.979999542236328,12.457500457763672,12.468250274658203,12.436903953552246,384376000,103.06999969482422,103.06999969482422,100.96649932861328,101.80950164794922,100.97494506835938,27100000
2021-03-11,122.54000091552734,123.20999908447266,121.26000213623047,121.95999908447266,118.78849029541016,103026500,12.949999809265137,13.046250343322754,12.73449993133545,12.993499755859375,12.960833549499512,299916000,102.91100311279297,105.5634994506836,102.82250213623047,105.0270004272461,104.16606903076172,27702000
2021-03-12,120.4000015258789,121.16999816894531,119.16000366210938,121.02999877929688,117.88268280029297,88105100,12.648249626159668,12.888750076293945,12.59000015258789,12.855999946594238,12.823678016662598,243964000,103.82050323486328,103.88050079345703,101.62100219726562,102.5,101.6597900390625,33818000
2021-03-15,121.41000366210938,124.0,120.41999816894531,123.98999786376953,120.7657241821289,92403800,12.864749908447266,13.20674991607666,12.767250061035156,13.19124984741211,13.15808391571045,221988000,102.2490005493164,102.74949645996094,101.3895034790039,102.72200012207031,101.87996673583984,26168000
2021-03-16,125.69999694824219,127.22000122070312,124.72000122070312,125.56999969482422,122.30462646484375,115227900,13.356499671936035,13.512499809265137,13.11674976348877,13.291250228881836,13.25783634185791,272128000,103.29949951171875,105.68399810791016,102.9645004272461,104.19450378417969,103.34040069580078,31900000
2021-03-17,124.05000305175781,125.86000061035156,122.33999633789062,124.76000213623047,121.51569366455078,111932600,13.039750099182129,13.45324993133545,12.989500045776367,13.3412504196167,13.307709693908691,243864000,103.42350006103516,104.94999694824219,102.20600128173828,104.11100006103516,103.25758361816406,26382000
2021-03-18,122.87999725341797,123.18000030517578,120.31999969482422,120.52999877929688,117.39567565917969,121229700,13.136500358581543,13.184000015258789,12.717000007629395,12.72249984741211,12.69051456451416,293896000,102.40899658203125,103.4375,100.95899963378906,101.06700134277344,100.23853302001953,31700000
2021-03-19,119.9000015258789,121.43000030517578,119.68000030517578,119.98999786376953,116.8697280883789,185549500,12.75,12.921500205993652,12.612500190734863,12.845749855041504,12.813456535339355,299208000,101.48650360107422,101.85199737548828,100.14649963378906,101.3479995727539,100.5172348022461,46072000
2021-03-22,120.33000183105469,123.87000274658203,120.26000213623047,123.38999938964844,120.18132781982422,111912300,12.912750244140625,13.394499778747559,12.906749725341797,13.186249732971191,13.153099060058594,297804000,101.38150024414062,102.41699981689453,100.69999694824219,101.53450012207031,100.70219421386719,33536000
2021-03-23,123.33000183105469,124.23999786376953,122.13999938964844,122.54000091552734,119.3534164428711,95467100,13.254249572753906,13.344499588012695,13.021249771118164,13.07075023651123,13.03788948059082,222048000,101.99749755859375,103.20549774169922,101.4000015258789,102.06649780273438,101.22982788085938,28510000
2021-03-24,122.81999969482422,122.9000015258789,120.06999969482422,120.08999633789062,116.96712493896484,88530500,13.151249885559082,13.159250259399414,12.636750221252441,12.642999649047852,12.611214637756348,245840000,102.58799743652344,103.37999725341797,101.44999694824219,101.62650299072266,100.79344177246094,25218000
2021-03-25,119.54000091552734,121.66000366210938,119.0,120.58999633789062,117.4541244506836,98844700,12.499500274658203,12.714750289916992,12.272000312805176,12.535249710083008,12.503735542297363,295144000,101.45249938964844,102.28199768066406,99.80449676513672,101.62300109863281,100.78997802734375,35616000
2021-03-26,120.3499984741211,121.4800033569336,118.91999816894531,121.20999908447266,118.05802154541016,94071200,12.554499626159668,12.856249809265137,12.373499870300293,12.839249610900879,12.806970596313477,363968000,101.5895004272461,101.96949768066406,100.19249725341797,101.23650360107422,100.4066390991211,27978000
2021-03-29,121.6500015258789,122.58000183105469,120.7300033569336,121.38999938964844,118.23332214355469,80819200,12.820249557495117,13.0625,12.699999809265137,12.948249816894531,12.91569709777832,273520000,101.10800170898438,102.46050262451172,100.27249908447266,102.28949737548828,101.45100402832031,26492000
2021-03-30,120.11000061035156,120.4000015258789,118.86000061035156,119.9000015258789,116.7820816040039,85671900,12.842000007629395,12.975250244140625,12.704999923706055,12.871749877929688,12.839387893676758,200204000,102.64900207519531,103.13349914550781,101.80750274658203,102.32350158691406,101.48473358154297,27312000
2021-03-31,121.6500015258789,123.5199966430664,121.1500015258789,122.1500015258789,118.97356414794922,118323800,13.01550006866455,13.470499992370605,12.982500076293945,13.348250389099121,13.314690589904785,314776000,102.72000122070312,104.31300354003906,102.3499984741211,103.1259994506836,102.28065490722656,42570000
2021-04-01,123.66000366210938,124.18000030517578,122.48999786376953,123.0,119.80144500732422,75089100,13.572250366210938,13.869999885559082,13.511249542236328,13.811750411987305,13.77702808380127,308276000,104.61250305175781,106.7874984741211,104.57150268554688,106.48899841308594,105.61608123779297,39880000
2021-04-05,123.87000274658203,126.16000366210938,123.06999969482422,125.9000015258789,122.62602233886719,88651200,13.867500305175781,14.013999938964844,13.732999801635742,13.987500190734863,13.9523344039917,255672000,107.35749816894531,111.44950103759766,107.260498046875,110.947998046875,110.03852081298828,48510000
2021-04-06,126.5,127.12999725341797,125.6500015258789,126.20999908447266,122.927978515625,80171300,13.999750137329102,14.05424976348877,13.773500442504883,13.861499786376953,13.826650619506836,191744000,110.5459976196289,111.4000015258789,110.0895004272461,110.46299743652344,109.55751037597656,35240000
2021-04-07,125.83000183105469,127.91999816894531,125.13999938964844,127.9000015258789,124.57402801513672,83466700,13.880749702453613,14.243499755859375,13.71150016784668,14.143500328063965,14.107943534851074,251284000,110.65499877929688,112.2249984741211,110.65499877929688,111.95149993896484,111.03380584716797,24134000
2021-04-08,128.9499969482422,130.38999938964844,128.52000427246094,130.36000061035156,126.97007751464844,88844600,14.252750396728516,14.471500396728516,14.24899959564209,14.317000389099121,14.281005859375,244416000,113.19999694824219,113.5895004272461,112.15049743652344,112.52149963378906,111.5991439819336,28664000
2021-04-09,129.8000030517578,133.0399932861328,129.47000122070312,133.0,129.54139709472656,106686700,14.21399974822998,14.407999992370605,14.175000190734863,14.399999618530273,14.363797187805176,195172000,112.27200317382812,113.69850158691406,111.86299896240234,113.53350067138672,112.60284423828125,26146000
2021-04-12,132.52000427246094,132.85000610351562,130.6300048828125,131.24000549316406,127.8271713256836,91420000,14.289750099182129,15.352499961853027,14.139249801635742,15.208999633789062,15.170761108398438,869324000,112.70600128173828,112.84449768066406,111.39099884033203,112.23100280761719,111.3110122680664,25024000
2021-04-13,132.44000244140625,134.66000366210938,131.92999267578125,134.42999267578125,130.93421936035156,91266500,15.231499671936035,15.699999809265137,15.125749588012695,15.679499626159668,15.640079498291016,676212000,112.54949951171875,113.17350006103516,112.15249633789062,112.72149658203125,111.79749298095703,25682000
2021-04-14,134.94000244140625,135.0,131.66000366210938,132.02999877929688,128.59661865234375,87222800,15.625,15.720499992370605,15.227499961853027,15.277000427246094,15.238593101501465,385500000,113.37149810791016,113.37149810791016,111.8010025024414,112.09549713134766,111.17662811279297,21002000
2021-04-15,133.82000732421875,135.0,133.63999938964844,134.5,131.00238037109375,89347100,15.662500381469727,16.214250564575195,15.631500244140625,16.137250900268555,16.096677780151367,598480000,113.09750366210938,114.80000305175781,112.55850219726562,114.26249694824219,113.32585906982422,29174000
2021-04-16,134.3000030517578,134.6699981689453,133.27999877929688,134.16000366210938,130.67123413085938,84922400,16.05299949645996,16.16575050354004,15.865249633789062,15.912500381469727,15.8724946975708,335208000,114.46199798583984,114.71199798583984,113.5459976196289,114.13749694824219,113.20188903808594,26282000
2021-04-19,133.50999450683594,135.47000122070312,133.33999633789062,134.83999633789062,131.3335723876953,94264200,15.536499977111816,15.807499885559082,15.232999801635742,15.361749649047852,15.323129653930664,404420000,113.50900268554688,115.20449829101562,113.50900268554688,114.48799896240234,113.54952239990234,30290000
2021-04-20,135.02000427246094,135.52999877929688,131.80999755859375,133.11000061035156,129.64852905273438,94812300,15.323249816894531,15.496999740600586,14.963000297546387,15.171250343322754,15.133108139038086,334132000,114.87449645996094,114.94999694824219,112.85600280761719,113.95050048828125,113.01641845703125,22288000
2021-04-21,132.36000061035156,133.75,131.3000030517578,133.5,130.0283966064453,68847100,15.118749618530273,15.362500190734863,15.102250099182129,15.36050033569336,15.321883201599121,216776000,113.60250091552734,114.0,112.24099731445312,113.9175033569336,112.98369598388672,23204000
2021-04-22,133.0399932861328,134.14999389648438,131.41000366210938,131.94000244140625,128.50900268554688,84566500,15.375,15.43850040435791,14.783499717712402,14.850250244140625,14.812914848327637,277788000,113.7699966430664,114.44400024414062,112.01599884033203,112.6259994506836,111.7027816772461,24146000
2021-04-23,132.16000366210938,135.1199951171875,132.16000366210938,134.32000732421875,130.82708740234375,78657500,14.934249877929688,15.335000038146973,14.900250434875488,15.265250205993652,15.226872444152832,227500000,113.3499984741211,115.30599975585938,113.0625,114.99649810791016,114.0538558959961,29066000
2021-04-26,134.8300018310547,135.05999755859375,133.55999755859375,134.72000122070312,131.21665954589844,66905100,15.1850004196167,15.479000091552734,15.125,15.477999687194824,15.439085006713867,197796000,115.22599792480469,116.22650146484375,114.86599731445312,115.49649810791016,114.54974365234375,32038000
2021-04-27,135.00999450683594,135.41000366210938,134.11000061035156,134.38999938964844,130.89524841308594,66015800,15.578499794006348,15.670499801635742,15.354499816894531,15.381750106811523,15.343077659606934,164572000,115.88150024414062,115.92250061035156,114.30799865722656,114.54900360107422,113.6100082397461,44386000
2021-04-28,134.30999755859375,135.02000427246094,133.0800018310547,133.5800018310547,130.10633850097656,107760100,15.364500045776367,15.53225040435791,15.215499877929688,15.276749610900879,15.238343238830566,209416000,119.625,121.56900024414062,117.66100311279297,117.9520034790039,116.9851303100586,81106000
2021-04-29,136.47000122070312,137.07000732421875,132.4499969482422,133.47999572753906,130.0089111328125,151101000,15.399999618530273,15.43649959564209,15.071499824523926,15.324749946594238,15.286221504211426,173196000,119.46150207519531,120.20800018310547,118.69249725341797,119.63800048828125,118.65729522705078,41234000
2021-04-30,131.77999877929688,133.55999755859375,131.07000732421875,131.4600067138672,128.04144287109375,109839500,15.174500465393066,15.364999771118164,14.996999740600586,15.009499549865723,14.971763610839844,201912000,118.4010009765625,119.09249877929688,117.3280029296875,117.67500305175781,116.71038818359375,44856000
2021-05-03,132.0399932861328,134.07000732421875,131.8300018310547,132.5399932861328,129.09336853027344,75135100,15.125,15.246749877929688,14.787500381469727,14.836750030517578,14.799449920654297,203912000,118.24549865722656,119.07749938964844,116.7750015258789,117.15399932861328,116.19366455078125,28242000
2021-05-04,131.19000244140625,131.49000549316406,126.69999694824219,127.8499984741211,124.52532196044922,137564700,14.637249946594238,14.637499809265137,14.010250091552734,14.351249694824219,14.315168380737305,405324000,115.67749786376953,116.24949645996094,112.83399963378906,115.34149932861328,114.3960189819336,44818000
2021-05-05,129.1999969482422,130.4499969482422,127.97000122070312,128.10000610351562,124.76882934570312,84000900,14.708999633789062,14.81350040435791,14.387499809265137,14.458499908447266,14.42215347290039,292024000,116.43150329589844,116.75,115.41400146484375,115.7385025024414,114.78976440429688,26636000
2021-05-06,127.88999938964844,129.75,127.12999725341797,129.74000549316406,126.36618041992188,78128300,14.49524974822998,14.571249961853027,14.218000411987305,14.52299976348877,14.486488342285156,193380000,115.31649780273438,116.86750030517578,114.6520004272461,116.86750030517578,115.90950775146484,25190000
2021-05-07,130.85000610351562,131.25999450683594,129.47999572753906,130.2100067138672,127.03936767578125,78973300,14.808250427246094,14.970749855041504,14.67175006866455,14.812250137329102,14.77501106262207,229328000,118.19450378417969,118.5625,117.30799865722656,117.59649658203125,116.63251495361328,28898000
2021-05-10,129.41000366210938,129.5399932861328,126.80999755859375,126.8499984741211,123.76119232177734,88071200,14.787249565124512,14.805999755859375,14.25,14.26574993133545,14.22988510131836,268904000,116.40699768066406,116.55000305175781,114.22699737548828,114.5875015258789,113.64820098876953,30914000
2021-05-11,123.5,126.2699966430664,122.7699966430664,125.91000366210938,122.84408569335938,126142800,13.824999809265137,14.35474967956543,13.75,14.306249618530273,14.270282745361328,285584000,112.15350341796875,114.01399993896484,111.69599914550781,113.50299835205078,112.57258605957031,34186000
2021-05-12,123.4000015258789,124.63999938964844,122.25,122.7699966430664,119.78054809570312,112172300,14.009499549865723,14.260250091552734,13.709250450134277,13.758500099182129,13.723909378051758,303408000,111.30950164794922,112.39900207519531,109.68099975585938,110.01249694824219,109.1106948852539,46376000
2021-05-13,124.58000183105469,126.1500015258789,124.26000213623047,124.97000122070312,121.92697143554688,105861300,14.0337495803833,14.080750465393066,13.458999633789062,13.665249824523926,13.63089370727539,285404000,111.30599975585938,111.97200012207031,110.33599853515625,111.4520034790039,110.53841400146484,33204000
2021-05-14,126.25,127.88999938964844,125.8499984741211,127.44999694824219,124.34657287597656,81918000,13.890000343322754,14.32800006866455,13.748499870300293,14.243000030517578,14.207189559936523,258616000,112.927001953125,114.23600006103516,112.5,113.91899871826172,112.98517608642578,31996000
2021-05-17,126.81999969482422,126.93000030517578,125.16999816894531,126.2699966430664,123.19532012939453,74244600,14.156999588012695,14.169249534606934,13.853500366210938,14.165499687194824,14.129887580871582,216980000,113.17849731445312,114.48899841308594,112.77549743652344,114.44599914550781,113.50785827636719,21598000
2021-05-18,126.55999755859375,126.98999786376953,124.77999877929688,124.8499984741211,121.80989837646484,63342900,14.267000198364258,14.404250144958496,14.003999710083008,14.01574993133545,13.980512619018555,186256000,115.11750030517578,115.38400268554688,113.1094970703125,113.12349700927734,112.19619750976562,22204000
2021-05-19,123.16000366210938,124.91999816894531,122.86000061035156,124.69000244140625,121.65379333496094,92612000,13.566499710083008,14.079500198364258,13.54325008392334,14.065750122070312,14.030387878417969,344000000,111.42150115966797,113.74949645996094,111.27200317382812,113.57499694824219,112.64398956298828,23684000
2021-05-20,125.2300033569336,127.72000122070312,125.0999984741211,127.30999755859375,124.2099838256836,76857100,14.302499771118164,14.68375015258789,14.270500183105469,14.612500190734863,14.575763702392578,321592000,114.55000305175781,115.5999984741211,114.1760025024414,115.34750366210938,114.40196990966797,32352000
2021-05-21,127.81999969482422,128.0,125.20999908447266,125.43000030517578,122.37577819824219,79295400,15.163749694824219,15.222000122070312,14.869500160217285,14.99174976348877,14.954060554504395,672992000,115.87049865722656,115.94450378417969,114.46499633789062,114.70649719238281,113.7662124633789,40632000
2021-05-24,126.01000213623047,127.94000244140625,125.94000244140625,127.0999984741211,124.00509643554688,63092900,15.212499618530273,15.744999885559082,15.175999641418457,15.612000465393066,15.572750091552734,554816000,115.74449920654297,118.27749633789062,115.5979995727539,118.052001953125,117.08430480957031,31832000
2021-05-25,127.81999969482422,128.32000732421875,126.31999969482422,126.9000015258789,123.80997467041016,72009500,15.765999794006348,15.818499565124512,15.482500076293945,15.647749900817871,15.608409881591797,435408000,118.5999984741211,119.19999694824219,117.75,118.14350128173828,117.17505645751953,22440000
2021-05-26,126.95999908447266,127.38999938964844,126.41999816894531,126.8499984741211,123.76119232177734,56575900,15.73425006866455,15.793749809265137,15.586250305175781,15.699999809265137,15.660528182983398,370440000,118.32599639892578,119.44950103759766,118.322998046875,119.0155029296875,118.03990936279297,21572000
2021-05-27,126.44000244140625,127.63999938964844,125.08000183105469,125.27999877929688,122.22943115234375,94625600,15.699749946594238,15.75,15.460000038146973,15.48799991607666,15.449063301086426,581476000,119.45249938964844,119.45249938964844,117.81300354003906,118.13400268554688,117.1656265258789,35224000
2021-05-28,125.56999969482422,125.80000305175781,124.55000305175781,124.61000061035156,121.57576751708984,71311100,15.50100040435791,16.27750015258789,15.50100040435791,16.24449920654297,16.203659057617188,644536000,118.72100067138672,118.80349731445312,117.64250183105469,117.84249877929688,116.87651062011719,21482000
2021-06-01,125.08000183105469,125.3499984741211,123.94000244140625,124.27999877929688,121.25376892089844,67637100,16.270000457763672,16.38825035095215,15.903249740600586,16.26449966430664,16.22360610961914,472804000,118.72200012207031,119.2854995727539,117.71399688720703,119.05899810791016,118.0830307006836,23354000
2021-06-02,124.27999877929688,125.23999786376953,124.05000305175781,125.05999755859375,122.01478576660156,59278900,16.25225067138672,16.918750762939453,16.23550033569336,16.778249740600586,16.73606300354004,594168000,119.4574966430664,119.68199920654297,117.61799621582031,118.52950286865234,117.55789184570312,21158000
2021-06-03,124.68000030517578,124.8499984741211,123.12999725341797,123.54000091552734,120.53179931640625,76229200,16.70075035095215,17.259000778198242,16.58300018310547,16.969749450683594,16.927087783813477,580008000,117.2864990234375,117.85099792480469,116.47599792480469,117.37899780273438,116.41680908203125,18696000
2021-06-04,124.06999969482422,126.16000366210938,123.8499984741211,125.88999938964844,122.8245849609375,75169300,17.112499237060547,17.660999298095703,17.095500946044922,17.578250885009766,17.534059524536133,617120000,118.4635009765625,119.95149993896484,118.12049865722656,119.67849731445312,118.69745635986328,24458000
2021-06-07,126.16999816894531,126.31999969482422,124.83000183105469,125.9000015258789,122.83433532714844,71057600,17.571250915527344,17.8125,17.192750930786133,17.618999481201172,17.57470703125,575756000,119.47200012207031,120.22550201416016,119.05000305175781,120.11499786376953,119.1303939819336,24120000
2021-06-08,126.5999984741211,128.4600067138672,126.20999908447266,126.73999786376953,123.65387725830078,74403800,17.527250289916992,17.62150001525879,17.250999450683594,17.457000732421875,17.413114547729492,323848000,120.60050201416016,120.97599792480469,119.73899841308594,119.9219970703125,118.93897247314453,24240000
2021-06-09,127.20999908447266,127.75,126.5199966430664,127.12999725341797,124.03437805175781,56877900,17.515750885009766,17.575000762939453,17.25575065612793,17.35824966430664,17.31857681274414,381656000,120.57150268554688,120.64399719238281,119.84500122070312,120.39700317382812,119.41007232666016,17942000
2021-06-10,127.0199966430664,128.19000244140625,125.94000244140625,126.11000061035156,123.03923797607422,71186400,17.350000381469727,17.492000579833984,17.176000595092773,17.424999237060547,17.385173797607422,287772000,120.34600067138672,121.80000305175781,120.18900299072266,121.75650024414062,120.75843811035156,25904000
2021-06-11,126.52999877929688,127.44000244140625,126.0999984741211,127.3499984741211,124.24903106689453,53522400,17.47949981689453,17.939250946044922,17.443750381469727,17.82525062561035,17.78450584411621,416308000,122.0,122.08599853515625,120.947998046875,121.51000213623047,120.51396179199219,21958000
2021-06-14,127.81999969482422,130.5399932861328,127.06999969482422,130.47999572753906,127.30278778076172,96906500,17.9060001373291,18.039499282836914,17.662750244140625,18.018749237060547,17.977569580078125,321376000,121.61299896240234,122.44599914550781,120.9000015258789,122.44550323486328,121.44178771972656,22098000
2021-06-15,129.94000244140625,130.60000610351562,129.38999938964844,129.63999938964844,126.48326110839844,62746300,17.915000915527344,18.016250610351562,17.72800064086914,17.78849983215332,17.747848510742188,243032000,122.44999694824219,122.77549743652344,121.05599975585938,121.41950225830078,120.42418670654297,21562000
2021-06-16,130.3699951171875,130.88999938964844,128.4600067138672,130.14999389648438,126.98085021972656,91815000,17.79075050354004,17.954750061035156,17.58449935913086,17.81024932861328,17.769548416137695,307124000,121.5719985961914,121.88600158691406,119.47000122070312,120.77249908447266,119.78250122070312,26472000
2021-06-17,129.8000030517578,132.5500030517578,129.64999389648438,131.7899932861328,128.58091735839844,96721700,17.774499893188477,18.834999084472656,17.756250381469727,18.657249450683594,18.614612579345703,809656000,120.69750213623047,122.52249908447266,120.5,121.74349975585938,120.74553680419922,25842000
2021-06-18,130.7100067138672,131.50999450683594,130.24000549316406,130.4600067138672,127.2833023071289,108953300,18.784000396728516,19.375,18.583999633789062,18.638750076293945,18.59615135192871,968856000,121.36699676513672,121.60299682617188,120.01499938964844,120.11100006103516,119.12641143798828,46116000
2021-06-21,130.3000030517578,132.41000366210938,129.2100067138672,132.3000030517578,129.07846069335938,79663300,18.43524932861328,18.536500930786133,17.822750091552734,18.427249908447266,18.385135650634766,672384000,120.50050354003906,122.0,119.89849853515625,121.8125,120.81397247314453,27414000
2021-06-22,132.1300048828125,134.0800018310547,131.6199951171875,133.97999572753906,130.7175750732422,74783600,18.471500396728516,18.9637508392334,18.38599967956543,18.886749267578125,18.843582153320312,580144000,121.75,122.4000015258789,121.06400299072266,122.33049774169922,121.32772827148438,22390000
2021-06-23,133.77000427246094,134.32000732421875,133.22999572753906,133.6999969482422,130.4444122314453,60214200,19.007749557495117,19.15275001525879,18.90774917602539,19.057249069213867,19.01369285583496,332356000,122.09349822998047,123.09549713134766,121.83450317382812,122.12699890136719,121.12589263916016,19148000
2021-06-24,134.4499969482422,134.63999938964844,132.92999267578125,133.41000366210938,130.1614532470703,68711000,19.227750778198242,19.420000076293945,19.08824920654297,19.20549964904785,19.161609649658203,320924000,122.69999694824219,123.05549621582031,122.30000305175781,122.5,121.49583435058594,21362000
2021-06-25,133.4600067138672,133.88999938964844,132.80999755859375,133.11000061035156,129.8687744140625,70783700,19.280500411987305,19.345500946044922,18.894500732421875,19.0310001373291,18.987503051757812,278364000,122.0,122.63300323486328,121.56500244140625,122.50849914550781,121.50426483154297,34594000
2021-06-28,133.41000366210938,135.25,133.35000610351562,134.77999877929688,131.4981231689453,62111300,19.361249923706055,20.078750610351562,19.319000244140625,19.985000610351562,19.939327239990234,495436000,122.67849731445312,122.78500366210938,121.40550231933594,122.53600311279297,121.53154754638672,28526000
2021-06-29,134.8000030517578,136.49000549316406,134.35000610351562,136.3300018310547,133.0103759765625,64556100,19.88249969482422,20.0987491607666,19.656999588012695,20.026750564575195,19.980976104736328,367632000,122.67050170898438,123.02100372314453,121.69100189208984,122.27249908447266,121.27021026611328,23108000
2021-06-30,136.1699981689453,137.41000366210938,135.8699951171875,136.9600067138672,133.62501525878906,63261400,19.999250411987305,20.162500381469727,19.863750457763672,20.002500534057617,19.956785202026367,326568000,121.99449920654297,122.25700378417969,121.35449981689453,122.0895004272461,121.08869934082031,24474000
2021-07-01,136.60000610351562,137.3300018310547,135.75999450683594,137.27000427246094,133.927490234375,52485800,20.125,20.45599937438965,20.018999099731445,20.211999893188477,20.165802001953125,480136000,121.7249984741211,122.58699798583984,121.53150177001953,122.44450378417969,121.4407958984375,18110000
2021-07-02,137.89999389648438,140.0,137.75,139.9600067138672,136.5519561767578,78852600,20.440250396728516,20.505250930786133,20.287750244140625,20.48699951171875,20.44017791748047,342764000,123.1500015258789,125.40399932861328,123.05950164794922,125.25749969482422,124.2307357788086,25982000
2021-07-06,140.07000732421875,143.14999389648438,140.07000732421875,142.02000427246094,138.56182861328125,108181800,20.737499237060547,20.841999053955078,20.350250244140625,20.69849967956543,20.651195526123047,446708000,125.64849853515625,126.4280014038086,124.5824966430664,126.19000244140625,125.15560150146484,26404000
2021-07-07,143.5399932861328,144.88999938964844,142.66000366210938,144.57000732421875,141.04971313476562,104911600,20.853500366210938,20.875,20.332000732421875,20.371749877929688,20.325191497802734,418428000,127.16200256347656,127.28399658203125,126.15299987792969,126.4739990234375,125.43726348876953,24060000
2021-07-08,141.5800018310547,144.05999755859375,140.6699981689453,143.24000549316406,139.7521209716797,105575500,19.85650062561035,20.132999420166016,19.70075035095215,19.90275001525879,19.857263565063477,503300000,124.0260009765625,125.59549713134766,124.02200317382812,125.04399871826172,124.01897430419922,23790000
2021-07-09,142.75,145.64999389648438,142.64999389648438,145.11000061035156,141.5765380859375,99890800,19.962499618530273,20.080249786376953,19.754249572753906,20.050249099731445,20.004423141479492,296624000,125.0250015258789,125.7344970703125,124.55149841308594,125.51850128173828,124.4896011352539,18632000
2021-07-12,146.2100067138672,146.32000732421875,144.0,144.5,140.98143005371094,76299700,20.239999771118164,20.53274917602539,20.1877498626709,20.512500762939453,20.465618133544922,321984000,126.1780014038086,127.06950378417969,125.61100006103516,126.97550201416016,125.93465423583984,17668000
2021-07-13,144.02999877929688,147.4600067138672,143.6300048828125,145.63999938964844,142.0936737060547,100827100,20.40049934387207,20.46125030517578,20.11400032043457,20.25,20.203718185424805,290708000,127.03849792480469,128.0574951171875,126.67449951171875,127.34149932861328,126.29765319824219,19240000
2021-07-14,148.10000610351562,149.57000732421875,147.67999267578125,149.14999389648438,145.51820373535156,127050800,20.357749938964844,20.417749404907227,19.752750396728516,19.84149932861328,19.796154022216797,380100000,127.95800018310547,129.32650756835938,127.91449737548828,128.23699951171875,127.1858139038086,23742000
2021-07-15,149.24000549316406,150.0,147.08999633789062,148.47999572753906,144.864501953125,106820300,19.811750411987305,19.847000122070312,18.85849952697754,18.966249465942383,18.922903060913086,550564000,128.6490020751953,128.6999969482422,126.52999877929688,127.00499725341797,125.96390533447266,24218000
2021-07-16,148.4600067138672,149.75999450683594,145.8800048828125,146.38999938964844,142.82540893554688,93251400,19.030500411987305,19.156999588012695,18.072999954223633,18.160999298095703,18.11949348449707,688224000,127.66300201416016,127.8115005493164,126.15350341796875,126.97000122070312,125.92919921875,20424000
2021-07-19,143.75,144.07000732421875,141.6699981689453,142.4499969482422,138.9813232421875,121434600,17.915250778198242,19.04199981689453,17.86549949645996,18.77975082397461,18.736827850341797,749060000,126.0895004272461,126.20500183105469,123.50499725341797,124.5780029296875,123.55680084228516,27968000
2021-07-20,143.4600067138672,147.10000610351562,142.9600067138672,146.14999389648438,142.5912322998047,96350000,18.729999542236328,18.83799934387207,18.163999557495117,18.61199951171875,18.56946563720703,434687000,125.52749633789062,127.04299926757812,124.35050201416016,126.20950317382812,125.17493438720703,26312000
2021-07-21,145.52999877929688,146.1300048828125,144.6300048828125,145.39999389648438,141.85951232910156,74993500,18.881999969482422,19.527000427246094,18.742000579833984,19.40999984741211,19.365638732910156,371017000,126.13349914550781,127.59600067138672,126.02349853515625,127.54900360107422,126.50345611572266,20746000
2021-07-22,145.94000244140625,148.1999969482422,145.80999755859375,146.8000030517578,143.2254180908203,77338200,19.642000198364258,19.886999130249023,19.275999069213867,19.5939998626709,19.54922103881836,323826000,127.84400177001953,128.48300170898438,127.4990005493164,128.42149353027344,127.3687973022461,14302000
2021-07-23,147.5500030517578,148.72000122070312,146.9199981689453,148.55999755859375,144.94256591796875,71447400,19.6560001373291,19.700000762939453,19.25,19.558000564575195,19.5132999420166,195672000,130.4304962158203,133.3990020751953,129.80050659179688,133.01499938964844,131.92465209960938,41506000
2021-07-26,148.27000427246094,149.8300018310547,147.6999969482422,148.99000549316406,145.3621063232422,72434100,19.31100082397461,19.441999435424805,18.913999557495117,19.29400062561035,19.249902725219727,203943000,133.32850646972656,134.23699951171875,132.30149841308594,134.03500366210938,132.936279296875,30572000
2021-07-27,149.1199951171875,149.2100067138672,145.5500030517578,146.77000427246094,143.1961669921875,104818600,19.264999389648438,19.621999740600586,18.740999221801758,19.20800018310547,19.164100646972656,248863000,134.25050354003906,134.3990020751953,130.10400390625,131.89999389648438,130.8187713623047,54710000
2021-07-28,144.80999755859375,146.97000122070312,142.5399932861328,144.97999572753906,141.44973754882812,118931200,19.319000244140625,19.645999908447266,18.9950008392334,19.503000259399414,19.45842933654785,202191000,136.31199645996094,138.2969970703125,135.27749633789062,136.093994140625,134.9783935546875,95130000
2021-07-29,144.69000244140625,146.5500030517578,144.5800018310547,145.63999938964844,142.0936737060547,56699500,19.518999099731445,19.85300064086914,19.327999114990234,19.66200065612793,19.617063522338867,190781000,136.14999389648438,136.66099548339844,135.54299926757812,135.77749633789062,134.6645050048828,31716000
2021-07-30,144.3800048828125,146.3300018310547,144.11000061035156,145.86000061035156,142.3083038330078,70440600,19.417999267578125,19.6299991607666,19.26300048828125,19.499000549316406,19.45443344116211,183497000,135.03500366210938,135.30450439453125,134.2550048828125,134.72650146484375,133.6221160888672,25576000
2021-08-02,146.36000061035156,146.9499969482422,145.25,145.52000427246094,141.97657775878906,62880000,19.700000762939453,19.961000442504883,19.361000061035156,19.75,19.704862594604492,217444000,135.11700439453125,135.3365020751953,133.79400634765625,134.85450744628906,133.7490692138672,21634000
2021-08-03,145.80999755859375,148.0399932861328,145.17999267578125,147.36000061035156,143.7718048095703,64786600,19.739999771118164,20.222000122070312,19.219999313354492,19.815000534057617,19.769716262817383,301811000,135.13499450683594,135.73199462890625,133.3195037841797,135.6300048828125,134.5181884765625,20762000
2021-08-04,147.27000427246094,147.7899932861328,146.27999877929688,146.9499969482422,143.3717498779297,56368300,19.989999771118164,20.31800079345703,19.827999114990234,20.27400016784668,20.2276611328125,231309000,135.34950256347656,135.64950561523438,134.48699951171875,135.12550354003906,134.01783752441406,19676000
2021-08-05,146.97999572753906,147.83999633789062,146.1699981689453,147.05999755859375,143.47909545898438,46397700,20.5,20.732999801635742,20.341999053955078,20.636999130249023,20.589832305908203,211435000,135.6804962158203,136.35000610351562,134.8459930419922,136.25149536132812,135.13458251953125,17870000
2021-08-06,146.35000610351562,147.11000061035156,145.6300048828125,146.13999938964844,142.7951202392578,54126800,20.52400016784668,20.56999969482422,20.209999084472656,20.365999221801758,20.319454193115234,178497000,136.04200744628906,136.47250366210938,135.2100067138672,135.73849487304688,134.62582397460938,20488000
2021-08-09,146.1999969482422,146.6999969482422,145.52000427246094,146.08999633789062,142.7462615966797,48908700,20.445999145507812,20.507999420166016,20.14299964904785,20.295000076293945,20.248613357543945,146443000,135.9425048828125,137.1840057373047,135.33949279785156,136.91299438476562,135.7906951904297,17760000
2021-08-10,146.44000244140625,147.7100067138672,145.3000030517578,145.60000610351562,142.26747131347656,69023100,20.32200050354004,20.43000030517578,19.834999084472656,19.93600082397461,19.89043617248535,179238000,137.3419952392578,137.7725067138672,136.364501953125,136.8070068359375,135.68557739257812,19414000
2021-08-11,146.0500030517578,146.72000122070312,145.52999877929688,145.86000061035156,142.52151489257812,48493500,20.042999267578125,20.048999786376953,19.43000030517578,19.698999404907227,19.653976440429688,185925000,137.18150329589844,137.6824951171875,136.27149963378906,136.2790069580078,135.16189575195312,15352000
2021-08-12,146.19000244140625,149.0500030517578,145.83999633789062,148.88999938964844,145.48216247558594,72282600,19.8700008392334,20.02899932861328,19.6200008392334,19.905000686645508,19.859506607055664,151652000,135.97549438476562,137.3000030517578,135.42550659179688,137.19400024414062,136.0693817138672,16506000
2021-08-13,148.97000122070312,149.44000244140625,148.27000427246094,149.10000610351562,145.6873779296875,59375000,19.905000686645508,20.214000701904297,19.85099983215332,20.187999725341797,20.141857147216797,183063000,137.25,137.85650634765625,137.0330047607422,137.7274932861328,136.59849548339844,15948000
2021-08-16,148.5399932861328,151.19000244140625,146.47000122070312,151.1199951171875,147.66114807128906,103296000,20.135000228881836,20.28700065612793,19.452999114990234,19.950000762939453,19.904407501220703,210876000,137.52499389648438,138.3625030517578,135.2989959716797,138.3094940185547,137.17575073242188,22384000
2021-08-17,150.22999572753906,151.67999267578125,149.08999633789062,150.19000244140625,146.75242614746094,92229700,19.684999465942383,19.770000457763672,19.267000198364258,19.45800018310547,19.413528442382812,204585000,137.75,138.2655029296875,136.08200073242188,136.6614990234375,135.54124450683594,21716000
2021-08-18,149.8000030517578,150.72000122070312,146.14999389648438,146.36000061035156,143.0100555419922,86326000,19.5,19.634000778198242,19.0,19.040000915527344,18.996482849121094,285913000,136.5,137.10450744628906,135.32150268554688,135.44900512695312,134.3386993408203,19258000
2021-08-19,145.02999877929688,148.0,144.5,146.6999969482422,143.34231567382812,86960300,19.493999481201172,20.4950008392334,18.761999130249023,19.79800033569336,19.752750396728516,766555000,134.4355010986328,136.3524932861328,134.25,135.67999267578125,134.5677947998047,21782000
2021-08-20,147.44000244140625,148.5,146.77999877929688,148.19000244140625,144.79820251464844,60549600,19.990999221801758,20.864999771118164,19.933000564575195,20.81599998474121,20.768423080444336,675741000,136.0,137.5540008544922,135.25,137.42950439453125,136.302978515625,31194000
2021-08-23,148.30999755859375,150.19000244140625,147.88999938964844,149.7100067138672,146.28338623046875,60131800,20.97100067138672,21.996999740600586,20.950000762939453,21.95800018310547,21.90781593322754,575807000,137.96949768066406,140.87449645996094,137.6074981689453,140.04150390625,138.8935546875,28454000
2021-08-24,149.4499969482422,150.86000061035156,149.14999389648438,149.6199951171875,146.1954803466797,48606400,21.753000259399414,21.958999633789062,21.53499984741211,21.792999267578125,21.74319076538086,297299000,140.6114959716797,142.0800018310547,140.3385009765625,141.26150512695312,140.10354614257812,19268000
2021-08-25,149.80999755859375,150.32000732421875,147.8000030517578,148.36000061035156,144.96432495117188,58991300,21.73699951171875,22.469999313354492,21.722000122070312,22.21299934387207,22.162235260009766,347701000,141.625,142.1894989013672,141.37600708007812,142.07899475097656,140.91433715820312,15848000
2021-08-26,148.35000610351562,149.1199951171875,147.50999450683594,147.5399932861328,144.16307067871094,48597200,22.200000762939453,22.34000015258789,21.790000915527344,22.06800079345703,22.017566680908203,237940000,141.75,142.41749572753906,141.35699462890625,141.4405059814453,140.2810821533203,20610000
2021-08-27,147.47999572753906,148.75,146.8300018310547,148.60000610351562,145.19882202148438,55802400,22.18400001525879,22.722000122070312,22.16699981689453,22.63599967956543,22.584260940551758,304722000,141.65249633789062,144.5124969482422,141.4969940185547,144.00399780273438,142.82354736328125,28780000
2021-08-30,149.0,153.49000549316406,148.61000061035156,153.1199951171875,149.61532592773438,90956700,22.829999923706055,23.042999267578125,22.551000595092773,22.687999725341797,22.636144638061523,262580000,144.39999389648438,145.9705047607422,144.16299438476562,144.5904998779297,143.40525817871094,24434000
2021-08-31,152.66000366210938,152.8000030517578,151.2899932861328,151.8300018310547,148.3548583984375,86453100,22.69499969482422,22.69499969482422,22.1200008392334,22.385000228881836,22.337778091430664,259850000,145.14700317382812,145.17149353027344,144.281005859375,144.69749450683594,143.51138305664062,22448000
2021-09-01,152.8300018310547,154.97999572753906,152.33999633789062,152.50999450683594,149.019287109375,80313700,22.485000610351562,22.69700050354004,22.35700035095215,22.44099998474121,22.393657684326172,201767000,145.0,146.25399780273438,144.8834991455078,145.2154998779297,144.025146484375,21936000
2021-09-02,153.8699951171875,154.72000122070312,152.39999389648438,153.64999389648438,150.13320922851562,71115500,22.51799964904785,22.593000411987305,22.295000076293945,22.395999908447266,22.348752975463867,187834000,145.21600341796875,145.51950073242188,143.18499755859375,143.28700256347656,142.11244201660156,32342000
2021-09-03,153.75999450683594,154.6300048828125,153.08999633789062,154.3000030517578,150.76832580566406,57808700,22.325000762939453,22.986000061035156,22.200000762939453,22.843000411987305,22.794811248779297,280532000,143.08050537109375,144.15499877929688,142.40049743652344,143.739501953125,142.5612335205078,19850000
2021-09-07,154.97000122070312,157.25999450683594,154.38999938964844,156.69000244140625,153.1036834716797,82278300,22.83300018310547,22.89900016784668,22.52199935913086,22.66200065612793,22.614194869995117,198107000,143.83450317382812,144.56500244140625,143.61900329589844,144.28050231933594,143.09779357910156,20124000
2021-09-08,156.97999572753906,157.0399932861328,153.97999572753906,155.11000061035156,151.55982971191406,74420200,22.51300048828125,22.610000610351562,21.976999282836914,22.339000701904297,22.29187774658203,254434000,144.10000610351562,144.39999389648438,143.0,143.6909942626953,142.5131378173828,18344000
2021-09-09,155.49000549316406,156.11000061035156,153.9499969482422,154.07000732421875,150.5436248779297,57305700,22.312000274658203,22.538000106811523,22.131000518798828,22.177000045776367,22.130218505859375,196856000,143.8404998779297,144.3105010986328,143.17750549316406,143.54100036621094,142.36434936523438,15314000
2021-09-10,155.0,155.47999572753906,148.6999969482422,148.97000122070312,145.5603485107422,140893200,22.347999572753906,22.625999450683594,22.270000457763672,22.47800064086914,22.43058204650879,248376000,144.21249389648438,144.718505859375,140.73800659179688,140.87600708007812,139.72122192382812,36840000
2021-09-13,150.6300048828125,151.4199981689453,148.75,149.5500030517578,146.1270294189453,102404300,22.68400001525879,22.964000701904297,21.857999801635742,22.152000427246094,22.105266571044922,297500000,141.94949340820312,142.9499969482422,141.25,142.33250427246094,141.16578674316406,22094000
2021-09-14,150.35000610351562,151.07000732421875,146.91000366210938,148.1199951171875,144.72979736328125,109296300,22.274999618530273,22.40999984741211,22.086000442504883,22.242000579833984,22.195077896118164,199755000,142.99549865722656,143.36300659179688,141.75,142.54449462890625,141.3760223388672,19674000
2021-09-15,148.55999755859375,149.44000244140625,146.3699951171875,149.02999877929688,145.6189727783203,83281300,22.30900001525879,22.367000579833984,21.965999603271484,22.340999603271484,22.293874740600586,166538000,142.77149963378906,144.45050048828125,141.34750366210938,144.42950439453125,143.24557495117188,27408000
2021-09-16,148.44000244140625,148.97000122070312,147.22000122070312,148.7899932861328,145.3844451904297,68034100,22.183000564575195,22.277000427246094,21.927000045776367,22.242000579833984,22.195077896118164,156033000,143.95050048828125,144.3000030517578,142.40150451660156,143.61000061035156,142.4327850341797,26190000
2021-09-17,148.82000732421875,148.82000732421875,145.75999450683594,146.05999755859375,142.7169647216797,129868800,22.299999237060547,22.320999145507812,21.829999923706055,21.899999618530273,21.853797912597656,294503000,143.03050231933594,143.4499969482422,140.47000122070312,140.8000030517578,139.6458282470703,53384000
2021-09-20,143.8000030517578,144.83999633789062,141.27000427246094,142.94000244140625,139.66835021972656,123478900,21.145999908447266,21.433000564575195,20.66200065612793,21.113000869750977,21.068466186523438,349440000,138.1614990234375,139.0,136.32200622558594,138.71949768066406,137.58238220214844,46518000
2021-09-21,143.92999267578125,144.60000610351562,142.77999877929688,143.42999267578125,140.14712524414062,75834000,21.41699981689453,21.424999237060547,20.950000762939453,21.246000289916992,21.201181411743164,204688000,139.74949645996094,140.01150512695312,138.2779998779297,139.0330047607422,137.89332580566406,25332000
2021-09-22,144.4499969482422,146.42999267578125,143.6999969482422,145.85000610351562,142.51174926757812,76404300,21.365999221801758,21.959999084472656,21.195999145507812,21.94099998474121,21.89471435546875,268726000,139.3040008544922,140.88699340820312,138.55149841308594,140.2834930419922,139.13357543945312,25056000
2021-09-23,146.64999389648438,147.0800018310547,145.63999938964844,146.8300018310547,143.46929931640625,64838200,22.139999389648438,22.53499984741211,21.889999389648438,22.48200035095215,22.434572219848633,248555000,140.9875030517578,141.69650268554688,140.40150451660156,141.21600341796875,140.0584259033203,20952000
2021-09-24,145.66000366210938,147.47000122070312,145.55999755859375,146.9199981689453,143.55726623535156,53477900,22.06999969482422,22.14900016784668,21.861000061035156,22.08099937438965,22.0344181060791,217655000,140.5384979248047,142.33050537109375,140.24099731445312,142.21499633789062,141.0492401123047,22984000
2021-09-27,145.47000122070312,145.9600067138672,143.82000732421875,145.3699951171875,142.04275512695312,74150700,21.709999084472656,21.798999786376953,21.325000762939453,21.65999984741211,21.61430549621582,245215000,140.80450439453125,141.93850708007812,140.0675048828125,141.07200622558594,139.91558837890625,21882000
2021-09-28,143.25,144.75,141.69000244140625,141.91000366210938,138.66192626953125,108972300,21.214000701904297,21.41900062561035,20.650999069213867,20.698999404907227,20.655336380004883,343069000,138.65499877929688,139.09649658203125,135.36000061035156,135.8300018310547,134.71658325195312,45772000
2021-09-29,142.47000122070312,144.4499969482422,142.02999877929688,142.8300018310547,139.56088256835938,74602000,20.940000534057617,21.017000198364258,20.466999053955078,20.517000198364258,20.473716735839844,218394000,136.97999572753906,137.1510009765625,133.86500549316406,134.35350036621094,133.25218200683594,30848000
2021-09-30,143.66000366210938,144.3800048828125,141.27999877929688,141.5,138.2613067626953,89056700,20.76799964904785,21.06599998474121,20.687999725341797,20.715999603271484,20.67229652404785,221009000,134.26150512695312,135.54249572753906,133.55599975585938,133.67599487304688,132.58021545410156,37996000
2021-10-01,141.89999389648438,142.9199981689453,139.11000061035156,142.64999389648438,139.38497924804688,94639600,20.75,20.858999252319336,20.202999114990234,20.742000579833984,20.698246002197266,240978000,134.44749450683594,136.91050720214844,134.072998046875,136.54299926757812,135.42372131347656,35360000
2021-10-04,141.75999450683594,142.2100067138672,138.27000427246094,139.13999938964844,135.95533752441406,98322000,20.503999710083008,20.54199981689453,19.55500030517578,19.73200035095215,19.69037628173828,345635000,135.9604949951172,135.9604949951172,131.0500030517578,133.6595001220703,132.5638427734375,51202000
2021-10-05,139.49000549316406,142.24000549316406,139.36000061035156,141.11000061035156,137.88023376464844,80861100,19.950000762939453,20.648000717163086,19.854000091552734,20.451000213623047,20.407859802246094,279282000,134.04100036621094,137.22450256347656,134.04100036621094,136.0229949951172,134.90798950195312,32404000
2021-10-06,139.47000122070312,142.14999389648438,138.3699951171875,142.0,138.74986267089844,83221100,20.1200008392334,20.719999313354492,20.079999923706055,20.700000762939453,20.65633773803711,297202000,134.75,137.75,134.5500030517578,137.56500244140625,136.43736267089844,24364000
2021-10-07,143.05999755859375,144.22000122070312,142.72000122070312,143.2899932861328,140.0103302001953,61732700,21.091999053955078,21.32200050354004,20.972000122070312,21.075000762939453,21.030542373657227,256919000,138.89199829101562,140.04200744628906,138.6510009765625,139.22500610351562,138.08375549316406,25110000
2021-10-08,144.02999877929688,144.17999267578125,142.55999755859375,142.89999389648438,139.62928771972656,58773200,21.10099983215332,21.20599937438965,20.774999618530273,20.83099937438965,20.78705596923828,151258000,139.57699584960938,140.33099365234375,139.21749877929688,139.78550720214844,138.63966369628906,26526000
2021-10-11,142.27000427246094,144.80999755859375,141.80999755859375,142.80999755859375,139.54132080078125,64452200,20.575000762939453,21.062999725341797,20.51099967956543,20.69499969482422,20.651342391967773,163388000,139.29200744628906,140.71200561523438,138.85899353027344,138.91400146484375,137.77528381347656,17954000
2021-10-12,143.22999572753906,143.25,141.0399932861328,141.50999450683594,138.2710723876953,73035900,20.827999114990234,21.05699920654297,20.527999877929688,20.67099952697754,20.62739372253418,162134000,139.47999572753906,139.5070037841797,135.75999450683594,136.44900512695312,135.33050537109375,36332000
2021-10-13,141.24000549316406,141.39999389648438,139.1999969482422,140.91000366210938,137.68484497070312,78762700,20.917999267578125,20.989999771118164,20.71299934387207,20.93899917602539,20.894824981689453,180652000,137.40249633789062,138.0,136.5189971923828,137.58200073242188,136.45419311523438,19654000
2021-10-14,142.11000061035156,143.8800048828125,141.50999450683594,143.75999450683594,140.46958923339844,69907100,21.288000106811523,21.7549991607666,21.121999740600586,21.746000289916992,21.700124740600586,243589000,139.4739990234375,141.33749389648438,138.8249969482422,141.1510009765625,139.9939422607422,31894000
2021-10-15,143.77000427246094,144.89999389648438,143.50999450683594,144.83999633789062,141.5248565673828,67940300,21.809999465942383,21.930999755859375,21.66200065612793,21.86199951171875,21.815879821777344,226994000,141.614501953125,141.71800231933594,140.7550048828125,141.3679962158203,140.2091827392578,30274000
2021-10-18,143.4499969482422,146.83999633789062,143.16000366210938,146.5500030517578,143.1957244873047,85589200,21.749000549316406,22.291000366210938,21.643999099731445,22.222000122070312,22.17511749267578,189494000,141.07650756835938,142.79600524902344,141.0695037841797,142.7779998779297,141.6076202392578,20396000
2021-10-19,147.00999450683594,149.1699981689453,146.5500030517578,148.75999450683594,145.35511779785156,76378900,22.275999069213867,22.378999710083008,22.03700065612793,22.290000915527344,22.24298095703125,161473000,143.3874969482422,143.66250610351562,142.60000610351562,143.23699951171875,142.06285095214844,20164000
2021-10-20,148.6999969482422,149.75,148.1199951171875,149.25999450683594,145.8437042236328,58418800,22.30500030517578,22.433000564575195,21.98200035095215,22.10300064086914,22.05637550354004,146276000,143.33799743652344,143.54600524902344,141.37649536132812,141.7689971923828,140.60687255859375,23288000
2021-10-21,148.80999755859375,149.63999938964844,147.8699951171875,149.47999572753906,146.05865478515625,61421000,22.097000122070312,22.711000442504883,22.08300018310547,22.691999435424805,22.644128799438477,187590000,141.7689971923828,142.156005859375,140.5,141.88600158691406,140.72293090820312,26292000
2021-10-22,149.69000244140625,150.17999267578125,148.63999938964844,148.69000244140625,145.28677368164062,58883400,22.822999954223633,23.1299991607666,22.56100082397461,22.72599983215332,22.678054809570312,249384000,139.14999389648438,140.58299255371094,136.05599975585938,137.56649780273438,136.43882751464844,50588000
2021-10-25,148.67999267578125,149.3699951171875,147.6199951171875,148.63999938964844,145.23788452148438,50720600,22.972999572753906,23.354999542236328,22.770000457763672,23.166000366210938,23.117128372192383,230235000,137.5500030517578,138.0,135.4239959716797,137.44700622558594,136.3203125,34412000
2021-10-26,149.3300018310547,150.83999633789062,149.00999450683594,149.32000732421875,145.90232849121094,60893400,23.98900032043457,25.259000778198242,23.923999786376953,24.716999053955078,24.66485595703125,485898000,139.2635040283203,140.08299255371094,138.30450439453125,139.30850219726562,138.1665496826172,49236000
2021-10-27,149.36000061035156,149.72999572753906,148.49000549316406,148.85000610351562,145.44309997558594,56094900,24.474000930786133,25.09000015258789,24.281999588012695,24.451000213623047,24.39942169189453,245990000,139.40499877929688,148.64999389648438,139.40499877929688,146.21749877929688,145.01893615722656,85782000
2021-10-28,149.82000732421875,153.1699981689453,149.72000122070312,152.57000732421875,149.07797241210938,100077900,24.878000259399414,24.950000762939453,24.523000717163086,24.94099998474121,24.888381958007812,234204000,147.13450622558594,147.1580047607422,144.6269989013672,145.8489990234375,144.65345764160156,36206000
2021-10-29,147.22000122070312,149.94000244140625,146.41000366210938,149.8000030517578,146.37136840820312,124953200,25.000999450683594,25.708999633789062,25.0,25.566999435424805,25.513063430786133,292503000,145.0780029296875,148.24200439453125,144.64950561523438,148.04600524902344,146.83242797851562,43320000
2021-11-01,148.99000549316406,149.6999969482422,147.8000030517578,148.9600067138672,145.5505828857422,74588300,25.64900016784668,25.893999099731445,25.226999282836914,25.82699966430664,25.772518157958984,265740000,148.04600524902344,148.04600524902344,143.22549438476562,143.4969940185547,142.32069396972656,46924000
2021-11-02,148.66000366210938,151.57000732421875,148.64999389648438,150.02000427246094,146.5863037109375,69122000,25.82200050354004,26.67799949645996,25.799999237060547,26.400999069213867,26.345304489135742,294112000,144.57949829101562,146.60899353027344,144.3354949951172,145.4324951171875,144.24037170410156,33482000
2021-11-03,150.38999938964844,151.97000122070312,149.82000732421875,151.49000549316406,148.0226593017578,54511500,26.670000076293945,26.784000396728516,26.235000610351562,26.597999572753906,26.541889190673828,239910000,145.90049743652344,146.66900634765625,144.59100341796875,146.59800720214844,145.39630126953125,27494000
2021-11-04,151.5800018310547,152.42999267578125,150.63999938964844,150.9600067138672,147.50479125976562,60394600,27.229000091552734,31.364999771118164,27.118000030517578,29.801000595092773,29.738136291503906,1153631000,147.12449645996094,149.73350524902344,146.30799865722656,148.2675018310547,147.0521240234375,38412000
2021-11-05,151.88999938964844,152.1999969482422,150.05999755859375,151.27999877929688,148.03318786621094,65463900,30.187000274658203,31.399999618530273,29.40999984741211,29.75200080871582,29.689239501953125,851260000,149.16949462890625,150.32749938964844,148.19700622558594,148.8520050048828,147.63182067871094,38354000
2021-11-08,151.41000366210938,151.57000732421875,150.16000366210938,150.44000244140625,147.2112274169922,55020900,30.14900016784668,31.100000381469727,29.906999588012695,30.804000854492188,30.739015579223633,503101000,149.8249969482422,150.61500549316406,148.4304962158203,149.031005859375,147.80935668945312,23052000
2021-11-09,150.1999969482422,151.42999267578125,150.05999755859375,150.80999755859375,147.57327270507812,56787900,32.28200149536133,32.310001373291016,29.964000701904297,30.656999588012695,30.59232521057129,646746000,149.23300170898438,149.83450317382812,147.2449951171875,148.9185028076172,147.6977996826172,19530000
2021-11-10,150.02000427246094,150.1300048828125,147.85000610351562,147.9199981689453,144.7453155517578,65187100,29.356000900268555,30.850000381469727,28.777999877929688,29.458999633789062,29.396854400634766,636206000,147.5,148.07000732421875,144.53750610351562,145.89349365234375,144.6975555419922,29970000
2021-11-11,148.9600067138672,149.42999267578125,147.67999267578125,147.8699951171875,144.69635009765625,41000000,30.468000411987305,30.59000015258789,29.777000427246094,30.389999389648438,30.325885772705078,332172000,146.489501953125,147.53550720214844,145.60049438476562,145.76649475097656,144.5716094970703,16518000
2021-11-12,148.42999267578125,150.39999389648438,147.47999572753906,149.99000549316406,146.7708740234375,63804000,30.010000228881836,30.68000030517578,29.6299991607666,30.389999389648438,30.325885772705078,413054000,146.61549377441406,148.85000610351562,145.41099548339844,148.67799377441406,147.45925903320312,22360000
2021-11-15,150.3699951171875,151.8800048828125,149.42999267578125,150.0,146.78070068359375,59222800,30.552000045776367,30.643999099731445,29.246999740600586,30.024999618530273,29.96165657043457,384909000,148.90049743652344,149.54949951171875,147.5749969482422,148.45199584960938,147.235107421875,23508000
2021-11-16,149.94000244140625,151.49000549316406,149.33999633789062,151.0,147.7592010498047,59256200,29.759000778198242,30.389999389648438,29.70599937438965,30.202999114990234,30.139286041259766,264484000,148.14950561523438,148.7624969482422,147.3125,147.87600708007812,146.663818359375,18904000
2021-11-17,151.0,155.0,150.99000549316406,153.49000549316406,150.19578552246094,88807000,30.417999267578125,30.509000778198242,28.799999237060547,29.26099967956543,29.199270248413086,428508000,148.02749633789062,148.5594940185547,147.24000549316406,148.0469970703125,146.83340454101562,19594000
2021-11-18,153.7100067138672,158.6699981689453,153.0500030517578,157.8699951171875,154.48175048828125,137827700,32.367000579833984,32.7599983215332,31.320999145507812,31.674999237060547,31.608177185058594,781711000,148.2415008544922,150.58050537109375,147.88450622558594,149.8385009765625,148.6102294921875,35608000
2021-11-19,157.64999389648438,161.02000427246094,156.52999877929688,160.5500030517578,157.104248046875,117305600,32.24300003051758,33.0880012512207,31.905000686645508,32.98500061035156,32.91542434692383,533867000,149.97549438476562,150.9665069580078,148.8990020751953,148.92649841308594,147.70570373535156,33682000
2021-11-22,161.67999267578125,165.6999969482422,161.0,161.02000427246094,157.5641632080078,117467900,33.516998291015625,34.64699935913086,31.899999618530273,31.95599937438965,31.88858985900879,754335000,149.33250427246094,149.82949829101562,146.1475067138672,146.302001953125,145.10272216796875,30594000
2021-11-23,161.1199951171875,161.8000030517578,159.05999755859375,161.41000366210938,157.94580078125,96041900,31.53499984741211,32.36000061035156,30.8799991607666,31.746000289916992,31.679031372070312,532163000,146.1529998779297,146.66000366210938,144.11500549316406,145.78199768066406,144.58702087402344,27218000
2021-11-24,160.75,162.13999938964844,159.63999938964844,161.94000244140625,158.4644012451172,69463600,31.461000442504883,32.85499954223633,30.92799949645996,32.67399978637695,32.60506820678711,435162000,145.47349548339844,146.24949645996094,144.3730010986328,146.1199951171875,144.9221954345703,18040000
2021-11-26,159.57000732421875,160.4499969482422,156.36000061035156,156.80999755859375,153.44448852539062,76959800,32.599998474121094,32.709999084472656,31.350000381469727,31.503000259399414,31.436540603637695,283069000,144.34849548339844,144.5574951171875,141.84249877929688,142.18299865722656,141.01748657226562,30470000
2021-11-29,159.3699951171875,161.19000244140625,158.7899932861328,160.24000549316406,156.8009033203125,88748200,32.36600112915039,33.4119987487793,32.0359992980957,33.375999450683594,33.305580139160156,454964000,144.0,146.29750061035156,143.89349365234375,145.53050231933594,144.33755493164062,32596000
2021-11-30,159.99000549316406,165.52000427246094,159.9199981689453,165.3000030517578,161.7523193359375,174048100,33.16899871826172,33.35300064086914,31.86400032043457,32.67599868774414,32.60706329345703,622066000,145.0084991455078,146.0,141.60150146484375,141.8975067138672,140.73434448242188,42068000
2021-12-01,167.47999572753906,170.3000030517578,164.52999877929688,164.77000427246094,161.2336883544922,152052500,33.21900177001953,33.28900146484375,31.3799991607666,31.434999465942383,31.372526168823242,484368000,144.0,145.95050048828125,140.91200256347656,141.05149841308594,139.895263671875,34020000
2021-12-02,158.74000549316406,164.1999969482422,157.8000030517578,163.75999450683594,160.245361328125,136739200,31.214000701904297,32.47800064086914,31.024999618530273,32.125999450683594,32.06215286254883,472890000,141.25,143.864501953125,140.21449279785156,142.96600341796875,141.79408264160156,29194000
2021-12-03,164.02000427246094,164.9600067138672,159.72000122070312,161.83999633789062,158.3665771484375,118023100,32.0,32.12900161743164,30.1299991607666,30.69300079345703,30.632001876831055,544325000,143.68099975585938,144.39999389648438,140.30099487304688,142.00149536132812,140.83749389648438,41230000
2021-12-06,164.2899932861328,167.8800048828125,164.27999877929688,165.32000732421875,161.77188110351562,107497000,29.8799991607666,30.240999221801758,28.038000106811523,30.03700065612793,29.977310180664062,658938000,143.04049682617188,143.8524932861328,140.14999389648438,143.15499877929688,141.98153686523438,30618000
2021-12-07,169.0800018310547,171.5800018310547,168.33999633789062,171.17999267578125,167.50607299804688,120405400,30.957000732421875,32.44900131225586,30.650999069213867,32.426998138427734,32.362552642822266,593053000,145.59649658203125,147.531005859375,145.2274932861328,147.26950073242188,146.06231689453125,32240000
2021-12-08,172.1300048828125,175.9600067138672,170.6999969482422,175.0800018310547,171.32241821289062,116998900,31.999000549316406,32.290000915527344,31.42099952697754,31.826000213623047,31.76275062561035,475551000,147.59649658203125,148.39300537109375,146.406005859375,148.18649291992188,146.97178649902344,24270000
2021-12-09,174.91000366210938,176.75,173.9199981689453,174.55999755859375,170.81358337402344,108923700,31.733999252319336,32.20500183105469,30.42799949645996,30.489999771118164,30.429405212402344,488507000,147.59100341796875,149.10000610351562,147.11500549316406,147.6385040283203,146.42828369140625,23270000
2021-12-10,175.2100067138672,179.6300048828125,174.69000244140625,179.4499969482422,175.59860229492188,115402700,31.149999618530273,31.30500030517578,29.861000061035156,30.197999954223633,30.13798713684082,488825000,148.6999969482422,148.9774932861328,146.70399475097656,148.00149536132812,146.78829956054688,24458000
2021-12-13,181.1199951171875,182.1300048828125,175.52999877929688,175.74000549316406,171.9682159423828,153237000,30.249000549316406,30.29400062561035,28.115999221801758,28.160999298095703,28.105031967163086,598344000,147.781494140625,147.97000122070312,145.5175018310547,145.82650756835938,144.63113403320312,27070000
2021-12-14,175.25,177.74000549316406,172.2100067138672,174.3300018310547,170.58847045898438,139380400,27.698999404907227,28.67799949645996,27.25,28.336999893188477,28.280685424804688,667035000,143.96800231933594,144.47999572753906,141.21499633789062,143.90699768066406,142.7273712158203,38446000
2021-12-15,175.11000061035156,179.5,172.30999755859375,179.3000030517578,175.45181274414062,131063300,28.399999618530273,30.5,27.83799934387207,30.458999633789062,30.39846420288086,698297000,143.40899658203125,146.7209930419922,141.67799377441406,146.4409942626953,145.24058532714844,36370000
2021-12-16,179.27999877929688,181.13999938964844,170.75,172.25999450683594,168.5629119873047,150185800,31.152000427246094,31.15999984741211,28.093000411987305,28.386999130249023,28.330585479736328,707366000,147.17050170898438,147.677001953125,143.60699462890625,144.44500732421875,143.26095581054688,33650000
2021-12-17,169.92999267578125,173.47000122070312,169.69000244140625,171.13999938964844,167.46697998046875,195432700,27.985000610351562,28.922000885009766,27.760000228881836,27.801000595092773,27.745752334594727,713758000,142.5,143.83450317382812,141.3000030517578,141.72500610351562,140.56324768066406,50416000
2021-12-20,168.27999877929688,170.5800018310547,167.4600067138672,169.75,166.1068115234375,107499100,27.30500030517578,28.143999099731445,27.145000457763672,27.7189998626709,27.66391372680664,461847000,140.0,141.77450561523438,139.3209991455078,141.60699462890625,140.44619750976562,27192000
2021-12-21,171.55999755859375,173.1999969482422,169.1199951171875,172.99000549316406,169.27725219726562,91185900,28.374000549316406,29.1200008392334,27.400999069213867,29.075000762939453,29.01721954345703,524385000,142.05349731445312,143.86900329589844,140.50250244140625,143.47250366210938,142.29641723632812,28756000
2021-12-22,173.0399932861328,175.86000061035156,172.14999389648438,175.63999938964844,171.87039184570312,92135300,28.891000747680664,29.55500030517578,28.448999404907227,29.399999618530273,29.341569900512695,395184000,143.0675048828125,146.5,143.0675048828125,146.4149932861328,145.2147979736328,26322000
2021-12-23,175.85000610351562,176.85000610351562,175.27000427246094,176.27999877929688,172.4966583251953,68356600,29.7549991607666,30.05900001525879,29.430999755859375,29.639999389648438,29.581090927124023,343022000,146.5,148.24349975585938,146.45199584960938,146.91650390625,145.71217346191406,26384000
2021-12-27,177.08999633789062,180.4199981689453,177.07000732421875,180.3300018310547,176.45973205566406,74919600,29.65999984741211,31.086999893188477,29.639999389648438,30.94499969482422,30.883495330810547,403686000,147.25599670410156,148.343994140625,147.16949462890625,147.906494140625,146.694091796875,15976000
2021-12-28,180.16000366210938,181.3300018310547,178.52999877929688,179.2899932861328,175.44203186035156,79144300,31.312000274658203,31.329999923706055,30.011999130249023,30.32200050354004,30.261737823486328,420591000,148.23599243164062,148.2989959716797,146.05450439453125,146.68699645996094,145.4845733642578,18200000
2021-12-29,179.3300018310547,180.6300048828125,178.13999938964844,179.3800048828125,175.53016662597656,62348900,30.273000717163086,30.54800033569336,29.365999221801758,30.000999450683594,29.941375732421875,343139000,146.64450073242188,147.41700744628906,145.6475067138672,146.65499877929688,145.4528350830078,17788000
2021-12-30,179.47000122070312,180.57000732421875,178.08999633789062,178.1999969482422,174.37542724609375,59773000,29.82699966430664,30.457000732421875,29.540000915527344,29.586000442504883,29.527202606201172,308864000,146.69400024414062,147.3000030517578,145.9945068359375,146.20050048828125,145.00204467773438,15688000
2021-12-31,178.08999633789062,179.22999572753906,177.25999450683594,177.57000732421875,173.7589569091797,64062300,29.673999786376953,30.030000686645508,29.33099937438965,29.410999298095703,29.352550506591797,266530000,146.0500030517578,146.69850158691406,144.8520050048828,144.8520050048828,143.66458129882812,18136000
2022-01-03,177.8300018310547,182.8800048828125,177.7100067138672,182.00999450683594,178.10366821289062,104487900,29.815000534057617,30.711000442504883,29.78499984741211,30.121000289916992,30.061141967773438,391547000,145.05499267578125,145.8509979248047,143.71299743652344,144.9915008544922,143.80296325683594,28646000
2022-01-04,182.6300048828125,182.94000244140625,179.1199951171875,179.6999969482422,175.84326171875,99310400,30.277000427246094,30.468000411987305,28.349000930786133,29.290000915527344,29.231792449951172,527154000,145.39599609375,146.48500061035156,143.7165069580078,144.39950561523438,143.21583557128906,28400000
2022-01-05,179.61000061035156,180.1699981689453,174.63999938964844,174.9199981689453,171.1658172607422,94537600,28.948999404907227,29.416000366210938,27.533000946044922,27.604000091552734,27.549137115478516,498064000,144.4199981689453,144.49949645996094,137.68800354003906,137.77499389648438,136.64559936523438,54618000
2022-01-06,172.6999969482422,175.3000030517578,171.63999938964844,172.0,168.30850219726562,96904000,27.639999389648438,28.437999725341797,27.065000534057617,28.17799949645996,28.12199592590332,454186000,136.99850463867188,139.94000244140625,136.55850219726562,137.74749755859375,136.61834716796875,37348000
2022-01-07,172.88999938964844,174.13999938964844,171.02999877929688,172.1699981689453,168.47486877441406,86709100,28.141000747680664,28.422000885009766,27.05699920654297,27.246999740600586,27.192852020263672,409939000,138.14549255371094,138.44850158691406,135.76649475097656,137.01699829101562,135.8938446044922,29760000
2022-01-10,169.0800018310547,172.5,168.1699981689453,172.19000244140625,168.4944305419922,106765600,26.58099937438965,27.4689998626709,25.643999099731445,27.399999618530273,27.34554672241211,594681000,135.0780029296875,138.8195037841797,133.1645050048828,138.66949462890625,137.53277587890625,44408000
2022-01-11,172.32000732421875,175.17999267578125,170.82000732421875,175.0800018310547,171.32241821289062,76138300,27.322999954223633,28.065000534057617,26.839000701904297,27.816999435424805,27.761716842651367,404089000,138.0070037841797,140.21600341796875,136.6925048828125,139.73599243164062,138.59054565429688,28730000
2022-01-12,176.1199951171875,177.17999267578125,174.82000732421875,175.52999877929688,171.76272583007812,74805200,28.066999435424805,28.594999313354492,27.607999801635742,27.999000549316406,27.943355560302734,383413000,141.14999389648438,142.60800170898438,140.6945037841797,141.4304962158203,140.27113342285156,26108000
2022-01-13,175.77999877929688,176.6199951171875,171.7899932861328,172.19000244140625,168.4944305419922,84505800,28.378999710083008,28.479999542236328,26.49799919128418,26.575000762939453,26.522192001342773,540171000,141.5399932861328,142.85000610351562,138.40899658203125,138.58700561523438,137.4509735107422,31436000
2022-01-14,171.33999633789062,173.77999877929688,171.08999633789062,173.07000732421875,169.35552978515625,80440800,26.299999237060547,27.19700050354004,26.209999084472656,26.941999435424805,26.888458251953125,395832000,137.07899475097656,140.74200439453125,136.99850463867188,139.48049926757812,138.33714294433594,29662000
2022-01-18,171.50999450683594,172.5399932861328,169.41000366210938,169.8000030517578,166.1557159423828,90956700,26.260000228881836,26.63800048828125,25.770000457763672,25.902999877929688,25.851524353027344,424270000,136.1750030517578,137.13150024414062,135.43850708007812,135.9980010986328,134.8831787109375,34872000
2022-01-19,170.0,171.0800018310547,165.94000244140625,166.22999572753906,162.662353515625,94815000,26.07900047302246,26.542999267578125,25.052000045776367,25.066999435424805,25.017179489135742,488315000,136.52349853515625,137.95950317382812,135.0155029296875,135.1165008544922,134.0089111328125,28648000
2022-01-20,166.97999572753906,169.67999267578125,164.17999267578125,164.50999450683594,160.97926330566406,91420500,25.304000854492188,25.57900047302246,24.077999114990234,24.149999618530273,24.102005004882812,435181000,136.25,137.62600708007812,132.96449279785156,133.3074951171875,132.21475219726562,29908000
2022-01-21,164.4199981689453,166.3300018310547,162.3000030517578,162.41000366210938,158.92430114746094,122848900,23.506999969482422,24.822999954223633,23.26300048828125,23.374000549316406,23.327547073364258,718958000,132.593505859375,134.86549377441406,130.0865020751953,130.35150146484375,129.282958984375,55652000
2022-01-24,160.02000427246094,162.3000030517578,154.6999969482422,161.6199951171875,158.15127563476562,162294600,22.329999923706055,23.3799991607666,20.88800048828125,23.371999740600586,23.325550079345703,913982000,125.97799682617188,131.2030029296875,124.5,130.8040008544922,129.73179626464844,76622000
2022-01-25,158.97999572753906,162.75999450683594,157.02000427246094,159.77999877929688,156.3507537841797,115798400,22.54599952697754,22.94300079345703,22.0,22.323999404907227,22.279634475708008,664616000,128.74000549316406,129.3990020751953,126.50050354003906,126.93499755859375,125.89448547363281,46960000
2022-01-26,163.5,164.38999938964844,157.82000732421875,159.69000244140625,156.26271057128906,108275300,23.239999771118164,24.05699920654297,22.299999237060547,22.77199935913086,22.726741790771484,755959000,131.11900329589844,133.0,127.14199829101562,129.23300170898438,128.17364501953125,49130000
2022-01-27,162.4499969482422,163.83999633789062,158.27999877929688,159.22000122070312,155.80279541015625,121954600,23.56800079345703,23.9950008392334,21.674999237060547,21.944000244140625,21.900390625,573353000,131.3040008544922,132.65249633789062,128.9324951171875,129.0050048828125,127.94752502441406,31950000
2022-01-28,165.7100067138672,170.35000610351562,162.8000030517578,170.3300018310547,166.67431640625,179935700,22.011999130249023,22.857999801635742,21.29599952697754,22.84000015258789,22.794607162475586,543774000,129.65899658203125,133.35650634765625,128.48500061035156,133.3509979248047,132.25787353515625,34362000
2022-01-31,170.16000366210938,175.0,169.50999450683594,174.77999877929688,171.02880859375,115541600,23.18199920654297,24.509000778198242,23.052000045776367,24.486000061035156,24.437339782714844,564680000,134.16200256347656,135.47300720214844,132.20950317382812,135.30349731445312,134.19439697265625,39986000
2022-02-01,174.00999450683594,174.83999633789062,172.30999755859375,174.61000061035156,170.86248779296875,86213900,25.104000091552734,25.145000457763672,23.889999389648438,24.63800048828125,24.589035034179688,518925000,137.59449768066406,137.79299926757812,134.36849975585938,137.6439971923828,136.51571655273438,68644000
2022-02-02,174.75,175.8800048828125,173.3300018310547,175.83999633789062,172.0660858154297,84914300,25.79400062561035,25.816999435424805,24.55299949645996,25.242000579833984,25.191835403442383,543419000,151.25,151.54649353027344,145.5225067138672,148.0,146.7868194580078,123200000
2022-02-03,174.47999572753906,176.24000549316406,172.1199951171875,172.89999389648438,169.18919372558594,89418100,24.45800018310547,25.07699966430664,23.780000686645508,23.947999954223633,23.900405883789062,410178000,145.70550537109375,149.6750030517578,142.66549682617188,143.08999633789062,141.9170379638672,71518000
2022-02-04,171.67999267578125,174.10000610351562,170.67999267578125,172.38999938964844,168.9050750732422,82465400,23.972000122070312,24.635000228881836,23.631999969482422,24.319000244140625,24.27066993713379,354829000,143.4445037841797,144.875,140.51499938964844,143.29299926757812,142.11842346191406,57998000
2022-02-07,172.86000061035156,173.9499969482422,170.9499969482422,171.66000366210938,168.1898193359375,77251200,24.371999740600586,25.18199920654297,24.20199966430664,24.72800064086914,24.67885398864746,376868000,144.25,144.25,138.89999389648438,139.2010040283203,138.05995178222656,54974000
2022-02-08,171.72999572753906,175.35000610351562,171.42999267578125,174.8300018310547,171.29574584960938,74829200,24.358999252319336,25.229999542236328,23.979999542236328,25.107999801635742,25.058103561401367,410359000,139.02650451660156,140.0,137.01400756835938,139.3990020751953,138.25631713867188,54284000
2022-02-09,176.0500030517578,176.64999389648438,174.89999389648438,176.27999877929688,172.7164306640625,71285000,25.621999740600586,26.725000381469727,25.35300064086914,26.704999923706055,26.65192413330078,524282000,140.9635009765625,142.52450561523438,140.18699645996094,141.5919952392578,140.4313201904297,40144000
2022-02-10,174.13999938964844,175.47999572753906,171.5500030517578,172.1199951171875,168.6405029296875,90865900,25.9950008392334,26.924999237060547,25.600000381469727,25.823999404907227,25.772680282592773,513200000,139.70350646972656,141.4844970703125,137.95700073242188,138.6199951171875,137.48370361328125,39330000
2022-02-11,172.3300018310547,173.0800018310547,168.0399932861328,168.63999938964844,165.23085021972656,98670700,25.916000366210938,26.152000427246094,23.773000717163086,23.948999404907227,23.901403427124023,605472000,138.60000610351562,139.156494140625,133.39999389648438,134.28250122070312,133.1817626953125,39958000
2022-02-14,167.3699951171875,169.5800018310547,166.55999755859375,168.8800048828125,165.4660186767578,86185500,23.93400001525879,24.875,23.7549991607666,24.267000198364258,24.218769073486328,440424000,133.25650024414062,136.3000030517578,133.25650024414062,135.5260009765625,134.4150848388672,34302000
2022-02-15,170.97000122070312,172.9499969482422,170.25,172.7899932861328,169.2969970703125,62527400,24.948999404907227,26.545000076293945,24.784000396728516,26.4950008392334,26.44234848022461,699869000,137.57049560546875,138.10850524902344,135.82150268554688,136.60850524902344,135.48867797851562,26680000
2022-02-16,171.85000610351562,173.33999633789062,170.0500030517578,172.5500030517578,169.0618133544922,61177400,26.259000778198242,26.582000732421875,25.552000045776367,26.51099967956543,26.458311080932617,732676000,136.64649963378906,138.08599853515625,134.9239959716797,137.73800659179688,136.6089324951172,25022000
2022-02-17,171.02999877929688,171.91000366210938,168.47000122070312,168.8800048828125,165.4660186767578,69589300,25.6299991607666,25.78499984741211,24.165000915527344,24.506999969482422,24.458295822143555,810595000,136.2429962158203,137.11349487304688,132.47850036621094,132.53900146484375,131.45252990722656,38950000
2022-02-18,169.82000732421875,170.5399932861328,166.19000244140625,167.3000030517578,163.91796875,82772700,24.667999267578125,24.986000061035156,23.100000381469727,23.642000198364258,23.595014572143555,761255000,133.4669952392578,134.07000732421875,130.19650268554688,130.4029998779297,129.33404541015625,45620000
2022-02-22,164.97999572753906,166.69000244140625,162.14999389648438,164.32000732421875,160.9982147216797,91162800,23.03499984741211,24.06399917602539,23.0,23.389999389648438,23.343517303466797,633422000,129.83799743652344,132.1804962158203,128.22349548339844,129.81350708007812,128.7493896484375,44990000
2022-02-23,165.5399932861328,166.14999389648438,159.75,160.07000732421875,156.8341522216797,90009200,23.802000045776367,24.155000686645508,22.301000595092773,22.386999130249023,22.342504501342773,566511000,131.64849853515625,132.05099487304688,127.52749633789062,127.58799743652344,126.54214477539062,32786000
2022-02-24,152.5800018310547,162.85000610351562,152.0,162.74000549316406,159.45013427734375,141147500,21.014999389648438,23.799999237060547,20.889999389648438,23.74799919128418,23.7008056640625,735801000,124.95349884033203,133.0,124.95349884033203,132.6909942626953,131.60328674316406,54456000
2022-02-25,163.83999633789062,165.1199951171875,160.8699951171875,164.85000610351562,161.51747131347656,91974200,23.72100067138672,24.216999053955078,23.381000518798828,24.156999588012695,24.108989715576172,528866000,133.552001953125,135.27149963378906,131.75149536132812,134.45950317382812,133.35731506347656,36406000
2022-02-28,163.05999755859375,165.4199981689453,162.42999267578125,165.1199951171875,161.7820281982422,95056600,23.992000579833984,24.665000915527344,23.707000732421875,24.385000228881836,24.33653450012207,477319000,133.0500030517578,135.75149536132812,132.59249877929688,135.0570068359375,133.94992065429688,38864000
2022-03-01,164.6999969482422,166.60000610351562,161.97000122070312,163.1999969482422,159.90084838867188,83474400,24.291000366210938,24.37700080871582,23.131999969482422,23.476999282836914,23.43034553527832,412056000,134.8784942626953,136.2554931640625,133.218505859375,134.06149291992188,132.96255493164062,26496000
2022-03-02,164.38999938964844,167.36000061035156,162.9499969482422,166.55999755859375,163.19290161132812,79724800,23.756000518798828,24.409000396728516,23.415000915527344,24.219999313354492,24.175979614257812,389642000,134.6280059814453,135.2624969482422,133.07150268554688,134.57150268554688,133.4683837890625,23520000
2022-03-03,168.47000122070312,168.91000366210938,165.5500030517578,166.22999572753906,162.8695831298828,76678400,24.261999130249023,24.326000213623047,23.4689998626709,23.714000701904297,23.670902252197266,365095000,136.00999450683594,136.4394989013672,133.02549743652344,133.89950561523438,132.8018798828125,24604000
2022-03-04,164.49000549316406,165.5500030517578,162.10000610351562,163.1699981689453,159.87144470214844,83737200,23.384000778198242,23.68000030517578,22.48200035095215,22.93600082397461,22.894323348999023,431415000,132.92750549316406,133.85150146484375,130.33749389648438,131.906494140625,130.82522583007812,30430000
2022-03-07,163.36000061035156,165.02000427246094,159.0399932861328,159.3000030517578,156.0796661376953,96418800,22.816999435424805,23.033000946044922,21.329999923706055,21.351999282836914,21.313196182250977,450821000,131.48800659179688,131.73500061035156,126.29499816894531,126.37850189208984,125.34255981445312,45112000
2022-03-08,158.82000732421875,162.8800048828125,155.8000030517578,157.44000244140625,154.2572784423828,131148300,21.30900001525879,22.37299919128418,20.649999618530273,21.513999938964844,21.47490119934082,557467000,126.25,131.25,125.67449951171875,127.10449981689453,126.0625991821289,40428000
2022-03-09,161.47999572753906,163.41000366210938,159.41000366210938,162.9499969482422,159.65585327148438,91454900,22.386999130249023,23.219999313354492,22.246999740600586,23.013999938964844,22.9721736907959,492742000,131.25,133.73550415039062,129.90049743652344,133.4199981689453,132.32630920410156,37026000
2022-03-10,160.1999969482422,160.38999938964844,155.97999572753906,158.52000427246094,155.3154296875,105342000,22.5310001373291,22.788000106811523,21.881999969482422,22.658000946044922,22.6168212890625,428066000,131.26600646972656,133.27200317382812,130.91250610351562,132.42950439453125,131.34396362304688,27102000
2022-03-11,158.92999267578125,159.27999877929688,154.5,154.72999572753906,151.60205078125,96970100,23.02199935913086,23.145000457763672,22.04599952697754,22.100000381469727,22.059837341308594,367209000,133.48849487304688,133.79550170898438,129.63150024414062,129.87049865722656,128.80589294433594,31526000
2022-03-14,151.4499969482422,154.1199951171875,150.10000610351562,150.6199951171875,147.5751495361328,108732100,21.868999481201172,22.261999130249023,21.159000396728516,21.329999923706055,21.29123878479004,385354000,130.25,130.40899658203125,125.2750015258789,125.95099639892578,124.9185562133789,38812000
2022-03-15,150.89999389648438,155.57000732421875,150.3800048828125,155.08999633789062,151.95477294921875,92964300,21.51799964904785,23.038000106811523,21.32200050354004,22.972999572753906,22.93125343322754,491996000,126.97599792480469,129.85450744628906,125.72049713134766,129.197998046875,128.138916015625,30920000
2022-03-16,157.0500030517578,160.0,154.4600067138672,159.58999633789062,156.36380004882812,102300200,23.5,24.597000122070312,23.172000885009766,24.496000289916992,24.45148468017578,671422000,130.73300170898438,133.33299255371094,128.7344970703125,133.28050231933594,132.18797302246094,35576000
2022-03-17,158.61000061035156,161.0,157.6300048828125,160.6199951171875,157.37298583984375,75615400,24.1200008392334,24.841999053955078,23.9060001373291,24.766000747680664,24.720993041992188,471941000,133.1490020751953,134.08050537109375,132.18499755859375,133.83900451660156,132.74191284179688,28264000
2022-03-18,160.50999450683594,164.47999572753906,159.75999450683594,163.97999572753906,160.6650390625,123511700,24.798999786376953,26.569000244140625,24.624000549316406,26.452999114990234,26.40492820739746,730719000,133.42449951171875,136.24400329589844,132.2584991455078,136.12550354003906,135.0096435546875,44566000
2022-03-21,163.50999450683594,166.35000610351562,163.00999450683594,165.3800048828125,162.03680419921875,95811400,26.506999969482422,27.152000427246094,25.966999053955078,26.733999252319336,26.685420989990234,591727000,136.1634979248047,137.0500030517578,134.09249877929688,136.10150146484375,134.98583984375,26832000
2022-03-22,165.50999450683594,169.4199981689453,164.91000366210938,168.82000732421875,165.4072265625,81532000,26.726999282836914,27.238000869750977,26.07200050354004,26.52400016784668,26.47579574584961,547007000,136.10150146484375,141.0500030517578,136.10150146484375,139.8679962158203,138.72145080566406,35496000
2022-03-23,167.99000549316406,172.63999938964844,167.64999389648438,170.2100067138672,166.76914978027344,98062700,26.125999450683594,26.61199951171875,25.575000762939453,25.634000778198242,25.58741569519043,502120000,138.70249938964844,139.5885009765625,137.8350067138672,138.27549743652344,137.14202880859375,25154000
2022-03-24,171.05999755859375,174.13999938964844,170.2100067138672,174.07000732421875,170.55108642578125,90131400,26.166000366210938,28.31999969482422,25.906999588012695,28.149999618530273,28.098840713500977,877379000,139.1999969482422,141.61900329589844,137.75050354003906,141.57200622558594,140.41151428222656,26396000
2022-03-25,173.8800048828125,175.27999877929688,172.75,174.72000122070312,171.18795776367188,80546200,27.88599967956543,28.357999801635742,27.270999908447266,27.691999435424805,27.64167594909668,579016000,141.91600036621094,142.03500366210938,139.7375030517578,141.67300415039062,140.5116729736328,24126000
2022-03-28,172.1699981689453,175.72999572753906,172.0,175.60000610351562,172.05015563964844,90371900,27.756000518798828,28.25,27.20599937438965,28.2189998626709,28.16771697998047,425494000,140.90049743652344,142.00250244140625,139.81149291992188,141.45550537109375,140.2959747314453,35050000
2022-03-29,176.69000244140625,179.00999450683594,176.33999633789062,178.9600067138672,175.34222412109375,100589400,28.69499969482422,28.945999145507812,27.979999542236328,28.6560001373291,28.60392189025879,488984000,142.6475067138672,143.7935028076172,142.0384979248047,142.5054931640625,141.33734130859375,34318000
2022-03-30,178.5500030517578,179.61000061035156,176.6999969482422,177.77000427246094,174.17626953125,92633200,28.304000854492188,28.496000289916992,27.503000259399414,27.690000534057617,27.639680862426758,463487000,142.4600067138672,142.7205047607422,141.60000610351562,141.93850708007812,140.77500915527344,19884000
2022-03-31,177.83999633789062,178.02999877929688,174.39999389648438,174.61000061035156,171.08016967773438,103049300,27.781999588012695,28.24799919128418,27.270000457763672,27.285999298095703,27.236413955688477,523440000,142.05299377441406,142.10800170898438,139.02450561523438,139.0675048828125,137.9275360107422,37524000
2022-04-01,174.02999877929688,174.8800048828125,171.94000244140625,174.30999755859375,170.7862548828125,78751300,27.375,27.496000289916992,26.267000198364258,26.711999893188477,26.66345977783203,517235000,139.5,140.4709930419922,138.3074951171875,140.15049743652344,139.00164794921875,25942000
2022-04-04,174.57000732421875,178.49000549316406,174.44000244140625,178.44000244140625,174.83274841308594,76468400,26.72800064086914,27.558000564575195,26.613000869750977,27.360000610351562,27.310277938842773,397120000,140.35850524902344,143.71200561523438,140.3105010986328,142.97149658203125,141.79953002929688,25942000
2022-04-05,177.5,178.3000030517578,174.4199981689453,175.05999755859375,171.52108764648438,73401800,27.253999710083008,27.319000244140625,25.81999969482422,25.930999755859375,25.883872985839844,436615000,142.86900329589844,142.99049377441406,140.38250732421875,140.59100341796875,139.4385528564453,21418000
2022-04-06,172.36000061035156,173.6300048828125,170.1300048828125,171.8300018310547,168.35638427734375,89058800,24.93400001525879,25.299999237060547,24.003000259399414,24.406999588012695,24.362648010253906,703833000,138.75,139.36050415039062,135.51699829101562,136.54800415039062,135.42868041992188,32468000
2022-04-07,171.16000366210938,173.36000061035156,169.85000610351562,172.13999938964844,168.6601104736328,77594700,24.44099998474121,24.722000122070312,23.47800064086914,24.20800018310547,24.164011001586914,557992000,136.00999450683594,137.1645050048828,134.2274932861328,135.8885040283203,134.7746124267578,26234000
2022-04-08,171.77999877929688,171.77999877929688,169.1999969482422,170.08999633789062,166.65155029296875,76575500,23.91699981689453,23.92300033569336,23.062000274658203,23.118999481201172,23.076982498168945,524781000,135.58349609375,135.6699981689453,132.9654998779297,133.28750610351562,132.1949005126953,25142000
2022-04-11,168.7100067138672,169.02999877929688,165.5,165.75,162.39926147460938,72246700,22.214000701904297,22.31999969482422,21.65999984741211,21.91699981689453,21.87717056274414,575207000,131.82350158691406,132.09249877929688,128.6685028076172,128.82350158691406,127.76751708984375,36884000
2022-04-12,168.02000427246094,169.8699951171875,166.63999938964844,167.66000366210938,164.2706756591797,79265200,22.53700065612793,22.725000381469727,21.281999588012695,21.503999710083008,21.464921951293945,662258000,131.60000610351562,131.60000610351562,126.78900146484375,127.7145004272461,126.6676025390625,32710000
2022-04-13,167.38999938964844,171.0399932861328,166.77000427246094,170.39999389648438,166.95529174804688,70618900,21.72800064086914,22.5,21.454999923706055,22.202999114990234,22.162649154663086,516943000,128.0,130.33399963378906,127.74099731445312,129.8939971923828,128.82920837402344,27928000
2022-04-14,170.6199951171875,171.27000427246094,165.0399932861328,165.2899932861328,161.9485626220703,75329400,22.5049991607666,22.777000427246094,21.163000106811523,21.257999420166016,21.219369888305664,569097000,130.47950744628906,130.47950744628906,126.60099792480469,126.7300033569336,125.69116973876953,31598000
2022-04-18,163.9199981689453,166.60000610351562,163.57000732421875,165.07000732421875,161.73304748535156,69023900,21.200000762939453,22.08799934387207,21.07900047302246,21.783000946044922,21.743410110473633,525701000,127.0,128.21249389648438,126.18199920654297,127.67649841308594,126.62989807128906,20808000
2022-04-19,165.02000427246094,167.82000732421875,163.91000366210938,167.39999389648438,164.0159149169922,67723800,21.719999313354492,22.37299919128418,21.31399917602539,22.197999954223633,22.157657623291016,512781000,127.69149780273438,130.33299255371094,126.99949645996094,130.00900268554688,128.9432830810547,26490000
2022-04-20,168.75999450683594,168.8800048828125,166.10000610351562,167.22999572753906,163.84934997558594,67929800,22.517000198364258,22.670000076293945,21.200000762939453,21.48200035095215,21.442960739135742,468974000,130.89199829101562,131.3990020751953,127.5,128.0399932861328,126.99041748046875,31696000
2022-04-21,168.91000366210938,171.52999877929688,165.91000366210938,166.4199981689453,163.05577087402344,87227800,21.708999633789062,22.392000198364258,20.0,20.183000564575195,20.146318435668945,656209000,129.25,130.09849548339844,124.52649688720703,124.81449890136719,123.79136657714844,36446000
2022-04-22,166.4600067138672,167.8699951171875,161.5,161.7899932861328,158.51931762695312,84882400,20.30299949645996,20.486000061035156,19.5,19.514999389648438,19.479534149169922,624713000,125.0,125.4020004272461,118.92500305175781,119.635498046875,118.65481567382812,56884000
2022-04-25,161.1199951171875,163.1699981689453,158.4600067138672,162.8800048828125,159.5872802734375,96046400,19.20199966430664,19.94499969482422,19.09600067138672,19.902000427246094,19.865829467773438,641566000,119.10099792480469,123.27749633789062,118.51100158691406,123.0739974975586,122.06513214111328,46128000
2022-04-26,162.25,162.33999633789062,156.72000122070312,156.8000030517578,153.63018798828125,95623200,19.718000411987305,19.788000106811523,18.670000076293945,18.788000106811523,18.753856658935547,653143000,122.29450225830078,122.51000213623047,118.51100158691406,118.6500015258789,117.67740631103516,73054000
2022-04-27,155.91000366210938,159.7899932861328,155.3800048828125,156.57000732421875,153.40489196777344,88063200,18.597999572753906,19.16699981689453,18.290000915527344,18.415000915527344,18.38153648376465,499460000,114.46949768066406,117.24199676513672,112.73650360107422,114.29450225830078,113.35758972167969,91820000
2022-04-28,159.25,164.52000427246094,158.92999267578125,163.63999938964844,160.3319549560547,130216800,18.966999053955078,20.03700065612793,18.489999771118164,19.781999588012695,19.746051788330078,570327000,116.41500091552734,119.64949798583984,114.11499786376953,118.52249908447266,117.55094146728516,48884000
2022-04-29,161.83999633789062,166.1999969482422,157.25,157.64999389648438,154.46302795410156,131747600,19.402000427246094,20.128000259399414,18.517000198364258,18.547000885009766,18.51329803466797,500435000,116.7344970703125,117.91999816894531,113.81449890136719,114.1094970703125,113.17411804199219,42676000
2022-05-02,156.7100067138672,158.22999572753906,153.27000427246094,157.9600067138672,154.7667694091797,123055300,18.541000366210938,19.573999404907227,18.391000747680664,19.533000946044922,19.49750328063965,572049000,113.40499877929688,116.74549865722656,112.5999984741211,116.58300018310547,115.6273422241211,35534000
2022-05-03,158.14999389648438,160.7100067138672,156.32000732421875,159.47999572753906,156.25604248046875,88966500,19.399999618530273,19.825000762939453,19.132999420166016,19.601999282836914,19.566377639770508,475751000,116.43049621582031,118.44200134277344,116.03450012207031,117.33399963378906,116.3721923828125,24968000
2022-05-04,159.6699981689453,166.47999572753906,159.25999450683594,166.02000427246094,162.66384887695312,108256500,19.92300033569336,20.399999618530273,18.750999450683594,20.333999633789062,20.29704475402832,648855000,117.03150177001953,122.85449981689453,115.11599731445312,122.26100158691406,121.25879669189453,49916000
2022-05-05,163.85000610351562,164.0800018310547,154.9499969482422,156.77000427246094,153.600830078125,130525300,19.867000579833984,19.924999237060547,18.5,18.8439998626709,18.809751510620117,626331000,120.2040023803711,121.03900146484375,115.00550079345703,116.50550079345703,115.55048370361328,45840000
2022-05-06,156.00999450683594,159.44000244140625,154.17999267578125,157.27999877929688,154.32693481445312,116124600,18.736000061035156,19.511999130249023,17.989999771118164,18.674999237060547,18.641061782836914,633297000,115.18450164794922,117.57150268554688,114.0155029296875,115.74649810791016,114.79769897460938,39710000
2022-05-09,154.92999267578125,155.8300018310547,151.49000549316406,152.05999755859375,149.20494079589844,131577900,18.034000396728516,18.2549991607666,16.82699966430664,16.950000762939453,16.91919708251953,644455000,113.25,115.0770034790039,112.00050354003906,112.51100158691406,111.5887222290039,40802000
2022-05-10,155.52000427246094,156.74000549316406,152.92999267578125,154.50999450683594,151.6089324951172,115366700,17.68899917602539,18.197999954223633,17.024999618530273,17.594999313354492,17.563020706176758,761474000,115.50749969482422,116.25,112.90049743652344,114.3949966430664,113.457275390625,39900000
2022-05-11,153.5,155.4499969482422,145.80999755859375,146.5,143.7493133544922,142689800,17.347000122070312,17.753000259399414,16.56800079345703,16.6299991607666,16.599775314331055,670167000,113.23650360107422,116.364501953125,113.23650360107422,113.60250091552734,112.67127227783203,37534000
2022-05-12,142.77000427246094,146.1999969482422,138.8000030517578,142.55999755859375,139.88327026367188,182602000,16.2189998626709,16.788000106811523,15.567000389099121,16.174999237060547,16.145605087280273,708728000,111.37750244140625,114.29499816894531,109.82450103759766,112.84400177001953,111.91899108886719,53836000
2022-05-13,144.58999633789062,148.10000610351562,143.11000061035156,147.11000061035156,144.34786987304688,113990900,16.788000106811523,17.92799949645996,16.593000411987305,17.70599937438965,17.6738224029541,670437000,114.53299713134766,117.875,113.6050033569336,116.05049896240234,115.09921264648438,35038000
2022-05-16,145.5500030517578,147.52000427246094,144.17999267578125,145.5399932861328,142.8073272705078,86643800,17.509000778198242,17.788000106811523,17.106000900268555,17.263999938964844,17.23262596130371,521446000,114.95549774169922,116.16999816894531,113.8895034790039,114.44499969482422,113.50686645507812,25990000
2022-05-17,148.86000061035156,149.77000427246094,146.67999267578125,149.24000549316406,146.4378662109375,78336300,18.073999404907227,18.371000289916992,17.634000778198242,18.177000045776367,18.14396858215332,585830000,116.84049987792969,116.9000015258789,114.87000274658203,116.4729995727539,115.51824188232422,23054000
2022-05-18,146.85000610351562,147.36000061035156,139.89999389648438,140.82000732421875,138.17599487304688,109742900,17.704999923706055,18.118000030517578,16.86400032043457,16.937999725341797,16.90721893310547,545161000,115.0,115.4000015258789,111.55549621582031,111.89949798583984,110.98222351074219,35126000
2022-05-19,139.8800048828125,141.66000366210938,136.60000610351562,137.35000610351562,134.77114868164062,136095600,16.937000274658203,17.687000274658203,16.733999252319336,17.124000549316406,17.09288215637207,621310000,111.43150329589844,113.01000213623047,110.0,110.38400268554688,109.47915649414062,34144000
2022-05-20,139.08999633789062,140.6999969482422,132.61000061035156,137.58999633789062,135.0066375732422,137426100,17.332000732421875,17.40999984741211,15.755000114440918,16.694000244140625,16.663660049438477,739105000,111.95099639892578,112.18350219726562,105.79650115966797,108.90799713134766,108.01525115966797,48962000
2022-05-23,137.7899932861328,143.25999450683594,137.64999389648438,143.11000061035156,140.4229736328125,117726300,16.27400016784668,16.915000915527344,16.179000854492188,16.898000717163086,16.867292404174805,639889000,109.5875015258789,112.14749908447266,108.74099731445312,111.48799896240234,110.57410430908203,37184000
2022-05-24,140.80999755859375,141.97000122070312,137.3300018310547,140.36000061035156,137.72462463378906,104132700,16.510000228881836,16.597000122070312,15.779999732971191,16.15399932861328,16.1246395111084,588550000,105.77200317382812,106.45850372314453,101.8844985961914,105.97000122070312,105.1013412475586,76780000
2022-05-25,138.42999267578125,141.7899932861328,138.33999633789062,140.52000427246094,137.88160705566406,92482700,16.020000457763672,17.111000061035156,16.0,16.975000381469727,16.944150924682617,781132000,104.9854965209961,106.5,103.85649871826172,105.80500030517578,104.93769073486328,40258000
2022-05-26,137.38999938964844,144.33999633789062,137.13999938964844,143.77999877929688,141.08038330078125,90601500,16.035999298095703,18.091999053955078,16.02199935913086,17.85099983215332,17.818557739257812,996575000,105.677001953125,108.64949798583984,105.2249984741211,107.7925033569336,106.90889739990234,37948000
2022-05-27,145.38999938964844,149.67999267578125,145.25999450683594,149.63999938964844,146.8303680419922,90978500,18.18600082397461,18.881000518798828,18.100000381469727,18.81100082397461,18.776817321777344,738379000,109.48300170898438,112.31800079345703,109.13849639892578,112.31649780273438,111.39582061767578,37914000
2022-05-31,149.07000732421875,150.66000366210938,146.83999633789062,148.83999633789062,146.04537963867188,103718400,18.979999542236328,19.200000762939453,18.350000381469727,18.672000885009766,18.63806915283203,664100000,112.74649810791016,115.73500061035156,112.07849884033203,113.76200103759766,112.82946014404297,50012000
2022-06-01,149.89999389648438,151.74000549316406,147.67999267578125,148.7100067138672,145.91783142089844,74286600,18.724000930786133,19.05299949645996,18.121999740600586,18.31999969482422,18.286705017089844,544514000,114.8550033569336,117.10150146484375,113.25,113.89199829101562,112.9583969116211,36606000
2022-06-02,147.8300018310547,151.27000427246094,146.86000061035156,151.2100067138672,148.37091064453125,72348100,18.29199981689453,19.618999481201172,18.197999954223633,19.591999053955078,19.556394577026367,648656000,114.0,117.89949798583984,112.94650268554688,117.62249755859375,116.65831756591797,37992000
2022-06-03,146.89999389648438,147.97000122070312,144.4600067138672,145.3800048828125,142.65036010742188,88570300,19.082000732421875,19.332000732421875,18.52199935913086,18.719999313354492,18.68597984313965,598779000,116.0625,116.32150268554688,113.51850128173828,114.54100036621094,113.60208129882812,26136000
2022-06-06,147.02999877929688,148.57000732421875,144.89999389648438,146.13999938964844,143.39610290527344,71598400,19.138999938964844,19.336999893188477,18.56399917602539,18.785999298095703,18.75186538696289,422406000,116.70449829101562,119.34700012207031,116.16400146484375,116.82050323486328,115.8628921508789,33542000
2022-06-07,144.35000610351562,149.0,144.10000610351562,148.7100067138672,145.91783142089844,67808200,18.472000122070312,19.0,18.187999725341797,18.926000595092773,18.891603469848633,388914000,115.48049926757812,117.69100189208984,115.052001953125,117.14949798583984,116.18919372558594,31590000
2022-06-08,148.5800018310547,149.8699951171875,147.4600067138672,147.9600067138672,145.18191528320312,53950200,18.798999786376953,19.18000030517578,18.53499984741211,18.648000717163086,18.618043899536133,363252000,116.7614974975586,118.57050323486328,116.5999984741211,117.19400024414062,116.23332977294922,26108000
2022-06-09,147.0800018310547,147.9499969482422,142.52999877929688,142.63999938964844,139.96180725097656,69473000,18.481000900268555,18.933000564575195,18.041000366210938,18.04800033569336,18.019012451171875,395574000,116.32749938964844,118.29900360107422,114.7760009765625,114.83550262451172,113.8941650390625,25798000
2022-06-10,140.27999877929688,140.75999450683594,137.05999755859375,137.1300048828125,134.55528259277344,91437900,17.600000381469727,17.69700050354004,16.868999481201172,16.974000930786133,16.946735382080078,465248000,112.44499969482422,113.27899932861328,110.36599731445312,111.1614990234375,110.25027465820312,41452000
2022-06-13,132.8699951171875,135.1999969482422,131.44000244140625,131.8800048828125,129.40383911132812,122207100,16.0,16.312000274658203,15.605999946594238,15.647000312805176,15.621866226196289,604153000,106.7864990234375,108.79149627685547,106.11900329589844,106.39250183105469,105.52037811279297,47252000
2022-06-14,133.1300048828125,133.88999938964844,131.47999572753906,132.75999450683594,130.26730346679688,84784300,15.730999946594238,16.06599998474121,15.411999702453613,15.836000442504883,15.810562133789062,469680000,106.53500366210938,107.92449951171875,105.80000305175781,106.71549987792969,105.8407211303711,33706000
2022-06-15,134.2899932861328,137.33999633789062,132.16000366210938,135.42999267578125,132.8871612548828,91533000,16.094999313354492,16.868000030517578,15.925999641418457,16.527000427246094,16.500452041625977,563936000,108.54499816894531,111.42350006103516,107.66950225830078,109.7645034790039,108.86473083496094,39698000
2022-06-16,132.0800018310547,132.38999938964844,129.0399932861328,130.05999755859375,127.61800384521484,108123900,15.859999656677246,15.942000389099121,15.401000022888184,15.60099983215332,15.57594108581543,545749000,107.22100067138672,108.64849853515625,105.13800048828125,106.03350067138672,105.1643295288086,51684000
2022-06-17,130.07000732421875,133.0800018310547,129.80999755859375,131.55999755859375,129.08982849121094,134520300,15.64799976348877,15.994999885559082,15.32800006866455,15.880000114440918,15.854491233825684,630334000,106.03350067138672,108.69950103759766,105.0459976196289,107.14350128173828,106.26522827148438,51376000
2022-06-21,133.4199981689453,137.05999755859375,133.32000732421875,135.8699951171875,133.31890869140625,81000500,16.475000381469727,17.007999420166016,16.406999588012695,16.56599998474121,16.539390563964844,483089000,108.92949676513672,112.489501953125,108.5999984741211,111.54399871826172,110.62964630126953,47416000
2022-06-22,134.7899932861328,137.75999450683594,133.91000366210938,135.35000610351562,132.8087158203125,73409200,16.22599983215332,16.66200065612793,16.18000030517578,16.360000610351562,16.333717346191406,437135000,110.55650329589844,113.34649658203125,110.38249969482422,111.48750305175781,110.5736083984375,30774000
2022-06-23,136.82000732421875,138.58999633789062,135.6300048828125,138.27000427246094,135.6738739013672,72433800,16.518999099731445,16.584999084472656,15.852999687194824,16.225000381469727,16.198938369750977,463680000,112.23149871826172,112.74250030517578,110.50050354003906,112.24199676513672,111.32191467285156,28362000
2022-06-24,139.89999389648438,141.91000366210938,139.77000427246094,141.66000366210938,139.00021362304688,89116800,16.5,17.139999389648438,16.309999465942383,17.125999450683594,17.09848976135254,472153000,112.99500274658203,118.0790023803711,112.95249938964844,117.9749984741211,117.0079345703125,41164000
2022-06-27,142.6999969482422,143.49000549316406,140.97000122070312,141.66000366210938,139.00021362304688,70207900,17.312000274658203,17.329999923706055,16.625999450683594,16.868999481201172,16.841901779174805,427968000,118.27300262451172,118.57949829101562,115.17949676513672,115.83350372314453,114.88398742675781,36420000
2022-06-28,142.1300048828125,143.4199981689453,137.32000732421875,137.44000244140625,134.8594512939453,67083400,16.899999618530273,17.20199966430664,15.944999694824219,15.982000350952148,15.956327438354492,461149000,115.80249786376953,117.30950164794922,111.8479995727539,112.00749969482422,111.08934783935547,35792000
2022-06-29,137.4600067138672,140.6699981689453,136.6699981689453,139.22999572753906,136.6158447265625,66242400,15.814000129699707,15.819999694824219,15.170000076293945,15.541999816894531,15.517033576965332,482352000,111.552001953125,113.1604995727539,110.87249755859375,111.70149993896484,110.78585052490234,24716000
2022-06-30,137.25,138.3699951171875,133.77000427246094,136.72000122070312,134.15298461914062,98964500,15.361000061035156,15.567000389099121,14.862000465393066,15.159000396728516,15.134648323059082,686070000,110.0,110.88800048828125,106.75,108.96299743652344,108.0698013305664,43170000
2022-07-01,136.0399932861328,139.0399932861328,135.66000366210938,138.92999267578125,136.32144165039062,71051600,14.89900016784668,15.062999725341797,14.392000198364258,14.52299976348877,14.49967098236084,577610000,107.93299865722656,109.25,106.73049926757812,108.73750305175781,107.84615325927734,35476000
2022-07-05,137.77000427246094,141.61000061035156,136.92999267578125,141.55999755859375,138.90206909179688,73353800,14.175000190734863,14.970999717712402,14.055000305175781,14.96399974822998,14.939964294433594,651397000,107.10050201416016,113.37699890136719,105.73149871826172,113.26300048828125,112.33454895019531,39342000
2022-07-06,141.35000610351562,144.1199951171875,141.0800018310547,142.9199981689453,140.23655700683594,74064300,15.010000228881836,15.319000244140625,14.788999557495117,15.130000114440918,15.105696678161621,529066000,113.302001953125,115.5895004272461,111.47599792480469,114.5719985961914,113.63282775878906,37432000
2022-07-07,143.2899932861328,146.5500030517578,143.27999877929688,146.35000610351562,143.60214233398438,66253700,15.456000328063965,15.944999694824219,15.388999938964844,15.857999801635742,15.832526206970215,492903000,115.08000183105469,119.18949890136719,114.83350372314453,118.78299713134766,117.80931091308594,40936000
2022-07-08,145.25999450683594,147.5500030517578,145.0,147.0399932861328,144.2791748046875,64547800,15.430000305175781,16.03700065612793,15.388999938964844,15.838000297546387,15.812559127807617,467972000,117.25,119.68499755859375,116.90149688720703,119.35350036621094,118.37512969970703,38238000
2022-07-11,145.6699981689453,146.63999938964844,143.77999877929688,144.8699951171875,142.14991760253906,63141600,15.526000022888184,15.527000427246094,15.038000106811523,15.152000427246094,15.12766170501709,437321000,117.99800109863281,117.99800109863281,115.33049774169922,115.67649841308594,114.72827911376953,31196000
2022-07-12,145.75999450683594,148.4499969482422,145.0500030517578,145.86000061035156,143.12135314941406,77588800,15.267999649047852,15.430999755859375,14.876999855041504,15.081999778747559,15.057772636413574,458483000,116.21499633789062,116.9739990234375,113.69000244140625,114.02050018310547,113.08585357666016,29960000
2022-07-13,142.99000549316406,146.4499969482422,142.1199951171875,145.49000549316406,142.75827026367188,71185600,14.59000015258789,15.375,14.46500015258789,15.163999557495117,15.139642715454102,521918000,111.70099639892578,114.19599914550781,111.20149993896484,111.35350036621094,110.44070434570312,43722000
2022-07-14,144.0800018310547,148.9499969482422,143.25,148.47000122070312,145.682373046875,78140700,15.107999801635742,15.472999572753906,14.727999687194824,15.371999740600586,15.347309112548828,456235000,110.21050262451172,111.09300231933594,108.37300109863281,110.36750030517578,109.46279907226562,37004000
2022-07-15,149.77999877929688,150.86000061035156,148.1999969482422,150.1699981689453,147.3504180908203,76259900,15.659000396728516,15.781999588012695,15.444999694824219,15.76200008392334,15.73668098449707,385935000,112.00050354003906,113.1405029296875,110.9000015258789,111.77749633789062,110.86123657226562,46770000
2022-07-18,150.74000549316406,151.57000732421875,146.6999969482422,147.07000732421875,144.3086395263672,81420900,16.302000045776367,16.89699935913086,16.00200080871582,16.10099983215332,16.075138092041016,670517000,112.63999938964844,113.68000030517578,108.37000274658203,109.02999877929688,108.13624572753906,43164600
2022-07-19,147.9199981689453,151.22999572753906,146.91000366210938,151.0,148.1648406982422,82982400,16.486000061035156,17.110000610351562,16.172000885009766,16.992000579833984,16.964706420898438,702366000,110.8499984741211,114.0199966430664,109.55999755859375,113.80999755859375,112.87706756591797,36530900
2022-07-20,151.1199951171875,153.72000122070312,150.3699951171875,153.0399932861328,150.1665496826172,64823400,16.94700050354004,17.933000564575195,16.801000595092773,17.80699920654297,17.778396606445312,760538000,113.16999816894531,115.4000015258789,112.4800033569336,113.9000015258789,112.96633911132812,35600400
2022-07-21,154.5,155.57000732421875,151.94000244140625,155.35000610351562,152.43316650390625,65086600,17.885000228881836,18.143999099731445,17.545000076293945,18.049999237060547,18.021005630493164,557049000,114.27999877929688,114.55000305175781,111.11000061035156,114.33999633789062,113.40272521972656,32676200
2022-07-22,155.38999938964844,156.27999877929688,153.41000366210938,154.08999633789062,151.19683837890625,66675400,17.89299964904785,17.966999053955078,17.136999130249023,17.319000244140625,17.291179656982422,536671000,111.0,112.33999633789062,106.5,107.9000015258789,107.0155258178711,48901200
2022-07-25,154.00999450683594,155.0399932861328,152.27999877929688,152.9499969482422,150.0782012939453,53623900,17.018999099731445,17.124000549316406,16.64900016784668,17.02400016784668,16.996654510498047,480748000,108.41000366210938,109.87000274658203,106.30000305175781,107.51000213623047,106.62871551513672,34690900
2022-07-26,152.25999450683594,153.08999633789062,150.8000030517578,151.60000610351562,148.7535400390625,55138700,16.888999938964844,16.91900062561035,16.47800064086914,16.533000946044922,16.50644302368164,397865000,106.5999984741211,107.19999694824219,104.06999969482422,105.0199966430664,104.15912628173828,47991000
2022-07-27,152.5800018310547,157.3300018310547,152.16000366210938,156.7899932861328,153.84616088867188,78620700,17.031999588012695,17.93600082397461,16.913000106811523,17.790000915527344,17.76141929626465,569776000,109.26000213623047,113.91000366210938,108.01000213623047,113.05999755859375,112.13321685791016,59858500
2022-07-28,156.97999572753906,157.63999938964844,154.41000366210938,157.35000610351562,154.39561462402344,81378700,17.975000381469727,18.139999389648438,17.440000534057617,17.983999252319336,17.95511245727539,474646000,112.37000274658203,114.33999633789062,111.45999908447266,114.22000122070312,113.28372192382812,32816600
2022-07-29,161.24000549316406,163.6300048828125,159.5,162.50999450683594,159.458740234375,101786900,17.812999725341797,18.243999481201172,17.691999435424805,18.163000106811523,18.13382339477539,435460000,113.08000183105469,116.70999908447266,113.05999755859375,116.31999969482422,115.36649322509766,37223400
2022-08-01,161.00999450683594,163.58999633789062,160.88999938964844,161.50999450683594,158.47752380371094,67829400,18.18199920654297,18.84600067138672,17.989999771118164,18.44099998474121,18.411376953125,476469000,115.30000305175781,116.72000122070312,114.33999633789062,114.86000061035156,113.91845703125,26034300
2022-08-02,160.10000610351562,162.41000366210938,159.6300048828125,160.00999450683594,157.00563049316406,59907000,18.121999740600586,18.937999725341797,18.091999053955078,18.525999069213867,18.496238708496094,489527000,114.0,116.3499984741211,113.72000122070312,115.12999725341797,114.18624877929688,20236000
2022-08-03,160.83999633789062,166.58999633789062,160.75,166.1300048828125,163.01075744628906,82507500,18.18400001525879,18.968000411987305,18.136999130249023,18.89299964904785,18.862653732299805,418146000,115.70999908447266,118.62000274658203,115.4800033569336,118.08000183105469,117.1120834350586,28499000
2022-08-04,166.00999450683594,167.19000244140625,164.42999267578125,165.80999755859375,162.69677734375,55474100,18.849000930786133,19.27400016784668,18.760000228881836,19.21500015258789,19.18413543701172,409652000,117.4800033569336,118.77999877929688,116.88999938964844,118.19000244140625,117.2211685180664,21602900
2022-08-05,163.2100067138672,165.85000610351562,163.0,165.35000610351562,162.4707489013672,56697000,18.809999465942383,19.229000091552734,18.666000366210938,18.98900032043457,18.958498001098633,386068000,116.2300033569336,118.11000061035156,116.0,117.47000122070312,116.50706481933594,19159500
2022-08-08,166.3699951171875,167.80999755859375,164.1999969482422,164.8699951171875,161.99911499023438,60276900,17.50200080871582,18.23900032043457,17.242000579833984,17.792999267578125,17.76441764831543,981859000,118.38999938964844,120.1500015258789,116.87999725341797,117.30000305175781,116.3384780883789,19138300
2022-08-09,164.02000427246094,165.82000732421875,163.25,164.9199981689453,162.04824829101562,63135500,17.25200080871582,17.44700050354004,16.724000930786133,17.086000442504883,17.058555603027344,668263000,117.13999938964844,117.31999969482422,115.70999908447266,116.62999725341797,115.6739501953125,19086500
2022-08-10,167.67999267578125,169.33999633789062,166.89999389648438,169.24000549316406,166.2930450439453,70170500,17.697999954223633,18.118000030517578,17.316999435424805,18.097000122070312,18.067930221557617,597422000,118.77999877929688,120.91999816894531,118.41000366210938,119.69999694824219,118.71879577636719,30930400
2022-08-11,170.05999755859375,170.99000549316406,168.19000244140625,168.49000549316406,165.5560760498047,57149200,18.131000518798828,18.707000732421875,17.875999450683594,17.941999435424805,17.913177490234375,509327000,121.27999877929688,121.48999786376953,118.55999755859375,118.83999633789062,117.86583709716797,24293700
2022-08-12,169.82000732421875,172.1699981689453,169.39999389648438,172.10000610351562,169.10324096679688,68039400,18.15999984741211,18.718000411987305,17.952999114990234,18.708999633789062,18.6789493560791,478094000,120.26000213623047,121.68000030517578,119.45999908447266,121.68000030517578,120.68255615234375,19096300
2022-08-15,171.52000427246094,173.38999938964844,171.35000610351562,173.19000244140625,170.1742401123047,54091700,18.701000213623047,19.163999557495117,18.613000869750977,19.031999588012695,19.001428604125977,457666000,121.12999725341797,122.30000305175781,120.61000061035156,122.08000183105469,121.07929229736328,19494800
2022-08-16,172.77999877929688,173.7100067138672,171.66000366210938,173.02999877929688,170.0170440673828,56377100,18.920000076293945,19.142000198364258,18.500999450683594,18.878999710083008,18.84867286682129,451240000,121.5199966430664,122.43000030517578,120.63999938964844,121.69999694824219,120.70238494873047,19041200
2022-08-17,172.77000427246094,176.14999389648438,172.57000732421875,174.5500030517578,171.5105743408203,79542000,18.523000717163086,18.687999725341797,18.145000457763672,18.334999084472656,18.3055477142334,446799000,120.12000274658203,121.29000091552734,119.37999725341797,119.55000305175781,118.57003021240234,22847000
2022-08-18,173.75,174.89999389648438,173.1199951171875,174.14999389648438,171.11753845214844,62290100,18.301000595092773,18.864999771118164,18.183000564575195,18.773000717163086,18.74284553527832,415447000,119.43000030517578,120.81999969482422,118.72000122070312,120.16999816894531,119.1849365234375,17987700
2022-08-19,173.02999877929688,173.74000549316406,171.30999755859375,171.52000427246094,168.53330993652344,70346300,18.4060001373291,18.520000457763672,17.770000457763672,17.849000930786133,17.820331573486328,441588000,119.05999755859375,119.1500015258789,116.76000213623047,117.20999908447266,116.24920654296875,21809500
2022-08-22,169.69000244140625,169.86000061035156,167.13999938964844,167.57000732421875,164.652099609375,69026800,17.489999771118164,17.558000564575195,16.965999603271484,17.034000396728516,17.006637573242188,409593000,115.19999694824219,115.62999725341797,113.8499984741211,114.23999786376953,113.30355072021484,21456600
2022-08-23,167.0800018310547,168.7100067138672,166.64999389648438,167.22999572753906,164.31800842285156,54147100,16.98900032043457,17.46500015258789,16.969999313354492,17.180999755859375,17.15340232849121,369986000,113.4800033569336,115.01000213623047,113.43000030517578,113.86000061035156,112.92666625976562,15870400
2022-08-24,167.32000732421875,168.11000061035156,166.25,167.52999877929688,164.61279296875,53841500,17.011999130249023,17.4060001373291,16.895000457763672,17.222000122070312,17.1943359375,522661000,113.5,114.77999877929688,112.87000274658203,113.69000244140625,112.75806427001953,17734600
2022-08-25,168.77999877929688,170.13999938964844,168.35000610351562,170.02999877929688,167.06927490234375,51218200,16.8439998626709,17.94700050354004,16.83300018310547,17.913000106811523,17.884227752685547,770691000,114.23999786376953,116.72000122070312,114.11000061035156,116.6500015258789,115.69378662109375,16956800
2022-08-26,170.57000732421875,171.0500030517578,163.55999755859375,163.6199951171875,160.77090454101562,78961000,17.85700035095215,17.923999786376953,16.23699951171875,16.260000228881836,16.2338809967041,769127000,114.72000122070312,115.12000274658203,110.19000244140625,110.33999633789062,109.43550872802734,37245700
2022-08-29,161.14999389648438,162.89999389648438,159.82000732421875,161.3800048828125,158.56988525390625,73314000,16.020000457763672,16.33799934387207,15.767000198364258,15.800999641418457,15.775616645812988,496132000,109.98999786376953,110.94999694824219,108.80000305175781,109.41999816894531,108.52306365966797,21191200
2022-08-30,162.1300048828125,162.55999755859375,157.72000122070312,158.91000366210938,156.14291381835938,77906200,15.960000038146973,16.038999557495117,15.182000160217285,15.468000411987305,15.443153381347656,530181000,110.16999816894531,110.5,107.80000305175781,108.94000244140625,108.04700469970703,27513300
2022-08-31,160.30999755859375,160.5800018310547,157.13999938964844,157.22000122070312,154.4822998046875,87991100,15.383999824523926,15.539999961853027,14.958999633789062,15.093999862670898,15.069753646850586,573710000,110.6500015258789,110.8499984741211,108.12999725341797,108.22000122070312,107.33289337158203,28627000
2022-09-01,156.63999938964844,158.4199981689453,154.6699981689453,157.9600067138672,155.20944213867188,74229900,14.208999633789062,14.380000114440918,13.270000457763672,13.937000274658203,13.914613723754883,1178865000,108.27999877929688,110.44999694824219,107.36000061035156,109.73999786376953,108.8404312133789,28360900
2022-09-02,159.75,160.36000061035156,154.97000122070312,155.80999755859375,153.09689331054688,76957800,14.100000381469727,14.170999526977539,13.590999603271484,13.647000312805176,13.625080108642578,743157000,110.58999633789062,110.73999786376953,107.26000213623047,107.8499984741211,106.9659194946289,24160700
2022-09-06,156.47000122070312,157.08999633789062,153.69000244140625,154.52999877929688,151.8391571044922,73714800,13.730999946594238,13.779000282287598,13.35099983215332,13.46500015258789,13.443371772766113,535751000,107.30000305175781,108.02999877929688,105.77999877929688,106.80999755859375,105.9344482421875,25068300
2022-09-07,154.82000732421875,156.6699981689453,153.61000061035156,155.9600067138672,153.2442626953125,87449600,13.562999725341797,13.838000297546387,13.345999717712402,13.71399974822998,13.696039199829102,512657000,107.05999755859375,109.9800033569336,106.9000015258789,109.44999694824219,108.55281066894531,23167000
2022-09-08,154.63999938964844,156.36000061035156,152.67999267578125,154.4600067138672,151.77040100097656,84923800,13.458999633789062,14.008000373840332,13.369000434875488,13.989999771118164,13.97167682647705,624873000,108.04000091552734,109.5999984741211,107.16000366210938,108.37999725341797,107.4915771484375,24238300
2022-09-09,155.47000122070312,157.82000732421875,154.75,157.3699951171875,154.6297149658203,68028800,14.156999588012695,14.473999977111816,14.12600040435791,14.38700008392334,14.368157386779785,486612000,109.06999969482422,110.98999786376953,109.0199966430664,110.6500015258789,109.74298095703125,23197700
2022-09-12,159.58999633789062,164.25999450683594,159.3000030517578,163.42999267578125,160.58419799804688,104956000,14.369000434875488,14.54699993133545,14.197999954223633,14.505000114440918,14.486004829406738,484159000,110.98999786376953,111.62000274658203,109.93000030517578,110.86000061035156,109.95124816894531,22966800
2022-09-13,159.89999389648438,160.5399932861328,153.3699951171875,153.83999633789062,151.16116333007812,122656600,13.802000045776367,13.92199993133545,13.098999977111816,13.130999565124512,13.113802909851074,714956000,107.80000305175781,108.30000305175781,104.08999633789062,104.31999969482422,103.46485137939453,38172900
2022-09-14,154.7899932861328,157.10000610351562,153.61000061035156,155.30999755859375,152.60560607910156,87965400,13.253999710083008,13.289999961853027,12.913000106811523,13.128000259399414,13.110806465148926,588507000,104.56999969482422,105.27999877929688,103.66000366210938,105.0,104.13929748535156,26395100
2022-09-15,154.64999389648438,155.24000549316406,151.3800048828125,152.3699951171875,149.71681213378906,90481100,13.015000343322754,13.232999801635742,12.789999961853027,12.928999900817871,12.912068367004395,523625000,104.02999877929688,105.2699966430664,102.3499984741211,102.91000366210938,102.0664291381836,34188300
2022-09-16,151.2100067138672,151.35000610351562,148.3699951171875,150.6999969482422,148.07586669921875,162278800,12.741999626159668,13.211999893188477,12.616999626159668,13.197999954223633,13.180716514587402,670751000,102.06999969482422,103.12999725341797,100.94000244140625,102.80000305175781,101.95733642578125,42797200
2022-09-19,149.30999755859375,154.55999755859375,149.10000610351562,154.47999572753906,151.79002380371094,81474200,13.01200008392334,13.463000297546387,13.010000228881836,13.381999969482422,13.36447525024414,569685000,101.75,103.33000183105469,101.55000305175781,103.06999969482422,102.22511291503906,23036800
2022-09-20,153.39999389648438,158.0800018310547,153.0800018310547,156.89999389648438,154.16793823242188,107689800,13.21500015258789,13.482999801635742,13.057000160217285,13.175999641418457,13.158744812011719,524818000,102.08000183105469,102.37000274658203,100.5199966430664,101.13999938964844,100.3109359741211,26517100
2022-09-21,157.33999633789062,158.74000549316406,153.60000610351562,153.72000122070312,151.04327392578125,101696800,13.213000297546387,14.031000137329102,13.109999656677246,13.26099967956543,13.243633270263672,807679000,101.66999816894531,102.87999725341797,99.2699966430664,99.27999877929688,98.46617126464844,31487300
2022-09-22,152.3800048828125,154.47000122070312,150.91000366210938,152.74000549316406,150.08033752441406,86652500,13.069999694824219,13.14900016784668,12.428000450134277,12.560999870300293,12.544549942016602,759162000,98.81999969482422,101.23999786376953,98.79000091552734,100.13999938964844,99.31912994384766,34298600
2022-09-23,151.19000244140625,151.47000122070312,148.55999755859375,150.42999267578125,147.81056213378906,96029900,12.420000076293945,12.611000061035156,12.256999969482422,12.515999794006348,12.499608039855957,663309000,99.62999725341797,99.66000366210938,97.47000122070312,98.73999786376953,97.93061065673828,31625400
2022-09-26,149.66000366210938,153.77000427246094,149.63999938964844,150.77000427246094,148.1446533203125,93339400,12.491000175476074,12.659000396728516,12.21399974822998,12.227999687194824,12.211984634399414,547343000,98.0999984741211,99.87999725341797,97.80000305175781,98.16999816894531,97.36526489257812,27072700
2022-09-27,152.74000549316406,154.72000122070312,149.9499969482422,151.75999450683594,149.11740112304688,84442700,12.506999969482422,12.736000061035156,12.258000373840332,12.413000106811523,12.396742820739746,553854000,99.43000030517578,100.0,96.87000274658203,97.5,96.70076751708984,30072800
2022-09-28,147.63999938964844,150.63999938964844,144.83999633789062,149.83999633789062,147.2308349609375,146691400,12.40999984741211,12.822999954223633,12.354000091552734,12.736000061035156,12.719321250915527,542414000,97.6500015258789,100.69999694824219,97.11000061035156,100.05000305175781,99.22986602783203,32466300
2022-09-29,146.10000610351562,146.72000122070312,140.67999267578125,142.47999572753906,139.99899291992188,128138200,12.447999954223633,12.5,11.946000099182129,12.220000267028809,12.203996658325195,532763000,98.63999938964844,98.63999938964844,95.95999908447266,97.41999816894531,96.62142181396484,31047200
2022-09-30,141.27999877929688,143.10000610351562,138.0,138.1999969482422,135.7935333251953,124925300,12.086999893188477,12.633000373840332,12.074999809265137,12.138999938964844,12.123103141784668,565638000,97.05000305175781,98.9000015258789,95.55999755859375,95.6500015258789,94.86593627929688,32941500
2022-10-03,138.2100067138672,143.07000732421875,137.69000244140625,142.4499969482422,139.96951293945312,114311700,12.347000122070312,12.678000450134277,12.104999542236328,12.51200008392334,12.495613098144531,547478000,96.76000213623047,99.29000091552734,96.5199966430664,98.63999938964844,97.83142852783203,27982000
2022-10-04,145.02999877929688,146.22000122070312,144.25999450683594,146.10000610351562,143.5559844970703,87830100,12.878999710083008,13.220000267028809,12.878999710083008,13.166999816894531,13.14975643157959,584182000,100.44000244140625,101.83999633789062,100.37999725341797,101.63999938964844,100.80683135986328,28850800
2022-10-05,144.07000732421875,147.3800048828125,143.00999450683594,146.39999389648438,143.8507080078125,79471000,12.91100025177002,13.321000099182129,12.621000289916992,13.208999633789062,13.191699981689453,507131000,99.83000183105469,101.93000030517578,98.80000305175781,101.43000030517578,100.59854888916016,22176900
2022-10-06,145.80999755859375,147.5399932861328,145.22000122070312,145.42999267578125,142.89764404296875,68402200,13.220000267028809,13.656000137329102,13.102999687194824,13.130000114440918,13.112804412841797,644157000,100.68000030517578,102.93000030517578,100.58999633789062,101.41999816894531,100.58863830566406,22324000
2022-10-07,142.5399932861328,143.10000610351562,139.4499969482422,140.08999633789062,137.65061950683594,85925600,12.505000114440918,12.670000076293945,12.022000312805176,12.076000213623047,12.060185432434082,672478000,99.8499984741211,100.52999877929688,98.30000305175781,98.68000030517578,97.87109375,27502800
2022-10-10,140.4199981689453,141.88999938964844,138.57000732421875,140.4199981689453,137.97486877441406,74899000,12.036999702453613,12.12399959564209,11.407999992370605,11.670000076293945,11.654716491699219,698699000,99.0,99.0999984741211,97.01000213623047,97.86000061035156,97.05783081054688,18225100
2022-10-11,139.89999389648438,141.35000610351562,138.22000122070312,138.97999572753906,136.5599365234375,77033700,11.560999870300293,11.845999717712402,11.282999992370605,11.586000442504883,11.570826530456543,667482000,97.43000030517578,99.25,96.30999755859375,97.18000030517578,96.38339233398438,26507100
2022-10-12,139.1300048828125,140.36000061035156,138.16000366210938,138.33999633789062,135.93106079101562,70433700,11.579000473022461,11.734999656677246,11.345000267028809,11.5,11.484938621520996,492590000,97.30000305175781,98.75,96.73999786376953,97.55999755859375,96.7602767944336,21876400
2022-10-13,134.99000549316406,143.58999633789062,134.3699951171875,142.99000549316406,140.5001678466797,113224000,10.970999717712402,12.07800006866455,10.812999725341797,11.960000038146973,11.944336891174316,850103000,95.1500015258789,99.77999877929688,94.37999725341797,99.05999755859375,98.24797821044922,34574500
2022-10-14,144.30999755859375,144.52000427246094,138.19000244140625,138.3800048828125,135.9703826904297,88598000,12.057000160217285,12.111000061035156,11.204000473022461,11.22700023651123,11.212296485900879,713432000,99.98999786376953,100.69000244140625,96.37000274658203,96.55999755859375,95.76846313476562,25410700
2022-10-17,141.07000732421875,142.89999389648438,140.27000427246094,142.41000366210938,139.93020629882812,85250900,11.517999649047852,11.947999954223633,11.517000198364258,11.887999534606934,11.872430801391602,580774000,98.86000061035156,100.93000030517578,98.83000183105469,99.97000122070312,99.1505355834961,28419200
2022-10-18,145.49000549316406,146.6999969482422,140.61000061035156,143.75,141.24684143066406,99136600,12.343999862670898,12.491999626159668,11.618000030517578,11.967000007629395,11.951327323913574,659362000,103.12999725341797,103.47000122070312,99.97000122070312,100.7699966430664,99.94396209716797,24060700
2022-10-19,141.69000244140625,144.9499969482422,141.5,143.86000061035156,141.35499572753906,61758300,11.878999710083008,12.350000381469727,11.833999633789062,12.050999641418457,12.035218238830566,523131000,100.01000213623047,101.0199966430664,98.91999816894531,99.62999725341797,98.81330871582031,23811100
2022-10-20,143.02000427246094,145.88999938964844,142.64999389648438,143.38999938964844,140.89315795898438,64522000,12.11299991607666,12.769000053405762,12.104999542236328,12.194000244140625,12.178030014038086,652398000,100.0,102.31999969482422,99.38999938964844,99.97000122070312,99.1505355834961,25323200
2022-10-21,142.8699951171875,147.85000610351562,142.64999389648438,147.27000427246094,144.70559692382812,86548600,12.097999572753906,12.498000144958496,11.88700008392334,12.465999603271484,12.449671745300293,609494000,97.8499984741211,101.30999755859375,97.72000122070312,101.12999725341797,100.3010025024414,32458700
2022-10-24,147.19000244140625,150.22999572753906,146.0,149.4499969482422,146.84765625,75981900,12.508000373840332,12.710000038146973,12.064000129699707,12.598999977111816,12.582499504089355,517457000,101.80000305175781,102.75,99.9800033569336,102.5199966430664,101.67961883544922,27176400
2022-10-25,150.08999633789062,152.49000549316406,149.36000061035156,152.33999633789062,149.68731689453125,74732300,12.694000244140625,13.300000190734863,12.663999557495117,13.26099967956543,13.243633270263672,505482000,102.9000015258789,104.81999969482422,102.72000122070312,104.4800033569336,103.6235580444336,40611400
2022-10-26,150.9600067138672,151.99000549316406,148.0399932861328,149.35000610351562,146.74935913085938,88194300,12.869000434875488,13.387999534606934,12.708000183105469,12.895999908447266,12.879109382629395,532953000,96.43000030517578,98.30999755859375,94.69000244140625,94.93000030517578,94.1518325805664,88114100
2022-10-27,148.07000732421875,149.0500030517578,144.1300048828125,144.8000030517578,142.27862548828125,109180200,13.630000114440918,13.838000297546387,13.121999740600586,13.175999641418457,13.158744812011719,583113000,94.5199966430664,95.43000030517578,91.80000305175781,92.22000122070312,91.46404266357422,60710900
2022-10-28,148.1999969482422,157.5,147.82000732421875,155.74000549316406,153.02810668945312,164762400,13.104000091552734,13.850000381469727,13.060999870300293,13.833999633789062,13.815881729125977,521040000,92.2699966430664,96.55000305175781,92.12999725341797,96.29000091552734,95.50069427490234,43697300
2022-10-31,153.16000366210938,154.24000549316406,151.9199981689453,153.33999633789062,150.66990661621094,97943200,13.777999877929688,13.838000297546387,13.29699993133545,13.496999740600586,13.479323387145996,486341000,95.41999816894531,96.02999877929688,93.9800033569336,94.51000213623047,93.73528289794922,31675000
2022-11-01,155.0800018310547,155.4499969482422,149.1300048828125,150.64999389648438,148.02671813964844,80379300,13.810999870300293,13.925000190734863,13.519000053405762,13.543000221252441,13.525262832641602,432817000,95.44999694824219,96.02999877929688,90.37000274658203,90.47000122070312,89.72840118408203,47161400
2022-11-02,148.9499969482422,152.1699981689453,145.0,145.02999877929688,142.5045928955078,93604600,13.850000381469727,14.210000038146973,13.211000442504883,13.218999862670898,13.201689720153809,672628000,90.94000244140625,91.18000030517578,86.87999725341797,86.97000122070312,86.25708770751953,57038300
2022-11-03,142.05999755859375,142.8000030517578,138.75,138.8800048828125,136.46168518066406,97918500,13.043000221252441,13.781000137329102,12.956000328063965,13.420999526977539,13.403422355651855,500065000,86.31999969482422,86.5199966430664,83.33999633789062,83.43000030517578,82.74610137939453,61288000
2022-11-04,142.08999633789062,142.6699981689453,134.3800048828125,138.3800048828125,136.19595336914062,140814800,13.986000061035156,14.229000091552734,13.696999549865723,14.156000137329102,14.137460708618164,612576000,85.4000015258789,86.63999938964844,83.70999908447266,86.58000183105469,85.87029266357422,51124900
2022-11-07,137.11000061035156,139.14999389648438,135.6699981689453,138.9199981689453,136.72744750976562,83374600,14.227999687194824,14.411999702453613,13.954000473022461,14.300999641418457,14.282269477844238,410061000,87.27999877929688,88.9000015258789,86.8499984741211,88.48999786376953,87.76461029052734,34078900
2022-11-08,140.41000366210938,141.42999267578125,137.49000549316406,139.5,137.2982940673828,89908500,14.800999641418457,14.890999794006348,14.215999603271484,14.60200023651123,14.582878112792969,595292000,88.9000015258789,90.31999969482422,87.58999633789062,88.9000015258789,88.17127227783203,30429000
2022-11-09,138.5,138.5500030517578,134.58999633789062,134.8699951171875,132.74136352539062,74917800,14.161999702453613,14.211000442504883,13.758999824523926,13.776000022888184,13.757960319519043,454414000,88.44999694824219,89.44000244140625,87.27999877929688,87.31999969482422,86.60420989990234,31769100
2022-11-10,141.24000549316406,146.8699951171875,139.5,146.8699951171875,144.55194091796875,118854000,14.800000190734863,15.77299976348877,14.54699993133545,15.75,15.729373931884766,700819000,92.25,94.38999938964844,91.61000061035156,93.94000244140625,93.16996765136719,51620100
2022-11-11,145.82000732421875,150.00999450683594,144.3699951171875,149.6999969482422,147.33731079101562,93979700,15.807000160217285,16.388999938964844,15.482000350952148,16.32699966430664,16.305618286132812,655487000,94.69000244140625,96.93000030517578,93.91999816894531,96.41000366210938,95.61971282958984,33090500
2022-11-14,148.97000122070312,150.27999877929688,147.42999267578125,148.27999877929688,145.939697265625,73374100,16.218000411987305,16.540000915527344,15.92199993133545,16.295000076293945,16.273656845092773,527852000,95.08999633789062,96.79000091552734,94.51000213623047,95.69999694824219,94.91551971435547,30179500
2022-11-15,152.22000122070312,153.58999633789062,148.55999755859375,150.0399932861328,147.6719207763672,89868300,16.722000122070312,16.99799919128418,16.381999969482422,16.666000366210938,16.64417266845703,545876000,98.26000213623047,100.13999938964844,96.70999908447266,98.44000244140625,97.63306427001953,41640800
2022-11-16,149.1300048828125,149.8699951171875,147.2899932861328,148.7899932861328,146.441650390625,64218300,16.16200065612793,16.36199951171875,15.873000144958496,15.90999984741211,15.88916301727295,649547000,97.9000015258789,99.63999938964844,97.63999938964844,98.8499984741211,98.0396957397461,29105200
2022-11-17,146.42999267578125,151.47999572753906,146.14999389648438,150.72000122070312,148.34120178222656,80389400,15.71500015258789,16.266000747680664,15.53499984741211,15.677000045776367,15.65647029876709,710894000,96.97000122070312,99.27999877929688,96.79000091552734,98.36000061035156,97.55372619628906,26052600
2022-11-18,152.30999755859375,152.6999969482422,149.97000122070312,151.2899932861328,148.90219116210938,74829600,15.965999603271484,16.00200080871582,15.119999885559082,15.409000396728516,15.388818740844727,492072000,98.7699966430664,98.9000015258789,96.37000274658203,97.43000030517578,96.63134002685547,28342300
2022-11-21,150.16000366210938,150.3699951171875,147.72000122070312,148.00999450683594,145.6739501953125,58724100,15.147000312805176,15.47700023651123,15.079999923706055,15.317000389099121,15.296942710876465,404739000,97.29000091552734,98.4000015258789,95.36000061035156,95.5999984741211,94.81633758544922,21647400
2022-11-22,148.1300048828125,150.4199981689453,146.92999267578125,150.17999267578125,147.80970764160156,51804100,15.32800006866455,16.058000564575195,15.121999740600586,16.038000106811523,16.016992568969727,472866000,95.94999694824219,97.22000122070312,94.05000305175781,97.05000305175781,96.25445556640625,23438500
2022-11-23,149.4499969482422,151.8300018310547,149.33999633789062,151.07000732421875,148.6856689453125,58301400,16.097999572753906,16.527000427246094,16.04800033569336,16.518999099731445,16.497364044189453,427241000,97.08999633789062,98.76000213623047,97.08999633789062,98.45999908447266,97.65291595458984,18868100
2022-11-25,148.30999755859375,148.8800048828125,147.1199951171875,148.11000061035156,145.77239990234375,35195900,16.31800079345703,16.48699951171875,16.172000885009766,16.270000457763672,16.248693466186523,167934000,98.23999786376953,98.63999938964844,97.4000015258789,97.45999908447266,96.66109466552734,9701400
2022-11-28,145.13999938964844,146.63999938964844,143.3800048828125,144.22000122070312,141.94378662109375,69246000,16.025999069213867,16.35700035095215,15.725000381469727,15.82699966430664,15.806272506713867,303741000,97.04000091552734,97.58000183105469,95.61000061035156,96.05000305175781,95.26266479492188,26237500
2022-11-29,144.2899932861328,144.80999755859375,140.35000610351562,141.1699981689453,138.9419403076172,83763800,15.82699966430664,15.932000160217285,15.520000457763672,15.638999938964844,15.61851692199707,298384000,95.7300033569336,96.12000274658203,94.11000061035156,95.19000244140625,94.40971374511719,20061700
2022-11-30,141.39999389648438,148.72000122070312,140.5500030517578,148.02999877929688,145.69366455078125,111380900,15.696999549865723,16.93000030517578,15.597000122070312,16.92300033569336,16.90515899658203,565298000,94.81999969482422,101.04000091552734,94.41999816894531,100.98999786376953,100.16216278076172,43647500
2022-12-01,148.2100067138672,149.1300048828125,146.61000061035156,148.30999755859375,145.96923828125,71250400,16.999000549316406,17.264999389648438,16.635000228881836,17.135000228881836,17.11693572998047,470977000,101.0199966430664,102.25,100.25,100.98999786376953,100.16216278076172,28687100
2022-12-02,145.9600067138672,148.0,145.64999389648438,147.80999755859375,145.47711181640625,65447400,16.659000396728516,16.933000564575195,16.44499969482422,16.875999450683594,16.85820770263672,371389000,99.05000305175781,100.7699966430664,98.9000015258789,100.44000244140625,99.6166763305664,21480700
2022-12-05,147.77000427246094,150.9199981689453,145.77000427246094,146.6300048828125,144.31573486328125,68826400,16.679000854492188,16.9950008392334,16.472000122070312,16.610000610351562,16.59249496459961,352255000,99.4000015258789,101.37999725341797,99.0,99.4800033569336,98.66454315185547,24405100
2022-12-06,147.07000732421875,147.3000030517578,141.9199981689453,142.91000366210938,140.6544647216797,64727200,16.530000686645508,16.572999954223633,15.819000244140625,15.987000465393066,15.970148086547852,352694000,99.30000305175781,99.77999877929688,96.41999816894531,96.9800033569336,96.18502807617188,24910700
2022-12-07,142.19000244140625,143.3699951171875,140.0,140.94000244140625,138.715576171875,69721100,15.772000312805176,16.18600082397461,15.666999816894531,16.1200008392334,16.103010177612305,372388000,96.41000366210938,96.87999725341797,94.72000122070312,94.94000244140625,94.16175842285156,31045400
2022-12-08,142.36000061035156,143.52000427246094,141.10000610351562,142.64999389648438,140.39854431152344,62128300,16.273000717163086,17.179000854492188,15.958999633789062,17.16900062561035,17.150903701782227,515456000,95.37999725341797,95.58000183105469,93.44999694824219,93.70999908447266,92.94184112548828,32213300
2022-12-09,142.33999633789062,145.57000732421875,140.89999389648438,142.16000366210938,139.9163055419922,76097000,17.15999984741211,17.58300018310547,16.975000381469727,17.000999450683594,16.983076095581055,465338000,93.7699966430664,94.26000213623047,92.75,92.83000183105469,92.06905364990234,28225400
2022-12-12,142.6999969482422,144.5,141.05999755859375,144.49000549316406,142.2095184326172,70462700,17.03700065612793,17.538000106811523,16.797000885009766,17.53499984741211,17.516517639160156,457328000,92.70999908447266,93.55999755859375,91.61000061035156,93.30999755859375,92.54511260986328,29420000
2022-12-13,149.5,149.97000122070312,144.24000549316406,145.47000122070312,143.174072265625,93886200,18.5310001373291,18.790000915527344,17.711000442504883,18.07200050354004,18.05295181274414,656589000,97.76000213623047,99.52999877929688,95.02999877929688,95.62999725341797,94.84609985351562,40593700
2022-12-14,145.35000610351562,146.66000366210938,141.16000366210938,143.2100067138672,140.94972229003906,82291200,17.98699951171875,18.25200080871582,17.420000076293945,17.673999786376953,17.655372619628906,496888000,95.19999694824219,96.87000274658203,93.5999984741211,95.06999969482422,94.29068756103516,28733600
2022-12-15,141.11000061035156,141.8000030517578,136.02999877929688,136.5,134.34564208984375,98931900,17.145999908447266,17.31999969482422,16.700000762939453,16.95199966430664,16.934127807617188,478542000,93.12999725341797,93.63999938964844,90.01000213623047,90.86000061035156,90.11520385742188,40107000
2022-12-16,136.69000244140625,137.64999389648438,133.72999572753906,134.50999450683594,132.3870391845703,160156900,16.86400032043457,17.041000366210938,16.40999984741211,16.570999145507812,16.553529739379883,478232000,90.76000213623047,91.33000183105469,89.5199966430664,90.26000213623047,89.52012634277344,58011800
2022-12-19,135.11000061035156,135.1999969482422,131.32000732421875,132.3699951171875,130.28082275390625,79592600,16.57200050354004,16.608999252319336,16.145000457763672,16.253999710083008,16.236865997314453,354039000,90.26000213623047,90.55999755859375,88.20999908447266,88.44000244140625,87.71504211425781,29493000
2022-12-20,131.38999938964844,133.25,129.88999938964844,132.3000030517578,130.2119140625,77432800,16.06399917602539,16.309999465942383,15.85200023651123,16.084999084472656,16.06804656982422,403260000,88.11000061035156,89.18000030517578,87.44000244140625,89.0199966430664,88.29027557373047,23453800
2022-12-21,132.97999572753906,136.80999755859375,132.75,135.4499969482422,133.31216430664062,85928000,16.11400032043457,16.62700080871582,16.101999282836914,16.500999450683594,16.483606338500977,325025000,89.08000183105469,90.22000122070312,88.31999969482422,89.58000183105469,88.84568786621094,24745600
2022-12-22,134.35000610351562,134.55999755859375,130.3000030517578,132.22999572753906,130.14305114746094,77852100,16.0939998626709,16.13800048828125,14.881999969482422,15.33899974822998,15.322829246520996,565045000,88.16000366210938,88.54000091552734,86.31999969482422,87.76000213623047,87.04061126708984,27658300
2022-12-23,130.9199981689453,132.4199981689453,129.63999938964844,131.86000061035156,129.77883911132812,63814900,15.196000099182129,15.33899974822998,14.883000373840332,15.206000328063965,15.189970970153809,349326000,87.11000061035156,89.55000305175781,87.06999969482422,89.2300033569336,88.4985580444336,23003000
2022-12-27,131.3800048828125,131.41000366210938,128.72000122070312,130.02999877929688,127.97772216796875,69007800,15.074000358581543,15.100000381469727,14.055999755859375,14.121000289916992,14.106114387512207,464902000,88.80000305175781,88.94000244140625,87.01000213623047,87.38999938964844,86.67364501953125,20097300
2022-12-28,129.6699981689453,131.02999877929688,125.87000274658203,126.04000091552734,124.05072784423828,85438400,13.927000045776367,14.26200008392334,13.883999824523926,14.03600025177002,14.02120304107666,351066000,86.9800033569336,88.04000091552734,85.94000244140625,86.0199966430664,85.31486511230469,19523200
2022-12-29,127.98999786376953,130.47999572753906,127.7300033569336,129.61000061035156,127.56436920166016,75703700,14.402000427246094,14.682999610900879,14.22700023651123,14.602999687194824,14.587605476379395,354923000,86.62000274658203,88.8499984741211,86.61000061035156,88.44999694824219,87.72494506835938,23333500
2022-12-30,128.41000366210938,129.9499969482422,127.43000030517578,129.92999267578125,127.87931823730469,77034200,14.333999633789062,14.628999710083008,14.232999801635742,14.61400032043457,14.598594665527344,310490000,86.9800033569336,88.30000305175781,86.56999969482422,88.2300033569336,87.50675964355469,23986300
2023-01-03,130.27999877929688,130.89999389648438,124.16999816894531,125.06999969482422,123.09600830078125,112117500,14.85099983215332,14.996000289916992,14.095999717712402,14.3149995803833,14.299910545349121,401277000,89.58999633789062,91.05000305175781,88.5199966430664,89.12000274658203,88.38947296142578,28131200
2023-01-04,126.88999938964844,128.66000366210938,125.08000183105469,126.36000061035156,124.36566162109375,89113600,14.567000389099121,14.852999687194824,14.241000175476074,14.74899959564209,14.733452796936035,431324000,90.3499984741211,90.6500015258789,87.2699966430664,88.08000183105469,87.35797882080078,34854800
2023-01-05,127.12999725341797,127.7699966430664,124.76000213623047,125.0199966430664,123.04679870605469,80962700,14.491000175476074,14.564000129699707,14.14799976348877,14.265000343322754,14.249960899353027,389168000,87.47000122070312,87.56999969482422,85.9000015258789,86.19999694824219,85.49340057373047,27194400
2023-01-06,126.01000213623047,130.2899932861328,124.88999938964844,129.6199951171875,127.57421875,87754700,14.473999977111816,15.010000228881836,14.034000396728516,14.859000205993652,14.843335151672363,405044000,86.79000091552734,87.69000244140625,84.86000061035156,87.33999633789062,86.62403869628906,41381500
2023-01-09,130.47000122070312,133.41000366210938,129.88999938964844,130.14999389648438,128.09585571289062,70790800,15.284000396728516,16.055999755859375,15.140999794006348,15.628000259399414,15.611526489257812,504231000,88.36000061035156,90.05000305175781,87.86000061035156,88.0199966430664,87.29847717285156,29003900
2023-01-10,130.25999450683594,131.25999450683594,128.1199951171875,130.72999572753906,128.66668701171875,63896200,15.506999969482422,15.961999893188477,15.472000122070312,15.909000396728516,15.892230987548828,384101000,85.9800033569336,88.66999816894531,85.83000183105469,88.41999816894531,87.69519805908203,30467800
2023-01-11,131.25,133.50999450683594,130.4600067138672,133.49000549316406,131.3831329345703,69458900,15.84000015258789,16.027999877929688,15.562999725341797,16.000999450683594,15.984131813049316,353285000,89.18000030517578,91.5999984741211,89.01000213623047,91.5199966430664,90.76979064941406,26862000
2023-01-12,133.8800048828125,134.25999450683594,131.44000244140625,133.41000366210938,131.3043975830078,71379600,16.100000381469727,16.636999130249023,15.491999626159668,16.51099967956543,16.493593215942383,551409000,91.4800033569336,91.87000274658203,89.75,91.12999725341797,90.38298034667969,30258100
2023-01-13,132.02999877929688,134.9199981689453,131.66000366210938,134.75999450683594,132.63307189941406,57809700,16.277999877929688,16.922000885009766,16.165000915527344,16.89900016784668,16.881183624267578,447287000,90.8499984741211,92.19000244140625,90.12999725341797,92.12000274658203,91.3648681640625,26329200
2023-01-17,134.8300018310547,137.2899932861328,134.1300048828125,135.94000244140625,133.7944793701172,63646600,16.89900016784668,17.72800064086914,16.89900016784668,17.70199966430664,17.68334197998047,511102000,92.05999755859375,92.25,90.05000305175781,91.29000091552734,90.54167175292969,32602400
2023-01-18,136.82000732421875,138.61000061035156,135.02999877929688,135.2100067138672,133.07598876953125,69672800,17.66699981689453,17.87299919128418,17.281999588012695,17.37700080871582,17.358680725097656,439624000,92.13999938964844,92.80000305175781,90.63999938964844,91.12000274658203,90.37307739257812,29116700
2023-01-19,134.0800018310547,136.25,133.77000427246094,135.27000427246094,133.135009765625,58280400,17.035999298095703,17.19700050354004,16.731000900268555,16.764999389648438,16.747325897216797,452932000,90.72000122070312,93.61000061035156,90.62999725341797,93.05000305175781,92.28726196289062,37000400
2023-01-20,135.27999877929688,138.02000427246094,134.22000122070312,137.8699951171875,135.69398498535156,80223600,17.01099967956543,17.856000900268555,16.825000762939453,17.839000701904297,17.820199966430664,564967000,95.0999984741211,98.30000305175781,95.0199966430664,98.0199966430664,97.21650695800781,63191100
2023-01-23,138.1199951171875,143.32000732421875,137.89999389648438,141.11000061035156,138.8828582763672,81760300,18.06399917602539,19.2450008392334,17.81800079345703,19.19300079345703,19.172767639160156,655163000,97.94999694824219,100.04000091552734,97.5,99.79000091552734,98.97200775146484,40005100
2023-01-24,140.30999755859375,143.16000366210938,140.3000030517578,142.52999877929688,140.2804412841797,66435100,18.82699966430664,19.4950008392334,18.81999969482422,19.264999389648438,19.244693756103516,496204000,98.0999984741211,99.61000061035156,97.19999694824219,97.69999694824219,96.89911651611328,33078500
2023-01-25,140.88999938964844,142.42999267578125,138.80999755859375,141.86000061035156,139.62103271484375,65799300,18.913000106811523,19.3700008392334,18.579999923706055,19.322999954223633,19.302631378173828,449537000,95.56999969482422,96.16000366210938,93.76000213623047,95.22000122070312,94.43946075439453,42330000
2023-01-26,143.1699981689453,144.25,141.89999389648438,143.9600067138672,141.68788146972656,54105100,19.701000213623047,20.166000366210938,19.277999877929688,19.802000045776367,19.781126022338867,489535000,96.5,97.56999969482422,95.37999725341797,97.5199966430664,96.7206039428711,30114000
2023-01-27,143.16000366210938,147.22999572753906,143.0800018310547,145.92999267578125,143.62677001953125,70555800,19.461999893188477,20.628000259399414,19.405000686645508,20.364999771118164,20.343534469604492,542142000,97.30999755859375,100.31999969482422,97.30999755859375,99.37000274658203,98.5554428100586,33879800
2023-01-30,144.9600067138672,145.5500030517578,142.85000610351562,143.0,140.74305725097656,64015300,19.950000762939453,20.139999389648438,19.149999618530273,19.16200065612793,19.141801834106445,488611000,97.4800033569336,98.29000091552734,96.4000015258789,96.94000244140625,96.1453628540039,27226200
2023-01-31,142.6999969482422,144.33999633789062,142.27999877929688,144.2899932861328,142.01268005371094,65874500,19.170000076293945,19.687000274658203,18.950000762939453,19.53700065612793,19.516407012939453,498017000,96.87000274658203,98.87999725341797,96.81999969482422,98.83999633789062,98.02978515625,29870700
2023-02-01,143.97000122070312,146.61000061035156,141.32000732421875,145.42999267578125,143.13470458984375,77663600,19.69099998474121,21.191999435424805,19.611000061035156,20.94300079345703,20.920921325683594,660477000,98.70999908447266,101.19000244140625,97.58000183105469,100.43000030517578,99.60675048828125,35531100
2023-02-02,148.89999389648438,151.17999267578125,148.1699981689453,150.82000732421875,148.43963623046875,118339000,21.0,21.948999404907227,20.700000762939453,21.708999633789062,21.68611717224121,564276000,105.80000305175781,107.8499984741211,105.61000061035156,107.73999786376953,106.8568344116211,69883800
2023-02-03,148.02999877929688,157.3800048828125,147.8300018310547,154.5,152.0615234375,154357300,21.0,21.7450008392334,20.788999557495117,21.100000381469727,21.0777587890625,429366000,102.93000030517578,107.80999755859375,102.58000183105469,104.77999877929688,103.92108917236328,65309300
2023-02-06,152.57000732421875,153.10000610351562,150.77999877929688,151.72999572753906,149.3352508544922,69858300,20.805999755859375,21.56999969482422,20.785999298095703,21.089000701904297,21.066770553588867,452197000,102.4000015258789,104.36000061035156,101.87999725341797,102.9000015258789,102.05650329589844,31999600
2023-02-07,150.63999938964844,155.22999572753906,150.63999938964844,154.64999389648438,152.2091522216797,83322600,21.381999969482422,22.259000778198242,21.149999618530273,22.17300033569336,22.149625778198242,664150000,103.22000122070312,108.18000030517578,103.12000274658203,107.63999938964844,106.75764465332031,49010200
2023-02-08,153.8800048828125,154.5800018310547,151.1699981689453,151.9199981689453,149.5222625732422,64120100,22.386999130249023,22.878000259399414,22.007999420166016,22.204999923706055,22.18159294128418,559651000,102.05000305175781,103.13999938964844,98.04000091552734,99.37000274658203,98.5554428100586,94743500
2023-02-09,153.77999877929688,154.3300018310547,150.4199981689453,150.8699951171875,148.4888153076172,56007100,22.606000900268555,23.020000457763672,22.1200008392334,22.336999893188477,22.31345558166504,523876000,100.0,100.02999877929688,93.62999725341797,95.01000213623047,94.2311782836914,119455000
2023-02-10,149.4600067138672,151.33999633789062,149.22000122070312,151.00999450683594,148.85353088378906,57450700,21.690000534057617,22.077999114990234,20.81100082397461,21.264999389648438,21.242584228515625,550737000,95.44999694824219,96.75,94.25,94.56999969482422,93.7947769165039,54980700
2023-02-13,150.9499969482422,154.25999450683594,150.9199981689453,153.85000610351562,151.65298461914062,62199000,21.538000106811523,22.04800033569336,20.961999893188477,21.788000106811523,21.765033721923828,474919000,94.73999786376953,95.19999694824219,93.83999633789062,94.61000061035156,93.83446502685547,50076100
2023-02-14,152.1199951171875,153.77000427246094,150.86000061035156,153.1999969482422,151.01223754882812,61707600,21.577999114990234,23.048999786376953,21.365999221801758,22.97100067138672,22.946788787841797,675474000,94.43000030517578,94.8499984741211,92.26000213623047,94.68000030517578,93.90388488769531,54726100
2023-02-15,153.11000061035156,155.5,152.8800048828125,155.3300018310547,153.11184692382812,65573800,22.548999786376953,22.854999542236328,22.106000900268555,22.763999938964844,22.740001678466797,420575000,94.48999786376953,97.12000274658203,94.1500015258789,96.94000244140625,96.1453628540039,50169000
2023-02-16,153.50999450683594,156.3300018310547,153.35000610351562,153.7100067138672,151.5149688720703,68167900,22.132999420166016,22.549999237060547,21.927000045776367,22.00200080871582,21.97880744934082,412026000,95.37000274658203,97.68000030517578,94.73999786376953,95.51000213623047,94.72708892822266,42462600
2023-02-17,152.35000610351562,153.0,150.85000610351562,152.5500030517578,150.37155151367188,59144100,21.631000518798828,21.739999771118164,20.975000381469727,21.38800048828125,21.365455627441406,465888000,94.8499984741211,95.55999755859375,93.20999908447266,94.3499984741211,93.57659149169922,34284100
2023-02-21,150.1999969482422,151.3000030517578,148.41000366210938,148.47999572753906,146.3596649169922,58867200,21.0,21.493999481201172,20.618000030517578,20.655000686645508,20.63322639465332,410015000,93.0,93.0999984741211,91.72000122070312,91.79000091552734,91.0375747680664,33629300
2023-02-22,148.8699951171875,149.9499969482422,147.16000366210938,148.91000366210938,146.7835235595703,51011300,20.707000732421875,21.104000091552734,20.42099952697754,20.753999710083008,20.73212242126465,513184000,91.69999694824219,92.11000061035156,90.61000061035156,91.6500015258789,90.89872741699219,30884000
2023-02-23,150.08999633789062,150.33999633789062,147.24000549316406,149.39999389648438,147.2665252685547,48394200,23.440000534057617,23.88800048828125,23.024999618530273,23.663999557495117,23.639057159423828,1117995000,91.91999816894531,91.94000244140625,89.76000213623047,90.88999938964844,90.14494323730469,41206400
2023-02-24,147.11000061035156,147.19000244140625,145.72000122070312,146.7100067138672,144.6149444580078,55469600,23.225000381469727,23.474000930786133,22.94700050354004,23.285999298095703,23.26145362854004,589716000,89.44000244140625,89.88999938964844,88.58000183105469,89.12999725341797,88.39938354492188,36585100
2023-02-27,147.7100067138672,149.1699981689453,147.4499969482422,147.9199981689453,145.8076629638672,44998500,23.670000076293945,23.8799991607666,23.45400047302246,23.500999450683594,23.476226806640625,452994000,89.87000274658203,90.16000366210938,89.33999633789062,89.87000274658203,89.13331604003906,27502300
2023-02-28,147.0500030517578,149.0800018310547,146.8300018310547,147.41000366210938,145.304931640625,50547000,23.371999740600586,23.825000762939453,23.20599937438965,23.215999603271484,23.191530227661133,455963000,89.33000183105469,91.2300033569336,89.31999969482422,90.05999755859375,89.32174682617188,30142000
2023-03-01,146.8300018310547,147.22999572753906,145.00999450683594,145.30999755859375,143.2349090576172,55479000,23.191999435424805,23.256000518798828,22.507999420166016,22.697999954223633,22.674072265625,460026000,89.9800033569336,91.02999877929688,89.66999816894531,90.36000061035156,89.61930084228516,31111200
2023-03-02,144.3800048828125,146.7100067138672,143.89999389648438,145.91000366210938,143.8263702392578,52238100,22.488000869750977,23.3799991607666,22.43199920654297,23.31399917602539,23.2894229888916,389415000,89.66000366210938,92.27999877929688,89.58999633789062,92.0,91.24584197998047,32204400
2023-03-03,148.0399932861328,151.11000061035156,147.3300018310547,151.02999877929688,148.87326049804688,70732300,23.31999969482422,23.899999618530273,23.1299991607666,23.889999389648438,23.86481475830078,412393000,92.4800033569336,93.7300033569336,92.44999694824219,93.6500015258789,92.88232421875,35160100
2023-03-06,153.7899932861328,156.3000030517578,153.4600067138672,153.8300018310547,151.63327026367188,87558000,23.891000747680664,24.24799919128418,23.48699951171875,23.554000854492188,23.529170989990234,437429000,94.0199966430664,95.97000122070312,94.0,95.12999725341797,94.3501968383789,32639300
2023-03-07,153.6999969482422,154.02999877929688,151.1300048828125,151.60000610351562,149.43508911132812,56182000,23.600000381469727,24.125,23.240999221801758,23.288000106811523,23.267404556274414,515154000,94.9800033569336,95.66999816894531,93.52999877929688,93.86000061035156,93.09061431884766,27835500
2023-03-08,152.80999755859375,153.47000122070312,151.8300018310547,152.8699951171875,150.68701171875,47204800,23.48699951171875,24.200000762939453,23.423999786376953,24.180999755859375,24.15961265563965,513573000,94.12000274658203,95.95999908447266,94.0,94.25,93.4774169921875,34103300
2023-03-09,153.55999755859375,154.5399932861328,150.22999572753906,150.58999633789062,148.43954467773438,53833600,24.174999237060547,24.45400047302246,23.382999420166016,23.43600082397461,23.415271759033203,501257000,94.05000305175781,95.52999877929688,91.9000015258789,92.31999969482422,91.563232421875,28813500
2023-03-10,150.2100067138672,150.94000244140625,147.61000061035156,148.5,146.37937927246094,68572400,23.409000396728516,23.62700080871582,22.72599983215332,22.96500015258789,22.94468879699707,474866000,92.16999816894531,92.79000091552734,90.4000015258789,90.62999725341797,89.88706970214844,35941000
2023-03-13,147.80999755859375,153.13999938964844,147.6999969482422,150.47000122070312,148.32125854492188,84457100,22.75200080871582,23.29800033569336,22.297000885009766,22.965999603271484,22.945688247680664,421890000,90.08999633789062,92.56999969482422,89.41999816894531,91.11000061035156,90.3631591796875,37335600
2023-03-14,151.27999877929688,153.39999389648438,150.10000610351562,152.58999633789062,150.4109649658203,73695900,23.496000289916992,24.2189998626709,23.459999084472656,24.062999725341797,24.041715621948242,474910000,92.55999755859375,94.36000061035156,92.44000244140625,93.97000122070312,93.19969940185547,36050200
2023-03-15,151.19000244140625,153.25,149.9199981689453,152.99000549316406,150.8052520751953,77167900,23.76099967956543,24.285999298095703,23.360000610351562,24.22800064086914,24.206573486328125,524486000,93.22000122070312,96.93000030517578,92.63999938964844,96.11000061035156,95.32215118408203,50622100
2023-03-16,152.16000366210938,156.4600067138672,151.63999938964844,155.85000610351562,153.6244354248047,76161100,24.027000427246094,25.58799934387207,23.893999099731445,25.541000366210938,25.518407821655273,583253000,96.19999694824219,101.19000244140625,95.5,100.31999969482422,99.4976577758789,65492000
2023-03-17,156.0800018310547,156.74000549316406,154.27999877929688,155.0,152.7865447998047,98944600,25.98200035095215,26.39900016784668,25.667999267578125,25.725000381469727,25.702247619628906,848547000,100.26000213623047,102.83999633789062,100.0999984741211,101.62000274658203,100.78699493408203,61028500
2023-03-20,155.07000732421875,157.82000732421875,154.14999389648438,157.39999389648438,155.1522674560547,73641400,25.614999771118164,26.02400016784668,25.1299991607666,25.899999618530273,25.877094268798828,432747000,100.12000274658203,101.75,99.87000274658203,101.22000122070312,100.39028930664062,32960400
2023-03-21,157.32000732421875,159.39999389648438,156.5399932861328,159.27999877929688,157.0054473876953,73938300,26.18000030517578,26.392000198364258,25.381000518798828,26.198999404907227,26.17582893371582,547408000,101.25,105.0999984741211,101.22000122070312,104.91999816894531,104.0599365234375,42110300
2023-03-22,159.3000030517578,162.13999938964844,157.80999755859375,157.8300018310547,155.57614135742188,75701800,26.424999237060547,27.589000701904297,26.23699951171875,26.468000411987305,26.444589614868164,797295000,104.2699966430664,106.58999633789062,103.33000183105469,103.37000274658203,102.52265167236328,43427400
2023-03-23,158.8300018310547,161.5500030517578,157.67999267578125,158.92999267578125,156.66043090820312,67622100,27.114999771118164,27.499000549316406,26.690000534057617,27.19099998474121,27.166950225830078,564889000,105.05999755859375,106.30000305175781,104.45999908447266,105.5999984741211,104.73438262939453,40797800
2023-03-24,158.86000061035156,160.33999633789062,157.85000610351562,160.25,157.96157836914062,59196500,27.0310001373291,27.16699981689453,26.354999542236328,26.77899932861328,26.75531578063965,454920000,104.98999786376953,105.48999786376953,103.83999633789062,105.44000244140625,104.57568359375,30393300
2023-03-27,159.94000244140625,160.77000427246094,157.8699951171875,158.27999877929688,156.0197296142578,52390300,26.836999893188477,27.0,26.364999771118164,26.5310001373291,26.507535934448242,361026000,104.62000274658203,104.76000213623047,101.93000030517578,102.45999908447266,101.6201171875,31120900
2023-03-28,157.97000122070312,158.49000549316406,155.97999572753906,157.64999389648438,155.39874267578125,45992200,26.44700050354004,26.51300048828125,25.850000381469727,26.40999984741211,26.386642456054688,356104000,102.44000244140625,102.44999694824219,99.73999786376953,101.02999877929688,100.20182800292969,32057900
2023-03-29,159.3699951171875,161.0500030517578,159.35000610351562,160.77000427246094,158.47415161132812,51305700,26.825000762939453,27.077999114990234,26.597000122070312,26.983999252319336,26.960134506225586,393694000,102.27999877929688,102.48999786376953,100.6500015258789,101.38999938964844,100.55887603759766,28779600
2023-03-30,161.52999877929688,162.47000122070312,161.27000427246094,162.36000061035156,160.04144287109375,49501700,27.229000091552734,27.499000549316406,27.101999282836914,27.382999420166016,27.358781814575195,364516000,100.91000366210938,101.16000366210938,99.77999877929688,100.88999938964844,100.06297302246094,33086200
2023-03-31,162.44000244140625,165.0,161.91000366210938,164.89999389648438,162.545166015625,68749800,27.139999389648438,27.833999633789062,27.104999542236328,27.777000427246094,27.752431869506836,433933000,101.30000305175781,103.88999938964844,101.04000091552734,103.7300033569336,102.87969970703125,36863400
2023-04-03,164.27000427246094,166.2899932861328,164.22000122070312,166.1699981689453,163.7970428466797,56976200,27.509000778198242,28.0,27.336000442504883,27.96500015258789,27.940265655517578,398716000,102.38999938964844,104.52999877929688,101.93000030517578,104.36000061035156,103.50453186035156,25035400
2023-04-04,166.60000610351562,166.83999633789062,165.11000061035156,165.6300048828125,163.26478576660156,46278300,27.965999603271484,28.0,27.30699920654297,27.452999114990234,27.4287166595459,368592000,104.33000183105469,105.58000183105469,104.04000091552734,104.72000122070312,103.86157989501953,24420100
2023-04-05,164.74000549316406,165.0500030517578,161.8000030517578,163.75999450683594,161.42144775390625,51511700,26.82900047302246,26.99799919128418,26.395000457763672,26.881000518798828,26.857223510742188,515015000,105.77999877929688,106.0999984741211,103.66000366210938,104.47000122070312,103.61363983154297,28290500
2023-04-06,162.42999267578125,164.9600067138672,162.0,164.66000366210938,162.30860900878906,45390100,26.583999633789062,27.079999923706055,26.427000045776367,27.03700065612793,27.01308822631836,397654000,105.26000213623047,109.16999816894531,104.33000183105469,108.41999816894531,107.53126525878906,48711500
2023-04-10,161.4199981689453,162.02999877929688,160.0800018310547,162.02999877929688,159.71615600585938,47716900,26.822999954223633,27.621000289916992,26.66900062561035,27.57900047302246,27.554607391357422,395279000,106.9800033569336,107.58999633789062,105.12000274658203,106.44000244140625,105.5674819946289,27067400
2023-04-11,162.35000610351562,162.36000061035156,160.50999450683594,160.8000030517578,158.50372314453125,47644200,27.724000930786133,27.790000915527344,27.125999450683594,27.16900062561035,27.144968032836914,314378000,106.55000305175781,106.7300033569336,104.68000030517578,105.3499984741211,104.48641967773438,26311800
2023-04-12,161.22000122070312,162.05999755859375,159.77999877929688,160.10000610351562,157.81373596191406,50133100,27.3700008392334,27.468000411987305,26.447999954223633,26.4950008392334,26.47156524658203,446259000,106.58000183105469,106.75,104.33999633789062,104.63999938964844,103.78224182128906,24370300
2023-04-13,161.6300048828125,165.8000030517578,161.4199981689453,165.55999755859375,163.19578552246094,68445600,26.733999252319336,26.886999130249023,26.32900047302246,26.46299934387207,26.439598083496094,353615000,105.83999633789062,107.48999786376953,105.83999633789062,107.43000030517578,106.54937744140625,24843600
2023-04-14,164.58999633789062,166.32000732421875,163.82000732421875,165.2100067138672,162.85073852539062,49386500,26.503999710083008,26.882999420166016,26.219999313354492,26.757999420166016,26.734333038330078,395660000,106.88999938964844,108.94000244140625,106.83999633789062,108.87000274658203,107.9775619506836,26578000
2023-04-17,165.08999633789062,165.38999938964844,164.02999877929688,165.22999572753906,162.87046813964844,41516200,26.565000534057617,27.006000518798828,26.433000564575195,27.00200080871582,26.97811508178711,321471000,104.66000366210938,106.16000366210938,104.5199966430664,105.97000122070312,105.1013412475586,37571200
2023-04-18,166.10000610351562,167.41000366210938,165.64999389648438,166.47000122070312,164.09275817871094,49923000,27.533000946044922,28.110000610351562,27.35700035095215,27.66699981689453,27.642528533935547,604812000,106.48999786376953,106.54000091552734,104.06999969482422,104.5,103.64339447021484,26596400
2023-04-19,165.8000030517578,168.16000366210938,165.5399932861328,167.6300048828125,165.23622131347656,47720200,27.361000061035156,28.0,27.23200035095215,27.930999755859375,27.906293869018555,358660000,103.58000183105469,104.9800033569336,103.06999969482422,104.18000030517578,103.32600402832031,20905700
2023-04-20,166.08999633789062,167.8699951171875,165.55999755859375,166.64999389648438,164.2702178955078,52456400,27.67099952697754,28.030000686645508,27.0,27.104000091552734,27.080026626586914,427713000,103.91000366210938,106.25,103.87000274658203,105.29000091552734,104.42691040039062,27820800
2023-04-21,165.0500030517578,166.4499969482422,164.49000549316406,165.02000427246094,162.66346740722656,58337300,26.95199966430664,27.183000564575195,26.722000122070312,27.118999481201172,27.09501075744629,345103000,105.47000122070312,106.0,104.77999877929688,105.41000366210938,104.54592895507812,25800100
2023-04-24,165.0,165.60000610351562,163.88999938964844,165.3300018310547,162.96905517578125,41949600,27.01300048828125,27.365999221801758,26.67099952697754,27.04199981689453,27.018083572387695,339282000,105.48999786376953,106.62999725341797,104.69999694824219,105.97000122070312,105.1013412475586,23542800
2023-04-25,165.19000244140625,166.30999755859375,163.72999572753906,163.77000427246094,161.4313201904297,48714100,27.077999114990234,27.246999740600586,26.225000381469727,26.240999221801758,26.217792510986328,378527000,105.83000183105469,106.69000244140625,103.83999633789062,103.8499984741211,102.99871063232422,46664100
2023-04-26,163.05999755859375,165.27999877929688,162.8000030517578,163.75999450683594,161.42144775390625,45498800,27.00200080871582,27.329999923706055,26.704999923706055,26.95599937438965,26.932159423828125,406337000,104.91999816894531,106.3499984741211,102.62999725341797,103.70999908447266,102.85985565185547,53347600
2023-04-27,165.19000244140625,168.55999755859375,165.19000244140625,168.41000366210938,166.0050506591797,64902300,27.363000869750977,27.4950008392334,26.625,27.22599983215332,27.201919555664062,377161000,104.44999694824219,108.37000274658203,103.54000091552734,107.58999633789062,106.70806121826172,50089200
2023-04-28,168.49000549316406,169.85000610351562,167.8800048828125,169.67999267578125,167.25694274902344,55275900,27.225000381469727,27.757999420166016,27.070999145507812,27.749000549316406,27.724456787109375,292216000,107.04000091552734,107.3499984741211,105.08999633789062,107.33999633789062,106.4601058959961,36139800
2023-05-01,169.27999877929688,170.4499969482422,168.63999938964844,169.58999633789062,167.1681671142578,52472900,27.84000015258789,29.058000564575195,27.780000686645508,28.90999984741211,28.884429931640625,570329000,106.83999633789062,107.98999786376953,106.81999969482422,107.19999694824219,106.32124328613281,26681700
2023-05-02,170.08999633789062,170.35000610351562,167.5399932861328,168.5399932861328,166.13319396972656,48425700,28.68000030517578,28.836000442504883,28.08300018310547,28.209999084472656,28.185049057006836,402730000,107.13999938964844,107.19999694824219,103.70999908447266,105.31999969482422,104.45665740966797,30997200
2023-05-03,169.5,170.9199981689453,167.16000366210938,167.4499969482422,165.0587921142578,65136000,27.84000015258789,28.367000579833984,27.472000122070312,27.802000045776367,27.77741050720215,383387000,105.52999877929688,107.48999786376953,104.95999908447266,105.41000366210938,104.54592895507812,21795400
2023-05-04,164.88999938964844,167.0399932861328,164.30999755859375,165.7899932861328,163.4224853515625,81235400,27.650999069213867,27.858999252319336,27.239999771118164,27.562000274658203,27.537622451782227,321850000,105.48999786376953,105.5999984741211,103.97000122070312,104.69000244140625,103.83184051513672,23419500
2023-05-05,170.97999572753906,174.3000030517578,170.75999450683594,173.57000732421875,171.0913848876953,113453200,27.826000213623047,28.7549991607666,27.731000900268555,28.68000030517578,28.654632568359375,361494000,104.81999969482422,105.87999725341797,104.11000061035156,105.56999969482422,104.7046127319336,26639300
2023-05-08,172.47999572753906,173.85000610351562,172.11000061035156,173.5,171.02236938476562,55962800,28.52199935913086,29.219999313354492,28.350000381469727,29.150999069213867,29.12521743774414,344979000,105.18000030517578,107.95999908447266,105.16000366210938,107.7699966430664,106.8865737915039,26511400
2023-05-09,173.0500030517578,173.5399932861328,171.60000610351562,171.77000427246094,169.31707763671875,45326900,28.89900016784668,28.972999572753906,28.450000762939453,28.570999145507812,28.54572868347168,314869000,108.38999938964844,110.1500015258789,107.19000244140625,107.3499984741211,106.47003173828125,36360100
2023-05-10,173.02000427246094,174.02999877929688,171.89999389648438,173.55999755859375,171.08152770996094,53724500,29.0049991607666,29.113000869750977,28.461000442504883,28.885000228881836,28.859447479248047,369350000,107.97000122070312,112.94000244140625,107.93000030517578,111.75,110.83397674560547,63153400
2023-05-11,173.85000610351562,174.58999633789062,172.1699981689453,173.75,171.26881408691406,49514700,28.895999908447266,28.950000762939453,28.246000289916992,28.577999114990234,28.55272102355957,322149000,115.4000015258789,117.91999816894531,114.41000366210938,116.56999969482422,115.61445617675781,78900000
2023-05-12,173.6199951171875,174.05999755859375,171.0,172.57000732421875,170.3409423828125,45533100,28.52899932861328,28.780000686645508,28.04599952697754,28.34000015258789,28.31493377685547,274222000,116.68000030517578,118.02999877929688,116.11000061035156,117.51000213623047,116.5467300415039,41102300
2023-05-15,173.16000366210938,173.2100067138672,171.47000122070312,172.07000732421875,169.847412109375,37266700,28.507999420166016,28.9689998626709,28.152000427246094,28.952999114990234,28.92738914489746,293926000,116.11000061035156,118.4800033569336,116.01000213623047,116.51000213623047,115.55493927001953,36266800
2023-05-16,171.99000549316406,173.13999938964844,171.8000030517578,172.07000732421875,169.847412109375,42110300,28.840999603271484,29.8700008392334,28.832000732421875,29.21299934387207,29.187166213989258,449405000,116.48999786376953,120.75,116.43000030517578,119.51000213623047,118.53035736083984,45035600
2023-05-17,171.7100067138672,172.92999267578125,170.4199981689453,172.69000244140625,170.4593963623047,57951600,29.583999633789062,30.198999404907227,29.43000030517578,30.17799949645996,30.151304244995117,432535000,119.61000061035156,121.66999816894531,118.88999938964844,120.83999633789062,119.84944915771484,33323600
2023-05-18,173.0,175.24000549316406,172.5800018310547,175.0500030517578,172.78890991210938,65496700,30.40999984741211,31.827999114990234,30.31999969482422,31.67799949645996,31.64998435974121,748725000,120.94999694824219,123.30999755859375,120.83000183105469,122.83000183105469,121.82313537597656,35234200
2023-05-19,176.38999938964844,176.38999938964844,174.94000244140625,175.16000366210938,172.89749145507812,55809500,31.535999298095703,31.579999923706055,30.916000366210938,31.263999938964844,31.23634910583496,473908000,123.55000305175781,125.97000122070312,122.1500015258789,122.76000213623047,121.75370788574219,41353400
2023-05-22,173.97999572753906,174.7100067138672,173.4499969482422,174.1999969482422,171.9499053955078,43570900,30.900999069213867,31.520000457763672,30.68000030517578,31.176000595092773,31.148426055908203,372000000,122.94000244140625,126.43000030517578,122.73999786376953,125.05000305175781,124.02494049072266,35253000
2023-05-23,173.1300048828125,173.3800048828125,171.27999877929688,171.55999755859375,169.34397888183594,50747300,31.0,31.288000106811523,30.631000518798828,30.687999725341797,30.660856246948242,356253000,124.16000366210938,124.62999725341797,122.20999908447266,122.55999755859375,121.55532836914062,34046300
2023-05-24,171.08999633789062,172.4199981689453,170.52000427246094,171.83999633789062,169.62037658691406,45143500,30.209999084472656,30.60700035095215,29.805999755859375,30.538000106811523,30.510990142822266,721419000,121.12000274658203,121.91000366210938,119.86000061035156,120.9000015258789,119.90896606445312,34182600
2023-05-25,172.41000366210938,173.89999389648438,171.69000244140625,172.99000549316406,170.75555419921875,56058300,38.52299880981445,39.47999954223633,36.6349983215332,37.97999954223633,37.946407318115234,1543911000,124.5199966430664,125.31999969482422,121.95999908447266,123.4800033569336,122.46781158447266,42317000
2023-05-26,173.32000732421875,175.77000427246094,173.11000061035156,175.42999267578125,173.1640167236328,54835000,37.88999938964844,39.16999816894531,37.54999923706055,38.94599914550781,38.91154861450195,714397000,123.16999816894531,125.26000213623047,122.44999694824219,124.61000061035156,123.58854675292969,35635900
2023-05-30,176.9600067138672,178.99000549316406,176.57000732421875,177.3000030517578,175.0098419189453,55964400,40.595001220703125,41.9379997253418,39.94900131225586,40.111000061035156,40.07551956176758,923401000,125.63999938964844,125.66000366210938,122.0,123.66999816894531,122.65625,35076700
2023-05-31,177.3300018310547,179.35000610351562,176.75999450683594,177.25,174.9604949951172,99625300,39.487998962402344,40.29499816894531,37.821998596191406,37.83399963378906,37.80052947998047,1002580000,122.75,124.05999755859375,122.5,122.87000274658203,121.86280822753906,37325800
2023-06-01,177.6999969482422,180.1199951171875,176.92999267578125,180.08999633789062,177.76380920410156,68901800,38.48899841308594,40.04999923706055,38.34000015258789,39.77000045776367,39.734825134277344,635873000,122.81999969482422,124.41999816894531,122.62000274658203,123.72000122070312,122.7058334350586,30772700
2023-06-02,181.02999877929688,181.77999877929688,179.25999450683594,180.9499969482422,178.6127166748047,61996900,40.09700012207031,40.5,39.05799865722656,39.32699966430664,39.29220962524414,482731000,123.98999786376953,126.1500015258789,123.76000213623047,124.66999816894531,123.64805603027344,26980100
2023-06-05,182.6300048828125,184.9499969482422,178.0399932861328,179.5800018310547,177.26039123535156,121946500,38.909000396728516,39.564998626708984,38.707000732421875,39.17100143432617,39.13636016845703,396094000,124.01000213623047,127.43000030517578,123.83999633789062,126.01000213623047,124.9770736694336,32305500
2023-06-06,179.97000122070312,180.1199951171875,177.42999267578125,179.2100067138672,176.8951873779297,64848400,38.83000183105469,39.15999984741211,38.14799880981445,38.65399932861328,38.61981201171875,388729000,126.01000213623047,128.2899932861328,125.36000061035156,127.30999755859375,126.26639556884766,26638300
2023-06-07,178.44000244140625,181.2100067138672,177.32000732421875,177.82000732421875,175.52316284179688,61944600,38.915000915527344,39.499000549316406,37.35599899291992,37.474998474121094,37.44572448730469,511998000,126.97000122070312,129.0399932861328,122.12000274658203,122.5,121.49583435058594,52539000
2023-06-08,177.89999389648438,180.83999633789062,177.4600067138672,180.57000732421875,178.2376251220703,50214900,37.7239990234375,38.86399841308594,37.505001068115234,38.5099983215332,38.479923248291016,417772000,122.2300033569336,123.2300033569336,121.23999786376953,122.13999938964844,121.1387939453125,29389200
2023-06-09,181.5,182.22999572753906,180.6300048828125,180.9600067138672,178.62257385253906,48900000,39.0369987487793,39.71099853515625,38.56700134277344,38.77000045776367,38.739715576171875,427717000,122.25,123.76000213623047,121.91000366210938,122.2300033569336,121.22805786132812,23778300
2023-06-12,181.27000427246094,183.88999938964844,180.97000122070312,183.7899932861328,181.416015625,54274900,39.20000076293945,39.529998779296875,38.61800003051758,39.481998443603516,39.45115661621094,388701000,122.79000091552734,124.05000305175781,121.66000366210938,123.63999938964844,122.6264877319336,28306400
2023-06-13,182.8000030517578,184.14999389648438,182.44000244140625,183.30999755859375,180.9422149658203,54929100,40.18600082397461,41.10100173950195,39.7400016784668,41.02199935913086,40.98996353149414,613208000,124.9800033569336,125.16000366210938,123.18000030517578,123.83000183105469,122.81494140625,22278300
2023-06-14,183.3699951171875,184.38999938964844,182.02000427246094,183.9499969482422,181.573974609375,57462900,40.82400131225586,43.0,40.551998138427734,42.99700164794922,42.963417053222656,740465000,123.0999984741211,124.05000305175781,121.44999694824219,123.66999816894531,122.65625,30592300
2023-06-15,183.9600067138672,186.52000427246094,183.77999877929688,186.00999450683594,183.6073455810547,65433200,42.60200119018555,43.28900146484375,42.14699935913086,42.65299987792969,42.619686126708984,568622000,123.13999938964844,125.45999908447266,122.4000015258789,125.08999633789062,124.06459045410156,35246300
2023-06-16,186.72999572753906,186.99000549316406,184.27000427246094,184.9199981689453,182.5314178466797,101256200,43.45000076293945,43.72100067138672,42.6609992980957,42.69200134277344,42.65864944458008,655709000,125.93000030517578,126.11000061035156,123.27999877929688,123.52999877929688,122.51739501953125,45535600
2023-06-20,184.41000366210938,186.10000610351562,184.41000366210938,185.00999450683594,182.62025451660156,49799100,42.99800109863281,43.9900016784668,42.67399978637695,43.80799865722656,43.77378463745117,451153000,122.93000030517578,124.56999969482422,122.13999938964844,123.0999984741211,122.0909194946289,26097500
2023-06-21,184.89999389648438,185.41000366210938,182.58999633789062,183.9600067138672,181.58384704589844,49515700,43.500999450683594,43.6150016784668,42.08000183105469,43.04499816894531,43.01137924194336,551603000,122.4000015258789,122.66000366210938,120.0999984741211,120.55000305175781,119.56182098388672,30306300
2023-06-22,183.74000549316406,187.0500030517578,183.6699981689453,187.0,184.58456420898438,51245300,42.25299835205078,43.42599868774414,42.23400115966797,43.025001525878906,42.99139404296875,417737000,120.0,123.23999786376953,118.83000183105469,123.1500015258789,122.1405029296875,26952200
2023-06-23,185.5500030517578,187.55999755859375,185.00999450683594,186.67999267578125,184.26870727539062,53117000,42.4640007019043,42.808998107910156,42.01499938964844,42.20899963378906,42.176025390625,358140000,121.37999725341797,122.79000091552734,121.05999755859375,122.33999633789062,121.33714294433594,34913600
2023-06-26,186.8300018310547,188.0500030517578,185.22999572753906,185.27000427246094,182.8769073486328,48088700,42.46099853515625,42.763999938964844,40.099998474121094,40.63199996948242,40.60026168823242,594322000,120.76000213623047,122.0,118.2699966430664,118.33999633789062,117.36992645263672,33969900
2023-06-27,185.88999938964844,188.38999938964844,185.6699981689453,188.05999755859375,185.630859375,50730800,40.79899978637695,41.939998626708984,40.448001861572266,41.875999450683594,41.843284606933594,462175000,117.08000183105469,119.08000183105469,116.0999984741211,118.33000183105469,117.36001586914062,39535900
2023-06-28,187.92999267578125,189.89999389648438,187.60000610351562,189.25,186.80552673339844,51216800,40.65999984741211,41.845001220703125,40.518001556396484,41.117000579833984,41.08488464355469,582639000,117.08999633789062,120.38999938964844,116.8499984741211,120.18000030517578,119.19486236572266,27091400
2023-06-29,189.0800018310547,190.07000732421875,188.94000244140625,189.58999633789062,187.14109802246094,46347300,41.55799865722656,41.599998474121094,40.599998474121094,40.821998596191406,40.79011154174805,380514000,119.23999786376953,120.05999755859375,118.30000305175781,119.0999984741211,118.12371063232422,24090900
2023-06-30,191.6300048828125,194.47999572753906,191.25999450683594,193.97000122070312,191.46453857421875,85213200,41.68000030517578,42.54999923706055,41.500999450683594,42.301998138427734,42.26895523071289,501148000,120.16999816894531,121.08000183105469,119.69000244140625,119.69999694824219,118.71879577636719,29532200
2023-07-03,193.77999877929688,193.8800048828125,191.75999450683594,192.4600067138672,189.9740447998047,31458200,42.516998291015625,42.89799880981445,42.20199966430664,42.41299819946289,42.37986755371094,198209000,119.23999786376953,120.19000244140625,118.81999969482422,119.9000015258789,118.91716003417969,14467900
2023-07-05,191.57000732421875,192.97999572753906,190.6199951171875,191.3300018310547,188.85861206054688,46920300,42.1349983215332,43.176998138427734,42.084999084472656,42.31700134277344,42.28395080566406,323618000,119.23999786376953,122.61000061035156,119.2300033569336,121.75,120.75199127197266,27584800
2023-07-06,189.83999633789062,192.02000427246094,189.1999969482422,191.80999755859375,189.33242797851562,45094300,41.84400177001953,42.17900085449219,41.34600067138672,42.10300064086914,42.07011795043945,303582000,119.80000305175781,120.30000305175781,118.4000015258789,120.11000061035156,119.12543487548828,24745200
2023-07-07,191.41000366210938,192.6699981689453,190.24000549316406,190.67999267578125,188.217041015625,46815000,42.321998596191406,43.2140007019043,42.18000030517578,42.50299835205078,42.46979904174805,355881000,120.0999984741211,121.05000305175781,119.4000015258789,119.4800033569336,118.5005874633789,21709500
2023-07-10,189.25999450683594,189.99000549316406,187.0399932861328,188.61000061035156,186.1737518310547,59922200,42.65700149536133,42.81100082397461,41.64899826049805,42.18000030517578,42.14706039428711,353908000,118.30000305175781,118.30999755859375,116.13999938964844,116.44999694824219,115.49542999267578,35315200
2023-07-11,189.16000366210938,189.3000030517578,186.60000610351562,188.0800018310547,185.6505889892578,46638100,42.48099899291992,42.757999420166016,42.06700134277344,42.404998779296875,42.37187957763672,298244000,116.29000091552734,117.70999908447266,115.3499984741211,117.13999938964844,116.17977142333984,23078800
2023-07-12,189.67999267578125,191.6999969482422,188.47000122070312,189.77000427246094,187.31878662109375,60750200,43.03300094604492,43.935001373291016,42.777000427246094,43.902000427246094,43.86771011352539,481277000,118.80000305175781,120.33000183105469,118.41000366210938,118.93000030517578,117.9551010131836,30404400
2023-07-13,190.5,191.19000244140625,189.77999877929688,190.5399932861328,188.07884216308594,41342300,44.518001556396484,46.154998779296875,44.492000579833984,45.97700119018555,45.94108581542969,478204000,120.93000030517578,124.83000183105469,120.44999694824219,124.54000091552734,123.51911926269531,44297900
2023-07-14,190.22999572753906,191.17999267578125,189.6300048828125,190.69000244140625,188.2268829345703,41616200,46.58300018310547,48.0880012512207,45.060001373291016,45.46900177001953,45.43347930908203,772075000,124.80000305175781,126.77999877929688,123.48999786376953,125.41999816894531,124.39190673828125,33283100
2023-07-17,191.89999389648438,194.32000732421875,191.80999755859375,193.99000549316406,191.48428344726562,50520200,46.28900146484375,46.49599838256836,45.262001037597656,46.46099853515625,46.42470169067383,510488000,125.94000244140625,127.0999984741211,124.19999694824219,124.6500015258789,123.62821960449219,25716200
2023-07-18,193.35000610351562,194.3300018310547,192.4199981689453,193.72999572753906,191.22760009765625,48288200,46.70100021362305,47.895999908447266,45.73400115966797,47.49399948120117,47.45690155029297,569164000,124.5999984741211,124.68000030517578,122.95999908447266,123.76000213623047,122.74549865722656,26193600
2023-07-19,193.10000610351562,198.22999572753906,192.64999389648438,195.10000610351562,192.57992553710938,80507300,47.4640007019043,47.81800079345703,46.742000579833984,47.07699966430664,47.04022216796875,427502000,124.5999984741211,125.18000030517578,121.80000305175781,122.02999877929688,121.0296859741211,37224000
2023-07-20,195.08999633789062,196.47000122070312,192.5,193.1300048828125,190.63539123535156,59581200,46.50699996948242,47.08700180053711,45.0620002746582,45.52000045776367,45.484439849853516,537865000,121.41999816894531,124.08999633789062,118.22000122070312,119.19999694824219,118.2228775024414,37906800
2023-07-21,194.10000610351562,194.97000122070312,191.22999572753906,191.94000244140625,189.46075439453125,71951700,45.78799819946289,45.86600112915039,44.099998474121094,44.308998107910156,44.274391174316406,963769000,120.62000274658203,120.98999786376953,118.7300033569336,120.0199966430664,119.03616333007812,72937900
2023-07-24,193.41000366210938,194.91000366210938,192.25,192.75,190.26026916503906,45377800,44.73099899291992,45.10900115966797,44.040000915527344,44.61199951171875,44.577152252197266,382516000,121.66000366210938,123.0,120.9800033569336,121.52999877929688,120.5337905883789,29686100
2023-07-25,193.3300018310547,194.44000244140625,192.9199981689453,193.6199951171875,191.11904907226562,37283200,44.941001892089844,46.18299865722656,44.92300033569336,45.67900085449219,45.6433219909668,348081000,121.36000061035156,123.1500015258789,121.0199966430664,122.20999908447266,121.20821380615234,52509600
2023-07-26,193.6699981689453,195.63999938964844,193.32000732421875,194.5,191.9876708984375,47471900,46.020999908447266,46.053001403808594,44.630001068115234,45.45199966430664,45.41649627685547,364237000,130.07000732421875,130.97999572753906,128.32000732421875,129.27000427246094,128.21034240722656,61682100
2023-07-27,196.02000427246094,197.1999969482422,192.5500030517578,193.22000122070312,190.72422790527344,47460200,46.51900100708008,47.39500045776367,45.75,45.900001525878906,45.86415100097656,455976000,131.6699981689453,133.24000549316406,128.7899932861328,129.39999389648438,128.33926391601562,44952100
2023-07-28,194.6699981689453,196.6300048828125,194.13999938964844,195.8300018310547,193.3004913330078,48291400,46.667999267578125,47.027000427246094,46.38100051879883,46.75,46.71348571777344,331194000,130.77999877929688,133.74000549316406,130.57000732421875,132.5800018310547,131.49319458007812,36591200
2023-07-31,196.05999755859375,196.49000549316406,195.25999450683594,196.4499969482422,193.91249084472656,38824100,46.75400161743164,47.130001068115234,46.50600051879883,46.729000091552734,46.69249725341797,251055000,132.72999572753906,133.52999877929688,131.77999877929688,132.72000122070312,131.632080078125,28055500
2023-08-01,196.24000549316406,196.72999572753906,195.27999877929688,195.61000061035156,193.08335876464844,35175100,46.459999084472656,46.900001525878906,46.027000427246094,46.50699996948242,46.470672607421875,237858000,130.77999877929688,132.6300048828125,130.67999267578125,131.5500030517578,130.47164916992188,23166800
2023-08-02,195.0399932861328,195.17999267578125,191.85000610351562,192.5800018310547,190.09246826171875,50389300,45.83100128173828,45.84000015258789,43.387001037597656,44.26900100708008,44.23442077636719,530142000,129.4499969482422,130.08999633789062,127.55999755859375,128.3800048828125,127.32763671875,26273300
2023-08-03,191.57000732421875,192.3699951171875,190.69000244140625,191.1699981689453,188.70071411132812,61235200,43.79999923706055,45.11800003051758,43.79999923706055,44.51499938964844,44.48023223876953,324176000,127.97000122070312,129.38999938964844,127.41999816894531,128.4499969482422,127.39706420898438,20089500
2023-08-04,185.52000427246094,187.3800048828125,181.9199981689453,181.99000549316406,179.63926696777344,115956800,44.98500061035156,45.641998291015625,44.393001556396484,44.68000030517578,44.64509963989258,362666000,129.27999877929688,131.50999450683594,127.91000366210938,128.11000061035156,127.05984497070312,26147200
2023-08-07,182.1300048828125,183.1300048828125,177.35000610351562,178.85000610351562,176.5398406982422,97576100,45.111000061035156,45.540000915527344,44.5629997253418,45.41699981689453,45.381526947021484,322154000,129.16000366210938,131.61000061035156,129.02000427246094,131.52999877929688,130.45181274414062,22746300
2023-08-08,179.69000244140625,180.27000427246094,177.5800018310547,179.8000030517578,177.47756958007812,67823000,44.85300064086914,45.242000579833984,44.055999755859375,44.66400146484375,44.629119873046875,353843000,130.6199951171875,131.50999450683594,129.5399932861328,131.39999389648438,130.32286071777344,23535200
2023-08-09,180.8699951171875,180.92999267578125,177.00999450683594,178.19000244140625,175.88833618164062,60378500,44.27399826049805,44.3120002746582,42.13399887084961,42.55400085449219,42.52075958251953,586449000,131.66000366210938,132.0399932861328,129.0,129.66000366210938,128.59715270996094,24912900
2023-08-10,179.47999572753906,180.75,177.60000610351562,177.97000122070312,175.67120361328125,54686900,42.15999984741211,43.57400131225586,41.834999084472656,42.38800048828125,42.35489273071289,492705000,131.32000732421875,132.0500030517578,129.4499969482422,129.69000244140625,128.62693786621094,20857800
2023-08-11,177.32000732421875,178.6199951171875,176.5500030517578,177.7899932861328,175.73049926757812,52036700,41.750999450683594,42.018001556396484,40.638999938964844,40.85499954223633,40.823089599609375,533085000,128.66000366210938,129.92999267578125,128.1699981689453,129.55999755859375,128.4979705810547,19591100
2023-08-14,177.97000122070312,179.69000244140625,177.30999755859375,179.4600067138672,177.3811798095703,43675600,40.486000061035156,43.79999923706055,40.31100082397461,43.75299835205078,43.71882247924805,690286000,129.38999938964844,131.3699951171875,128.9600067138672,131.3300018310547,130.25341796875,24695600
2023-08-15,178.8800048828125,179.47999572753906,177.0500030517578,177.4499969482422,175.39443969726562,43622600,44.560001373291016,45.268001556396484,43.709999084472656,43.939998626708984,43.905677795410156,676512000,131.10000610351562,131.4199981689453,129.27999877929688,129.77999877929688,128.7161865234375,19770700
2023-08-16,177.1300048828125,178.5399932861328,176.5,176.57000732421875,174.52462768554688,46964900,44.52000045776367,44.67499923706055,43.40599822998047,43.486000061035156,43.452030181884766,527451000,128.6999969482422,130.27999877929688,127.87000274658203,128.6999969482422,127.64501953125,25216100
2023-08-17,177.13999938964844,177.50999450683594,173.47999572753906,174.0,171.9844207763672,66062900,43.970001220703125,44.0620002746582,43.000999450683594,43.34400177001953,43.31014633178711,452395000,129.8000030517578,131.99000549316406,129.2899932861328,129.9199981689453,128.85498046875,33446300
2023-08-18,172.3000030517578,175.10000610351562,171.9600067138672,174.49000549316406,172.46875,61172200,42.6349983215332,43.577999114990234,41.65999984741211,43.29899978637695,43.26517868041992,583768000,128.50999450683594,129.25,126.37999725341797,127.45999908447266,126.4151840209961,30504800
2023-08-21,175.07000732421875,176.1300048828125,173.74000549316406,175.83999633789062,173.80311584472656,46311900,44.49399948120117,47.064998626708984,44.22200012207031,46.96699905395508,46.93031311035156,692573000,127.18000030517578,128.72999572753906,126.55999755859375,128.3699951171875,127.31771850585938,25248700
2023-08-22,177.05999755859375,177.67999267578125,176.25,177.22999572753906,175.177001953125,42038900,48.1349983215332,48.1870002746582,45.33300018310547,45.667999267578125,45.63233184814453,755293000,128.50999450683594,130.27999877929688,128.32000732421875,129.0800018310547,128.02191162109375,22054900
2023-08-23,178.52000427246094,181.5500030517578,178.3300018310547,181.1199951171875,179.0219268798828,52722800,45.86600112915039,47.20000076293945,45.20800018310547,47.11600112915039,47.07920455932617,779046000,130.17999267578125,133.41000366210938,129.8699951171875,132.3699951171875,131.28492736816406,27819700
2023-08-24,180.6699981689453,181.10000610351562,176.00999450683594,176.3800048828125,174.33682250976562,54945800,50.215999603271484,50.26599884033203,47.159000396728516,47.16299819946289,47.126163482666016,1156044000,133.9499969482422,134.25,129.57000732421875,129.77999877929688,128.7161865234375,28500700
2023-08-25,177.3800048828125,179.14999389648438,175.82000732421875,178.61000061035156,176.541015625,51449600,47.012001037597656,47.80500030517578,45.02399826049805,46.018001556396484,45.9820556640625,925341000,129.5399932861328,130.75999450683594,127.25,129.8800048828125,128.81533813476562,26762900
2023-08-28,180.08999633789062,180.58999633789062,178.5500030517578,180.19000244140625,178.1027069091797,43820700,46.481998443603516,46.97999954223633,44.88800048828125,46.834999084472656,46.79841995239258,685192000,131.30999755859375,132.5399932861328,130.13999938964844,131.00999450683594,129.93606567382812,20543300
2023-08-29,179.6999969482422,184.89999389648438,179.5,184.1199951171875,181.9871826171875,53003900,46.66600036621094,49.08100128173828,46.39099884033203,48.784000396728516,48.74589920043945,701397000,132.24000549316406,136.57000732421875,132.24000549316406,134.57000732421875,133.4669189453125,43075600
2023-08-30,184.94000244140625,187.85000610351562,184.74000549316406,187.64999389648438,185.47628784179688,60813900,49.04399871826172,49.926998138427734,48.42499923706055,49.263999938964844,49.225521087646484,735206000,134.77999877929688,136.27999877929688,134.07000732421875,135.8800048828125,134.7661590576172,28315800
2023-08-31,187.83999633789062,189.1199951171875,187.47999572753906,187.8699951171875,185.69374084472656,60794500,49.380001068115234,49.74399948120117,48.95800018310547,49.35499954223633,49.31645202636719,528570000,136.00999450683594,138.0,135.7899932861328,136.1699981689453,135.05380249023438,30053800
2023-09-01,189.49000549316406,189.9199981689453,188.27999877929688,189.4600067138672,187.2653350830078,45766500,49.762001037597656,49.79999923706055,48.141998291015625,48.50899887084961,48.471107482910156,463830000,137.4600067138672,137.4600067138672,134.85000610351562,135.66000366210938,134.5479736328125,21543700
2023-09-05,188.27999877929688,189.97999572753906,187.61000061035156,189.6999969482422,187.50254821777344,45280000,48.222999572753906,48.85100173950195,47.86000061035156,48.54800033569336,48.51008224487305,382653000,135.44000244140625,136.4199981689453,134.5800018310547,135.77000427246094,134.65704345703125,19403100
2023-09-06,188.39999389648438,188.85000610351562,181.47000122070312,182.91000366210938,180.79119873046875,81755800,48.441001892089844,48.54899978637695,46.58000183105469,47.06100082397461,47.02811813354492,468670000,136.02000427246094,136.52999877929688,133.6699981689453,134.4600067138672,133.35781860351562,18684500
2023-09-07,175.17999267578125,178.2100067138672,173.5399932861328,177.55999755859375,175.50314331054688,112488800,45.525001525878906,46.34400177001953,45.152000427246094,46.24100112915039,46.20868682861328,433330000,133.58999633789062,135.5800018310547,132.9499969482422,135.25999450683594,134.15122985839844,18844300
2023-09-08,178.35000610351562,180.24000549316406,177.7899932861328,178.17999267578125,176.11599731445312,65551300,45.94200134277344,46.60599899291992,45.270999908447266,45.571998596191406,45.54015350341797,473069000,134.91000366210938,136.66000366210938,134.85000610351562,136.3800048828125,135.26206970214844,23558300
2023-09-11,180.07000732421875,180.3000030517578,177.33999633789062,179.36000061035156,177.28233337402344,58953100,46.14799880981445,46.16299819946289,44.3120002746582,45.178001403808594,45.146427154541016,473966000,136.5399932861328,137.47999572753906,135.7899932861328,136.9199981689453,135.79763793945312,20763400
2023-09-12,179.49000549316406,180.1300048828125,174.82000732421875,176.3000030517578,174.25775146484375,90370200,44.737998962402344,45.67300033569336,44.53099822998047,44.869998931884766,44.838645935058594,349256000,136.25999450683594,136.8699951171875,135.19000244140625,135.33999633789062,134.23057556152344,18405500
2023-09-13,176.50999450683594,177.3000030517578,173.97999572753906,174.2100067138672,172.19198608398438,84267900,44.599998474121094,45.93000030517578,44.50299835205078,45.48500061035156,45.453216552734375,398355000,135.08999633789062,136.89999389648438,134.14999389648438,136.7100067138672,135.58935546875,20749500
2023-09-14,174.0,176.10000610351562,173.5800018310547,175.74000549316406,173.70425415039062,60895800,45.95000076293945,45.98699951171875,45.13100051879883,45.58100128173828,45.54915237426758,370097000,137.60000610351562,138.6999969482422,136.24000549316406,138.10000610351562,136.96795654296875,24751000
2023-09-15,176.47999572753906,176.5,173.82000732421875,175.00999450683594,172.98268127441406,109259500,45.340999603271484,45.5989990234375,43.80799865722656,43.900001525878906,43.86932373046875,506831000,137.97999572753906,138.52000427246094,136.47999572753906,137.39999389648438,136.27369689941406,38919600
2023-09-18,176.47999572753906,179.3800048828125,176.1699981689453,177.97000122070312,175.90841674804688,67257600,42.74800109863281,44.242000579833984,42.0,43.965999603271484,43.93527603149414,500271000,136.61000061035156,139.16000366210938,136.61000061035156,138.2100067138672,137.07705688476562,21861300
2023-09-19,177.52000427246094,179.6300048828125,177.1300048828125,179.07000732421875,176.99569702148438,51826900,43.83300018310547,43.965999603271484,43.00199890136719,43.52000045776367,43.489585876464844,373064000,137.4199981689453,138.41000366210938,136.6199951171875,138.0399932861328,136.90843200683594,20353700
2023-09-20,179.25999450683594,179.6999969482422,175.39999389648438,175.49000549316406,173.4571533203125,58436200,43.599998474121094,43.90299987792969,42.222999572753906,42.23899841308594,42.20948791503906,367108000,138.0800018310547,138.0800018310547,133.6199951171875,133.74000549316406,132.64370727539062,29927500
2023-09-21,174.5500030517578,176.3000030517578,173.86000061035156,173.92999267578125,171.9152069091797,63149100,41.58300018310547,42.099998474121094,40.97999954223633,41.016998291015625,40.98834228515625,450736000,131.44000244140625,132.22999572753906,130.07000732421875,130.44000244140625,129.37074279785156,31503900
2023-09-22,174.6699981689453,177.0800018310547,174.0500030517578,174.7899932861328,172.76522827148438,56725400,41.571998596191406,42.1150016784668,41.23099899291992,41.61000061035156,41.58092498779297,479236000,130.75999450683594,132.02999877929688,129.60000610351562,130.25,129.1822967529297,26397300
2023-09-25,174.1999969482422,176.97000122070312,174.14999389648438,176.0800018310547,174.04031372070312,46172700,41.590999603271484,42.5359992980957,41.176998138427734,42.22200012207031,42.19249725341797,419091000,129.8300018310547,131.1699981689453,128.9600067138672,131.11000061035156,130.03526306152344,20094600
2023-09-26,174.82000732421875,175.1999969482422,171.66000366210938,171.9600067138672,169.96804809570312,64588900,42.000999450683594,42.81999969482422,41.654998779296875,41.9109992980957,41.881717681884766,402282000,129.77000427246094,130.36000061035156,127.22000122070312,128.57000732421875,127.5160903930664,25718700
2023-09-27,172.6199951171875,173.0399932861328,169.0500030517578,170.42999267578125,168.45574951171875,66921800,42.33000183105469,42.87200164794922,41.62900161743164,42.46799850463867,42.438323974609375,444935000,128.57000732421875,130.89999389648438,128.57000732421875,130.5399932861328,129.46994018554688,22746500
2023-09-28,169.33999633789062,172.02999877929688,167.6199951171875,170.69000244140625,168.7127685546875,56294400,42.459999084472656,43.44599914550781,42.1150016784668,43.0890007019043,43.05888748168945,424663000,129.83999633789062,133.3000030517578,129.7899932861328,132.30999755859375,131.2254180908203,22513100
2023-09-29,172.02000427246094,173.07000732421875,170.33999633789062,171.2100067138672,169.2267303466797,51861100,43.82699966430664,44.14400100708008,43.30699920654297,43.499000549316406,43.46860122680664,397830000,133.27999877929688,134.0500030517578,130.36000061035156,130.86000061035156,129.7873077392578,30859800
2023-10-02,171.22000122070312,174.3000030517578,170.92999267578125,173.75,171.73728942871094,52164500,44.029998779296875,45.17499923706055,43.861000061035156,44.78200149536133,44.75071334838867,433298000,131.2100067138672,134.4199981689453,131.1699981689453,134.1699981689453,133.0701904296875,22288000
2023-10-03,172.25999450683594,173.6300048828125,170.82000732421875,172.39999389648438,170.4029541015625,49594600,44.80799865722656,45.130001068115234,43.24599838256836,43.516998291015625,43.48658752441406,470850000,133.94000244140625,134.25999450683594,131.83999633789062,132.42999267578125,131.34445190429688,22989400
2023-10-04,171.08999633789062,174.2100067138672,170.97000122070312,173.66000366210938,171.6483612060547,53020300,43.742000579833984,44.143001556396484,43.29199981689453,44.04100036621094,44.01022720336914,361821000,132.7899932861328,135.57000732421875,132.52999877929688,135.24000549316406,134.13140869140625,26752300
2023-10-05,173.7899932861328,175.4499969482422,172.67999267578125,174.91000366210938,172.8838653564453,48527900,44.04999923706055,44.900001525878906,43.88800048828125,44.6879997253418,44.65677261352539,393483000,135.07000732421875,135.49000549316406,133.4499969482422,135.07000732421875,133.9628143310547,19832600
2023-10-06,173.8000030517578,177.99000549316406,173.17999267578125,177.49000549316406,175.4340057373047,57266700,44.19300079345703,45.78900146484375,44.0260009765625,45.762001037597656,45.73002624511719,434436000,134.00999450683594,138.16000366210938,134.00999450683594,137.5800018310547,136.4522247314453,27597600
2023-10-09,176.80999755859375,179.0500030517578,175.8000030517578,178.99000549316406,176.9166259765625,42390800,44.84199905395508,45.60499954223633,44.36800003051758,45.27299880981445,45.24136734008789,409675000,136.94000244140625,138.94000244140625,135.61000061035156,138.4199981689453,137.28533935546875,19278100
2023-10-10,178.10000610351562,179.72000122070312,177.9499969482422,178.38999938964844,176.32357788085938,43698000,45.310001373291016,46.25899887084961,45.0880012512207,45.79800033569336,45.7659912109375,368582000,138.5,139.72000122070312,137.3300018310547,138.05999755859375,136.9282989501953,27786600
2023-10-11,178.1999969482422,179.85000610351562,177.60000610351562,179.8000030517578,177.71722412109375,47551100,46.19599914550781,46.85900115966797,46.04999923706055,46.805999755859375,46.77328872680664,378137000,138.5800018310547,141.11000061035156,138.5800018310547,140.5500030517578,139.3979034423828,25884300
2023-10-12,180.07000732421875,182.33999633789062,179.0399932861328,180.7100067138672,178.61669921875,56743100,46.777000427246094,47.60900115966797,46.33000183105469,46.94499969482422,46.91219711303711,481325000,141.0500030517578,141.22000122070312,138.25999450683594,138.97000122070312,137.83082580566406,24765500
2023-10-13,181.4199981689453,181.92999267578125,178.13999938964844,178.85000610351562,176.7782440185547,51427100,46.959999084472656,47.11600112915039,45.279998779296875,45.46099853515625,45.429229736328125,474115000,139.3800048828125,140.0,136.6199951171875,137.36000061035156,136.23402404785156,23420500
2023-10-16,176.75,179.0800018310547,176.50999450683594,178.72000122070312,176.6497344970703,52517000,45.0629997253418,46.224998474121094,44.9119987487793,46.095001220703125,46.06279754638672,375099000,138.1699981689453,139.6300048828125,137.99000549316406,139.10000610351562,137.9597625732422,28501900
2023-10-17,176.64999389648438,178.4199981689453,174.8000030517578,177.14999389648438,175.09791564941406,57549400,44.0,44.75400161743164,42.47999954223633,43.9379997253418,43.90729904174805,812333000,138.6300048828125,139.89999389648438,137.17999267578125,139.72000122070312,138.57469177246094,23515800
2023-10-18,175.5800018310547,177.5800018310547,175.11000061035156,175.83999633789062,173.80311584472656,54764400,42.590999603271484,43.21900177001953,41.82500076293945,42.19599914550781,42.166507720947266,627294000,139.4499969482422,140.72000122070312,137.3800048828125,137.9600067138672,136.82911682128906,23375000
2023-10-19,176.0399932861328,177.83999633789062,175.19000244140625,175.4600067138672,173.42750549316406,59302900,42.81100082397461,43.297000885009766,41.88199996948242,42.10100173950195,42.07158660888672,501233000,138.5,139.66000366210938,137.3800048828125,137.75,136.62081909179688,26066000
2023-10-20,175.30999755859375,175.4199981689453,172.63999938964844,172.8800048828125,170.87738037109375,64244000,41.88999938964844,42.470001220703125,41.077999114990234,41.387001037597656,41.35807800292969,477266000,137.3300018310547,137.8699951171875,135.0800018310547,135.60000610351562,134.48846435546875,26335700
2023-10-23,170.91000366210938,174.00999450683594,169.92999267578125,173.0,170.99598693847656,55980100,41.229000091552734,43.24800109863281,40.94499969482422,42.974998474121094,42.94497299194336,478530000,135.0399932861328,137.66000366210938,133.9499969482422,136.5,135.381103515625,26317900
2023-10-24,173.0500030517578,173.6699981689453,171.4499969482422,173.44000244140625,171.430908203125,43816600,43.07699966430664,43.696998596191406,42.691001892089844,43.66299819946289,43.63248825073242,401463000,137.8300018310547,139.36000061035156,137.4199981689453,138.80999755859375,137.67213439941406,44814300
2023-10-25,171.8800048828125,173.05999755859375,170.64999389648438,171.10000610351562,169.1179962158203,57157000,43.39799880981445,43.650001525878906,41.55500030517578,41.77899932861328,41.74980926513672,398379000,128.16000366210938,128.30999755859375,125.06999969482422,125.61000061035156,124.58032989501953,84366200
2023-10-26,170.3699951171875,171.3800048828125,165.6699981689453,166.88999938964844,164.95675659179688,70625300,41.85300064086914,42.25600051879883,39.880001068115234,40.32600021362305,40.297821044921875,541001000,123.2699966430664,124.33000183105469,121.2699966430664,122.27999877929688,121.27763366699219,57061100
2023-10-27,166.91000366210938,168.9600067138672,166.8300018310547,168.22000122070312,166.2713623046875,58499100,41.130001068115234,41.20600128173828,40.01499938964844,40.5,40.47169876098633,416784000,122.87999725341797,123.30999755859375,120.20999908447266,122.16999816894531,121.16854858398438,44566500
2023-10-30,169.02000427246094,171.1699981689453,168.8699951171875,170.2899932861328,168.31736755371094,51131000,41.08700180053711,41.76599884033203,40.48099899291992,41.1609992980957,41.132240295410156,388028000,123.20999908447266,125.4000015258789,122.75,124.45999908447266,123.43978118896484,28940100
2023-10-31,169.35000610351562,170.89999389648438,167.89999389648438,170.77000427246094,168.79183959960938,44846000,40.45000076293945,40.87900161743164,39.22999954223633,40.779998779296875,40.751502990722656,517969000,125.05999755859375,125.37000274658203,122.69000244140625,124.08000183105469,123.06289672851562,26292300
2023-11-01,171.0,174.22999572753906,170.1199951171875,173.97000122070312,171.95474243164062,56934900,40.88399887084961,42.38100051879883,40.86899948120117,42.32500076293945,42.29542922973633,437593000,124.06999969482422,126.48999786376953,123.72000122070312,126.44999694824219,125.41345977783203,30082400
2023-11-02,175.52000427246094,177.77999877929688,175.4600067138672,177.57000732421875,175.5130615234375,77334800,43.327999114990234,43.88399887084961,42.89400100708008,43.50600051879883,43.47560119628906,409172000,128.4199981689453,128.97999572753906,126.93000030517578,127.48999786376953,126.44493103027344,27124600
2023-11-03,174.24000549316406,176.82000732421875,173.35000610351562,176.64999389648438,174.60369873046875,79829200,44.02000045776367,45.308998107910156,43.722999572753906,45.005001068115234,44.97355270385742,424610000,128.02000427246094,129.52999877929688,127.86000061035156,129.10000610351562,128.041748046875,26393100
2023-11-06,176.3800048828125,179.42999267578125,176.2100067138672,179.22999572753906,177.15380859375,63841300,45.28499984741211,45.935001373291016,44.89899826049805,45.750999450683594,45.719032287597656,400733000,129.0500030517578,130.33999633789062,128.6699981689453,130.25,129.1822967529297,19052700
2023-11-07,179.17999267578125,182.44000244140625,178.97000122070312,181.82000732421875,179.71383666992188,70530000,45.71900177001953,46.21799850463867,45.15800094604492,45.95500183105469,45.92289352416992,343165000,130.7100067138672,131.91000366210938,129.8800048828125,130.97000122070312,129.8964080810547,29757300
2023-11-08,182.35000610351562,183.4499969482422,181.58999633789062,182.88999938964844,180.7714385986328,49340300,46.099998474121094,46.867000579833984,45.96799850463867,46.57400131225586,46.54145812988281,346719000,130.97000122070312,132.2100067138672,130.77999877929688,131.83999633789062,130.75926208496094,26425800
2023-11-09,182.9600067138672,184.1199951171875,181.80999755859375,182.41000366210938,180.29696655273438,53763500,47.46699905395508,48.22999954223633,46.75,46.95000076293945,46.91719055175781,540496000,131.9600067138672,132.5500030517578,130.07000732421875,130.24000549316406,129.17239379882812,23747800
2023-11-10,183.97000122070312,186.57000732421875,183.52999877929688,186.39999389648438,184.4834747314453,66133400,47.5,48.47200012207031,47.28300094604492,48.334999084472656,48.30122375488281,421245000,130.10000610351562,132.8000030517578,129.41000366210938,132.58999633789062,131.50314331054688,26913300
2023-11-13,185.82000732421875,186.02999877929688,184.2100067138672,184.8000030517578,182.89993286132812,43627500,48.31999969482422,49.11600112915039,48.0989990234375,48.619998931884766,48.58601760864258,384136000,131.77999877929688,132.58999633789062,131.25,132.08999633789062,131.0072021484375,18324800
2023-11-14,187.6999969482422,188.11000061035156,186.3000030517578,187.44000244140625,185.51278686523438,60108400,49.68000030517578,49.83399963378906,49.040000915527344,49.65599822998047,49.62130355834961,416954000,134.19000244140625,135.6999969482422,133.32000732421875,133.6199951171875,132.52468872070312,32395200
2023-11-15,187.85000610351562,189.5,187.77999877929688,188.00999450683594,186.07693481445312,53790500,49.935001373291016,49.959999084472656,48.20000076293945,48.88800048828125,48.85383987426758,475497000,134.8699951171875,135.02999877929688,133.57000732421875,134.6199951171875,133.51646423339844,23861500
2023-11-16,189.57000732421875,190.9600067138672,188.64999389648438,189.7100067138672,187.7594757080078,54412900,48.67900085449219,49.525001525878906,48.33000183105469,49.47999954223633,49.44542694091797,339756000,135.19000244140625,137.22000122070312,134.32000732421875,136.92999267578125,135.80755615234375,28013200
2023-11-17,190.25,190.3800048828125,188.57000732421875,189.69000244140625,187.7396697998047,50922700,49.52399826049805,49.71699905395508,49.00699996948242,49.29800033569336,49.263553619384766,325205000,136.0,136.05999755859375,133.64999389648438,135.30999755859375,134.20083618164062,37240600
2023-11-20,189.88999938964844,191.91000366210938,189.8800048828125,191.4499969482422,189.4815673828125,46505100,49.3120002746582,50.54800033569336,49.180999755859375,50.409000396728516,50.37377166748047,414120000,133.69000244140625,136.66000366210938,133.6199951171875,136.25,135.13311767578125,27815500
2023-11-21,191.41000366210938,191.52000427246094,189.74000549316406,190.63999938964844,188.67987060546875,38134500,50.125999450683594,50.516998291015625,49.22200012207031,49.944000244140625,49.909095764160156,565747000,136.2899932861328,137.17999267578125,135.9600067138672,136.97000122070312,135.84722900390625,22635300
2023-11-22,191.49000549316406,192.92999267578125,190.8300018310547,191.30999755859375,189.34298706054688,39617700,49.85200119018555,50.334999084472656,47.689998626708984,48.715999603271484,48.68195343017578,899420000,137.47000122070312,139.4199981689453,137.47000122070312,138.49000549316406,137.35476684570312,17813900
2023-11-24,190.8699951171875,190.89999389648438,189.25,189.97000122070312,188.0167694091797,24048300,48.470001220703125,48.92100143432617,47.744998931884766,47.7760009765625,47.74261474609375,294645000,138.02999877929688,138.1300048828125,135.99000549316406,136.69000244140625,135.56951904296875,12514300
2023-11-27,189.9199981689453,190.6699981689453,188.89999389648438,189.7899932861328,187.83863830566406,40552600,47.79999923706055,48.529998779296875,47.652000427246094,48.242000579833984,48.20828628540039,395662000,136.02999877929688,138.4199981689453,136.0,136.41000366210938,135.2918243408203,23436500
2023-11-28,189.77999877929688,191.0800018310547,189.39999389648438,190.39999389648438,188.4423828125,38415400,48.236000061035156,48.323001861572266,47.472999572753906,47.82099914550781,47.78758239746094,401491000,136.0800018310547,137.25,135.4199981689453,137.1999969482422,136.07534790039062,18730000
2023-11-29,190.89999389648438,192.08999633789062,188.97000122070312,189.3699951171875,187.42295837402344,43014200,48.37900161743164,48.762001037597656,47.86000061035156,48.13999938964844,48.106361389160156,382005000,137.57000732421875,138.2899932861328,134.83999633789062,134.99000549316406,133.8834686279297,23967200
2023-11-30,189.83999633789062,190.32000732421875,188.19000244140625,189.9499969482422,187.99700927734375,48794400,48.02399826049805,48.11000061035156,46.422000885009766,46.77000045776367,46.73732376098633,526247000,135.0500030517578,135.5500030517578,131.27999877929688,132.52999877929688,131.443603515625,38988300
2023-12-01,190.3300018310547,191.55999755859375,189.22999572753906,191.24000549316406,189.27371215820312,45704800,46.525001525878906,47.20000076293945,46.1870002746582,46.76499938964844,46.732322692871094,369317000,131.86000061035156,132.11000061035156,130.6699981689453,131.86000061035156,130.7791290283203,31442300
2023-12-04,189.97999572753906,190.0500030517578,187.4499969482422,189.42999267578125,187.4823455810547,43389500,46.07699966430664,46.07699966430664,45.0099983215332,45.5099983215332,45.47819519042969,437543000,129.8800048828125,130.02999877929688,127.9000015258789,129.27000427246094,128.21034240722656,36669900
2023-12-05,190.2100067138672,194.39999389648438,190.17999267578125,193.4199981689453,191.4313201904297,66628400,45.465999603271484,46.599998474121094,45.270999908447266,46.566001892089844,46.53755569458008,371718000,128.9499969482422,132.13999938964844,128.25,130.99000549316406,129.916259765625,27384800
2023-12-06,194.4499969482422,194.75999450683594,192.11000061035156,192.32000732421875,190.34262084960938,41089700,47.21500015258789,47.387001037597656,45.4119987487793,45.50299835205078,45.47520446777344,380590000,131.44000244140625,131.83999633789062,129.8800048828125,130.02000427246094,128.9542236328125,23576200
2023-12-07,193.6300048828125,195.0,193.58999633789062,194.27000427246094,192.2725830078125,47477700,45.70000076293945,46.62900161743164,45.604000091552734,46.59600067138672,46.56753158569336,350823000,135.0399932861328,138.55999755859375,134.6999969482422,136.92999267578125,135.80755615234375,56767100
2023-12-08,194.1999969482422,195.99000549316406,193.6699981689453,195.7100067138672,193.6977996826172,53406400,46.595001220703125,47.74100112915039,46.54999923706055,47.50600051879883,47.47697448730469,359224000,134.1999969482422,136.39999389648438,134.02999877929688,134.99000549316406,133.8834686279297,32260100
2023-12-11,193.11000061035156,193.49000549316406,191.4199981689453,193.17999267578125,191.19378662109375,60943700,47.49100112915039,47.53099822998047,45.83000183105469,46.62699890136719,46.598514556884766,509728000,132.3800048828125,133.33999633789062,131.36000061035156,133.2899932861328,132.19737243652344,31138000
2023-12-12,193.0800018310547,194.72000122070312,191.72000122070312,194.7100067138672,192.70806884765625,52696900,46.04600143432617,47.66600036621094,46.04600143432617,47.65700149536133,47.627891540527344,372387000,131.80999755859375,133.0,131.25999450683594,132.52000427246094,131.43373107910156,29032800
2023-12-13,195.08999633789062,198.0,194.85000610351562,197.9600067138672,195.92465209960938,70404200,47.62900161743164,48.59400177001953,47.608001708984375,48.0880012512207,48.058624267578125,447792000,133.3800048828125,133.5,131.57000732421875,132.57000732421875,131.48330688476562,30104800
2023-12-14,198.02000427246094,199.6199951171875,196.16000366210938,198.11000061035156,196.07310485839844,66831600,48.38999938964844,48.66999816894531,47.422000885009766,48.349998474121094,48.32046127319336,391232000,133.3800048828125,133.72000122070312,129.69000244140625,131.94000244140625,130.8584442138672,38722400
2023-12-15,197.52999877929688,198.39999389648438,197.0,197.57000732421875,195.53866577148438,128538400,48.194000244140625,49.40399932861328,48.119998931884766,48.88999938964844,48.860130310058594,479948000,131.6199951171875,133.50999450683594,131.17999267578125,132.60000610351562,131.51304626464844,50847100
2023-12-18,196.08999633789062,196.6300048828125,194.38999938964844,195.88999938964844,193.8759307861328,55751900,49.400001525878906,50.43299865722656,49.150001525878906,50.07699966430664,50.046409606933594,412587000,132.6300048828125,137.14999389648438,132.42999267578125,135.8000030517578,134.6868133544922,32258000
2023-12-19,196.16000366210938,196.9499969482422,195.88999938964844,196.94000244140625,194.9151153564453,40714100,49.42399978637695,49.70000076293945,48.89500045776367,49.604000091552734,49.57369613647461,464444000,136.83999633789062,137.47000122070312,136.0800018310547,136.64999389648438,135.52984619140625,25476800
2023-12-20,196.89999389648438,197.67999267578125,194.8300018310547,194.8300018310547,192.82684326171875,52242800,49.654998779296875,49.999000549316406,48.097999572753906,48.111000061035156,48.081607818603516,397894000,138.97000122070312,141.6999969482422,138.07000732421875,138.33999633789062,137.2059783935547,49107200
2023-12-21,196.10000610351562,197.0800018310547,193.5,194.67999267578125,192.6783447265625,46482500,48.81100082397461,49.095001220703125,48.41899871826172,48.9900016784668,48.9600715637207,300425000,139.49000549316406,140.69000244140625,139.17999267578125,140.4199981689453,139.26895141601562,27488300
2023-12-22,195.17999267578125,195.41000366210938,192.97000122070312,193.60000610351562,191.60948181152344,37149600,49.19499969482422,49.382999420166016,48.46699905395508,48.83000183105469,48.800167083740234,252507000,140.77000427246094,141.99000549316406,140.7100067138672,141.49000549316406,140.33016967773438,26532200
2023-12-26,193.61000061035156,193.88999938964844,192.8300018310547,193.0500030517578,191.06512451171875,28919300,48.96799850463867,49.599998474121094,48.959999084472656,49.27899932861328,49.2488899230957,244200000,141.58999633789062,142.67999267578125,141.19000244140625,141.52000427246094,140.35992431640625,16780300
2023-12-27,192.49000549316406,193.5,191.08999633789062,193.14999389648438,191.16409301757812,48087700,49.51100158691406,49.68000030517578,49.084999084472656,49.41699981689453,49.38681411743164,233648000,141.58999633789062,142.0800018310547,139.88999938964844,140.3699951171875,139.21934509277344,19628600
2023-12-28,194.13999938964844,194.66000366210938,193.1699981689453,193.5800018310547,191.5896759033203,34049900,49.643001556396484,49.88399887084961,49.4119987487793,49.52199935913086,49.49175262451172,246587000,140.77999877929688,141.13999938964844,139.75,140.22999572753906,139.08050537109375,16045700
2023-12-29,193.89999389648438,194.39999389648438,191.72999572753906,192.52999877929688,190.5504608154297,42672100,49.8129997253418,49.99700164794922,48.750999450683594,49.52199935913086,49.49175262451172,389293000,139.6300048828125,140.36000061035156,138.77999877929688,139.69000244140625,138.544921875,18733000
2024-01-02,187.14999389648438,188.44000244140625,183.88999938964844,185.63999938964844,183.73130798339844,82488700,49.24399948120117,49.29499816894531,47.595001220703125,48.167999267578125,48.13856887817383,411254000,138.5500030517578,139.4499969482422,136.47999572753906,138.1699981689453,137.03736877441406,23711200
2024-01-03,184.22000122070312,185.8800048828125,183.42999267578125,184.25,182.3555908203125,58414500,47.48500061035156,48.183998107910156,47.31999969482422,47.569000244140625,47.539939880371094,320896000,137.25,139.6300048828125,137.0800018310547,138.9199981689453,137.78126525878906,24212100
2024-01-04,182.14999389648438,183.08999633789062,180.8800048828125,181.91000366210938,180.03965759277344,71983600,47.766998291015625,48.5,47.507999420166016,47.99800109863281,47.96868133544922,306535000,138.4199981689453,139.16000366210938,136.35000610351562,136.38999938964844,135.27195739746094,27137700
2024-01-05,181.99000549316406,182.75999450683594,180.1699981689453,181.17999267578125,179.31715393066406,62379700,48.46200180053711,49.547000885009766,48.305999755859375,49.09700012207031,49.06700897216797,415039000,136.75,137.16000366210938,135.14999389648438,135.72999572753906,134.6173858642578,22513900
2024-01-08,182.08999633789062,185.60000610351562,181.5,185.55999755859375,183.6521453857422,59144500,49.512001037597656,52.275001525878906,49.479000091552734,52.25299835205078,52.22108459472656,642510000,136.2899932861328,139.00999450683594,136.25999450683594,138.83999633789062,137.70188903808594,21404000
2024-01-09,183.9199981689453,185.14999389648438,182.72999572753906,185.13999938964844,183.23646545410156,42841800,52.4010009765625,54.32500076293945,51.689998626708984,53.13999938964844,53.107540130615234,773100000,138.5,141.49000549316406,138.14999389648438,140.9499969482422,139.79458618164062,24759600
2024-01-10,184.35000610351562,186.39999389648438,183.9199981689453,186.19000244140625,184.27565002441406,46792900,53.61600112915039,54.599998474121094,53.48899841308594,54.349998474121094,54.31679916381836,533796000,141.0,143.0,140.91000366210938,142.27999877929688,141.1136932373047,21320200
2024-01-11,186.5399932861328,187.0500030517578,183.6199951171875,185.58999633789062,183.68182373046875,49128400,54.999000549316406,55.34600067138672,53.560001373291016,54.821998596191406,54.78850555419922,596759000,143.49000549316406,145.22000122070312,140.63999938964844,142.0800018310547,140.91534423828125,24008700
2024-01-12,186.05999755859375,186.74000549316406,185.19000244140625,185.9199981689453,184.0084228515625,40477800,54.619998931884766,54.970001220703125,54.33000183105469,54.709999084472656,54.676578521728516,352994000,142.6699981689453,143.1999969482422,141.82000732421875,142.64999389648438,141.48065185546875,18785500
2024-01-16,182.16000366210938,184.25999450683594,180.92999267578125,183.6300048828125,181.7419891357422,65603000,55.018001556396484,56.834999084472656,54.900001525878906,56.38199996948242,56.34755325317383,449580000,142.0,144.35000610351562,141.4499969482422,142.49000549316406,141.3219757080078,22670500
2024-01-17,181.27000427246094,182.92999267578125,180.3000030517578,182.67999267578125,180.80174255371094,47317400,56.34700012207031,56.47100067138672,54.7400016784668,56.053001403808594,56.01875686645508,474394000,141.35000610351562,141.83999633789062,138.89999389648438,141.47000122070312,140.3103485107422,20968600
2024-01-18,186.08999633789062,189.13999938964844,185.8300018310547,188.6300048828125,186.69058227539062,78005800,57.2599983215332,57.599998474121094,56.106998443603516,57.106998443603516,57.072113037109375,491650000,142.0500030517578,144.2100067138672,141.99000549316406,143.47999572753906,142.3038787841797,25746400
2024-01-19,189.3300018310547,191.9499969482422,188.82000732421875,191.55999755859375,189.59043884277344,68903000,57.98899841308594,59.5,57.224998474121094,59.49100112915039,59.454654693603516,543501000,144.74000549316406,146.4499969482422,144.3800048828125,146.3800048828125,145.1800994873047,34271900
2024-01-22,192.3000030517578,195.3300018310547,192.25999450683594,193.88999938964844,191.89646911621094,60133900,60.04899978637695,60.33100128173828,59.06999969482422,59.65399932861328,59.617557525634766,452955000,147.10000610351562,148.38999938964844,145.83999633789062,145.99000549316406,144.79330444335938,32200400
2024-01-23,195.02000427246094,195.75,193.8300018310547,195.17999267578125,193.17323303222656,42355600,59.56999969482422,59.90999984741211,58.584999084472656,59.87300109863281,59.83642578125,294654000,145.88999938964844,147.17999267578125,145.5,147.0399932861328,145.8346710205078,21636100
2024-01-24,195.4199981689453,196.3800048828125,194.33999633789062,194.5,192.50021362304688,53631300,60.30400085449219,62.8489990234375,59.9379997253418,61.36199951171875,61.32451248168945,560271000,148.5399932861328,149.85000610351562,148.10000610351562,148.6999969482422,147.48106384277344,25233500
2024-01-25,195.22000122070312,196.27000427246094,193.11000061035156,194.1699981689453,192.173583984375,54822100,62.349998474121094,62.71900177001953,60.849998474121094,61.617000579833984,61.5793571472168,482777000,150.07000732421875,153.0500030517578,149.5399932861328,151.8699951171875,150.62509155273438,29149100
2024-01-26,194.27000427246094,194.75999450683594,191.94000244140625,192.4199981689453,190.44158935546875,44594000,60.959999084472656,61.78300094604492,60.573001861572266,61.03099822998047,60.99371337890625,390309000,151.10000610351562,152.5399932861328,151.00999450683594,152.19000244140625,150.9424591064453,26115500
2024-01-29,192.00999450683594,192.1999969482422,189.5800018310547,191.72999572753906,189.7586669921875,47145600,61.231998443603516,62.48899841308594,60.90700149536133,62.46500015258789,62.426841735839844,348733000,152.05999755859375,153.77999877929688,151.42999267578125,153.50999450683594,152.2516326904297,27784300
2024-01-30,190.94000244140625,191.8000030517578,187.47000122070312,188.0399932861328,186.1066131591797,55859400,62.900001525878906,63.49300003051758,62.2599983215332,62.77399826049805,62.73564529418945,410735000,152.8000030517578,153.6199951171875,151.19000244140625,151.4600067138672,150.21844482421875,36331800
2024-01-31,187.0399932861328,187.10000610351562,184.35000610351562,184.39999389648438,182.50405883789062,55467800,61.439998626708984,62.26900100708008,60.70000076293945,61.527000427246094,61.489410400390625,453795000,143.6199951171875,144.0,139.8699951171875,140.10000610351562,138.9515838623047,71910000
2024-02-01,183.99000549316406,186.9499969482422,183.82000732421875,186.86000061035156,184.9387664794922,64885400,62.099998474121094,63.191001892089844,61.650001525878906,63.027000427246094,62.98849868774414,369146000,142.1199951171875,143.05999755859375,140.7899932861328,141.16000366210938,140.0028839111328,40466500
2024-02-02,179.86000061035156,187.3300018310547,179.25,185.85000610351562,183.93914794921875,102551700,63.9739990234375,66.5999984741211,63.689998626708984,66.16000366210938,66.11958312988281,476578000,139.25999450683594,142.6199951171875,136.5,142.3800048828125,141.212890625,62499600
2024-02-05,188.14999389648438,189.25,185.83999633789062,187.67999267578125,185.7503204345703,69668800,68.2249984741211,69.49700164794922,67.20500183105469,69.33200073242188,69.2896499633789,680078000,142.82000732421875,145.47000122070312,142.77999877929688,143.67999267578125,142.50221252441406,38505400
2024-02-06,186.86000061035156,189.30999755859375,186.77000427246094,189.3000030517578,187.35366821289062,43490800,69.62999725341797,69.75399780273438,66.30000305175781,68.2229995727539,68.18132019042969,683111000,144.64999389648438,145.36000061035156,143.19000244140625,144.10000610351562,142.91879272460938,29128200
2024-02-07,190.63999938964844,191.0500030517578,188.61000061035156,189.41000366210938,187.4625244140625,53439000,68.31900024414062,70.22000122070312,67.5999984741211,70.0989990234375,70.05616760253906,495575000,144.75999450683594,145.6199951171875,143.92999267578125,145.5399932861328,144.34698486328125,25208900
2024-02-08,189.38999938964844,189.5399932861328,187.35000610351562,188.32000732421875,186.38375854492188,40962000,70.0739974975586,70.79399871826172,69.45500183105469,69.64099884033203,69.59844207763672,414422000,145.8300018310547,146.3300018310547,145.10000610351562,145.91000366210938,144.71395874023438,22563800
2024-02-09,188.64999389648438,189.99000549316406,188.0,188.85000610351562,187.1468048095703,45155200,70.53299713134766,72.18499755859375,70.21199798583984,72.13300323486328,72.08893585205078,436637000,146.67999267578125,149.44000244140625,146.17999267578125,149.0,147.77862548828125,26829500
2024-02-12,188.4199981689453,188.6699981689453,186.7899932861328,187.14999389648438,185.46212768554688,41781900,72.5999984741211,74.61100006103516,71.25,72.24800109863281,72.203857421875,613710000,148.4199981689453,149.33999633789062,147.3699951171875,147.52999877929688,146.32066345214844,21564100
2024-02-13,185.77000427246094,186.2100067138672,183.50999450683594,185.0399932861328,183.3711700439453,56529500,70.4000015258789,73.44999694824219,69.62000274658203,72.12799835205078,72.08393859863281,602580000,144.9199981689453,146.6699981689453,143.69000244140625,145.13999938964844,143.95025634765625,27837700
2024-02-14,185.32000732421875,185.52999877929688,182.44000244140625,184.14999389648438,182.4891815185547,54630500,73.2020034790039,74.23600006103516,71.93800354003906,73.9000015258789,73.8548583984375,504917000,146.0800018310547,146.52000427246094,144.08999633789062,145.94000244140625,144.7436981201172,22704200
2024-02-15,183.5500030517578,184.49000549316406,181.35000610351562,183.86000061035156,182.20181274414062,65434500,73.86900329589844,73.9749984741211,72.4000015258789,72.65799713134766,72.61360931396484,420122000,143.13999938964844,143.52000427246094,140.4600067138672,142.77000427246094,141.59970092773438,37590700
2024-02-16,183.4199981689453,184.85000610351562,181.6699981689453,182.30999755859375,180.66578674316406,49752500,74.0999984741211,74.4020004272461,72.5009994506836,72.61299896240234,72.56863403320312,495327000,142.99000549316406,143.19000244140625,140.13999938964844,140.52000427246094,139.3681182861328,31468900
2024-02-20,181.7899932861328,182.42999267578125,180.0,181.55999755859375,179.9225616455078,53665600,71.9469985961914,71.95600128173828,67.73400115966797,69.4520034790039,69.4095687866211,704833000,139.66000366210938,142.0800018310547,139.49000549316406,141.1199951171875,139.9632110595703,25144700
2024-02-21,181.94000244140625,182.88999938964844,180.66000366210938,182.32000732421875,180.67567443847656,41371400,68.00599670410156,68.88800048828125,66.24800109863281,67.47200012207031,67.4307861328125,673755000,141.4499969482422,142.69000244140625,140.67999267578125,142.5500030517578,141.38148498535156,23223300
2024-02-22,183.47999572753906,184.9600067138672,182.4600067138672,184.3699951171875,182.7071990966797,52292200,75.0250015258789,78.57499694824219,74.22000122070312,78.53800201416016,78.49002075195312,865100000,144.92999267578125,145.0,142.8000030517578,144.08999633789062,142.90884399414062,27191900
2024-02-23,185.00999450683594,185.0399932861328,182.22999572753906,182.52000427246094,180.87388610839844,45119700,80.79000091552734,82.39399719238281,77.56999969482422,78.81700134277344,78.76885986328125,829388000,143.6699981689453,144.67999267578125,143.42999267578125,143.9600067138672,142.77993774414062,19493800
2024-02-26,182.24000549316406,182.75999450683594,180.64999389648438,181.16000366210938,179.52615356445312,40867400,79.69999694824219,80.64600372314453,78.50499725341797,79.09200286865234,79.04368591308594,503973000,142.13999938964844,142.44000244140625,137.38999938964844,137.57000732421875,136.4423065185547,53641800
2024-02-27,181.10000610351562,183.9199981689453,179.55999755859375,182.6300048828125,180.98291015625,54318900,79.38099670410156,79.4800033569336,77.16200256347656,78.70099639892578,78.65292358398438,391705000,138.02000427246094,139.25,137.08999633789062,138.8800048828125,137.7415771484375,33099200
2024-02-28,182.50999450683594,183.1199951171875,180.1300048828125,181.4199981689453,179.7838134765625,48953900,77.62000274658203,78.93299865722656,77.125,77.66300201416016,77.61555480957031,393110000,137.89999389648438,138.00999450683594,135.41000366210938,136.3800048828125,135.26206970214844,37328600
2024-02-29,181.27000427246094,182.57000732421875,179.52999877929688,180.75,179.11984252929688,136682600,79.09400177001953,79.98999786376953,78.3499984741211,79.11199951171875,79.06366729736328,507289000,137.27999877929688,138.86000061035156,136.39999389648438,138.4600067138672,137.32501220703125,42133000
2024-03-01,179.5500030517578,180.52999877929688,177.3800048828125,179.66000366210938,178.03968811035156,73563100,80.0,82.30000305175781,79.43499755859375,82.27899932861328,82.2287368774414,479135000,138.42999267578125,138.8699951171875,136.9199981689453,137.13999938964844,136.01580810546875,31151100
2024-03-04,176.14999389648438,176.89999389648438,173.7899932861328,175.10000610351562,173.52084350585938,81510100,84.12999725341797,87.69499969482422,83.71900177001953,85.23699951171875,85.18492889404297,615616000,135.66000366210938,135.66000366210938,131.91000366210938,133.35000610351562,132.25689697265625,55999400
2024-03-05,170.75999450683594,172.0399932861328,169.6199951171875,170.1199951171875,168.58572387695312,95132400,85.2699966430664,86.09700012207031,83.41699981689453,85.96399688720703,85.91551208496094,520639000,131.8800048828125,133.24000549316406,130.6699981689453,132.6699981689453,131.5824737548828,40194800
2024-03-06,171.05999755859375,171.24000549316406,168.67999267578125,169.1199951171875,167.59474182128906,68587700,88.02200317382812,89.7239990234375,87.02999877929688,88.69999694824219,88.64997100830078,582520000,133.1199951171875,133.5800018310547,130.85000610351562,131.39999389648438,130.32286071777344,35318600
2024-03-07,169.14999389648438,170.72999572753906,168.49000549316406,169.0,167.47579956054688,71765100,90.15799713134766,92.76699829101562,89.60199737548828,92.66899871826172,92.6167221069336,608119000,132.7899932861328,134.94000244140625,131.61000061035156,134.3800048828125,133.27845764160156,37738200
2024-03-08,169.0,173.6999969482422,168.94000244140625,170.72999572753906,169.1902313232422,76267000,95.13800048828125,97.4000015258789,86.50599670410156,87.52799987792969,87.47863006591797,1142269000,134.2100067138672,138.08999633789062,134.0,135.41000366210938,134.30001831054688,39370400
2024-03-11,172.94000244140625,174.3800048828125,172.0500030517578,172.75,171.1920166015625,60139500,86.42900085449219,88.7969970703125,84.16600036621094,85.77400207519531,85.72562408447266,678364000,136.1300048828125,139.10000610351562,136.1300048828125,137.6699981689453,136.54150390625,32437800
2024-03-12,173.14999389648438,174.02999877929688,171.00999450683594,173.22999572753906,171.66766357421875,59825400,88.04900360107422,91.95999908447266,86.1500015258789,91.91300201416016,91.86116027832031,668075000,137.02999877929688,139.3800048828125,137.02999877929688,138.5,137.3646697998047,27563400
2024-03-13,172.77000427246094,173.19000244140625,170.75999450683594,171.1300048828125,169.58663940429688,52488700,91.05500030517578,91.50399780273438,88.43499755859375,90.88800048828125,90.83673858642578,635713000,139.0,141.08999633789062,138.99000549316406,139.7899932861328,138.64410400390625,23347200
2024-03-14,172.91000366210938,174.30999755859375,172.0500030517578,173.0,171.43975830078125,72913500,89.5770034790039,90.64600372314453,86.5999984741211,87.94400024414062,87.89439392089844,602318000,141.19000244140625,143.58999633789062,140.4600067138672,143.10000610351562,141.92698669433594,42753400
2024-03-15,171.1699981689453,172.6199951171875,170.2899932861328,172.6199951171875,171.0631561279297,121752700,86.93000030517578,89.5459976196289,86.25700378417969,87.83699798583984,87.7874526977539,642086000,142.5,143.17999267578125,140.02999877929688,141.17999267578125,140.02272033691406,49475400
2024-03-18,175.57000732421875,177.7100067138672,173.52000427246094,173.72000122070312,172.15325927734375,75604200,90.38800048828125,92.40499877929688,87.08499908447266,88.45500183105469,88.40512084960938,668976000,148.61000061035156,152.14999389648438,147.1699981689453,147.67999267578125,146.46942138671875,69273700
2024-03-19,174.33999633789062,176.61000061035156,173.02999877929688,176.0800018310547,174.49197387695312,55215200,86.69999694824219,90.54399871826172,85.01000213623047,89.39800262451172,89.34757995605469,672171000,148.16000366210938,148.7899932861328,146.0800018310547,147.02999877929688,145.82476806640625,24070400
2024-03-20,175.72000122070312,178.6699981689453,175.08999633789062,178.6699981689453,177.05862426757812,53423100,89.7969970703125,90.41000366210938,88.2229995727539,90.37200164794922,90.32102966308594,479063000,148.0,148.86000061035156,146.74000549316406,148.74000549316406,147.520751953125,21311500
2024-03-21,177.0500030517578,177.49000549316406,170.83999633789062,171.3699951171875,169.82443237304688,106181300,92.30000305175781,92.64800262451172,90.40499877929688,91.43499755859375,91.38343048095703,480372000,149.47000122070312,150.3699951171875,146.89999389648438,147.60000610351562,146.39012145996094,24755600
2024-03-22,171.75999450683594,173.0500030517578,170.05999755859375,172.27999877929688,170.72625732421875,71160100,91.14099884033203,94.77799987792969,90.83399963378906,94.28900146484375,94.2358169555664,586719000,149.1199951171875,151.5800018310547,148.97999572753906,150.77000427246094,149.5341033935547,29211800
2024-03-25,170.57000732421875,171.94000244140625,169.4499969482422,170.85000610351562,169.3091278076172,54288300,93.94100189208984,96.76599884033203,93.51000213623047,95.00199890136719,94.94840240478516,552136000,149.94000244140625,150.3800048828125,147.82000732421875,150.07000732421875,148.83984375,19229300
2024-03-26,170.0,171.4199981689453,169.5800018310547,169.7100067138672,168.17945861816406,57388400,95.85099792480469,96.375,92.50199890136719,92.56099700927734,92.50880432128906,513648000,150.22000122070312,152.25999450683594,149.97999572753906,150.6699981689453,149.43492126464844,22149100
2024-03-27,170.41000366210938,173.60000610351562,170.11000061035156,173.30999755859375,171.7469482421875,60273300,93.11199951171875,93.23999786376953,89.12300109863281,90.25,90.1990966796875,586067000,151.17999267578125,151.63999938964844,148.89999389648438,150.8699951171875,149.63328552246094,22879200
2024-03-28,171.75,172.22999572753906,170.50999450683594,171.47999572753906,169.9334716796875,65672700,90.0,91.30000305175781,89.19300079345703,90.35600280761719,90.3050308227539,435212000,150.85000610351562,151.42999267578125,150.1699981689453,150.92999267578125,149.69276428222656,24485400
2024-04-01,171.19000244140625,171.25,169.47999572753906,170.02999877929688,168.49652099609375,46240500,90.29900360107422,92.2249984741211,89.2040023803711,90.36299896240234,90.31202697753906,452441000,150.69000244140625,155.74000549316406,150.61000061035156,155.49000549316406,154.2154083251953,31730800
2024-04-02,169.0800018310547,169.33999633789062,168.22999572753906,168.83999633789062,167.31727600097656,49329500,88.447998046875,90.09400177001953,87.62000274658203,89.4520034790039,89.40155792236328,433064000,153.5,154.6999969482422,152.14999389648438,154.55999755859375,153.29302978515625,24586000
2024-04-03,168.7899932861328,170.67999267578125,168.5800018310547,169.64999389648438,168.11996459960938,47691700,88.48400115966797,90.3740005493164,88.4000015258789,88.96399688720703,88.913818359375,370067000,153.60000610351562,155.0800018310547,152.72999572753906,154.9199981689453,153.65008544921875,24705000
2024-04-04,170.2899932861328,171.9199981689453,168.82000732421875,168.82000732421875,167.29745483398438,53704400,90.40599822998047,90.63400268554688,85.87999725341797,85.90499877929688,85.8565444946289,434965000,153.5,154.77000427246094,150.4499969482422,150.52999877929688,149.2960662841797,34724700
2024-04-05,169.58999633789062,170.38999938964844,168.9499969482422,169.5800018310547,168.05059814453125,42104800,86.86599731445312,88.48100280761719,85.9260025024414,88.00800323486328,87.95838165283203,399678000,150.02999877929688,153.4199981689453,149.60000610351562,152.5,151.2499237060547,23459200
2024-04-08,169.02999877929688,169.1999969482422,168.24000549316406,168.4499969482422,166.93080139160156,37425500,88.69999694824219,88.83000183105469,86.73200225830078,87.13300323486328,87.08384704589844,283220000,152.77999877929688,155.27000427246094,152.61000061035156,154.85000610351562,153.58065795898438,20702000
2024-04-09,168.6999969482422,170.0800018310547,168.35000610351562,169.6699981689453,168.13978576660156,42373800,87.44200134277344,87.63500213623047,83.02200317382812,85.35399627685547,85.30584716796875,501700000,156.08999633789062,158.55999755859375,155.19000244140625,156.60000610351562,155.3163299560547,31079500
2024-04-10,168.8000030517578,169.08999633789062,167.11000061035156,167.77999877929688,166.266845703125,49709300,83.9260025024414,87.4000015258789,83.70899963378906,87.03900146484375,86.98990631103516,431929000,156.2100067138672,156.61000061035156,154.67999267578125,156.13999938964844,154.86009216308594,22838600
2024-04-11,168.33999633789062,175.4600067138672,168.16000366210938,175.0399932861328,173.46133422851562,91070300,87.41999816894531,90.73899841308594,86.9260025024414,90.61599731445312,90.56487274169922,431637000,156.91000366210938,159.67999267578125,156.4600067138672,159.41000366210938,158.10328674316406,27166400
2024-04-12,174.25999450683594,178.36000061035156,174.2100067138672,176.5500030517578,174.95774841308594,101670900,89.6989974975586,90.17500305175781,87.52999877929688,88.18599700927734,88.13626098632812,426805000,157.9600067138672,160.22000122070312,157.13999938964844,157.72999572753906,156.43704223632812,25353700
2024-04-15,175.36000061035156,176.6300048828125,172.5,172.69000244140625,171.13255310058594,73531800,89.0979995727539,90.61299896240234,85.92900085449219,86.0009994506836,85.9524917602539,443077000,158.86000061035156,159.24000549316406,154.58999633789062,154.86000061035156,153.590576171875,27136500
2024-04-16,171.75,173.75999450683594,168.27000427246094,169.3800048828125,167.85240173339844,73711200,86.43299865722656,88.11799621582031,86.06400299072266,87.41500091552734,87.36569213867188,370453000,154.19000244140625,155.64999389648438,153.42999267578125,154.39999389648438,153.13433837890625,20779500
2024-04-17,169.61000061035156,170.64999389648438,168.0,168.0,166.48484802246094,50901200,88.33999633789062,88.7750015258789,83.94999694824219,84.03500366210938,83.98759460449219,495400000,155.6199951171875,157.0800018310547,154.5800018310547,155.47000122070312,154.19558715820312,21763100
2024-04-18,168.02999877929688,168.63999938964844,166.5500030517578,167.0399932861328,165.53347778320312,43122900,84.97000122070312,86.19000244140625,82.4020004272461,84.6709976196289,84.62323760986328,447260000,155.33999633789062,156.94000244140625,154.6199951171875,156.00999450683594,154.73114013671875,19883000
2024-04-19,166.2100067138672,166.39999389648438,164.0800018310547,165.0,163.5119171142578,68149400,83.1500015258789,84.3239974975586,75.60600280761719,76.19999694824219,76.15702819824219,875198000,156.1999969482422,156.36000061035156,152.3000030517578,154.08999633789062,152.82688903808594,32615600
2024-04-22,165.52000427246094,167.25999450683594,164.77000427246094,165.83999633789062,164.34429931640625,48116400,78.10399627685547,80.072998046875,76.4000015258789,79.51799774169922,79.47314453125,596341000,154.30999755859375,157.63999938964844,154.05999755859375,156.27999877929688,154.9989471435547,26446200
2024-04-23,165.35000610351562,167.0500030517578,164.9199981689453,166.89999389648438,165.394775390625,49537800,80.76899719238281,82.76899719238281,80.26399993896484,82.4229965209961,82.37651062011719,438559000,156.9600067138672,158.97000122070312,156.27999877929688,158.25999450683594,156.96267700195312,21151600
2024-04-24,166.5399932861328,169.3000030517578,166.2100067138672,169.02000427246094,167.4956817626953,48251800,83.94999694824219,84.08200073242188,79.18299865722656,79.677001953125,79.63206481933594,512208000,157.49000549316406,159.57000732421875,157.1699981689453,159.1300048828125,157.82557678222656,22779100
2024-04-25,169.52999877929688,170.61000061035156,168.14999389648438,169.88999938964844,168.35780334472656,50558300,78.86799621582031,83.322998046875,78.2229995727539,82.63200378417969,82.58538818359375,424641000,151.3300018310547,156.49000549316406,150.8699951171875,156.0,154.72122192382812,57109700
2024-04-26,169.8800048828125,171.33999633789062,169.17999267578125,169.3000030517578,167.77313232421875,44838400,83.81800079345703,88.33100128173828,83.38700103759766,87.73500061035156,87.6855239868164,551011000,174.3699951171875,174.7100067138672,169.64999389648438,171.9499969482422,170.54049682617188,64665300
2024-04-29,173.3699951171875,176.02999877929688,173.10000610351562,173.5,171.9352264404297,68169400,87.59500122070312,87.99199676513672,85.26599884033203,87.75700378417969,87.70751190185547,388971000,169.05999755859375,169.5500030517578,165.2100067138672,166.14999389648438,164.78802490234375,45610000
2024-04-30,173.3300018310547,174.99000549316406,170.0,170.3300018310547,168.79383850097656,65934800,87.23999786376953,88.81900024414062,86.30000305175781,86.4020004272461,86.35327911376953,363709000,165.61000061035156,168.10000610351562,162.60000610351562,162.77999877929688,161.44564819335938,33562900
2024-05-01,169.5800018310547,172.7100067138672,169.11000061035156,169.3000030517578,167.77313232421875,50383100,85.0770034790039,86.0,81.25499725341797,83.04100036621094,82.99414825439453,559863000,164.3000030517578,167.1199951171875,163.08999633789062,163.86000061035156,162.5167694091797,33493200
2024-05-02,172.50999450683594,173.4199981689453,170.88999938964844,173.02999877929688,171.469482421875,94214900,84.4489974975586,86.23699951171875,83.19999694824219,85.81700134277344,85.76859283447266,377898000,164.7899932861328,166.72999572753906,163.88999938964844,166.6199951171875,165.254150390625,24294500
2024-05-03,186.64999389648438,187.0,182.66000366210938,183.3800048828125,181.72613525390625,163224100,87.78900146484375,89.28099822998047,87.04000091552734,88.78900146484375,88.73892211914062,398341000,167.55999755859375,167.9600067138672,163.0500030517578,167.24000549316406,165.86911010742188,34662400
2024-05-06,182.35000610351562,184.1999969482422,180.4199981689453,181.7100067138672,180.07119750976562,78569700,89.38999938964844,92.22000122070312,89.05500030517578,92.13999938964844,92.08802795410156,376203000,167.4600067138672,168.13999938964844,166.02999877929688,168.10000610351562,166.7220458984375,21871300
2024-05-07,183.4499969482422,184.89999389648438,181.32000732421875,182.39999389648438,180.75497436523438,77305800,91.0979995727539,91.78099822998047,89.01100158691406,90.55400085449219,90.5029296875,437342000,168.5,171.75999450683594,168.38999938964844,171.25,169.84620666503906,28039700
2024-05-08,182.85000610351562,183.07000732421875,181.4499969482422,182.74000549316406,181.0919189453125,45057100,89.48300170898438,91.19400024414062,89.41999816894531,90.41200256347656,90.36102294921875,325721000,169.0,170.14999389648438,168.74000549316406,169.3800048828125,167.99159240722656,19569100
2024-05-09,182.55999755859375,184.66000366210938,182.11000061035156,184.57000732421875,182.90542602539062,48983000,90.52899932861328,91.0719985961914,88.23100280761719,88.74700164794922,88.69695281982422,378013000,169.38999938964844,170.69000244140625,168.17999267578125,169.9600067138672,168.56680297851562,15346700
2024-05-10,184.89999389648438,185.08999633789062,182.1300048828125,183.0500030517578,181.6451416015625,50759500,90.30500030517578,91.4010009765625,89.22699737548828,89.87799835205078,89.82730865478516,335325000,168.02999877929688,169.85000610351562,166.19000244140625,168.64999389648438,167.2675323486328,29799900
2024-05-13,185.44000244140625,187.10000610351562,184.6199951171875,186.27999877929688,184.850341796875,72044800,90.47799682617188,90.99800109863281,88.52899932861328,90.39900207519531,90.3480224609375,289680000,164.25999450683594,169.27999877929688,164.0,169.13999938964844,167.7535400390625,31327600
2024-05-14,187.50999450683594,188.3000030517578,186.2899932861328,187.42999267578125,185.99154663085938,52393600,89.5989990234375,91.6510009765625,88.93399810791016,91.35600280761719,91.30447387695312,296507000,169.77000427246094,171.25,168.8000030517578,170.33999633789062,168.9436798095703,25127100
2024-05-15,187.91000366210938,190.64999389648438,187.3699951171875,189.72000122070312,188.2639923095703,70400000,92.47200012207031,94.86199951171875,91.5989990234375,94.62999725341797,94.57662963867188,417735000,170.6300048828125,172.64999389648438,170.50999450683594,172.50999450683594,171.09588623046875,26948400
2024-05-16,190.47000122070312,191.10000610351562,189.66000366210938,189.83999633789062,188.383056640625,52845200,94.91000366210938,95.81900024414062,94.10299682617188,94.35900115966797,94.30577850341797,323952000,173.2899932861328,175.1199951171875,172.69000244140625,174.17999267578125,172.75218200683594,27867900
2024-05-17,189.50999450683594,190.80999755859375,189.17999267578125,189.8699951171875,188.41281127929688,41282900,94.36900329589844,94.73999786376953,91.80599975585938,92.47899627685547,92.42682647705078,359691000,174.17999267578125,176.27000427246094,173.69000244140625,176.05999755859375,174.61680603027344,24479300
2024-05-20,189.3300018310547,191.9199981689453,189.00999450683594,191.0399932861328,189.57382202148438,44361300,93.75,95.19999694824219,93.44000244140625,94.77999877929688,94.72654724121094,318764000,176.19000244140625,178.77000427246094,176.0800018310547,176.9199981689453,175.46974182128906,22554400
2024-05-21,191.08999633789062,192.72999572753906,190.9199981689453,192.35000610351562,190.873779296875,42309400,93.5989990234375,95.4000015258789,93.18000030517578,95.38600158691406,95.33220672607422,328946000,176.89999389648438,178.14999389648438,175.80999755859375,177.85000610351562,176.39212036132812,16989400
2024-05-22,192.27000427246094,192.82000732421875,190.27000427246094,190.89999389648438,189.4348907470703,34648500,95.45899963378906,96.0199966430664,93.2490005493164,94.94999694824219,94.89644622802734,548648000,176.63999938964844,177.14999389648438,175.2100067138672,176.3800048828125,174.9341583251953,17880000
2024-05-23,190.97999572753906,191.0,186.6300048828125,186.8800048828125,185.44578552246094,51005900,102.02799987792969,106.31999969482422,101.5199966430664,103.79900360107422,103.74046325683594,835065000,177.07000732421875,178.25,172.9499969482422,173.5500030517578,172.12734985351562,21024900
2024-05-24,188.82000732421875,190.5800018310547,188.0399932861328,189.97999572753906,188.52197265625,36327000,104.4489974975586,106.4749984741211,103.0,106.46900177001953,106.40895080566406,429494000,174.97999572753906,175.77000427246094,173.64999389648438,174.99000549316406,173.55557250976562,16579400
2024-05-28,191.50999450683594,193.0,189.10000610351562,189.99000549316406,188.53189086914062,52280100,110.24400329589844,114.93900299072266,109.88300323486328,113.9010009765625,113.83675384521484,652728000,174.4499969482422,177.27000427246094,174.3699951171875,176.39999389648438,174.95399475097656,20572200
2024-05-29,189.61000061035156,192.25,189.50999450683594,190.2899932861328,188.82960510253906,53068000,113.05000305175781,115.49199676513672,110.9010009765625,114.82499694824219,114.76023864746094,557442000,175.42999267578125,176.83999633789062,174.72000122070312,175.89999389648438,174.45809936523438,23388700
2024-05-30,190.75999450683594,192.17999267578125,190.6300048828125,191.2899932861328,189.82191467285156,49889100,114.6500015258789,115.81900024414062,109.66300201416016,110.5,110.43766021728516,484553000,175.1999969482422,175.22000122070312,171.7899932861328,172.11000061035156,170.6991729736328,22931500
2024-05-31,191.44000244140625,192.57000732421875,189.91000366210938,192.25,190.77456665039062,75158300,112.5199966430664,112.71700286865234,106.94000244140625,109.63300323486328,109.5711669921875,613263000,171.86000061035156,173.05999755859375,169.44000244140625,172.5,171.08596801757812,37638900
2024-06-03,192.89999389648438,194.99000549316406,192.52000427246094,194.02999877929688,192.54086303710938,50080500,113.62100219726562,115.0,112.00299835205078,115.0,114.93512725830078,438392000,172.5399932861328,174.52999877929688,171.16000366210938,173.1699981689453,171.75047302246094,27459100
2024-06-04,194.63999938964844,195.32000732421875,193.02999877929688,194.35000610351562,192.8584442138672,47471400,115.71600341796875,116.5999984741211,114.04499816894531,116.43699645996094,116.37132263183594,403324000,173.27999877929688,173.85000610351562,171.88999938964844,173.7899932861328,172.36537170410156,26879600
2024-06-05,195.39999389648438,196.89999389648438,194.8699951171875,195.8699951171875,194.36676025390625,54156800,118.37100219726562,122.4489974975586,117.46800231933594,122.44000244140625,122.37095642089844,528402000,175.1999969482422,176.64999389648438,173.92999267578125,175.41000366210938,173.97215270996094,22068500
2024-06-06,195.69000244140625,196.5,194.1699981689453,194.47999572753906,192.98744201660156,41181800,124.0479965209961,125.58699798583984,118.31999969482422,120.99800109863281,120.92975616455078,664696000,175.89999389648438,177.14999389648438,175.75,176.72999572753906,175.28128051757812,23251000
2024-06-07,194.64999389648438,196.94000244140625,194.13999938964844,196.88999938964844,195.37893676757812,53103900,119.7699966430664,121.69200134277344,118.02200317382812,120.88800048828125,120.81982421875,412386000,177.0500030517578,177.8699951171875,174.3000030517578,174.4600067138672,173.0299072265625,19661400
2024-06-10,196.89999389648438,197.3000030517578,192.14999389648438,193.1199951171875,191.6378631591797,97010200,120.37000274658203,123.0999984741211,117.01000213623047,121.79000091552734,121.7213134765625,313434100,174.97000122070312,177.05999755859375,172.75999450683594,175.00999450683594,173.7746124267578,23726700
2024-06-11,193.64999389648438,207.16000366210938,193.6300048828125,207.14999389648438,205.56016540527344,172373300,121.7699966430664,122.87000274658203,118.73999786376953,120.91000366210938,120.85173034667969,222551200,176.22000122070312,176.83999633789062,173.77000427246094,176.6199951171875,175.3732452392578,21540600
2024-06-12,207.3699951171875,220.1999969482422,206.89999389648438,213.07000732421875,211.43478393554688,198134300,123.05999755859375,126.87999725341797,122.56999969482422,125.19999694824219,125.13966369628906,299595000,178.25,180.41000366210938,176.11000061035156,177.7899932861328,176.53497314453125,27864700
2024-06-13,214.74000549316406,216.75,211.60000610351562,214.24000549316406,212.59576416015625,97862700,129.38999938964844,129.8000030517578,127.16000366210938,129.61000061035156,129.5475311279297,260704500,176.11000061035156,176.74000549316406,174.8800048828125,175.16000366210938,173.92355346679688,20913300
2024-06-14,213.85000610351562,215.1699981689453,211.3000030517578,212.49000549316406,210.85923767089844,70122700,129.9600067138672,132.83999633789062,128.32000732421875,131.8800048828125,131.8164520263672,309320400,174.22000122070312,177.05999755859375,174.14999389648438,176.7899932861328,175.54205322265625,18063600
2024-06-17,213.3699951171875,218.9499969482422,212.72000122070312,216.6699981689453,215.0071258544922,93728300,132.99000549316406,133.72999572753906,129.5800018310547,130.97999572753906,130.91688537597656,288504400,175.4600067138672,178.36000061035156,174.80999755859375,177.24000549316406,175.98886108398438,19618500
2024-06-18,217.58999633789062,218.6300048828125,213.0,214.2899932861328,212.64540100097656,79943300,131.13999938964844,136.3300018310547,130.69000244140625,135.5800018310547,135.5146484375,294335100,177.13999938964844,177.38999938964844,174.10000610351562,175.08999633789062,173.85403442382812,21869900
2024-06-20,213.92999267578125,214.24000549316406,208.85000610351562,209.67999267578125,208.07077026367188,86172500,139.8000030517578,140.75999450683594,129.52000427246094,130.77999877929688,130.71697998046875,517768400,175.3699951171875,177.2899932861328,174.99000549316406,176.3000030517578,175.0554962158203,20160100
2024-06-21,210.38999938964844,211.88999938964844,207.11000061035156,207.49000549316406,205.8975830078125,241805100,127.12000274658203,130.6300048828125,124.30000305175781,126.56999969482422,126.50900268554688,649445800,177.0,180.85000610351562,176.61000061035156,179.6300048828125,178.36203002929688,57759000
2024-06-24,207.72000122070312,212.6999969482422,206.58999633789062,208.13999938964844,206.5426025390625,80727000,123.23999786376953,124.45999908447266,118.04000091552734,118.11000061035156,118.0530776977539,476060900,180.16000366210938,180.88999938964844,178.6699981689453,179.22000122070312,177.9548797607422,18298000
2024-06-25,209.14999389648438,211.3800048828125,208.61000061035156,209.07000732421875,207.46548461914062,55549700,121.19999694824219,126.5,119.31999969482422,126.08999633789062,126.02923583984375,414192600,179.6199951171875,184.2899932861328,179.4199981689453,184.02999877929688,182.73092651367188,23130200
2024-06-26,211.5,214.86000061035156,210.63999938964844,213.25,211.61337280273438,66213200,126.12999725341797,128.1199951171875,122.5999984741211,126.4000015258789,126.33909606933594,362975900,182.6300048828125,184.50999450683594,182.47999572753906,183.8800048828125,182.58200073242188,19839000
2024-06-27,214.69000244140625,215.74000549316406,212.35000610351562,214.10000610351562,212.45684814453125,49772700,124.0999984741211,126.41000366210938,122.91999816894531,123.98999786376953,123.93025207519531,252571700,184.17999267578125,186.0500030517578,184.02000427246094,185.41000366210938,184.10118103027344,18848900
2024-06-28,215.77000427246094,216.07000732421875,210.3000030517578,210.6199951171875,209.00357055664062,82542700,124.58000183105469,127.70999908447266,122.75,123.54000091552734,123.48046875,315516700,184.32000732421875,185.1300048828125,181.9600067138672,182.14999389648438,180.86422729492188,29156600
2024-07-01,212.08999633789062,217.50999450683594,211.9199981689453,216.75,215.0865478515625,60402900,123.47000122070312,124.83999633789062,118.83000183105469,124.30000305175781,124.24009704589844,284885500,183.02999877929688,183.8800048828125,181.3000030517578,182.99000549316406,181.69830322265625,16006100
2024-07-02,216.14999389648438,220.3800048828125,215.10000610351562,220.27000427246094,218.57952880859375,58046200,121.12999725341797,123.41000366210938,121.02999877929688,122.66999816894531,122.61088562011719,218374000,182.0500030517578,185.57000732421875,181.55999755859375,185.24000549316406,183.93238830566406,17372500
2024-07-03,220.0,221.5500030517578,219.02999877929688,221.5500030517578,219.8496856689453,37369800,121.66000366210938,128.27999877929688,121.36000061035156,128.27999877929688,128.21817016601562,215749000,184.85000610351562,186.08999633789062,184.0,185.82000732421875,184.50831604003906,10242100
2024-07-05,221.64999389648438,226.4499969482422,221.64999389648438,226.33999633789062,224.60292053222656,60412400,127.37999725341797,128.85000610351562,125.68000030517578,125.83000183105469,125.76937103271484,214176700,185.86000061035156,190.86000061035156,185.8000030517578,190.60000610351562,189.25457763671875,20967500
2024-07-08,227.08999633789062,227.85000610351562,223.25,227.82000732421875,226.0715789794922,59085900,127.48999786376953,130.77000427246094,127.04000091552734,128.1999969482422,128.13819885253906,237677300,189.89999389648438,190.1699981689453,187.77999877929688,189.02999877929688,187.69564819335938,21035900
2024-07-09,227.92999267578125,229.39999389648438,226.3699951171875,228.67999267578125,226.92495727539062,48076100,130.35000610351562,133.82000732421875,128.64999389648438,131.3800048828125,131.3166961669922,285366600,190.30999755859375,191.36000061035156,188.72000122070312,188.97999572753906,187.64601135253906,15121400
2024-07-10,229.3000030517578,233.0800018310547,229.25,232.97999572753906,231.1919403076172,62627700,134.02999877929688,135.10000610351562,132.4199981689453,134.91000366210938,134.84498596191406,248978600,189.14999389648438,191.75,189.02999877929688,191.17999267578125,189.83045959472656,15952500
2024-07-11,231.38999938964844,232.38999938964844,225.77000427246094,227.57000732421875,225.82347106933594,64710600,135.75,136.14999389648438,127.05000305175781,127.4000015258789,127.3386001586914,374782700,189.85000610351562,190.86000061035156,185.0800018310547,185.57000732421875,184.26007080078125,25625800
2024-07-12,228.9199981689453,232.63999938964844,228.67999267578125,230.5399932861328,228.77069091796875,53046500,128.25999450683594,131.9199981689453,127.22000122070312,129.24000549316406,129.177734375,252680500,185.0800018310547,187.11000061035156,184.49000549316406,185.07000732421875,183.7635955810547,22898400
2024-07-15,236.47999572753906,237.22999572753906,233.08999633789062,234.39999389648438,232.60105895996094,62631300,130.55999755859375,131.38999938964844,127.18000030517578,128.44000244140625,128.3780975341797,208326200,184.9199981689453,188.24000549316406,184.9199981689453,186.52999877929688,185.21328735351562,16474000
2024-07-16,235.0,236.27000427246094,232.3300018310547,234.82000732421875,233.01785278320312,43234300,128.44000244140625,129.0399932861328,124.58000183105469,126.36000061035156,126.29910278320312,214769500,187.36000061035156,188.67999267578125,183.3699951171875,183.9199981689453,182.6217041015625,18290700
2024-07-17,229.4499969482422,231.4600067138672,226.63999938964844,228.8800048828125,227.1234130859375,57345900,121.3499984741211,121.8499984741211,116.72000122070312,117.98999786376953,117.9331283569336,390086200,182.97000122070312,183.5500030517578,179.89999389648438,181.02000427246094,179.74220275878906,20734100
2024-07-18,230.27999877929688,230.44000244140625,222.27000427246094,224.17999267578125,222.4595184326172,66034600,121.8499984741211,122.4000015258789,116.55999755859375,121.08999633789062,121.03164672851562,320979500,181.92999267578125,182.5,176.47000122070312,177.69000244140625,176.43569946289062,25315700
2024-07-19,224.82000732421875,226.8000030517578,223.27999877929688,224.30999755859375,222.58848571777344,49151500,120.3499984741211,121.5999984741211,117.37000274658203,117.93000030517578,117.8731689453125,217223800,178.8800048828125,180.2899932861328,177.1300048828125,177.66000366210938,176.4059295654297,18881900
2024-07-22,227.00999450683594,227.77999877929688,223.08999633789062,223.9600067138672,222.24118041992188,48201800,120.3499984741211,124.06999969482422,119.86000061035156,123.54000091552734,123.48046875,258068900,180.58999633789062,182.6999969482422,180.22999572753906,181.6699981689453,180.38758850097656,24100300
2024-07-23,224.3699951171875,226.94000244140625,222.67999267578125,225.00999450683594,223.2831268310547,39960300,122.77999877929688,124.69000244140625,122.0999984741211,122.58999633789062,122.53092193603516,173911000,182.0500030517578,183.61000061035156,181.5399932861328,181.7899932861328,180.50674438476562,36352700
2024-07-24,224.0,224.8000030517578,217.1300048828125,218.5399932861328,216.86279296875,61777600,119.16999816894531,119.94999694824219,113.44000244140625,114.25,114.1949462890625,327776900,173.60000610351562,176.19000244140625,171.82000732421875,172.6300048828125,171.41140747070312,49585200
2024-07-25,218.92999267578125,220.85000610351562,214.6199951171875,217.49000549316406,215.8208465576172,51391200,113.04000091552734,116.62999725341797,106.30000305175781,112.27999877929688,112.22588348388672,460067000,172.52000427246094,173.4199981689453,167.19000244140625,167.27999877929688,166.0991668701172,44852000
2024-07-26,218.6999969482422,219.49000549316406,216.00999450683594,217.9600067138672,216.28721618652344,41601300,116.19000244140625,116.19999694824219,111.58000183105469,113.05999755859375,113.00550842285156,293399100,167.14999389648438,168.08999633789062,164.05999755859375,167.0,165.82113647460938,41336900
2024-07-29,216.9600067138672,219.3000030517578,215.75,218.24000549316406,216.56507873535156,36311800,113.69000244140625,116.27999877929688,111.30000305175781,111.58999633789062,111.53621673583984,248152100,168.8300018310547,170.42999267578125,167.99000549316406,169.52999877929688,168.3332977294922,20293800
2024-07-30,219.19000244140625,220.3300018310547,216.1199951171875,218.8000030517578,217.12078857421875,41643800,111.5199966430664,111.98999786376953,102.54000091552734,103.7300033569336,103.68000793457031,486833300,170.24000549316406,171.22999572753906,168.44000244140625,170.2899932861328,169.08795166015625,18959700
2024-07-31,221.44000244140625,223.82000732421875,220.6300048828125,222.0800018310547,220.3756103515625,50036300,112.9000015258789,118.33999633789062,110.87999725341797,117.0199966430664,116.9636001586914,473174200,173.24000549316406,174.25,170.00999450683594,171.5399932861328,170.32908630371094,25729100
2024-08-01,224.3699951171875,224.47999572753906,217.02000427246094,218.36000061035156,216.6841583251953,62501000,117.52999877929688,120.16000366210938,106.80999755859375,109.20999908447266,109.15736389160156,523462300,170.25,174.0500030517578,168.8800048828125,170.75999450683594,169.55462646484375,24531400
2024-08-02,219.14999389648438,225.60000610351562,217.7100067138672,219.86000061035156,218.1726531982422,105568600,103.76000213623047,108.72000122070312,101.37000274658203,107.2699966430664,107.21829986572266,482027500,166.44000244140625,168.50999450683594,164.6699981689453,166.66000366210938,165.48355102539062,29130100
2024-08-05,199.08999633789062,213.5,196.0,209.27000427246094,207.66392517089844,119548600,92.05999755859375,103.41000366210938,90.69000244140625,100.44999694824219,100.4015884399414,552842400,155.5,164.42999267578125,154.92999267578125,159.25,158.1258544921875,53630700
2024-08-06,205.3000030517578,209.99000549316406,201.07000732421875,207.22999572753906,205.6395721435547,69660500,103.83999633789062,107.70999908447266,100.55000305175781,104.25,104.19976806640625,409012100,159.3300018310547,160.57000732421875,156.41000366210938,158.2899932861328,157.17263793945312,49004600
2024-08-07,206.89999389648438,213.63999938964844,206.38999938964844,209.82000732421875,208.209716796875,63516400,107.80999755859375,108.80000305175781,98.69000244140625,98.91000366210938,98.86233520507812,411440400,161.25,162.97999572753906,158.47000122070312,158.94000244140625,157.81805419921875,25138600
2024-08-08,213.11000061035156,214.1999969482422,208.8300018310547,213.30999755859375,211.6729278564453,47161100,102.0,105.5,97.5199966430664,104.97000122070312,104.9194107055664,391910000,160.50999450683594,163.69000244140625,160.2100067138672,162.02999877929688,160.88624572753906,25578800
2024-08-09,212.10000610351562,216.77999877929688,211.97000122070312,216.24000549316406,214.58042907714844,42201600,105.63999938964844,106.5999984741211,103.43000030517578,104.75,104.69952392578125,290844200,160.00999450683594,163.7899932861328,159.05999755859375,163.6699981689453,162.51466369628906,28602300
2024-08-12,216.07000732421875,219.50999450683594,215.60000610351562,217.52999877929688,216.1103973388672,38028100,106.31999969482422,111.06999969482422,106.26000213623047,109.0199966430664,108.96746063232422,325559900,164.35000610351562,164.89999389648438,161.83999633789062,162.2899932861328,161.14439392089844,15895300
2024-08-13,219.00999450683594,221.88999938964844,219.00999450683594,221.27000427246094,219.8259735107422,44155300,112.44000244140625,116.2300033569336,111.58000183105469,116.13999938964844,116.08403015136719,312646700,163.41000366210938,164.72999572753906,162.97000122070312,164.16000366210938,163.00120544433594,18551700
2024-08-14,220.57000732421875,223.02999877929688,219.6999969482422,221.72000122070312,220.27304077148438,41960600,118.52999877929688,118.5999984741211,114.06999969482422,118.08000183105469,118.0230941772461,339246400,162.39999389648438,163.22000122070312,157.7100067138672,160.3699951171875,159.2379608154297,40591100
2024-08-15,224.60000610351562,225.35000610351562,222.75999450683594,224.72000122070312,223.2534637451172,46414000,118.76000213623047,123.23999786376953,117.47000122070312,122.86000061035156,122.80079650878906,318086700,160.5,161.63999938964844,159.61000061035156,161.3000030517578,160.16139221191406,31524300
2024-08-16,223.9199981689453,226.8300018310547,223.64999389648438,226.0500030517578,224.5747833251953,44340200,121.94000244140625,125.0,121.18000030517578,124.58000183105469,124.51995849609375,302589900,161.47000122070312,165.05999755859375,161.1300048828125,162.9600067138672,161.8096923828125,24208600
2024-08-19,225.72000122070312,225.99000549316406,223.0399932861328,225.88999938964844,224.41583251953125,40687800,124.27999877929688,130.0,123.41999816894531,130.0,129.93734741210938,318333600,165.27999877929688,166.69000244140625,164.25999450683594,166.6699981689453,165.49346923828125,22416200
2024-08-20,225.77000427246094,227.1699981689453,225.4499969482422,226.50999450683594,225.0317840576172,30299000,128.39999389648438,129.8800048828125,125.88999938964844,127.25,127.18869018554688,300087400,166.89999389648438,168.63999938964844,166.82000732421875,167.17999267578125,165.99989318847656,18341500
2024-08-21,226.52000427246094,227.97999572753906,225.0500030517578,226.39999389648438,224.92250061035156,34765500,127.31999969482422,129.35000610351562,126.66000366210938,128.5,128.4380645751953,257883600,165.14999389648438,166.85000610351562,164.6699981689453,165.85000610351562,164.6792755126953,22902000
2024-08-22,227.7899932861328,228.33999633789062,223.89999389648438,224.52999877929688,223.064697265625,43695300,130.02000427246094,130.75,123.0999984741211,123.73999786376953,123.68036651611328,376189100,167.25999450683594,167.58999633789062,163.30999755859375,163.8000030517578,162.64373779296875,22493300
2024-08-23,225.66000366210938,228.22000122070312,224.3300018310547,226.83999633789062,225.35963439941406,38677300,125.86000061035156,129.60000610351562,125.22000122070312,129.3699951171875,129.30763244628906,323230300,164.72000122070312,166.17999267578125,163.8300018310547,165.6199951171875,164.4508819580078,13955700
2024-08-26,226.75999450683594,227.27999877929688,223.88999938964844,227.17999267578125,225.69740295410156,30602200,129.57000732421875,131.25999450683594,124.37000274658203,126.45999908447266,126.39904022216797,331964700,166.3800048828125,167.5500030517578,164.4600067138672,166.16000366210938,164.98709106445312,14190400
2024-08-27,226.0,228.85000610351562,224.88999938964844,228.02999877929688,226.54185485839844,35934600,125.05000305175781,129.1999969482422,123.87999725341797,128.3000030517578,128.23817443847656,303134600,165.83999633789062,166.44000244140625,164.4600067138672,164.67999267578125,163.51751708984375,11821900
2024-08-28,227.9199981689453,229.86000061035156,225.67999267578125,226.49000549316406,225.0119171142578,38052200,128.1199951171875,128.3300018310547,122.63999938964844,125.61000061035156,125.54946899414062,448101100,165.0399932861328,165.60000610351562,161.52999877929688,162.85000610351562,161.70045471191406,16407400
2024-08-29,230.10000610351562,232.9199981689453,228.8800048828125,229.7899932861328,228.29037475585938,51906300,121.36000061035156,124.43000030517578,116.70999908447266,117.58999633789062,117.5333251953125,453023300,164.30999755859375,165.97000122070312,160.25,161.77999877929688,160.63800048828125,19699800
2024-08-30,230.19000244140625,230.39999389648438,227.47999572753906,229.0,227.5055389404297,52990800,119.52999877929688,121.75,117.22000122070312,119.37000274658203,119.31246948242188,333751600,162.6199951171875,163.66000366210938,161.69000244140625,163.3800048828125,162.22671508789062,22123800
2024-09-03,228.5500030517578,229.0,221.1699981689453,222.77000427246094,221.31619262695312,50190600,116.01000213623047,116.20999908447266,107.29000091552734,108.0,107.94795227050781,477155100,161.72000122070312,161.85000610351562,156.47999572753906,157.36000061035156,156.24920654296875,38945300
2024-09-04,221.66000366210938,221.77999877929688,217.47999572753906,220.85000610351562,219.4087371826172,43840200,105.41000366210938,113.2699966430664,104.12000274658203,106.20999908447266,106.15880584716797,372470300,156.66000366210938,159.0,155.9600067138672,156.4499969482422,155.3456268310547,19353800
2024-09-05,221.6300048828125,225.47999572753906,221.52000427246094,222.3800048828125,220.92874145507812,36615400,104.98999786376953,109.6500015258789,104.76000213623047,107.20999908447266,107.15833282470703,306850700,156.3000030517578,159.4499969482422,155.97999572753906,157.24000549316406,156.1300506591797,18688700
2024-09-06,223.9499969482422,225.24000549316406,219.77000427246094,220.82000732421875,219.37892150878906,48423000,108.04000091552734,108.1500015258789,100.94999694824219,102.83000183105469,102.78044891357422,413638100,157.3000030517578,157.8300018310547,150.5500030517578,150.9199981689453,149.8546600341797,37912100
2024-09-09,220.82000732421875,221.27000427246094,216.7100067138672,220.91000366210938,219.46832275390625,67180000,104.87999725341797,106.55000305175781,103.69000244140625,106.47000122070312,106.41869354248047,273912000,152.50999450683594,153.39999389648438,147.22000122070312,148.7100067138672,147.856201171875,39260500
2024-09-10,218.9199981689453,221.47999572753906,216.72999572753906,220.11000061035156,218.67355346679688,51591000,107.80999755859375,109.4000015258789,104.94999694824219,108.0999984741211,108.04788970947266,268283700,150.4499969482422,151.27000427246094,148.33999633789062,148.66000366210938,147.8064727783203,31118800
2024-09-11,221.4600067138672,223.08999633789062,217.88999938964844,222.66000366210938,221.2069091796875,44587100,109.38999938964844,117.19000244140625,107.41999816894531,116.91000366210938,116.8536605834961,441422400,149.9199981689453,151.5,147.52000427246094,151.16000366210938,150.29212951660156,29607700
2024-09-12,222.5,223.5500030517578,219.82000732421875,222.77000427246094,221.31619262695312,37455600,116.83999633789062,120.79000091552734,115.37999725341797,119.13999938964844,119.0927734375,366052700,153.8000030517578,154.82000732421875,152.64999389648438,154.69000244140625,153.8018798828125,29621500
2024-09-13,223.5800018310547,224.0399932861328,221.91000366210938,222.5,221.04794311523438,36766600,119.08000183105469,119.95999908447266,117.5999984741211,119.0999984741211,119.05278778076172,238358300,155.42999267578125,158.3800048828125,155.2100067138672,157.4600067138672,156.55596923828125,29591200
2024-09-16,216.5399932861328,217.22000122070312,213.9199981689453,216.32000732421875,214.90829467773438,59357400,116.79000091552734,118.18000030517578,114.36000061035156,116.77999877929688,116.73371124267578,248772300,157.30999755859375,158.25,156.60000610351562,158.05999755859375,157.15252685546875,18379800
2024-09-17,215.75,216.89999389648438,214.5,216.7899932861328,215.37522888183594,45519300,118.16999816894531,118.80000305175781,114.83000183105469,115.58999633789062,115.54417419433594,231925900,159.02000427246094,160.5500030517578,158.3800048828125,159.32000732421875,158.40530395507812,20715600
2024-09-18,217.5500030517578,222.7100067138672,217.5399932861328,220.69000244140625,219.249755859375,59894900,115.88999938964844,117.69999694824219,113.22000122070312,113.37000274658203,113.32505798339844,310318900,159.86000061035156,160.5,158.60000610351562,159.80999755859375,158.89247131347656,23677300
2024-09-19,224.99000549316406,229.82000732421875,224.6300048828125,228.8699951171875,227.3763885498047,66781300,117.3499984741211,119.66000366210938,117.25,117.87000274658203,117.82327270507812,293506400,163.7100067138672,163.7899932861328,161.33999633789062,162.13999938964844,161.20909118652344,26587700
2024-09-20,229.97000122070312,233.08999633789062,227.6199951171875,228.1999969482422,226.71075439453125,318679900,117.05999755859375,118.62000274658203,115.38999938964844,116.0,115.95401763916016,382462400,163.5,163.72999572753906,162.05999755859375,163.58999633789062,162.65077209472656,40896400
2024-09-23,227.33999633789062,229.4499969482422,225.80999755859375,226.47000122070312,224.99205017089844,54146000,116.55000305175781,116.98999786376953,114.86000061035156,116.26000213623047,116.21391296386719,206228500,164.35000610351562,165.49000549316406,161.6699981689453,161.85000610351562,160.92076110839844,24150900
2024-09-24,228.64999389648438,229.35000610351562,225.72999572753906,227.3699951171875,225.88616943359375,43556100,116.5199966430664,121.80000305175781,115.37999725341797,120.87000274658203,120.82209014892578,354966800,163.02999877929688,163.22000122070312,160.69000244140625,162.2899932861328,161.35824584960938,23332100
2024-09-25,224.92999267578125,227.2899932861328,224.02000427246094,226.3699951171875,224.8927001953125,42308700,122.0199966430664,124.94000244140625,121.61000061035156,123.51000213623047,123.4610366821289,284692900,161.47000122070312,162.80999755859375,161.3000030517578,161.49000549316406,160.5628204345703,18869200
2024-09-26,227.3000030517578,228.5,225.41000366210938,227.52000427246094,226.0352020263672,36636700,126.80000305175781,127.66999816894531,121.80000305175781,124.04000091552734,123.9908218383789,302582900,163.63999938964844,164.0800018310547,162.27999877929688,162.72999572753906,161.79571533203125,20319300
2024-09-27,228.4600067138672,229.52000427246094,227.3000030517578,227.7899932861328,226.30343627929688,34026000,123.97000122070312,124.02999877929688,119.26000213623047,121.4000015258789,121.35187530517578,271009200,162.80999755859375,165.6999969482422,162.6300048828125,163.9499969482422,163.00869750976562,21101300
2024-09-30,230.0399932861328,233.0,229.64999389648438,233.0,231.4794464111328,54541900,118.30999755859375,121.5,118.1500015258789,121.44000244140625,121.3918685913086,226553700,163.32000732421875,166.14999389648438,163.25999450683594,165.85000610351562,164.89779663085938,20413900
2024-10-01,229.52000427246094,229.64999389648438,223.74000549316406,226.2100067138672,224.7337646484375,63285000,121.7699966430664,122.44000244140625,115.79000091552734,117.0,116.95361328125,302094500,167.69000244140625,169.16000366210938,164.5800018310547,166.99000549316406,166.03126525878906,28338100
2024-10-02,225.88999938964844,227.3699951171875,223.02000427246094,226.77999877929688,225.30003356933594,32880600,116.44000244140625,119.37999725341797,115.13999938964844,118.8499984741211,118.80288696289062,221845900,166.4199981689453,167.52000427246094,164.72999572753906,165.86000061035156,164.90774536132812,17760200
2024-10-03,225.13999938964844,226.80999755859375,223.32000732421875,225.6699981689453,224.197265625,34044200,120.91999816894531,124.36000061035156,120.33999633789062,122.8499984741211,122.80130004882812,277118000,164.41000366210938,166.63999938964844,163.9199981689453,165.86000061035156,164.90774536132812,15073100
2024-10-04,227.89999389648438,228.0,224.1300048828125,226.8000030517578,225.3198699951172,37245100,124.94000244140625,125.04000091552734,121.83000183105469,124.91999816894531,124.87047576904297,243678100,168.05999755859375,168.22999572753906,165.47999572753906,167.05999755859375,166.10084533691406,19047400
2024-10-07,224.5,225.69000244140625,221.3300018310547,221.69000244140625,220.24322509765625,39505400,124.98999786376953,130.63999938964844,124.94999694824219,127.72000122070312,127.66937255859375,346250200,167.72000122070312,168.47999572753906,162.75,162.97999572753906,162.04428100585938,22463100
2024-10-08,224.3000030517578,225.97999572753906,223.25,225.77000427246094,224.29661560058594,31855700,130.25999450683594,133.47999572753906,129.4199981689453,132.88999938964844,132.83731079101562,285722500,163.94000244140625,164.72999572753906,162.8699951171875,164.3800048828125,163.4362335205078,23072700
2024-10-09,225.22999572753906,229.75,224.8300018310547,229.5399932861328,228.0419921875,33591100,134.11000061035156,134.52000427246094,131.3800048828125,132.64999389648438,132.597412109375,246191600,163.4499969482422,164.83999633789062,159.74000549316406,161.86000061035156,160.9307098388672,31181800
2024-10-10,227.77999877929688,229.5,227.1699981689453,229.0399932861328,227.54525756835938,28183500,131.91000366210938,135.0,131.0,134.80999755859375,134.75656127929688,242311300,160.8699951171875,163.07000732421875,160.39999389648438,162.0800018310547,161.14944458007812,14144100
2024-10-11,229.3000030517578,229.41000366210938,227.33999633789062,227.5500030517578,226.0650177001953,31759200,134.00999450683594,135.77999877929688,133.66000366210938,134.8000030517578,134.74656677246094,170209500,162.1300048828125,163.89999389648438,161.24000549316406,163.24000549316406,162.3027801513672,15344300
2024-10-14,228.6999969482422,231.72999572753906,228.60000610351562,231.3000030517578,229.79052734375,39882100,136.47000122070312,139.60000610351562,136.3000030517578,138.07000732421875,138.01527404785156,232347700,163.63999938964844,166.22999572753906,163.39999389648438,164.9600067138672,164.01290893554688,19016100
2024-10-15,233.61000061035156,237.49000549316406,232.3699951171875,233.85000610351562,232.3238983154297,64751400,137.8699951171875,138.57000732421875,128.74000549316406,131.60000610351562,131.54783630371094,377831000,165.7899932861328,167.67999267578125,164.6300048828125,165.4600067138672,164.5100555419922,20247200
2024-10-16,231.60000610351562,232.1199951171875,229.83999633789062,231.77999877929688,230.26739501953125,34082200,133.97999572753906,136.6199951171875,131.5800018310547,135.72000122070312,135.66619873046875,264879700,164.52999877929688,165.8000030517578,163.74000549316406,165.16000366210938,164.21176147460938,16406000
2024-10-17,233.42999267578125,233.85000610351562,230.52000427246094,232.14999389648438,230.6349639892578,32993800,139.33999633789062,140.88999938964844,136.8699951171875,136.92999267578125,136.87571716308594,306435900,165.72999572753906,166.3699951171875,162.75999450683594,162.92999267578125,161.99456787109375,21453400
2024-10-18,236.17999267578125,236.17999267578125,234.00999450683594,235.0,233.4663848876953,46431500,138.6699981689453,138.89999389648438,137.27999877929688,138.0,137.94529724121094,176090200,163.19000244140625,164.7100067138672,163.0800018310547,163.4199981689453,162.48175048828125,19757700
2024-10-21,234.4499969482422,236.85000610351562,234.4499969482422,236.47999572753906,234.9367218017578,36254500,138.1300048828125,143.7100067138672,138.0,143.7100067138672,143.6530303955078,264554500,162.9499969482422,164.5,162.6199951171875,164.07000732421875,163.12802124023438,20946500
2024-10-22,233.88999938964844,236.22000122070312,232.60000610351562,235.86000061035156,234.32077026367188,38846600,142.91000366210938,144.4199981689453,141.77999877929688,143.58999633789062,143.5330810546875,226311600,162.97999572753906,165.77000427246094,162.97999572753906,165.13999938964844,164.19187927246094,16568100
2024-10-23,234.0800018310547,235.13999938964844,227.75999450683594,230.75999450683594,229.25404357910156,52287000,142.02999877929688,142.42999267578125,137.4600067138672,139.55999755859375,139.50466918945312,285930000,164.75999450683594,165.82000732421875,161.92999267578125,162.77999877929688,161.8454132080078,18280500
2024-10-24,229.97999572753906,230.82000732421875,228.41000366210938,230.57000732421875,229.06532287597656,31109500,140.82000732421875,141.35000610351562,138.4600067138672,140.41000366210938,140.35433959960938,172354900,162.8300018310547,163.3300018310547,161.00999450683594,162.72000122070312,161.78575134277344,22412500
2024-10-25,229.74000549316406,233.22000122070312,229.57000732421875,231.41000366210938,229.89981079101562,38802300,140.92999267578125,144.1300048828125,140.8000030517578,141.5399932861328,141.48388671875,205122100,163.6699981689453,165.58999633789062,163.4199981689453,165.27000427246094,164.32113647460938,19828900
2024-10-28,233.32000732421875,234.72999572753906,232.5500030517578,233.39999389648438,231.87680053710938,36087100,143.0,143.13999938964844,140.0500030517578,140.52000427246094,140.4643096923828,173586700,168.75,168.75,163.9499969482422,166.72000122070312,165.7628173828125,32138600
2024-10-29,233.10000610351562,234.3300018310547,232.32000732421875,233.6699981689453,232.14505004882812,35417200,140.2899932861328,142.25999450683594,138.89999389648438,141.25,141.19400024414062,157593600,167.72999572753906,170.3800048828125,167.08999633789062,169.67999267578125,168.70579528808594,42169000
2024-10-30,232.61000061035156,233.47000122070312,229.5500030517578,230.10000610351562,228.59835815429688,47070900,139.5399932861328,140.3300018310547,136.80999755859375,139.33999633789062,139.28475952148438,179418100,180.67999267578125,182.02000427246094,174.05999755859375,174.4600067138672,173.45834350585938,68890800
2024-10-31,229.33999633789062,229.8300018310547,225.3699951171875,225.91000366210938,224.43569946289062,64370100,137.60000610351562,137.61000061035156,132.11000061035156,132.75999450683594,132.70736694335938,270039600,173.1300048828125,176.82000732421875,171.0,171.11000061035156,170.12759399414062,44769000
2024-11-01,220.97000122070312,225.35000610351562,220.27000427246094,222.91000366210938,221.45529174804688,65276700,134.6999969482422,137.30999755859375,134.57000732421875,135.39999389648438,135.34632873535156,207127800,170.07000732421875,172.32000732421875,168.8800048828125,171.2899932861328,170.30653381347656,31796500
2024-11-04,220.99000549316406,222.7899932861328,219.7100067138672,222.00999450683594,220.56114196777344,44944500,137.2100067138672,138.9600067138672,135.57000732421875,136.0500030517578,135.99607849121094,187528200,169.92999267578125,170.72999572753906,168.00999450683594,169.24000549316406,168.26834106445312,21492700
2024-11-05,221.8000030517578,223.9499969482422,221.13999938964844,223.4499969482422,221.9917449951172,28111300,137.4499969482422,140.3699951171875,137.3300018310547,139.91000366210938,139.8545379638672,160537400,169.42999267578125,170.52999877929688,168.83999633789062,169.74000549316406,168.7654571533203,18242100
2024-11-06,222.61000061035156,226.07000732421875,221.19000244140625,222.72000122070312,221.26651000976562,54561100,142.9600067138672,146.49000549316406,141.9600067138672,145.61000061035156,145.5522918701172,242043900,173.8000030517578,176.94000244140625,173.5,176.50999450683594,175.49658203125,33695500
2024-11-07,224.6300048828125,227.8800048828125,224.57000732421875,227.47999572753906,225.99545288085938,42137700,146.38999938964844,148.92999267578125,146.1699981689453,148.8800048828125,148.82098388671875,207323300,177.41000366210938,181.0800018310547,177.19000244140625,180.75,179.7122344970703,25352900
2024-11-08,227.1699981689453,228.66000366210938,226.41000366210938,226.9600067138672,225.72694396972656,38328800,148.77000427246094,149.77000427246094,146.25999450683594,147.6300048828125,147.5714569091797,175665800,180.64999389648438,180.89999389648438,178.0800018310547,178.35000610351562,177.32601928710938,22006200
2024-11-11,225.0,225.6999969482422,221.5,224.22999572753906,223.01174926757812,42005600,148.67999267578125,148.85000610351562,143.57000732421875,145.25999450683594,145.20240783691406,182325600,178.5800018310547,180.5500030517578,178.47000122070312,180.35000610351562,179.31454467773438,17450400
2024-11-12,224.5500030517578,225.58999633789062,223.36000061035156,224.22999572753906,223.01174926757812,40398300,146.77999877929688,149.64999389648438,146.00999450683594,148.2899932861328,148.231201171875,198634700,179.82000732421875,182.49000549316406,179.38999938964844,181.6199951171875,180.5772705078125,25134900
2024-11-13,224.00999450683594,226.64999389648438,222.75999450683594,225.1199951171875,223.89691162109375,48566200,149.07000732421875,149.3300018310547,145.89999389648438,146.27000427246094,146.21202087402344,191903300,180.4600067138672,180.9600067138672,178.5399932861328,178.8800048828125,177.85299682617188,23184000
2024-11-14,225.02000427246094,228.8699951171875,225.0,228.22000122070312,226.98008728027344,44923900,147.63999938964844,149.0,145.5500030517578,146.75999450683594,146.70184326171875,194463300,178.27999877929688,178.82000732421875,174.32000732421875,175.5800018310547,174.57192993164062,31007500
2024-11-15,226.39999389648438,226.9199981689453,224.27000427246094,225.0,223.777587890625,47923700,144.8699951171875,145.24000549316406,140.0800018310547,141.97999572753906,141.92369079589844,250132900,173.72999572753906,174.13999938964844,171.22000122070312,172.49000549316406,171.49966430664062,32504600
2024-11-18,225.25,229.74000549316406,225.1699981689453,228.02000427246094,226.7811737060547,44633700,139.5,141.5500030517578,137.14999389648438,140.14999389648438,140.09442138671875,221205300,173.4199981689453,175.44000244140625,172.89999389648438,175.3000030517578,174.2935333251953,20135300
2024-11-19,226.97999572753906,230.16000366210938,226.66000366210938,228.27999877929688,227.0397491455078,36211800,141.32000732421875,147.1300048828125,140.99000549316406,147.00999450683594,146.95172119140625,227834900,173.72000122070312,178.8699951171875,173.55999755859375,178.1199951171875,177.0973358154297,23434900
2024-11-20,228.05999755859375,229.92999267578125,225.88999938964844,229.0,227.75584411621094,35169600,147.41000366210938,147.55999755859375,142.72999572753906,145.88999938964844,145.83216857910156,309871700,177.33999633789062,177.67999267578125,173.77999877929688,175.97999572753906,174.96961975097656,18997100
2024-11-21,228.8800048828125,230.16000366210938,225.7100067138672,228.52000427246094,227.2784423828125,42108300,149.35000610351562,152.88999938964844,140.6999969482422,146.6699981689453,146.6118621826172,400946600,173.89999389648438,174.1300048828125,163.6999969482422,167.6300048828125,166.66757202148438,59734400
2024-11-22,228.05999755859375,230.72000122070312,228.05999755859375,229.8699951171875,228.62112426757812,38168300,145.92999267578125,147.16000366210938,141.10000610351562,141.9499969482422,141.8937225341797,236406200,165.85000610351562,166.4600067138672,163.89999389648438,164.75999450683594,163.81405639648438,38604600
2024-11-25,231.4600067138672,233.25,229.74000549316406,232.8699951171875,231.6048126220703,90152800,141.99000549316406,142.0500030517578,135.82000732421875,136.02000427246094,135.96607971191406,344941900,166.08999633789062,168.6300048828125,165.61000061035156,167.64999389648438,166.6874542236328,33135300
2024-11-26,233.3300018310547,235.57000732421875,233.3300018310547,235.05999755859375,233.7829132080078,45986200,137.6999969482422,139.3000030517578,135.6699981689453,136.9199981689453,136.86572265625,190287700,167.6300048828125,169.82000732421875,167.5800018310547,169.1199951171875,168.1490020751953,20486700
2024-11-27,234.47000122070312,235.69000244140625,233.80999755859375,234.92999267578125,233.65362548828125,33498400,135.00999450683594,137.22000122070312,131.8000030517578,135.33999633789062,135.2863311767578,226370900,169.0,169.47999572753906,168.02000427246094,169.22999572753906,168.25839233398438,19266500
2024-11-29,234.80999755859375,237.80999755859375,233.97000122070312,237.3300018310547,236.04058837890625,28481400,136.77999877929688,139.35000610351562,136.0500030517578,138.25,138.19520568847656,141863200,168.5,169.42999267578125,167.16000366210938,168.9499969482422,167.97999572753906,14257200
2024-12-02,237.27000427246094,240.7899932861328,237.16000366210938,239.58999633789062,238.28831481933594,48137100,138.8300018310547,140.4499969482422,137.82000732421875,138.6300048828125,138.57504272460938,171682800,168.77000427246094,172.0800018310547,168.57000732421875,171.49000549316406,170.5054168701172,23789100
2024-12-03,239.80999755859375,242.75999450683594,238.89999389648438,242.64999389648438,241.3316650390625,38861000,138.25999450683594,140.5399932861328,137.9499969482422,140.25999450683594,140.20440673828125,164414000,171.49000549316406,172.67999267578125,170.85000610351562,171.33999633789062,170.35626220703125,22248700
2024-12-04,242.8699951171875,244.11000061035156,241.25,243.00999450683594,241.689697265625,44383900,142.0,145.7899932861328,140.2899932861328,145.13999938964844,145.08245849609375,231224300,171.14999389648438,174.91000366210938,171.05999755859375,174.3699951171875,173.36886596679688,31615100
2024-12-05,243.99000549316406,244.5399932861328,242.1300048828125,243.0399932861328,241.7195587158203,40033900,145.11000061035156,146.5399932861328,143.9499969482422,145.05999755859375,145.0124969482422,172621200,175.36000061035156,176.05999755859375,172.3300018310547,172.63999938964844,171.64881896972656,21356200
2024-12-06,242.91000366210938,244.6300048828125,242.0800018310547,242.83999633789062,241.52064514160156,36870600,144.60000610351562,145.6999969482422,141.30999755859375,142.44000244140625,142.3933563232422,188505600,172.02999877929688,175.0800018310547,171.86000061035156,174.7100067138672,173.7069549560547,21462400
2024-12-09,241.8300018310547,247.24000549316406,241.75,246.75,245.40939331054688,44649200,138.97000122070312,139.9499969482422,137.1300048828125,138.80999755859375,138.76454162597656,189308600,173.9600067138672,176.25999450683594,173.64999389648438,175.3699951171875,174.56295776367188,25389600
2024-12-10,246.88999938964844,248.2100067138672,245.33999633789062,247.77000427246094,246.42385864257812,36914800,139.00999450683594,141.82000732421875,133.7899932861328,135.07000732421875,135.0257568359375,210020900,182.85000610351562,186.36000061035156,181.0500030517578,185.1699981689453,184.31787109375,54813000
2024-12-11,247.9600067138672,250.8000030517578,246.25999450683594,246.49000549316406,245.1508026123047,45205800,137.36000061035156,140.1699981689453,135.2100067138672,139.30999755859375,139.26437377929688,184905200,185.30999755859375,195.61000061035156,184.85000610351562,195.39999389648438,194.50079345703125,67894100
2024-12-12,246.88999938964844,248.74000549316406,245.67999267578125,247.9600067138672,246.61282348632812,32777500,137.0800018310547,138.44000244140625,135.8000030517578,137.33999633789062,137.29501342773438,159211400,195.0,195.17999267578125,191.7100067138672,191.9600067138672,191.07662963867188,34817500
2024-12-13,247.82000732421875,249.2899932861328,246.24000549316406,248.1300048828125,246.7819061279297,33155300,138.94000244140625,139.60000610351562,132.5399932861328,134.25,134.20602416992188,231514900,191.00999450683594,192.72999572753906,189.63999938964844,189.82000732421875,188.94647216796875,25143500
2024-12-16,247.99000549316406,251.3800048828125,247.64999389648438,251.0399932861328,249.67608642578125,51694800,134.17999267578125,134.39999389648438,130.4199981689453,132.0,131.95675659179688,237951100,192.8699951171875,199.0,192.6199951171875,196.66000366210938,195.75498962402344,44934900
2024-12-17,250.0800018310547,253.8300018310547,249.77999877929688,253.47999572753906,252.1028289794922,51356400,129.08999633789062,131.58999633789062,126.86000061035156,130.38999938964844,130.3472900390625,259410300,197.25,201.4199981689453,194.97999572753906,195.4199981689453,194.52069091796875,43504000
2024-12-18,252.16000366210938,254.27999877929688,247.74000549316406,248.0500030517578,246.70236206054688,56774100,133.86000061035156,136.6999969482422,128.27999877929688,128.91000366210938,128.86778259277344,277444500,195.22000122070312,197.0,187.74000549316406,188.39999389648438,187.53298950195312,34166100
2024-12-19,247.5,252.0,247.08999633789062,249.7899932861328,248.43287658691406,60882300,131.75999450683594,134.02999877929688,129.5500030517578,130.67999267578125,130.63719177246094,209719200,191.6300048828125,193.02999877929688,188.3800048828125,188.50999450683594,187.64248657226562,32265200
2024-12-20,248.0399932861328,255.0,245.69000244140625,254.49000549316406,253.10736083984375,147495300,129.80999755859375,135.27999877929688,128.22000122070312,134.6999969482422,134.65586853027344,306528600,185.77999877929688,192.88999938964844,185.22000122070312,191.41000366210938,190.52914428710938,63462900
2024-12-23,254.77000427246094,255.64999389648438,253.4499969482422,255.27000427246094,253.8831024169922,40858800,136.27999877929688,139.7899932861328,135.1199951171875,139.6699981689453,139.62425231933594,176053500,192.6199951171875,195.10000610351562,190.14999389648438,194.6300048828125,193.73434448242188,25675000
2024-12-24,255.49000549316406,258.2099914550781,255.2899932861328,258.20001220703125,256.79718017578125,23234700,140.0,141.89999389648438,138.64999389648438,140.22000122070312,140.17408752441406,105157000,194.83999633789062,196.11000061035156,193.77999877929688,196.11000061035156,195.20751953125,10403300
2024-12-26,258.19000244140625,260.1000061035156,257.6300048828125,259.0199890136719,257.61273193359375,27237100,139.6999969482422,140.85000610351562,137.72999572753906,139.92999267578125,139.88417053222656,116205600,195.14999389648438,196.75,194.3800048828125,195.60000610351562,194.69989013671875,12046600
2024-12-27,257.8299865722656,258.70001220703125,253.05999755859375,255.58999633789062,254.2013702392578,42355300,138.5500030517578,139.02000427246094,134.7100067138672,137.00999450683594,136.96510314941406,170582600,194.9499969482422,195.32000732421875,190.64999389648438,192.75999450683594,191.87294006347656,18891400
2024-12-30,252.22999572753906,253.5,250.75,252.1999969482422,250.8297882080078,35557500,134.8300018310547,140.27000427246094,134.02000427246094,137.49000549316406,137.4449462890625,167734700,189.8000030517578,192.5500030517578,189.1199951171875,191.24000549316406,190.3599395751953,14264700
2024-12-31,252.44000244140625,253.27999877929688,249.42999267578125,250.4199981689453,249.05946350097656,39480700,138.02999877929688,138.07000732421875,133.8300018310547,134.2899932861328,134.2460174560547,155659200,191.0800018310547,191.9600067138672,188.50999450683594,189.3000030517578,188.4288787841797,17466900
2025-01-02,248.92999267578125,249.10000610351562,241.82000732421875,243.85000610351562,242.52516174316406,55740700,136.0,138.8800048828125,134.6300048828125,138.30999755859375,138.2646942138672,198247200,190.64999389648438,192.0,187.5,189.42999267578125,188.55825805664062,20370800
2025-01-03,243.36000061035156,244.17999267578125,241.88999938964844,243.36000061035156,242.03781127929688,40244100,140.00999450683594,144.89999389648438,139.72999572753906,144.47000122070312,144.4226837158203,229322500,191.3699951171875,193.2100067138672,189.97999572753906,191.7899932861328,190.9073944091797,18596200
2025-01-06,244.30999755859375,247.3300018310547,243.1999969482422,245.0,243.6688995361328,45045600,148.58999633789062,152.16000366210938,147.82000732421875,149.42999267578125,149.3810577392578,265377400,193.97999572753906,198.22000122070312,193.85000610351562,196.8699951171875,195.96400451660156,29563600
2025-01-07,242.97999572753906,245.5500030517578,241.35000610351562,242.2100067138672,240.89407348632812,40856000,153.02999877929688,153.1300048828125,140.00999450683594,140.13999938964844,140.09410095214844,351782200,197.11000061035156,201.0,194.60000610351562,195.49000549316406,194.5903778076172,26487200
2025-01-08,241.9199981689453,243.7100067138672,240.0500030517578,242.6999969482422,241.3813934326172,37628900,142.5800018310547,143.9499969482422,137.55999755859375,140.11000061035156,140.06410217285156,227349900,192.57000732421875,196.2899932861328,192.3800048828125,193.9499969482422,193.05746459960938,24864800
2025-01-10,240.00999450683594,240.16000366210938,233.0,236.85000610351562,235.56317138671875,61710900,137.4499969482422,139.9199981689453,134.22000122070312,135.91000366210938,135.86549377441406,207602500,194.3000030517578,196.52000427246094,190.30999755859375,192.0399932861328,191.15625,26665200
2025-01-13,233.52999877929688,234.6699981689453,229.72000122070312,234.39999389648438,233.12649536132812,49630700,129.99000549316406,133.49000549316406,129.50999450683594,133.22999572753906,133.18637084960938,204808900,190.07000732421875,191.17999267578125,187.36000061035156,191.00999450683594,190.1309814453125,21823700
2025-01-14,234.75,236.1199951171875,232.47000122070312,233.27999877929688,232.01258850097656,39435300,136.0500030517578,136.3800048828125,130.0500030517578,131.75999450683594,131.71682739257812,195590500,191.24000549316406,191.97999572753906,188.30999755859375,189.66000366210938,188.78720092773438,17174900
2025-01-15,234.63999938964844,238.9600067138672,234.42999267578125,237.8699951171875,236.57765197753906,39832000,133.64999389648438,136.4499969482422,131.2899932861328,136.24000549316406,136.1953887939453,185217300,193.08999633789062,196.36000061035156,191.86000061035156,195.5500030517578,194.6501007080078,21776000
2025-01-16,237.35000610351562,238.00999450683594,228.02999877929688,228.25999450683594,227.0198516845703,71759100,138.63999938964844,138.75,133.49000549316406,133.57000732421875,133.5262451171875,209235600,194.13999938964844,195.47999572753906,192.80999755859375,192.91000366210938,192.02224731445312,17815400
2025-01-17,232.1199951171875,232.2899932861328,228.47999572753906,229.97999572753906,228.7305145263672,68488300,136.69000244140625,138.5,135.4600067138672,137.7100067138672,137.66490173339844,201188800,196.52999877929688,197.22999572753906,193.75,196.0,195.0980224609375,27735100
2025-01-21,224.0,224.4199981689453,219.3800048828125,222.63999938964844,221.43038940429688,98070400,139.16000366210938,141.8300018310547,137.08999633789062,140.8300018310547,140.78387451171875,197749000,199.07000732421875,202.2899932861328,197.8699951171875,198.0500030517578,197.1385955810547,29971300
2025-01-22,219.7899932861328,224.1199951171875,219.7899932861328,223.8300018310547,222.61392211914062,64126500,144.66000366210938,147.7899932861328,143.6699981689453,147.07000732421875,147.0218505859375,237651400,199.05999755859375,200.47999572753906,197.52999877929688,198.3699951171875,197.4571075439453,26200600
2025-01-23,224.74000549316406,227.02999877929688,222.3000030517578,223.66000366210938,222.4448699951172,60234800,145.0500030517578,147.22999572753906,143.72000122070312,147.22000122070312,147.17178344726562,155915500,198.13999938964844,200.3000030517578,195.1999969482422,197.97999572753906,197.06890869140625,26951400
2025-01-24,224.77999877929688,225.6300048828125,221.41000366210938,222.77999877929688,221.56961059570312,54697900,148.3699951171875,148.97000122070312,141.8800048828125,142.6199951171875,142.5732879638672,234657600,198.10000610351562,200.89999389648438,198.0,200.2100067138672,199.28866577148438,23877500
2025-01-27,224.02000427246094,232.14999389648438,223.97999572753906,229.86000061035156,228.6111602783203,94863400,124.80000305175781,128.39999389648438,116.69999694824219,118.41999816894531,118.38121032714844,818830900,192.41000366210938,196.8800048828125,190.72999572753906,191.80999755859375,190.9272918701172,41728900
2025-01-28,230.85000610351562,240.19000244140625,230.80999755859375,238.25999450683594,236.9655303955078,75707600,121.80999755859375,129.0,116.25,128.99000549316406,128.94775390625,579666400,192.75,195.47999572753906,190.67999267578125,195.3000030517578,194.4012451171875,24157900
2025-01-29,234.1199951171875,239.86000061035156,234.00999450683594,239.36000061035156,238.05955505371094,45486100,126.5,126.88999938964844,120.05000305175781,123.69999694824219,123.65948486328125,467120600,195.55999755859375,196.7899932861328,193.42999267578125,195.41000366210938,194.51077270507812,18218300
2025-01-30,238.6699981689453,240.7899932861328,237.2100067138672,237.58999633789062,236.2991485595703,55658300,123.0999984741211,125.0,118.0999984741211,124.6500015258789,124.60917663574219,392925500,198.0,201.39999389648438,197.6699981689453,200.8699951171875,199.9456024169922,24354700
2025-01-31,247.19000244140625,247.19000244140625,233.44000244140625,236.0,234.71778869628906,100959800,123.77999877929688,127.8499984741211,119.19000244140625,120.06999969482422,120.03067016601562,388161100,202.0,205.47999572753906,201.8000030517578,204.02000427246094,203.08111572265625,32001100
2025-02-03,229.99000549316406,231.8300018310547,225.6999969482422,228.00999450683594,226.77120971679688,73063300,114.75,118.56999969482422,113.01000213623047,116.66000366210938,116.62179565429688,371235700,200.69000244140625,203.75,200.10000610351562,201.22999572753906,200.303955078125,27838300
2025-02-04,227.25,233.1300048828125,226.64999389648438,232.8000030517578,231.53518676757812,45067300,116.95999908447266,121.19999694824219,116.69999694824219,118.6500015258789,118.61112976074219,256550000,203.38999938964844,207.0500030517578,202.80999755859375,206.3800048828125,205.43028259277344,43856400
2025-02-05,228.52999877929688,232.6699981689453,228.27000427246094,232.47000122070312,231.20697021484375,39620300,121.76000213623047,125.0,120.76000213623047,124.83000183105469,124.78911590576172,262230800,191.07000732421875,192.75,188.02999877929688,191.3300018310547,190.4495391845703,70373900
2025-02-06,231.2899932861328,233.8000030517578,230.42999267578125,233.22000122070312,231.95289611816406,29925300,127.41999816894531,128.77000427246094,125.20999908447266,128.67999267578125,128.6378631591797,251483600,189.5,192.10000610351562,188.72000122070312,191.60000610351562,190.71827697753906,29297400
2025-02-07,232.60000610351562,234.0,227.25999450683594,227.6300048828125,226.39329528808594,39707200,129.22000122070312,130.3699951171875,125.0,129.83999633789062,129.79747009277344,228186300,191.0500030517578,191.17999267578125,183.24000549316406,185.33999633789062,184.48707580566406,49315000
2025-02-10,229.57000732421875,230.58999633789062,227.1999969482422,227.64999389648438,226.66209411621094,33115600,130.08999633789062,135.0,129.9600067138672,133.57000732421875,133.5262451171875,216989100,187.35000610351562,188.1999969482422,185.86000061035156,186.47000122070312,185.61187744140625,23105600
2025-02-11,228.1999969482422,235.22999572753906,228.1300048828125,232.6199951171875,231.61053466796875,53718400,132.5800018310547,134.47999572753906,131.02000427246094,132.8000030517578,132.7565155029297,178902400,185.02999877929688,186.94000244140625,184.27999877929688,185.32000732421875,184.46717834472656,21239500
2025-02-12,231.1999969482422,236.9600067138672,230.67999267578125,236.8699951171875,235.84210205078125,45243300,130.02000427246094,132.24000549316406,129.0800018310547,131.13999938964844,131.0970458984375,160278600,183.22000122070312,185.11000061035156,181.8300018310547,183.61000061035156,182.76504516601562,22072600
2025-02-13,236.91000366210938,242.33999633789062,235.57000732421875,241.52999877929688,240.48187255859375,53614100,131.55999755859375,136.5,131.1699981689453,135.2899932861328,135.24566650390625,197430000,184.32000732421875,186.27999877929688,183.13999938964844,186.13999938964844,185.2834014892578,21402500
2025-02-14,241.25,245.5500030517578,240.99000549316406,244.60000610351562,243.53857421875,40896200,136.47999572753906,139.25,135.5,138.85000610351562,138.80453491210938,195479600,185.05999755859375,186.39999389648438,184.32000732421875,185.22999572753906,184.37757873535156,20448400
2025-02-18,244.14999389648438,245.17999267578125,241.83999633789062,244.47000122070312,243.40911865234375,48822500,141.27000427246094,143.44000244140625,137.92999267578125,139.39999389648438,139.35433959960938,219176600,185.60000610351562,185.9600067138672,181.74000549316406,183.77000427246094,182.92431640625,29916700
2025-02-19,244.66000366210938,246.00999450683594,243.16000366210938,244.8699951171875,243.80735778808594,32204200,139.50999450683594,141.36000061035156,137.22000122070312,139.22999572753906,139.18438720703125,167536000,184.07000732421875,185.4600067138672,183.58999633789062,185.27000427246094,184.4174041748047,19549400
2025-02-20,244.94000244140625,246.77999877929688,244.2899932861328,245.8300018310547,244.76321411132812,32316900,140.02999877929688,140.66000366210938,136.7899932861328,140.11000061035156,140.06410217285156,143903600,184.8000030517578,185.30999755859375,182.72000122070312,184.55999755859375,183.71067810058594,20441500
2025-02-21,245.9499969482422,248.69000244140625,245.22000122070312,245.5500030517578,244.48443603515625,53197400,140.0399932861328,141.4600067138672,134.02999877929688,134.42999267578125,134.38595581054688,228217600,185.14999389648438,185.33999633789062,179.0800018310547,179.66000366210938,178.83322143554688,35199200
2025-02-24,244.92999267578125,248.86000061035156,244.4199981689453,247.10000610351562,246.0277099609375,51326400,136.55999755859375,138.58999633789062,130.0800018310547,130.27999877929688,130.23733520507812,251381100,181.99000549316406,183.1199951171875,178.88999938964844,179.25,178.42510986328125,29854200
2025-02-25,248.0,250.0,244.91000366210938,247.0399932861328,245.9679718017578,48013300,129.97999572753906,130.1999969482422,124.44000244140625,126.62999725341797,126.58851623535156,271428700,178.0399932861328,178.74000549316406,174.69000244140625,175.4199981689453,174.61273193359375,41913400
2025-02-26,244.3300018310547,244.97999572753906,239.1300048828125,240.36000061035156,239.31695556640625,44433600,129.99000549316406,133.72999572753906,128.49000549316406,131.27999877929688,131.23699951171875,322553800,175.07000732421875,176.0800018310547,171.5800018310547,172.72999572753906,171.93511962890625,35431300
2025-02-27,239.41000366210938,242.4600067138672,237.05999755859375,237.3000030517578,236.27024841308594,41153600,135.0,135.00999450683594,120.01000213623047,120.1500015258789,120.11064147949219,443175800,173.99000549316406,174.55999755859375,167.94000244140625,168.5,167.72459411621094,39991000
2025-02-28,236.9499969482422,242.08999633789062,230.1999969482422,241.83999633789062,240.79052734375,56833400,118.0199966430664,125.08999633789062,116.4000015258789,124.91999816894531,124.87908172607422,389091100,168.67999267578125,170.61000061035156,166.77000427246094,170.27999877929688,169.4963836669922,48130600
2025-03-03,241.7899932861328,244.02999877929688,236.11000061035156,238.02999877929688,236.9970703125,47184000,123.51000213623047,123.69999694824219,112.27999877929688,114.05999755859375,114.02263641357422,411381400,171.92999267578125,173.3699951171875,165.92999267578125,167.00999450683594,166.24143981933594,40770500
2025-03-04,237.7100067138672,240.07000732421875,234.67999267578125,235.92999267578125,234.9061737060547,53798100,110.6500015258789,119.30999755859375,110.11000061035156,115.98999786376953,115.9520034790039,398163300,166.24000549316406,173.2899932861328,165.8000030517578,170.9199981689453,170.13343811035156,45388000
2025-03-05,235.4199981689453,236.5500030517578,229.22999572753906,235.74000549316406,234.7169952392578,47227600,117.58000183105469,118.27999877929688,114.51000213623047,117.30000305175781,117.2615737915039,284337900,170.52000427246094,173.77999877929688,169.05999755859375,173.02000427246094,172.22378540039062,30954900
2025-03-06,234.44000244140625,237.86000061035156,233.16000366210938,235.3300018310547,234.30877685546875,45170400,113.52999877929688,115.3499984741211,110.22000122070312,110.56999969482422,110.53378295898438,321181900,170.52999877929688,174.80999755859375,170.5,172.35000610351562,171.55686950683594,28302000
2025-03-07,235.11000061035156,241.3699951171875,234.75999450683594,239.07000732421875,238.03256225585938,46273600,111.25,113.4800033569336,107.55999755859375,112.69000244140625,112.65309143066406,341755500,171.25999450683594,174.97000122070312,170.27000427246094,173.86000061035156,173.05992126464844,27385800
2025-03-10,235.5399932861328,236.16000366210938,224.22000122070312,227.47999572753906,226.4928436279297,72071200,109.9000015258789,111.8499984741211,105.45999908447266,106.9800033569336,106.94496154785156,366487400,168.25999450683594,168.4600067138672,163.69000244140625,165.8699951171875,165.2968292236328,43604000
2025-03-11,223.80999755859375,225.83999633789062,217.4499969482422,220.83999633789062,219.88165283203125,76137400,106.98999786376953,112.23999786376953,104.7699966430664,108.76000213623047,108.72438049316406,354865700,164.91000366210938,166.75,161.3699951171875,164.0399932861328,163.47314453125,39587400
2025-03-12,220.13999938964844,221.75,214.91000366210938,216.97999572753906,216.03842163085938,62547500,114.12000274658203,116.76000213623047,112.87999725341797,115.73999786376953,115.71273803710938,323857500,166.5800018310547,167.63999938964844,163.52999877929688,167.11000061035156,166.53256225585938,28372400
2025-03-13,215.9499969482422,216.83999633789062,208.4199981689453,209.67999267578125,208.77008056640625,61368300,117.02999877929688,117.76000213623047,113.79000091552734,115.58000183105469,115.55277252197266,299033100,166.0399932861328,166.1300048828125,162.11000061035156,162.75999450683594,162.1975860595703,31756200
2025-03-14,211.25,213.9499969482422,209.5800018310547,213.49000549316406,212.5635528564453,60107600,118.61000061035156,121.87999725341797,118.1500015258789,121.66999816894531,121.6413345336914,277593500,163.27000427246094,166.49000549316406,162.4499969482422,165.49000549316406,164.91815185546875,31995900
2025-03-17,213.30999755859375,215.22000122070312,209.97000122070312,214.0,213.0713653564453,48073400,122.73999786376953,122.88999938964844,118.02999877929688,119.52999877929688,119.50183868408203,255501500,165.02999877929688,166.3000030517578,163.6699981689453,164.2899932861328,163.72230529785156,31184300
2025-03-18,214.16000366210938,215.14999389648438,211.49000549316406,212.69000244140625,211.7670440673828,42432400,118.0,119.0199966430664,114.54000091552734,115.43000030517578,115.40280151367188,299686900,163.67999267578125,164.25,156.72000122070312,160.6699981689453,160.1147918701172,42074800
2025-03-19,214.22000122070312,218.75999450683594,213.75,215.24000549316406,214.30596923828125,54385400,117.2699966430664,120.44999694824219,115.68000030517578,117.5199966430664,117.4923095703125,273426200,161.75999450683594,165.8699951171875,161.0,163.88999938964844,163.3236846923828,34275600
2025-03-20,213.99000549316406,217.49000549316406,212.22000122070312,214.10000610351562,213.17091369628906,48862900,116.55000305175781,120.19999694824219,116.47000122070312,118.52999877929688,118.50206756591797,248829700,161.57000732421875,164.88999938964844,160.9600067138672,162.8000030517578,162.23745727539062,28138500
2025-03-21,211.55999755859375,218.83999633789062,211.27999877929688,218.27000427246094,217.3228302001953,94127800,116.94000244140625,117.98999786376953,115.41999816894531,117.69999694824219,117.6722640991211,266498500,161.2100067138672,164.24000549316406,160.88999938964844,163.99000549316406,163.42333984375,36625800
2025-03-24,221.0,221.47999572753906,218.5800018310547,220.72999572753906,219.77215576171875,44299500,119.87999725341797,122.22000122070312,119.33999633789062,121.41000366210938,121.38140106201172,228452500,167.07000732421875,168.32000732421875,165.13999938964844,167.67999267578125,167.1005859375,30879100
2025-03-25,220.77000427246094,224.10000610351562,220.0800018310547,223.75,222.77903747558594,34493600,120.55000305175781,121.29000091552734,118.91999816894531,120.69000244140625,120.66156768798828,167447200,168.97999572753906,170.6300048828125,168.32000732421875,170.55999755859375,169.97064208984375,24174400
2025-03-26,223.50999450683594,225.02000427246094,220.47000122070312,221.52999877929688,220.56866455078125,34466100,118.7300033569336,118.83999633789062,112.70999908447266,113.76000213623047,113.73320007324219,293463300,169.0,169.61000061035156,164.83999633789062,165.05999755859375,164.4896240234375,28901600
2025-03-27,221.38999938964844,224.99000549316406,220.55999755859375,223.85000610351562,222.8786163330078,37094800,111.3499984741211,114.44999694824219,110.66000366210938,111.43000030517578,111.40375518798828,236902100,164.6300048828125,165.4199981689453,162.0,162.24000549316406,161.67938232421875,24508300
2025-03-28,221.6699981689453,223.80999755859375,217.67999267578125,217.89999389648438,216.95440673828125,39818600,111.48999786376953,112.87000274658203,109.06999969482422,109.66999816894531,109.6441650390625,229872500,160.49000549316406,161.82000732421875,153.6300048828125,154.3300018310547,153.7967071533203,48669300
2025-03-31,217.00999450683594,225.6199951171875,216.22999572753906,222.1300048828125,221.16607666015625,65299300,105.12999725341797,110.95999908447266,103.6500015258789,108.37999725341797,108.35446166992188,299212700,153.11000061035156,155.5399932861328,150.66000366210938,154.63999938964844,154.10565185546875,54603500
2025-04-01,219.80999755859375,223.67999267578125,218.89999389648438,223.19000244140625,222.22145080566406,36412700,108.5199966430664,110.19999694824219,106.47000122070312,110.1500015258789,110.1240463256836,222614000,153.6199951171875,158.10000610351562,153.6199951171875,157.07000732421875,156.52725219726562,30672900
2025-04-02,221.32000732421875,225.19000244140625,221.02000427246094,223.88999938964844,222.91842651367188,35905900,107.29000091552734,111.9800033569336,106.79000091552734,110.41999816894531,110.39398193359375,220601200,155.14999389648438,158.41000366210938,154.6999969482422,157.0399932861328,156.49734497070312,25041700
2025-04-03,205.5399932861328,207.49000549316406,201.25,203.19000244140625,202.30824279785156,103419000,103.51000213623047,105.62999725341797,101.5999984741211,101.80000305175781,101.77601623535156,338769400,151.11000061035156,152.77999877929688,150.38999938964844,150.72000122070312,150.19920349121094,46883400
2025-04-04,193.88999938964844,199.8800048828125,187.33999633789062,188.3800048828125,187.56253051757812,125910900,98.91000366210938,100.12999725341797,92.11000061035156,94.30999755859375,94.28778076171875,532273800,148.00999450683594,151.07000732421875,145.3800048828125,145.60000610351562,145.09689331054688,62259500
2025-04-07,177.1999969482422,194.14999389648438,174.6199951171875,181.4600067138672,180.6725616455078,160466300,87.45999908447266,101.75,86.62000274658203,97.63999938964844,97.61698913574219,611041300,141.5500030517578,152.85000610351562,140.52999877929688,146.75,146.242919921875,76794100
2025-04-08,186.6999969482422,190.33999633789062,169.2100067138672,172.4199981689453,171.67178344726562,120859500,103.80999755859375,105.8499984741211,94.45999908447266,96.30000305175781,96.27731323242188,476243400,151.22000122070312,152.24000549316406,143.02999877929688,144.6999969482422,144.19998168945312,52200200
2025-04-09,171.9499969482422,200.61000061035156,171.88999938964844,198.85000610351562,197.98709106445312,184395900,98.88999938964844,115.0999984741211,97.52999877929688,114.33000183105469,114.30306243896484,612918300,144.4199981689453,159.5500030517578,143.91000366210938,158.7100067138672,158.16159057617188,70406200
2025-04-10,189.07000732421875,194.77999877929688,183.0,190.4199981689453,189.59365844726562,121880000,109.37000274658203,110.86000061035156,99.1500015258789,107.56999969482422,107.5446548461914,437812400,156.5399932861328,157.72000122070312,149.92999267578125,152.82000732421875,152.29196166992188,48022000
2025-04-11,186.10000610351562,199.5399932861328,186.05999755859375,198.14999389648438,197.29013061523438,87435900,108.5,111.55000305175781,107.4800033569336,110.93000030517578,110.90386199951172,313417300,152.89999389648438,157.6699981689453,152.82000732421875,157.13999938964844,156.59701538085938,33636200
2025-04-14,211.44000244140625,212.94000244140625,201.16000366210938,202.52000427246094,201.64117431640625,101352900,114.11000061035156,114.29000091552734,109.06999969482422,110.70999908447266,110.68391418457031,264705000,160.0,161.72000122070312,157.55999755859375,159.07000732421875,158.52035522460938,30333000
2025-04-15,201.86000061035156,203.50999450683594,199.8000030517578,202.13999938964844,201.26280212402344,51343900,110.97000122070312,113.62000274658203,110.5,112.19999694824219,112.1735610961914,228966900,159.1300048828125,159.64999389648438,155.2100067138672,156.30999755859375,155.76986694335938,27551500
2025-04-16,198.36000061035156,200.6999969482422,192.3699951171875,194.27000427246094,193.42697143554688,59732400,104.55000305175781,106.79000091552734,100.44999694824219,104.48999786376953,104.46538543701172,397016900,153.10000610351562,155.88999938964844,151.50999450683594,153.3300018310547,152.8001708984375,28187400
2025-04-17,197.1999969482422,198.8300018310547,194.4199981689453,196.97999572753906,196.12521362304688,52164700,104.44999694824219,104.47000122070312,100.05000305175781,101.48999786376953,101.4660873413086,292517500,154.2899932861328,154.67999267578125,148.5,151.16000366210938,150.63766479492188,33046600
2025-04-21,193.27000427246094,193.8000030517578,189.80999755859375,193.16000366210938,192.32177734375,46742500,98.7699966430664,99.44000244140625,95.04000091552734,96.91000366210938,96.88717651367188,288501100,148.8800048828125,148.9499969482422,146.10000610351562,147.6699981689453,147.15972900390625,26049100
2025-04-22,196.1199951171875,201.58999633789062,195.97000122070312,199.74000549316406,198.8732452392578,52976400,98.77999877929688,99.80999755859375,97.27999877929688,98.88999938964844,98.86670684814453,241004800,148.88999938964844,152.19000244140625,148.5399932861328,151.47000122070312,150.94659423828125,26971800
2025-04-23,206.0,208.0,202.8000030517578,204.60000610351562,203.71214294433594,52929200,104.5199966430664,104.80000305175781,102.0199966430664,102.70999908447266,102.68579864501953,247526000,155.61000061035156,157.52999877929688,153.80999755859375,155.35000610351562,154.8131866455078,31128800
2025-04-24,204.88999938964844,208.8300018310547,202.94000244140625,208.3699951171875,207.46575927734375,47311000,103.4800033569336,106.54000091552734,103.11000061035156,106.43000030517578,106.40492248535156,220815000,156.14999389648438,159.58999633789062,155.7899932861328,159.27999877929688,158.7296142578125,45894000
2025-04-25,206.3699951171875,209.75,206.1999969482422,209.27999877929688,208.371826171875,38222300,106.8499984741211,111.91999816894531,105.7300033569336,111.01000213623047,110.98385620117188,251064700,165.07000732421875,166.10000610351562,161.0399932861328,161.9600067138672,161.4003448486328,56034000
2025-04-28,210.0,211.5,207.4600067138672,210.13999938964844,209.2281036376953,38743100,109.69000244140625,110.37000274658203,106.0199966430664,108.7300033569336,108.70438385009766,207708500,162.42999267578125,163.14999389648438,158.60000610351562,160.61000061035156,160.05502319335938,29745800
2025-04-29,208.69000244140625,212.24000549316406,208.3699951171875,211.2100067138672,210.29345703125,36827600,107.66999816894531,110.19999694824219,107.44000244140625,109.0199966430664,108.99431610107422,170444300,160.32000732421875,160.74000549316406,157.52000427246094,160.16000366210938,159.6065673828125,26809000
2025-04-30,209.3000030517578,213.5800018310547,206.6699981689453,212.5,211.57786560058594,52286500,104.47000122070312,108.91999816894531,104.08000183105469,108.91999816894531,108.89433288574219,235044600,157.97999572753906,159.27000427246094,155.39999389648438,158.8000030517578,158.2512664794922,34981100
2025-05-01,209.0800018310547,214.55999755859375,208.89999389648438,213.32000732421875,212.39430236816406,57365700,113.08000183105469,114.94000244140625,111.30000305175781,111.61000061035156,111.58370208740234,236121500,160.4499969482422,161.9499969482422,158.91000366210938,161.3000030517578,160.74264526367188,30203200
2025-05-02,206.08999633789062,206.99000549316406,202.16000366210938,205.35000610351562,204.45889282226562,101010600,114.18000030517578,115.4000015258789,113.37000274658203,114.5,114.47303009033203,190194800,163.41000366210938,164.97000122070312,161.8699951171875,164.02999877929688,163.4632110595703,25715000
2025-05-05,203.10000610351562,204.10000610351562,198.2100067138672,198.88999938964844,198.02691650390625,69018500,112.91000366210938,114.66999816894531,112.66000366210938,113.81999969482422,113.7931900024414,133163200,163.0,165.38999938964844,162.72000122070312,164.2100067138672,163.642578125,21341800
2025-05-06,198.2100067138672,200.64999389648438,197.02000427246094,198.50999450683594,197.6485595703125,51216500,111.4800033569336,114.73999786376953,110.81999969482422,113.54000091552734,113.51325988769531,158525600,162.1699981689453,164.8000030517578,161.19000244140625,163.22999572753906,162.6659698486328,21277200
2025-05-07,199.1699981689453,199.44000244140625,193.25,196.25,195.3983612060547,68536700,113.05000305175781,117.68000030517578,112.27999877929688,117.05999755859375,117.03242492675781,206758800,164.0800018310547,165.0,147.83999633789062,151.3800048828125,150.85690307617188,127490100
2025-05-08,197.72000122070312,200.0500030517578,194.67999267578125,197.49000549316406,196.63299560546875,50478900,118.25,118.68000030517578,115.8499984741211,117.37000274658203,117.34236145019531,198428100,155.0,155.92999267578125,152.89999389648438,154.27999877929688,153.7468719482422,57498700
2025-05-09,199.0,200.5399932861328,197.5399932861328,198.52999877929688,197.66848754882812,36453900,117.3499984741211,118.2300033569336,115.20999908447266,116.6500015258789,116.62252044677734,132972200,154.1699981689453,155.0500030517578,152.1999969482422,152.75,152.22218322753906,32435300
2025-05-12,210.97000122070312,211.27000427246094,206.75,210.7899932861328,210.15048217773438,63775800,121.97000122070312,123.0,120.27999877929688,123.0,122.97103118896484,225023300,157.49000549316406,159.10000610351562,156.25,158.4600067138672,157.91246032714844,44138800
2025-05-13,210.42999267578125,213.39999389648438,209.0,212.92999267578125,212.28399658203125,51909300,124.9800033569336,131.22000122070312,124.47000122070312,129.92999267578125,129.89938354492188,330430100,158.7899932861328,160.57000732421875,156.16000366210938,159.52999877929688,158.97874450683594,42382100
2025-05-14,212.42999267578125,213.94000244140625,210.5800018310547,212.3300018310547,211.68582153320312,49325800,133.1999969482422,135.44000244140625,131.67999267578125,135.33999633789062,135.30810546875,281180800,159.9600067138672,167.0,159.61000061035156,165.3699951171875,164.79855346679688,48755900
2025-05-15,210.9499969482422,212.9600067138672,209.5399932861328,211.4499969482422,210.80850219726562,45029500,134.2899932861328,136.3000030517578,132.66000366210938,134.8300018310547,134.79823303222656,226632600,165.83999633789062,166.2100067138672,162.3699951171875,163.9600067138672,163.39344787597656,33146700
2025-05-16,212.36000061035156,212.57000732421875,209.77000427246094,211.25999450683594,210.61907958984375,54737900,136.22000122070312,136.35000610351562,133.4600067138672,135.39999389648438,135.36810302734375,226542500,167.72999572753906,169.35000610351562,165.6199951171875,166.19000244140625,165.61572265625,42846900
2025-05-19,207.91000366210938,209.47999572753906,204.25999450683594,208.77999877929688,208.14659118652344,46140500,132.38999938964844,135.8699951171875,132.38999938964844,135.57000732421875,135.53805541992188,193154600,164.50999450683594,166.63999938964844,164.22000122070312,166.5399932861328,165.96450805664062,30426100
2025-05-20,207.6699981689453,208.47000122070312,205.02999877929688,206.86000061035156,206.232421875,42496600,134.2899932861328,134.5800018310547,132.6199951171875,134.3800048828125,134.34832763671875,161514200,166.42999267578125,168.5,162.89999389648438,163.97999572753906,163.4133758544922,46607700
2025-05-21,205.1699981689453,207.0399932861328,200.7100067138672,202.08999633789062,201.47689819335938,59211800,133.05999755859375,137.39999389648438,130.58999633789062,131.8000030517578,131.76895141601562,270608700,163.69000244140625,173.13999938964844,163.55999755859375,168.55999755859375,167.9775390625,73416000
2025-05-22,200.7100067138672,202.75,199.6999969482422,201.36000061035156,200.74911499023438,46742400,132.22999572753906,134.25,131.5500030517578,132.8300018310547,132.7987060546875,187344000,171.85000610351562,176.77000427246094,170.7100067138672,170.8699951171875,170.27955627441406,74864400
2025-05-23,193.6699981689453,197.6999969482422,193.4600067138672,195.27000427246094,194.6775665283203,78432900,130.0,132.67999267578125,129.16000366210938,131.2899932861328,131.25906372070312,198821300,169.05999755859375,169.9600067138672,167.88999938964844,168.47000122070312,167.88784790039062,35211400
2025-05-27,198.3000030517578,200.74000549316406,197.42999267578125,200.2100067138672,199.60260009765625,56288500,134.14999389648438,135.66000366210938,133.30999755859375,135.5,135.4680633544922,192953600,170.16000366210938,173.1699981689453,170.0,172.89999389648438,172.30255126953125,37995700
2025-05-28,200.58999633789062,202.72999572753906,199.89999389648438,200.4199981689453,199.8119659423828,45339700,136.02999877929688,137.25,134.7899932861328,134.80999755859375,134.7782440185547,304021100,173.16000366210938,175.27000427246094,171.91000366210938,172.36000061035156,171.76441955566406,34784000
2025-05-29,203.5800018310547,203.80999755859375,198.50999450683594,199.9499969482422,199.34336853027344,51396800,142.25,143.49000549316406,137.91000366210938,139.19000244140625,139.15721130371094,369241900,174.0,174.4199981689453,170.6300048828125,171.86000061035156,171.26614379882812,29317300
2025-05-30,199.3699951171875,201.9600067138672,196.77999877929688,200.85000610351562,200.24066162109375,70819900,138.72000122070312,139.6199951171875,132.9199981689453,135.1300048828125,135.09817504882812,333170900,171.35000610351562,172.2100067138672,167.44000244140625,171.74000549316406,171.14657592773438,52639900
2025-06-02,200.27999877929688,202.1300048828125,200.1199951171875,201.6999969482422,201.08807373046875,35423300,135.49000549316406,138.1199951171875,135.39999389648438,137.3800048828125,137.34764099121094,197663100,167.83999633789062,169.8699951171875,167.38999938964844,169.02999877929688,168.44590759277344,38612300
2025-06-03,201.35000610351562,203.77000427246094,200.9600067138672,203.27000427246094,202.6533203125,46381600,138.77999877929688,142.0,137.9499969482422,141.22000122070312,141.1867218017578,225578800,167.49000549316406,168.47999572753906,165.27999877929688,166.17999267578125,165.60577392578125,45084900
2025-06-04,202.91000366210938,206.24000549316406,202.10000610351562,202.82000732421875,202.20468139648438,43604000,142.19000244140625,142.38999938964844,139.5399932861328,141.9199981689453,141.88656616210938,167120800,166.74000549316406,168.22000122070312,166.36000061035156,168.0500030517578,167.4693145751953,26900800
2025-06-05,203.5,204.75,200.14999389648438,200.6300048828125,200.0213165283203,55126100,142.1699981689453,144.0,138.8300018310547,139.99000549316406,139.95703125,231397900,170.33999633789062,170.92999267578125,167.58999633789062,168.2100067138672,167.62875366210938,36379100
2025-06-06,203.0,205.6999969482422,202.0500030517578,203.9199981689453,203.30133056640625,46607700,142.50999450683594,143.27000427246094,141.50999450683594,141.72000122070312,141.6865997314453,153986200,170.8300018310547,174.5,170.8300018310547,173.67999267578125,173.079833984375,35731800
2025-06-09,204.38999938964844,206.0,200.02000427246094,201.4499969482422,200.8388214111328,72862600,143.19000244140625,145.0,141.94000244140625,142.6300048828125,142.59640502929688,185114500,174.5399932861328,176.47000122070312,174.3699951171875,176.08999633789062,175.69395446777344,28935900
2025-06-10,200.60000610351562,204.35000610351562,200.57000732421875,202.6699981689453,202.0551300048828,54672600,142.69000244140625,144.2899932861328,141.52999877929688,143.9600067138672,143.92608642578125,155881900,176.1999969482422,181.11000061035156,174.91000366210938,178.60000610351562,178.1983184814453,61766100
2025-06-11,203.5,204.5,198.41000366210938,198.77999877929688,198.1769256591797,60989900,144.61000061035156,144.99000549316406,141.8699951171875,142.8300018310547,142.80625915527344,167694000,179.77000427246094,180.3699951171875,176.75,177.35000610351562,176.9511260986328,31646800
2025-06-12,199.0800018310547,199.67999267578125,197.36000061035156,199.1999969482422,198.5956573486328,43904600,141.97000122070312,145.0,141.85000610351562,145.0,144.9759063720703,162365000,176.17999267578125,176.72000122070312,174.75,175.6999969482422,175.30484008789062,20941900
2025-06-13,199.72999572753906,200.3699951171875,195.6999969482422,196.4499969482422,195.85400390625,51447300,142.47999572753906,143.5800018310547,140.85000610351562,141.97000122070312,141.94639587402344,180820600,172.44000244140625,177.1300048828125,172.38999938964844,174.6699981689453,174.2771453857422,27663100
2025-06-16,197.3000030517578,198.69000244140625,196.55999755859375,198.4199981689453,197.81802368164062,43020700,143.35000610351562,146.17999267578125,143.1999969482422,144.69000244140625,144.66595458984375,183133700,174.72999572753906,176.94000244140625,174.64999389648438,176.77000427246094,176.3724365234375,27389200
2025-06-17,197.1999969482422,198.38999938964844,195.2100067138672,195.63999938964844,195.0464630126953,38856200,144.49000549316406,145.22000122070312,143.77999877929688,144.1199951171875,144.09603881835938,139108000,175.6999969482422,177.36000061035156,174.5800018310547,175.9499969482422,175.55426025390625,24973000
2025-06-18,195.94000244140625,197.57000732421875,195.07000732421875,196.5800018310547,195.9835968017578,45394700,144.00999450683594,145.64999389648438,143.1199951171875,145.47999572753906,145.455810546875,161494100,176.00999450683594,176.55999755859375,173.1999969482422,173.32000732421875,172.93020629882812,28707500
2025-06-20,198.24000549316406,201.6999969482422,196.86000061035156,201.0,200.3902130126953,96813500,145.4499969482422,146.1999969482422,142.64999389648438,143.85000610351562,143.8260955810547,242956200,173.9499969482422,174.33999633789062,165.4600067138672,166.63999938964844,166.26522827148438,75659900
2025-06-23,201.6300048828125,202.3000030517578,198.9600067138672,201.5,200.888671875,55814300,142.5,144.77999877929688,142.02999877929688,144.1699981689453,144.1460418701172,154308900,166.27000427246094,167.33999633789062,162.0,165.19000244140625,164.8184814453125,57671000
2025-06-24,202.58999633789062,203.44000244140625,200.1999969482422,200.3000030517578,199.6923065185547,54064000,145.55999755859375,147.9600067138672,145.5,147.89999389648438,147.87539672851562,187566100,166.9199981689453,168.22000122070312,166.1300048828125,166.77000427246094,166.39492797851562,40524300
2025-06-25,201.4499969482422,203.6699981689453,200.6199951171875,201.55999755859375,200.948486328125,39525700,149.27000427246094,154.4499969482422,149.25999450683594,154.30999755859375,154.28436279296875,269146500,167.6300048828125,172.36000061035156,167.5500030517578,170.67999267578125,170.29612731933594,35479000
2025-06-26,201.42999267578125,202.63999938964844,199.4600067138672,201.0,200.3902130126953,50799100,155.97999572753906,156.72000122070312,154.0,155.02000427246094,154.99423217773438,198145700,172.42999267578125,173.69000244140625,169.94000244140625,173.5399932861328,173.14968872070312,31796700
2025-06-27,201.88999938964844,203.22000122070312,200.0,201.0800018310547,200.469970703125,73188600,156.0399932861328,158.7100067138672,155.25999450683594,157.75,157.7238006591797,263234500,173.5399932861328,178.67999267578125,171.72999572753906,178.52999877929688,178.1284637451172,108140200
2025-06-30,202.00999450683594,207.38999938964844,199.25999450683594,205.1699981689453,204.5475311279297,91912800,158.39999389648438,158.66000366210938,155.9600067138672,157.99000549316406,157.96376037597656,194580300,180.77999877929688,181.22999572753906,174.5800018310547,176.22999572753906,175.83364868164062,63378900
2025-07-01,206.6699981689453,210.19000244140625,206.13999938964844,207.82000732421875,207.18951416015625,78788900,156.2899932861328,157.1999969482422,151.49000549316406,153.3000030517578,153.2745361328125,213143600,175.74000549316406,176.08999633789062,173.52999877929688,175.83999633789062,175.4445343017578,35904500
2025-07-02,208.91000366210938,213.33999633789062,208.13999938964844,212.44000244140625,211.7954864501953,67941800,152.97999572753906,157.60000610351562,152.97000122070312,157.25,157.22386169433594,171224100,175.5399932861328,178.86000061035156,175.07000732421875,178.63999938964844,178.23822021484375,29128900
2025-07-03,212.14999389648438,214.64999389648438,211.80999755859375,213.5500030517578,212.90211486816406,34955800,158.3699951171875,160.97999572753906,157.77000427246094,159.33999633789062,159.3135223388672,143716100,178.5,179.6699981689453,177.0500030517578,179.52999877929688,179.126220703125,21689700
2025-07-07,212.67999267578125,216.22999572753906,208.8000030517578,209.9499969482422,209.31304931640625,50229000,158.1999969482422,159.30999755859375,157.33999633789062,158.24000549316406,158.21371459960938,140139000,179.05999755859375,179.3000030517578,175.67999267578125,176.7899932861328,176.3923797607422,34175600
2025-07-08,210.10000610351562,211.42999267578125,208.4499969482422,210.00999450683594,209.3728485107422,42848900,159.3300018310547,160.22000122070312,158.38999938964844,160.0,159.97341918945312,138133000,177.85000610351562,177.9499969482422,172.80999755859375,174.36000061035156,173.9678497314453,40442500
2025-07-09,209.52999877929688,211.3300018310547,207.22000122070312,211.13999938964844,210.4994354248047,48749400,161.22000122070312,164.4199981689453,161.16000366210938,162.8800048828125,162.85293579101562,183656400,175.25,179.44000244140625,172.77000427246094,176.6199951171875,176.2227783203125,43025600
2025-07-10,210.50999450683594,213.47999572753906,210.02999877929688,212.41000366210938,211.7655792236328,44443600,164.32000732421875,164.5,161.61000061035156,164.10000610351562,164.07273864746094,167704100,175.6300048828125,178.42999267578125,174.3800048828125,177.6199951171875,177.2205047607422,29252400
2025-07-11,210.57000732421875,212.1300048828125,209.86000061035156,211.16000366210938,210.51937866210938,39765800,163.72000122070312,167.88999938964844,163.47000122070312,164.9199981689453,164.89259338378906,193633300,176.7899932861328,181.42999267578125,176.47999572753906,180.19000244140625,179.7847442626953,34282900
2025-07-14,209.92999267578125,210.91000366210938,207.5399932861328,208.6199951171875,207.987060546875,38840100,165.3699951171875,165.49000549316406,162.02000427246094,164.07000732421875,164.04273986816406,136975800,181.00999450683594,183.6699981689453,179.67999267578125,181.55999755859375,181.1516571044922,32536600
2025-07-15,209.22000122070312,211.88999938964844,208.9199981689453,209.11000061035156,208.4755859375,42296300,171.19000244140625,172.39999389648438,169.1999969482422,170.6999969482422,170.671630859375,230627400,182.80999755859375,184.22000122070312,181.60000610351562,182.0,181.59068298339844,33448300
2025-07-16,210.3000030517578,212.39999389648438,208.63999938964844,210.16000366210938,209.52239990234375,47490500,171.05999755859375,171.75,168.89999389648438,171.3699951171875,171.34152221679688,158831500,183.24000549316406,184.3300018310547,182.02999877929688,182.97000122070312,182.55848693847656,33104200
2025-07-17,210.57000732421875,211.8000030517578,209.58999633789062,210.02000427246094,209.38282775878906,48068100,172.02000427246094,174.16000366210938,170.8300018310547,173.0,172.97125244140625,160841100,182.13999938964844,184.05999755859375,180.47999572753906,183.5800018310547,183.16712951660156,31992600
2025-07-18,210.8699951171875,211.7899932861328,209.6999969482422,211.17999267578125,210.539306640625,48974600,173.63999938964844,174.25,171.25999450683594,172.41000366210938,172.38136291503906,146456400,185.39999389648438,186.4199981689453,183.7100067138672,185.05999755859375,184.64378356933594,34014500
2025-07-21,212.10000610351562,215.77999877929688,211.6300048828125,212.47999572753906,211.83535766601562,51377400,172.75,173.3800048828125,171.0,171.3800048828125,171.35153198242188,123126100,186.25,190.2899932861328,186.14999389648438,190.10000610351562,189.67245483398438,45803100
2025-07-22,213.13999938964844,214.9499969482422,212.22999572753906,214.39999389648438,213.74952697753906,46404100,171.33999633789062,171.38999938964844,164.5800018310547,167.02999877929688,167.00225830078125,193114300,191.5,191.64999389648438,187.4600067138672,191.33999633789062,190.90966796875,44660200
2025-07-23,215.0,215.14999389648438,212.41000366210938,214.14999389648438,213.5002899169922,46989300,169.52999877929688,171.25999450683594,167.97000122070312,170.77999877929688,170.75161743164062,154082200,191.5,192.52999877929688,189.17999267578125,190.22999572753906,189.80215454101562,58681900
2025-07-24,213.89999389648438,215.69000244140625,213.52999877929688,213.75999450683594,213.11148071289062,46022600,172.44000244140625,173.8300018310547,171.3000030517578,173.74000549316406,173.7111358642578,128984600,197.02999877929688,197.9499969482422,191.0,192.1699981689453,191.73780822753906,74881700
2025-07-25,214.6999969482422,215.24000549316406,213.39999389648438,213.8800048828125,213.23110961914062,40268800,173.61000061035156,174.72000122070312,172.9600067138672,173.5,173.47117614746094,122316800,191.97999572753906,194.3300018310547,191.25999450683594,193.17999267578125,192.74551391601562,39785900
2025-07-28,214.02999877929688,214.85000610351562,213.05999755859375,214.0500030517578,213.40061950683594,37858000,174.02000427246094,177.0,173.97000122070312,176.75,176.7206268310547,140023500,193.64999389648438,194.0500030517578,190.83999633789062,192.5800018310547,192.14688110351562,38139500
2025-07-29,214.17999267578125,214.80999755859375,210.82000732421875,211.27000427246094,210.62904357910156,51411700,177.9600067138672,179.3800048828125,175.02000427246094,175.50999450683594,175.4808349609375,154077500,192.42999267578125,195.9199981689453,192.0800018310547,195.75,195.3097381591797,41389200
2025-07-30,211.89999389648438,212.38999938964844,207.72000122070312,209.0500030517578,208.41578674316406,45512500,176.50999450683594,179.88999938964844,176.0399932861328,179.27000427246094,179.24021911621094,174312200,195.60000610351562,197.60000610351562,194.69000244140625,196.52999877929688,196.08799743652344,32445400
2025-07-31,208.49000549316406,209.83999633789062,207.16000366210938,207.57000732421875,206.9402618408203,80698400,182.89999389648438,183.3000030517578,175.92999267578125,177.8699951171875,177.84043884277344,221685400,195.7100067138672,195.99000549316406,191.08999633789062,191.89999389648438,191.46839904785156,51329200
2025-08-01,210.8699951171875,213.5800018310547,201.5,202.3800048828125,201.76600646972656,104434500,174.08999633789062,176.5399932861328,170.88999938964844,173.72000122070312,173.69113159179688,204529000,189.02999877929688,190.8300018310547,187.82000732421875,189.1300048828125,188.70465087890625,34832200
2025-08-04,204.50999450683594,207.8800048828125,201.67999267578125,203.35000610351562,202.7330780029297,75109300,175.16000366210938,180.1999969482422,174.52000427246094,180.0,179.9700927734375,148174600,190.2899932861328,195.27000427246094,190.1199951171875,195.0399932861328,194.60133361816406,31547400
2025-08-05,203.39999389648438,205.33999633789062,202.16000366210938,202.9199981689453,202.3043670654297,44155100,179.6199951171875,180.25999450683594,175.89999389648438,178.25999450683594,178.23037719726562,156407600,194.7100067138672,197.86000061035156,193.88999938964844,194.6699981689453,194.232177734375,31602300
2025-08-06,205.6300048828125,215.3800048828125,205.58999633789062,213.25,212.60302734375,108483100,176.3300018310547,179.89999389648438,176.25,179.4199981689453,179.3901824951172,137192300,194.5,196.6300048828125,193.6699981689453,196.08999633789062,195.64898681640625,21562900
2025-08-07,218.8800048828125,220.85000610351562,216.5800018310547,220.02999877929688,219.36245727539062,90224800,181.57000732421875,183.8800048828125,178.8000030517578,180.77000427246094,180.73997497558594,151878400,197.05999755859375,197.5399932861328,194.3300018310547,196.52000427246094,196.07801818847656,26321800
2025-08-08,220.8300018310547,231.0,219.25,229.35000610351562,228.6541748046875,113854000,181.5500030517578,183.3000030517578,180.39999389648438,182.6999969482422,182.66964721679688,123396700,197.22000122070312,202.61000061035156,197.1699981689453,201.4199981689453,200.9669952392578,39161800
2025-08-11,227.9199981689453,229.55999755859375,224.75999450683594,227.17999267578125,226.747802734375,61806100,182.0500030517578,183.83999633789062,180.25,182.05999755859375,182.0297393798828,138323200,200.94000244140625,201.47999572753906,199.07000732421875,201.0,200.54794311523438,25832400
2025-08-12,228.00999450683594,230.8000030517578,227.07000732421875,229.64999389648438,229.21310424804688,55626200,182.9600067138672,184.47999572753906,179.4600067138672,183.16000366210938,183.1295623779297,145485700,201.3699951171875,204.5,200.58999633789062,203.33999633789062,202.88267517089844,30397900
2025-08-13,231.07000732421875,235.0,230.42999267578125,233.3300018310547,232.88612365722656,69878500,182.6199951171875,183.97000122070312,179.35000610351562,181.58999633789062,181.55982971191406,179871700,204.1300048828125,204.52999877929688,197.50999450683594,201.9600067138672,201.5057830810547,28342900
2025-08-14,234.05999755859375,235.1199951171875,230.85000610351562,232.77999877929688,232.337158203125,51916300,179.75,183.02000427246094,179.4600067138672,182.02000427246094,181.98974609375,129554000,201.5,204.44000244140625,201.22999572753906,202.94000244140625,202.48358154296875,25230400
2025-08-15,234.0,234.27999877929688,229.33999633789062,231.58999633789062,231.1494140625,56038700,181.8800048828125,181.89999389648438,178.0399932861328,180.4499969482422,180.42001342773438,156602200,203.85000610351562,206.44000244140625,201.27999877929688,203.89999389648438,203.44142150878906,34931400
2025-08-18,231.6999969482422,233.1199951171875,230.11000061035156,230.88999938964844,230.4507598876953,37476200,180.60000610351562,182.94000244140625,180.58999633789062,182.00999450683594,181.979736328125,132008000,204.1999969482422,205.27000427246094,202.49000549316406,203.5,203.0423126220703,18526600
2025-08-19,231.27999877929688,232.8699951171875,229.35000610351562,230.55999755859375,230.1213836669922,39402600,182.42999267578125,182.5,175.49000549316406,175.63999938964844,175.61080932617188,185229200,203.02999877929688,203.44000244140625,199.9600067138672,201.57000732421875,201.11666870117188,24240200
2025-08-20,229.97999572753906,230.47000122070312,225.77000427246094,226.00999450683594,225.5800323486328,42263900,175.1699981689453,176.0,168.8000030517578,175.39999389648438,175.370849609375,215142700,200.72999572753906,201.27999877929688,196.60000610351562,199.32000732421875,198.87173461914062,28955500
2025-08-21,226.27000427246094,226.52000427246094,223.77999877929688,224.89999389648438,224.47215270996094,30621200,174.85000610351562,176.89999389648438,173.80999755859375,174.97999572753906,174.95091247558594,140040900,199.75,202.47999572753906,199.42999267578125,199.75,199.3007354736328,19774600
2025-08-22,226.1699981689453,229.08999633789062,225.41000366210938,227.75999450683594,227.3267059326172,42477800,172.61000061035156,178.58999633789062,171.1999969482422,177.99000549316406,177.96043395996094,172789400,202.72999572753906,208.5399932861328,201.3000030517578,206.08999633789062,205.62648010253906,42827000
2025-08-25,226.47999572753906,229.3000030517578,226.22999572753906,227.16000366210938,226.72784423828125,30983100,178.35000610351562,181.91000366210938,176.57000732421875,179.80999755859375,179.78012084960938,163012800,206.42999267578125,210.52000427246094,205.27999877929688,208.49000549316406,208.02110290527344,29928900
2025-08-26,226.8699951171875,229.49000549316406,224.69000244140625,229.30999755859375,228.87376403808594,54575100,180.05999755859375,182.38999938964844,178.80999755859375,181.77000427246094,181.7397918701172,168688200,207.50999450683594,207.85000610351562,205.6999969482422,207.13999938964844,206.67413330078125,28464100
2025-08-27,228.61000061035156,230.89999389648438,228.25999450683594,230.49000549316406,230.05152893066406,31259500,181.97999572753906,182.49000549316406,179.10000610351562,181.60000610351562,181.56983947753906,235518900,205.6999969482422,208.91000366210938,205.64999389648438,207.47999572753906,207.01336669921875,23022900
2025-08-28,230.82000732421875,233.41000366210938,229.33999633789062,232.55999755859375,232.11758422851562,38074700,180.82000732421875,184.47000122070312,176.41000366210938,180.1699981689453,180.1400604248047,281787800,207.25,212.22000122070312,206.89999389648438,211.63999938964844,211.1640167236328,32339300
2025-08-29,232.50999450683594,233.3800048828125,231.3699951171875,232.13999938964844,231.69837951660156,39418400,178.11000061035156,178.14999389648438,173.14999389648438,174.17999267578125,174.1510467529297,243257900,210.50999450683594,214.64999389648438,210.1999969482422,212.91000366210938,212.43116760253906,39728400
2025-09-02,229.25,230.85000610351562,226.97000122070312,229.72000122070312,229.28298950195312,44075600,170.0,172.3800048828125,167.22000122070312,170.77999877929688,170.75161743164062,231164900,208.44000244140625,211.67999267578125,206.1999969482422,211.35000610351562,210.87466430664062,47523000
2025-09-03,237.2100067138672,238.85000610351562,234.36000061035156,238.47000122070312,238.01634216308594,66427800,171.05999755859375,172.41000366210938,168.8800048828125,170.6199951171875,170.59165954589844,164424900,226.2100067138672,231.30999755859375,224.7899932861328,230.66000366210938,230.14122009277344,103336100
2025-09-04,238.4499969482422,239.89999389648438,236.74000549316406,239.77999877929688,239.32383728027344,47549400,170.57000732421875,171.86000061035156,169.41000366210938,171.66000366210938,171.63148498535156,141670100,229.64999389648438,232.3699951171875,226.11000061035156,232.3000030517578,231.77755737304688,51684200
2025-09-05,240.0,241.32000732421875,238.49000549316406,239.69000244140625,239.2340087890625,54870400,168.02999877929688,169.02999877929688,164.07000732421875,167.02000427246094,166.9922637939453,224441400,232.1999969482422,235.75999450683594,231.89999389648438,235.0,234.47146606445312,46588900
2025-09-08,239.3000030517578,240.14999389648438,236.33999633789062,237.8800048828125,237.42745971679688,48999500,167.5500030517578,170.9600067138672,167.35000610351562,168.30999755859375,168.2820281982422,163769100,235.47000122070312,238.1300048828125,233.6699981689453,234.0399932861328,233.72247314453125,32474700
2025-09-09,237.0,238.77999877929688,233.36000061035156,234.35000610351562,233.9041748046875,66313900,169.08999633789062,170.97999572753906,166.74000549316406,170.75999450683594,170.7316131591797,157548400,234.1699981689453,240.47000122070312,233.22999572753906,239.6300048828125,239.30491638183594,38061000
2025-09-10,232.19000244140625,232.4199981689453,225.9499969482422,226.7899932861328,226.35855102539062,83440800,176.63999938964844,179.2899932861328,175.47000122070312,177.3300018310547,177.300537109375,226852000,238.89999389648438,241.66000366210938,237.85000610351562,239.1699981689453,238.84552001953125,35141100
2025-09-11,226.8800048828125,230.4499969482422,226.64999389648438,230.02999877929688,229.59239196777344,50208600,179.67999267578125,180.27999877929688,176.47999572753906,177.1699981689453,177.1505584716797,151159300,239.8800048828125,242.25,236.25,240.3699951171875,240.0438995361328,30599300
2025-09-12,229.22000122070312,234.50999450683594,229.02000427246094,234.07000732421875,233.6247100830078,55824200,177.77000427246094,178.60000610351562,176.4499969482422,177.82000732421875,177.80047607421875,124911000,240.3699951171875,242.0800018310547,238.0,240.8000030517578,240.4733123779297,26771600
2025-09-15,237.0,238.19000244140625,235.02999877929688,236.6999969482422,236.24969482421875,42699500,175.6699981689453,178.85000610351562,174.50999450683594,177.75,177.73049926757812,147061600,244.66000366210938,252.41000366210938,244.66000366210938,251.61000061035156,251.26864624023438,58383800
2025-09-16,237.17999267578125,241.22000122070312,236.32000732421875,238.14999389648438,237.6969451904297,63421100,177.0,177.5,174.3800048828125,174.8800048828125,174.86080932617188,140737800,252.0800018310547,253.0399932861328,249.47000122070312,251.16000366210938,250.8192596435547,34109700
2025-09-17,238.97000122070312,240.10000610351562,237.72999572753906,238.99000549316406,238.5353546142578,46508000,172.63999938964844,173.1999969482422,168.41000366210938,170.2899932861328,170.27130126953125,211843800,251.22000122070312,251.60000610351562,246.27999877929688,249.52999877929688,249.19146728515625,34108000
2025-09-18,239.97000122070312,241.1999969482422,236.64999389648438,237.8800048828125,237.42745971679688,44249600,173.97999572753906,177.10000610351562,172.9600067138672,176.24000549316406,176.2206573486328,191763300,251.67999267578125,253.99000549316406,249.8000030517578,252.02999877929688,251.68807983398438,31239500
2025-09-19,241.22999572753906,246.3000030517578,240.2100067138672,245.5,245.032958984375,163741300,175.77000427246094,178.0800018310547,175.17999267578125,176.6699981689453,176.6505889892578,237182100,253.25,256.0,251.80999755859375,254.72000122070312,254.3744354248047,55571400
2025-09-22,248.3000030517578,256.6400146484375,248.1199951171875,256.0799865722656,255.5928192138672,105517400,175.3000030517578,184.5500030517578,174.7100067138672,183.61000061035156,183.58984375,269637000,254.42999267578125,255.77999877929688,250.3000030517578,252.52999877929688,252.18739318847656,32290500
2025-09-23,255.8800048828125,257.3399963378906,253.5800018310547,254.42999267578125,253.9459686279297,60275200,181.97000122070312,182.4199981689453,176.2100067138672,178.42999267578125,178.410400390625,192559600,253.0399932861328,254.36000061035156,250.47999572753906,251.66000366210938,251.31858825683594,26628000
2025-09-24,255.22000122070312,255.74000549316406,251.0399932861328,252.30999755859375,251.8300018310547,42303700,179.77000427246094,179.77999877929688,175.39999389648438,176.97000122070312,176.9505615234375,143564100,251.66000366210938,252.35000610351562,246.44000244140625,247.13999938964844,246.80470275878906,28201000
2025-09-25,253.2100067138672,257.1700134277344,251.7100067138672,256.8699951171875,256.3813171386719,55202100,174.47999572753906,180.25999450683594,173.1300048828125,177.69000244140625,177.67050170898438,191586700,244.39999389648438,246.49000549316406,240.74000549316406,245.7899932861328,245.45654296875,31020400
2025-09-26,254.10000610351562,257.6000061035156,253.77999877929688,255.4600067138672,254.97401428222656,46076300,178.1699981689453,179.77000427246094,174.92999267578125,178.19000244140625,178.17044067382812,148573700,247.07000732421875,249.4199981689453,245.97000122070312,246.5399932861328,246.2055206298828,18503200
2025-09-29,254.55999755859375,255.0,253.00999450683594,254.42999267578125,253.9459686279297,40127700,180.42999267578125,184.0,180.32000732421875,181.85000610351562,181.83004760742188,193063500,247.85000610351562,251.14999389648438,242.77000427246094,244.0500030517578,243.71890258789062,32505800
2025-09-30,254.86000061035156,255.9199981689453,253.11000061035156,254.6300048828125,254.14559936523438,37704300,182.0800018310547,187.35000610351562,181.47999572753906,186.5800018310547,186.55950927734375,236981000,242.80999755859375,243.2899932861328,239.25,243.10000610351562,242.77020263671875,34724300
2025-10-01,255.0399932861328,258.7900085449219,254.92999267578125,255.4499969482422,254.9640350341797,48713900,185.24000549316406,188.13999938964844,183.89999389648438,187.24000549316406,187.21945190429688,173844900,240.75,246.3000030517578,238.61000061035156,244.89999389648438,244.5677490234375,31658200
2025-10-02,256.5799865722656,258.17999267578125,254.14999389648438,257.1300048828125,256.6408386230469,42630200,189.60000610351562,191.0500030517578,188.05999755859375,188.88999938964844,188.8692626953125,136805800,245.14999389648438,246.80999755859375,242.3000030517578,245.69000244140625,245.35667419433594,25483300
2025-10-03,254.6699981689453,259.239990234375,253.9499969482422,258.0199890136719,257.5291442871094,49155600,189.19000244140625,190.36000061035156,185.3800048828125,187.6199951171875,187.5994110107422,137596900,244.49000549316406,246.3000030517578,241.66000366210938,245.35000610351562,245.01715087890625,30249600
2025-10-06,257.989990234375,259.07000732421875,255.0500030517578,256.69000244140625,256.20166015625,44664100,185.5,187.22999572753906,183.3300018310547,185.5399932861328,185.51962280273438,157678100,244.77999877929688,251.32000732421875,244.5800018310547,250.42999267578125,250.09024047851562,28894700
2025-10-07,256.80999755859375,257.3999938964844,255.42999267578125,256.4800109863281,255.99209594726562,31955800,186.22999572753906,189.05999755859375,184.0,185.0399932861328,185.01968383789062,140088000,248.27000427246094,250.44000244140625,245.52000427246094,245.75999450683594,245.42657470703125,23181300
2025-10-08,256.5199890136719,258.5199890136719,256.1099853515625,258.05999755859375,257.569091796875,36496900,186.57000732421875,189.60000610351562,186.5399932861328,189.11000061035156,189.0892333984375,130168900,244.9600067138672,246.00999450683594,243.82000732421875,244.6199951171875,244.2881317138672,21307100
2025-10-09,257.80999755859375,258.0,253.13999938964844,254.0399932861328,253.55670166015625,38322000,192.22999572753906,195.3000030517578,191.05999755859375,192.57000732421875,192.54885864257812,182997200,244.47000122070312,244.75999450683594,239.14999389648438,241.52999877929688,241.2023162841797,27892100
2025-10-10,254.94000244140625,256.3800048828125,244.0,245.27000427246094,244.80340576171875,61999100,193.50999450683594,195.6199951171875,182.0500030517578,183.16000366210938,183.139892578125,268774400,241.42999267578125,244.08999633789062,235.83999633789062,236.57000732421875,236.2490692138672,33180300
2025-10-13,249.3800048828125,249.69000244140625,245.55999755859375,247.66000366210938,247.18885803222656,38142900,187.97000122070312,190.11000061035156,185.9600067138672,188.32000732421875,188.29933166503906,153482800,240.2100067138672,244.5,239.7100067138672,244.14999389648438,243.81875610351562,24995000
2025-10-14,246.60000610351562,248.85000610351562,244.6999969482422,247.77000427246094,247.29864501953125,35478000,184.77000427246094,184.8000030517578,179.6999969482422,180.02999877929688,180.01022338867188,205641400,241.22999572753906,247.1199951171875,240.50999450683594,245.4499969482422,245.1169891357422,22111600
2025-10-15,249.49000549316406,251.82000732421875,247.47000122070312,249.33999633789062,248.86566162109375,33893600,184.8000030517578,184.8699951171875,177.2899932861328,179.8300018310547,179.8102569580078,214450500,247.25,252.11000061035156,245.99000549316406,251.02999877929688,250.68942260742188,27007700
2025-10-16,248.25,249.0399932861328,245.1300048828125,247.4499969482422,246.97926330566406,39777000,182.22999572753906,183.27999877929688,179.77000427246094,181.80999755859375,181.7900390625,179723300,251.77000427246094,256.9599914550781,250.10000610351562,251.4600067138672,251.1188507080078,27997200
2025-10-17,248.02000427246094,253.3800048828125,247.27000427246094,252.2899932861328,251.81002807617188,49147000,180.17999267578125,184.10000610351562,179.75,183.22000122070312,183.19989013671875,173135200,250.75999450683594,254.22000122070312,247.80999755859375,253.3000030517578,252.9563446044922,29671600
2025-10-20,255.88999938964844,264.3800048828125,255.6300048828125,262.239990234375,261.7411193847656,90483000,183.1300048828125,185.1999969482422,181.72999572753906,182.63999938964844,182.6199493408203,128544700,254.69000244140625,257.3299865722656,254.22999572753906,256.54998779296875,256.2019348144531,22350200
2025-10-21,261.8800048828125,265.2900085449219,261.8299865722656,262.7699890136719,262.27008056640625,46695900,182.7899932861328,182.7899932861328,179.8000030517578,181.16000366210938,181.14010620117188,124240200,254.74000549316406,254.8800048828125,244.14999389648438,250.4600067138672,250.12020874023438,47312100
2025-10-22,262.6499938964844,262.8500061035156,255.42999267578125,258.45001220703125,257.9583435058594,45015300,181.13999938964844,183.44000244140625,176.75999450683594,180.27999877929688,180.2602081298828,162249600,254.3699951171875,256.3599853515625,249.2899932861328,251.69000244140625,251.34854125976562,35029400
2025-10-23,259.94000244140625,260.6199951171875,258.010009765625,259.5799865722656,259.0861511230469,32754900,180.4199981689453,183.02999877929688,179.7899932861328,182.16000366210938,182.13999938964844,111363700,252.97999572753906,255.0399932861328,251.85000610351562,253.0800018310547,252.73666381835938,19901400
2025-10-24,261.19000244140625,264.1300048828125,259.17999267578125,262.82000732421875,262.3200378417969,38253700,183.83999633789062,187.47000122070312,183.5,186.25999450683594,186.23953247070312,131296700,256.5799865722656,261.67999267578125,255.32000732421875,259.9200134277344,259.5673828125,28655100
2025-10-27,264.8800048828125,269.1199951171875,264.6499938964844,268.80999755859375,268.2986145019531,44888200,189.99000549316406,192.0,188.42999267578125,191.49000549316406,191.46897888183594,153452700,264.82000732421875,270.1400146484375,264.2799987792969,269.2699890136719,268.9046630859375,35235200
2025-10-28,268.989990234375,269.8900146484375,268.1499938964844,269.0,268.4882507324219,41534800,193.0500030517578,203.14999389648438,191.91000366210938,201.02999877929688,201.0079345703125,297986200,269.69000244140625,270.7300109863281,266.5,267.4700012207031,267.1071472167969,29738600
2025-10-29,269.2799987792969,271.4100036621094,267.1099853515625,269.70001220703125,269.1869201660156,51086700,207.97999572753906,212.19000244140625,204.77999877929688,207.0399932861328,207.01727294921875,308829600,267.75,275.3399963378906,267.6700134277344,274.57000732421875,274.197509765625,43580300
2025-10-30,271.989990234375,274.1400146484375,268.4800109863281,271.3999938964844,270.8836669921875,69886500,205.14999389648438,206.16000366210938,201.41000366210938,202.88999938964844,202.8677215576172,178864400,291.5899963378906,291.5899963378906,280.05999755859375,281.4800109863281,281.09814453125,74876000
2025-10-31,276.989990234375,277.32000732421875,269.1600036621094,270.3699951171875,269.85565185546875,86167100,206.4499969482422,207.97000122070312,202.07000732421875,202.49000549316406,202.4677734375,179802200,283.2099914550781,286.0,277.0299987792969,281.19000244140625,280.8085021972656,39267900
2025-11-03,270.4200134277344,270.8500061035156,266.25,269.04998779296875,268.53814697265625,50194600,208.0800018310547,211.33999633789062,205.55999755859375,206.8800048828125,206.85728454589844,180267300,282.17999267578125,285.5299987792969,279.79998779296875,283.7200012207031,283.3350830078125,29786000
2025-11-04,268.3299865722656,271.489990234375,267.6199951171875,270.0400085449219,269.5262756347656,49274800,203.0,203.97000122070312,197.92999267578125,198.69000244140625,198.66818237304688,188919300,276.75,281.2699890136719,276.260009765625,277.5400085449219,277.1634521484375,30078400
2025-11-05,268.6099853515625,271.70001220703125,266.92999267578125,270.1400146484375,269.6260986328125,43683100,198.77000427246094,202.9199981689453,194.64999389648438,195.2100067138672,195.18858337402344,171350300,278.8699951171875,286.4200134277344,277.3399963378906,284.30999755859375,283.92425537109375,31010300
2025-11-06,267.8900146484375,273.3999938964844,267.8900146484375,269.7699890136719,269.25677490234375,51204000,196.4199981689453,197.6199951171875,186.3800048828125,188.0800018310547,188.05935668945312,223029800,285.3299865722656,288.3500061035156,281.1400146484375,284.75,284.3636779785156,37173600
2025-11-07,269.79998779296875,272.2900085449219,266.7699890136719,268.4700012207031,267.9592590332031,48227400,184.89999389648438,188.32000732421875,178.91000366210938,188.14999389648438,188.1293487548828,264942300,283.2099914550781,283.7799987792969,275.19000244140625,278.8299865722656,278.45172119140625,34479600
2025-11-10,268.9599914550781,273.7300109863281,267.4599914550781,269.42999267578125,269.1781311035156,41312400,195.11000061035156,199.94000244140625,193.7899932861328,199.0500030517578,199.0281524658203,198897100,284.4200134277344,290.79998779296875,282.8599853515625,290.1000061035156,289.7064208984375,29557300
2025-11-11,269.80999755859375,275.9100036621094,269.79998779296875,275.25,274.99267578125,46208300,195.16000366210938,195.4199981689453,191.3000030517578,193.16000366210938,193.1387939453125,176483300,287.75,291.9200134277344,287.32000732421875,291.30999755859375,290.914794921875,19842100
2025-11-12,275.0,275.7300109863281,271.70001220703125,273.4700012207031,273.21435546875,48398000,195.72000122070312,195.88999938964844,191.1300048828125,193.8000030517578,193.7787322998047,154935300,291.67999267578125,292.010009765625,283.69000244140625,286.7099914550781,286.3210144042969,24829900
2025-11-13,274.1099853515625,276.70001220703125,272.0899963378906,272.95001220703125,272.6948547363281,49602800,191.0500030517578,191.44000244140625,183.85000610351562,186.86000061035156,186.8394775390625,207423100,282.3399963378906,282.8399963378906,277.239990234375,278.57000732421875,278.19207763671875,29494000
2025-11-14,271.04998779296875,275.9599914550781,269.6000061035156,272.4100036621094,272.15533447265625,47431300,182.86000061035156,191.00999450683594,180.5800018310547,190.1699981689453,190.14910888671875,186591900,271.4100036621094,278.55999755859375,270.70001220703125,276.4100036621094,276.0350036621094,31647200
2025-11-17,268.82000732421875,270.489990234375,265.7300109863281,267.4599914550781,267.2099609375,45018300,185.97000122070312,189.0,184.32000732421875,186.60000610351562,186.5795135498047,173628900,285.7799987792969,293.95001220703125,283.57000732421875,285.0199890136719,284.63330078125,52670200
2025-11-18,269.989990234375,270.7099914550781,265.32000732421875,267.44000244140625,267.19000244140625,45677300,183.3800048828125,184.8000030517578,179.64999389648438,181.36000061035156,181.340087890625,213598900,287.9200134277344,288.79998779296875,278.20001220703125,284.2799987792969,283.8943176269531,49158700
2025-11-19,265.5299987792969,272.2099914550781,265.5,268.55999755859375,268.3089294433594,40424500,184.7899932861328,187.86000061035156,182.8300018310547,186.52000427246094,186.49952697753906,247246400,287.1600036621094,303.80999755859375,286.6300048828125,292.80999755859375,292.4127502441406,68198900
2025-11-20,270.8299865722656,275.42999267578125,265.9200134277344,266.25,266.0010986328125,45823600,195.9499969482422,196.0,179.85000610351562,180.63999938964844,180.6201629638672,343504800,304.5400085449219,306.4200134277344,288.6700134277344,289.45001220703125,289.05731201171875,62025200
2025-11-21,265.95001220703125,273.3299865722656,265.6700134277344,271.489990234375,271.2361755371094,59030800,181.24000549316406,184.55999755859375,172.92999267578125,178.8800048828125,178.86036682128906,346926200,296.4200134277344,303.9200134277344,293.8500061035156,299.6600036621094,299.25347900390625,74137700
2025-11-24,270.8999938964844,277.0,270.8999938964844,275.9200134277344,275.6620788574219,65585800,179.49000549316406,183.5,176.47999572753906,182.5500030517578,182.52996826171875,256618300,311.1300048828125,319.4800109863281,309.6000061035156,318.5799865722656,318.14776611328125,85165100
2025-11-25,275.2699890136719,280.3800048828125,275.25,276.9700012207031,276.7110900878906,46914200,174.91000366210938,178.16000366210938,169.5500030517578,177.82000732421875,177.80047607421875,320600300,326.2099914550781,328.8299865722656,317.6499938964844,323.44000244140625,323.0011901855469,88632100
2025-11-26,276.9599914550781,279.5299987792969,276.6300048828125,277.54998779296875,277.29052734375,33431400,181.6300048828125,182.91000366210938,178.24000549316406,180.25999450683594,180.24020385742188,183852000,320.67999267578125,324.5,316.7900085449219,319.95001220703125,319.5159606933594,51373400
2025-11-28,277.260009765625,279.0,275.989990234375,278.8500061035156,278.5893249511719,20135600,179.00999450683594,179.2899932861328,176.5,177.0,176.98056030273438,121332800,323.3699951171875,326.8500061035156,316.7900085449219,320.17999267578125,319.7456359863281,26018600
2025-12-01,278.010009765625,283.4200134277344,276.1400146484375,283.1000061035156,282.8353576660156,46587700,174.75999450683594,180.3000030517578,173.67999267578125,179.9199981689453,179.90025329589844,188131000,317.70001220703125,319.8500061035156,313.8900146484375,314.8900146484375,314.46282958984375,41183000
2025-12-02,283.0,287.3999938964844,282.6300048828125,286.19000244140625,285.9224548339844,53669500,181.75999450683594,185.66000366210938,180.0,181.4600067138672,181.44007873535156,182632200,316.739990234375,318.3800048828125,313.9100036621094,315.80999755859375,315.38153076171875,35854700
2025-12-03,286.20001220703125,288.6199951171875,283.29998779296875,284.1499938964844,283.8843688964844,43538700,181.0800018310547,182.4499969482422,179.11000061035156,179.58999633789062,179.57028198242188,165138000,315.8900146484375,321.5799865722656,314.1000061035156,319.6300048828125,319.19635009765625,41838300
2025-12-04,284.1000061035156,284.7300109863281,278.5899963378906,280.70001220703125,280.4375915527344,43989100,181.6199951171875,184.52000427246094,179.9600067138672,183.3800048828125,183.37008666992188,167364900,322.2300109863281,322.3599853515625,314.70001220703125,317.6199951171875,317.1890869140625,31240900
2025-12-05,280.5400085449219,281.1400146484375,278.04998779296875,278.7799987792969,278.5193786621094,47265800,183.88999938964844,184.66000366210938,180.91000366210938,182.41000366210938,182.40013122558594,143971100,319.489990234375,323.1600036621094,319.1700134277344,321.2699890136719,320.8341064453125,28851700
2025-12-08,278.1300048828125,279.6700134277344,276.1499938964844,277.8900146484375,277.6302185058594,38211800,182.63999938964844,188.0,182.39999389648438,185.5500030517578,185.5399627685547,204378100,320.04998779296875,320.44000244140625,311.2200012207031,313.7200012207031,313.49932861328125,33909400
2025-12-09,278.1600036621094,280.0299987792969,276.9200134277344,277.17999267578125,276.9208679199219,32193300,185.55999755859375,185.72000122070312,183.32000732421875,184.97000122070312,184.95999145507812,144719700,312.3699951171875,317.989990234375,311.8999938964844,317.0799865722656,316.85693359375,30194000
2025-12-10,277.75,279.75,276.44000244140625,278.7799987792969,278.5193786621094,33038300,184.97000122070312,185.47999572753906,182.0399932861328,183.77999877929688,183.77005004882812,162785400,315.8299865722656,321.30999755859375,314.67999267578125,320.2099914550781,319.9847412109375,33428900
2025-12-11,279.1000061035156,279.5899963378906,273.80999755859375,278.0299987792969,277.77008056640625,33248000,180.27999877929688,181.32000732421875,176.6199951171875,180.92999267578125,180.92019653320312,182136600,320.0799865722656,321.1199951171875,308.6000061035156,312.42999267578125,312.210205078125,42353700
2025-12-12,277.8999938964844,279.2200012207031,276.82000732421875,278.2799987792969,278.0198669433594,39532900,181.11000061035156,182.82000732421875,174.6199951171875,175.02000427246094,175.01052856445312,204274900,313.70001220703125,314.8699951171875,305.55999755859375,309.2900085449219,309.07244873046875,35940200
2025-12-15,280.1499938964844,280.1499938964844,272.8399963378906,274.1099853515625,273.8537292480469,50409100,177.94000244140625,178.4199981689453,175.02999877929688,176.2899932861328,176.28045654296875,164775600,311.32000732421875,311.4200134277344,304.8800048828125,308.2200012207031,308.003173828125,29151900
2025-12-16,272.82000732421875,275.5,271.7900085449219,274.6099853515625,274.353271484375,37648600,176.25999450683594,178.49000549316406,174.89999389648438,177.72000122070312,177.71038818359375,148588100,304.95001220703125,310.7699890136719,302.5899963378906,306.57000732421875,306.3543395996094,30585000
2025-12-17,275.010009765625,276.1600036621094,271.6400146484375,271.8399963378906,271.58587646484375,50138700,176.10000610351562,176.1300048828125,170.30999755859375,170.94000244140625,170.93075561523438,222775500,308.010009765625,308.0899963378906,296.1199951171875,296.7200012207031,296.5112609863281,43930400
2025-12-18,273.6099853515625,273.6300048828125,266.95001220703125,272.19000244140625,271.935546875,51630700,174.52999877929688,176.14999389648438,171.82000732421875,174.13999938964844,174.1305694580078,176096000,301.7200012207031,303.9599914550781,299.2300109863281,302.4599914550781,302.2472229003906,33518000
2025-12-19,272.1499938964844,274.6000061035156,269.8999938964844,273.6700134277344,273.4141845703125,144632000,176.6699981689453,181.4499969482422,176.33999633789062,180.99000549316406,180.98020935058594,324925900,301.7300109863281,307.25,300.9700012207031,307.1600036621094,306.9439392089844,59943200
2025-12-22,272.8599853515625,273.8800048828125,270.510009765625,270.9700012207031,270.7166748046875,36571800,183.9199981689453,184.16000366210938,182.35000610351562,183.69000244140625,183.6800537109375,129064400,309.8800048828125,310.1300048828125,305.29998779296875,309.7799987792969,309.56207275390625,26429900
2025-12-23,270.8399963378906,272.5,269.55999755859375,272.3599853515625,272.1053771972656,29642000,182.97000122070312,189.3300018310547,182.89999389648438,189.2100067138672,189.19976806640625,174873600,309.6300048828125,314.94000244140625,309.32000732421875,314.3500061035156,314.1288757324219,25478700
2025-12-24,272.3399963378906,275.42999267578125,272.20001220703125,273.80999755859375,273.55401611328125,17910600,187.94000244140625,188.91000366210938,186.58999633789062,188.61000061035156,188.59979248046875,65528500,314.7699890136719,315.0799865722656,311.9200134277344,314.0899963378906,313.8690490722656,10097400
2025-12-26,274.1600036621094,275.3699951171875,272.8599853515625,273.3999938964844,273.1444091796875,21521800,189.9199981689453,192.69000244140625,188.0,190.52999877929688,190.51968383789062,139740300,314.4800109863281,315.0899963378906,312.2799987792969,313.510009765625,313.2894592285156,10899000
2025-12-29,272.69000244140625,274.3599853515625,272.3500061035156,273.760009765625,273.50408935546875,23715200,187.7100067138672,188.75999450683594,185.91000366210938,188.22000122070312,188.20980834960938,120006100,311.3699951171875,314.0199890136719,310.6199951171875,313.55999755859375,313.33941650390625,19621800
2025-12-30,272.80999755859375,274.0799865722656,272.2799987792969,273.0799865722656,272.82470703125,22139600,188.24000549316406,188.99000549316406,186.92999267578125,187.5399932861328,187.52984619140625,97687300,312.5,316.95001220703125,312.4599914550781,313.8500061035156,313.6292419433594,17380900
2025-12-31,273.05999755859375,273.67999267578125,271.75,271.8599853515625,271.6058349609375,27293600,189.57000732421875,190.55999755859375,186.49000549316406,186.5,186.4899139404297,120100500,312.8500061035156,314.5799865722656,311.44000244140625,313.0,312.7798156738281,16377700
2026-01-02,272.260009765625,277.8399963378906,269.0,271.010009765625,270.75665283203125,37838100,189.83999633789062,192.92999267578125,188.25999450683594,188.85000610351562,188.83978271484375,148240500,316.8999938964844,322.5,310.3299865722656,315.1499938964844,314.9283142089844,32009400
2026-01-05,270.6400146484375,271.510009765625,266.1400146484375,267.260009765625,267.0101623535156,45647200,191.75999450683594,193.6300048828125,186.14999389648438,188.1199951171875,188.1098175048828,183529700,317.6600036621094,319.0199890136719,314.6300048828125,316.5400085449219,316.3173522949219,30195600
2026-01-06,267.0,267.54998779296875,262.1199951171875,262.3599853515625,262.1147155761719,52352100,190.52000427246094,192.1699981689453,186.82000732421875,187.24000549316406,187.22987365722656,176862600,316.3999938964844,320.94000244140625,311.7799987792969,314.3399963378906,314.1188659667969,31212100
2026-01-07,263.20001220703125,263.67999267578125,259.80999755859375,260.3299865722656,260.08660888671875,48309800,188.57000732421875,191.3699951171875,186.55999755859375,189.11000061035156,189.09976196289062,153543200,314.3599853515625,326.1499938964844,314.19000244140625,321.9800109863281,321.7535095214844,35104400
2026-01-08,257.0199890136719,259.2900085449219,255.6999969482422,259.0400085449219,258.7978515625,50419300,189.11000061035156,189.5500030517578,183.7100067138672,185.0399932861328,185.0299835205078,172457000,328.9700012207031,330.32000732421875,321.5,325.44000244140625,325.2110595703125,31896100
2026-01-09,259.0799865722656,260.2099914550781,256.2200012207031,259.3699951171875,259.1275329589844,39997000,185.0800018310547,186.33999633789062,183.6699981689453,184.86000061035156,184.84999084472656,131327500,327.0899963378906,330.8299865722656,325.79998779296875,328.57000732421875,328.3388671875,26214200
2026-01-12,259.1600036621094,261.29998779296875,256.79998779296875,260.25,260.0067138671875,45263800,183.22000122070312,187.1199951171875,183.02000427246094,184.94000244140625,184.92999267578125,137968500,325.79998779296875,334.0400085449219,325.0,331.8599853515625,331.62652587890625,33923900
2026-01-13,258.7200012207031,261.80999755859375,258.3900146484375,261.04998779296875,260.8059387207031,45730800,185.0,188.11000061035156,183.39999389648438,185.80999755859375,185.79994201660156,160128900,334.95001220703125,340.489990234375,333.6199951171875,335.9700012207031,335.7336730957031,33517600
2026-01-14,259.489990234375,261.82000732421875,256.7099914550781,259.9599914550781,259.71697998046875,40019400,184.32000732421875,184.4600067138672,180.8000030517578,183.13999938964844,183.1300811767578,159586100,335.05999755859375,336.5199890136719,330.4800109863281,335.8399963378906,335.603759765625,28525600
2026-01-15,260.6499938964844,261.0400085449219,257.04998779296875,258.2099914550781,257.9685974121094,39388600,186.5,189.6999969482422,186.3300018310547,187.0500030517578,187.03988647460938,206188600,337.6499938964844,337.69000244140625,330.739990234375,332.7799987792969,332.5458984375,28442400
2026-01-16,257.8999938964844,258.8999938964844,254.92999267578125,255.52999877929688,255.29112243652344,72142800,189.0800018310547,190.44000244140625,186.0800018310547,186.22999572753906,186.21990966796875,187967200,334.4100036621094,334.6499938964844,327.70001220703125,330.0,329.7678527832031,40341600
2026-01-20,252.72999572753906,254.7899932861328,243.4199981689453,246.6999969482422,246.46937561035156,80267500,181.89999389648438,182.3800048828125,177.61000061035156,178.07000732421875,178.06036376953125,223345300,320.8699951171875,327.7300109863281,320.42999267578125,322.0,321.77349853515625,35361000
2026-01-21,248.6999969482422,251.55999755859375,245.17999267578125,247.64999389648438,247.41848754882812,54641700,179.0500030517578,185.3800048828125,178.39999389648438,183.32000732421875,183.31008911132812,200381000,320.9200134277344,332.4800109863281,319.3500061035156,328.3800048828125,328.1490173339844,35386600
2026-01-22,249.1999969482422,251.0,248.14999389648438,248.35000610351562,248.1178436279297,39708300,184.75,186.1699981689453,183.92999267578125,184.83999633789062,184.82998657226562,139636600,334.45001220703125,335.1499938964844,328.75,330.5400085449219,330.3074951171875,26253600
2026-01-23,247.32000732421875,249.41000366210938,244.67999267578125,248.0399932861328,247.80812072753906,41689000,187.5,189.60000610351562,186.82000732421875,187.6699981689453,187.6598358154297,142748100,332.489990234375,333.69000244140625,327.45001220703125,327.92999267578125,327.6993103027344,27280000
2026-01-26,251.47999572753906,256.55999755859375,249.8000030517578,255.41000366210938,255.17123413085938,55969200,187.16000366210938,189.1199951171875,185.99000549316406,186.47000122070312,186.4599151611328,124799600,327.80999755859375,335.8399963378906,327.0,333.260009765625,333.02557373046875,26042100
2026-01-27,259.1700134277344,261.95001220703125,258.2099914550781,258.2699890136719,258.0285339355469,49648300,187.24000549316406,190.0,185.6999969482422,188.52000427246094,188.50979614257812,143711600,335.3699951171875,337.9100036621094,333.4800109863281,334.54998779296875,334.31463623046875,21636200
2026-01-28,257.6499938964844,258.8599853515625,254.50999450683594,256.44000244140625,256.2002868652344,41288000,191.27000427246094,192.35000610351562,189.83999633789062,191.52000427246094,191.5096435546875,148552700,336.05999755859375,337.5400085449219,331.94000244140625,336.010009765625,335.7736511230469,27434400
2026-01-29,258.0,259.6499938964844,254.41000366210938,258.2799987792969,258.0385437011719,67253000,191.33999633789062,193.47999572753906,186.05999755859375,192.50999450683594,192.49957275390625,171764400,340.29998779296875,342.2900085449219,326.5400085449219,338.25,338.0120544433594,39785600
2026-01-30,255.1699981689453,261.8999938964844,252.17999267578125,259.4800109863281,259.2374267578125,92443400,191.2100067138672,194.49000549316406,189.47000122070312,191.1300048828125,191.11965942382812,179489500,340.0,340.0,332.2900085449219,338.0,337.7622375488281,31024000
2026-02-02,260.0299987792969,270.489990234375,259.2099914550781,270.010009765625,269.7575988769531,73913400,187.1999969482422,190.3000030517578,184.8800048828125,185.61000061035156,185.59996032714844,165794100,336.2200012207031,344.8299865722656,335.6300048828125,343.69000244140625,343.4482421875,32006100
2026-02-03,269.20001220703125,271.8800048828125,267.6099853515625,269.4800109863281,269.22808837890625,64394700,186.24000549316406,186.27000427246094,176.22999572753906,180.33999633789062,180.33023071289062,204019600,347.3399963378906,349.0,337.4700012207031,339.7099914550781,339.47100830078125,36506700
2026-02-04,272.2900085449219,278.95001220703125,272.2900085449219,276.489990234375,276.23150634765625,90545700,179.4600067138672,179.5800018310547,171.91000366210938,174.19000244140625,174.18057250976562,207014100,342.9599914550781,343.30999755859375,328.5199890136719,333.0400085449219,332.80572509765625,70618400
2026-02-05,278.1300048828125,279.5,273.2300109863281,275.9100036621094,275.6520690917969,52977400,174.92999267578125,176.82000732421875,171.02999877929688,171.8800048828125,171.87069702148438,206312900,312.2200012207031,332.69000244140625,306.4599914550781,331.25,331.0169677734375,88205800
2026-02-06,277.1199951171875,280.9100036621094,276.92999267578125,278.1199951171875,277.8599853515625,50453400,176.69000244140625,187.0,174.60000610351562,185.41000366210938,185.39996337890625,231346200,327.17999267578125,330.3800048828125,319.9200134277344,322.8599853515625,322.63287353515625,56380500
2026-02-09,277.9100036621094,278.20001220703125,271.70001220703125,274.6199951171875,274.6199951171875,44623400,184.25999450683594,193.66000366210938,183.9499969482422,190.0399932861328,190.0297088623047,196387400,320.92999267578125,327.70001220703125,317.260009765625,324.32000732421875,324.09185791015625,39640100
2026-02-10,274.8900146484375,275.3699951171875,272.94000244140625,273.67999267578125,273.67999267578125,34376900,191.3800048828125,192.47999572753906,188.1199951171875,188.5399932861328,188.52978515625,136764800,320.9700012207031,321.6700134277344,314.6099853515625,318.5799865722656,318.3558654785156,39170000
2026-02-11,274.70001220703125,280.17999267578125,274.45001220703125,275.5,275.5,51931300,192.4499969482422,193.25999450683594,188.77000427246094,190.0500030517578,190.0397186279297,144192700,318.9700012207031,321.05999755859375,309.6600036621094,310.9599914550781,310.7412414550781,45406400
2026-02-12,275.5899963378906,275.7200012207031,260.17999267578125,261.7300109863281,261.7300109863281,81077200,193.02999877929688,193.61000061035156,186.50999450683594,186.94000244140625,186.9298858642578,189932500,312.0899963378906,316.239990234375,307.20001220703125,309.0,308.7826232910156,47761300
2026-02-13,262.010009765625,262.2300109863281,255.4499969482422,255.77999877929688,255.77999877929688,56290700,187.47999572753906,187.5,181.58999633789062,182.80999755859375,182.80010986328125,161888000,307.7300109863281,308.6300048828125,303.7099914550781,305.7200012207031,305.50494384765625,38499700
2026-02-17,258.04998779296875,266.2900085449219,255.5399932861328,263.8800048828125,263.8800048828125,58469100,181.75,187.14999389648438,179.17999267578125,184.97000122070312,184.95999145507812,162276900,300.0400085449219,304.44000244140625,296.25,302.0199890136719,301.8075256347656,39247600
2026-02-18,263.6000061035156,266.82000732421875,262.45001220703125,264.3500061035156,264.3500061035156,34203300,188.75,190.3699951171875,186.75999450683594,187.97999572753906,187.96981811523438,164749100,302.0899963378906,305.3800048828125,301.25,303.3299865722656,303.1166076660156,28482100
2026-02-19,262.6000061035156,264.4800109863281,260.04998779296875,260.5799865722656,260.5799865722656,30845300,187.05999755859375,188.42999267578125,185.66000366210938,187.89999389648438,187.88983154296875,126554500,301.82000732421875,305.4700012207031,300.0400085449219,302.8500061035156,302.636962890625,25834400
2026-02-20,258.9700012207031,264.75,258.1600036621094,264.5799865722656,264.5799865722656,42070500,186.57000732421875,190.3300018310547,185.94000244140625,189.82000732421875,189.8097381591797,178422300,304.32000732421875,316.5,303.8999938964844,314.9800109863281,314.7584228515625,53210800
2026-02-23,263.489990234375,269.42999267578125,263.3800048828125,266.17999267578125,266.17999267578125,37308200,191.39999389648438,193.9499969482422,189.5800018310547,191.5500030517578,191.53964233398438,171584800,319.04998779296875,319.5199890136719,309.8699951171875,311.489990234375,311.2708740234375,31423000
2026-02-24,267.8599853515625,274.8900146484375,267.7099914550781,272.1400146484375,272.1400146484375,47014600,191.49000549316406,193.77000427246094,187.39999389648438,192.85000610351562,192.83956909179688,175123600,310.5199890136719,312.2699890136719,305.92999267578125,310.8999938964844,310.6813049316406,25615600
2026-02-25,271.7799987792969,274.94000244140625,271.04998779296875,274.2300109863281,274.2300109863281,33714300,194.4499969482422,197.6300048828125,193.7899932861328,195.55999755859375,195.54940795898438,250637100,312.05999755859375,313.6400146484375,309.44000244140625,312.8999938964844,312.67987060546875,29963600
2026-02-26,274.95001220703125,276.1099853515625,270.79998779296875,272.95001220703125,272.95001220703125,32345100,194.27000427246094,194.2899932861328,184.32000732421875,184.88999938964844,184.87998962402344,360807900,312.6400146484375,313.1400146484375,302.3500061035156,307.3800048828125,307.1637878417969,36431200
2026-02-27,272.80999755859375,272.80999755859375,262.8900146484375,264.17999267578125,264.17999267578125,72366500,181.25,182.58999633789062,176.3800048828125,177.19000244140625,177.180419921875,311636500,304.1400146484375,312.3699951171875,303.79998779296875,311.760009765625,311.54071044921875,44640600
2026-03-02,262.4100036621094,266.5299987792969,260.20001220703125,264.7200012207031,264.7200012207031,41827900,175.00999450683594,183.4600067138672,174.63999938964844,182.47999572753906,182.47012329101562,209095300,303.2300109863281,308.489990234375,301.29998779296875,306.5199890136719,306.3043518066406,34790200
2026-03-03,263.4800109863281,265.55999755859375,260.1300048828125,263.75,263.75,38568900,178.49000549316406,180.89999389648438,176.9199981689453,180.0500030517578,180.04025268554688,178099400,298.5899963378906,303.94000244140625,296.7099914550781,303.5799865722656,303.3664245605469,35497000
2026-03-04,264.6499938964844,266.1499938964844,261.4200134277344,262.5199890136719,262.5199890136719,39803100,180.44000244140625,184.6999969482422,180.05999755859375,183.0399932861328,183.03009033203125,177731200,302.8900146484375,305.4700012207031,300.75,303.1300048828125,302.9167785644531,29536200
2026-03-05,260.7900085449219,261.55999755859375,257.25,260.2900085449219,260.2900085449219,49658600,181.1699981689453,184.05999755859375,177.8800048828125,183.33999633789062,183.330078125,198779700,303.0400085449219,303.29998779296875,297.989990234375,300.8800048828125,300.6683349609375,35752300
2026-03-06,258.6300048828125,258.7699890136719,254.3699951171875,257.4599914550781,257.4599914550781,41120000,179.83999633789062,182.75999450683594,176.82000732421875,177.82000732421875,177.8103790283203,189021900,296.0899963378906,300.5299987792969,295.17999267578125,298.5199890136719,298.30999755859375,25576900
2026-03-09,255.69000244140625,261.1499938964844,253.67999267578125,259.8800048828125,259.8800048828125,38218500,176.8300018310547,182.91000366210938,175.55999755859375,182.64999389648438,182.64010620117188,177213600,294.3599853515625,306.79998779296875,294.0799865722656,306.3599853515625,306.3599853515625,29312100
2026-03-10,257.6499938964844,262.4800109863281,256.95001220703125,260.8299865722656,260.8299865722656,30590800,182.39999389648438,186.44000244140625,182.00999450683594,184.77000427246094,184.760009765625,179118500,306.1700134277344,309.510009765625,305.57000732421875,307.0400085449219,307.0400085449219,23239700
2026-03-11,261.0899963378906,262.1300048828125,259.54998779296875,260.80999755859375,260.80999755859375,26131800,185.91000366210938,187.6199951171875,184.4499969482422,186.02999877929688,186.02999877929688,144428800,306.75,311.4200134277344,305.9200134277344,308.70001220703125,308.70001220703125,24048500
2026-03-12,258.6400146484375,258.95001220703125,254.17999267578125,254.89999389648438,254.89999389648438,17605877,184.0500030517578,184.94000244140625,181.75,183.58999633789062,183.58999633789062,91440412,306.8500061035156,308.94000244140625,301.0400085449219,303.7300109863281,303.7300109863281,13331279
