Ticker,AMD,AMD,AMD,AMD,AMD,AMD,NVDA,NVDA,NVDA,NVDA,NVDA,NVDA
Price,Open,High,Low,Close,Adj Close,Volume,Open,High,Low,Close,Adj Close,Volume
Date,,,,,,,,,,,,
2024-03-18,193.2899932861328,193.5,188.0500030517578,190.64999389648438,190.64999389648438,59306900,90.38800048828125,92.40499877929688,87.08499908447266,88.45500183105469,88.40511322021484,668976000
2024-03-19,183.16000366210938,185.61000061035156,177.36000061035156,181.4199981689453,181.4199981689453,83509500,86.69999694824219,90.54399871826172,85.01000213623047,89.39800262451172,89.34758758544922,672171000
2024-03-20,182.02999877929688,182.67999267578125,174.0,179.72999572753906,179.72999572753906,81773100,89.7969970703125,90.41000366210938,88.2229995727539,90.37200164794922,90.32103729248047,479063000
2024-03-21,185.97000122070312,187.69000244140625,177.66000366210938,178.67999267578125,178.67999267578125,75265600,92.30000305175781,92.64800262451172,90.40499877929688,91.43499755859375,91.38341522216797,480372000
2024-03-22,177.2100067138672,180.75999450683594,175.0500030517578,179.64999389648438,179.64999389648438,57899100,91.14099884033203,94.77799987792969,90.83399963378906,94.28900146484375,94.2358169555664,586719000
2024-03-25,172.89999389648438,182.8000030517578,172.0,178.6300048828125,178.6300048828125,71935300,93.94100189208984,96.76599884033203,93.51000213623047,95.00199890136719,94.94841766357422,552136000
2024-03-26,179.5399932861328,182.60000610351562,176.3300018310547,177.8699951171875,177.8699951171875,65322400,95.85099792480469,96.375,92.50199890136719,92.56099700927734,92.50879669189453,513648000
2024-03-27,179.9600067138672,181.22999572753906,175.39999389648438,179.58999633789062,179.58999633789062,55685600,93.11199951171875,93.23999786376953,89.12300109863281,90.25,90.1990966796875,586067000
2024-03-28,179.47000122070312,183.39999389648438,178.3000030517578,180.49000549316406,180.49000549316406,57628600,90.0,91.30000305175781,89.19300079345703,90.35600280761719,90.30503845214844,435212000
2024-04-01,180.10000610351562,187.24000549316406,179.89999389648438,183.33999633789062,183.33999633789062,74299900,90.29900360107422,92.2249984741211,89.2040023803711,90.36299896240234,90.3120346069336,452441000
2024-04-02,179.47000122070312,180.10000610351562,174.8300018310547,178.6999969482422,178.6999969482422,61598800,88.447998046875,90.09400177001953,87.62000274658203,89.4520034790039,89.40153503417969,433064000
2024-04-03,177.5399932861328,182.0500030517578,176.6999969482422,180.77000427246094,180.77000427246094,49835100,88.48400115966797,90.3740005493164,88.4000015258789,88.96399688720703,88.91382598876953,370067000
2024-04-04,182.9199981689453,183.02000427246094,165.64999389648438,165.8300018310547,165.8300018310547,88280000,90.40599822998047,90.63400268554688,85.87999725341797,85.90499877929688,85.8565444946289,434965000
2024-04-05,168.10000610351562,172.69000244140625,165.5800018310547,170.4199981689453,170.4199981689453,66080300,86.86599731445312,88.48100280761719,85.9260025024414,88.00800323486328,87.9583740234375,399678000
2024-04-08,168.1999969482422,171.66000366210938,166.82000732421875,169.89999389648438,169.89999389648438,43997500,88.69999694824219,88.83000183105469,86.73200225830078,87.13300323486328,87.08384704589844,283220000
2024-04-09,170.2100067138672,171.60000610351562,167.2899932861328,170.77999877929688,170.77999877929688,42886100,87.44200134277344,87.63500213623047,83.02200317382812,85.35399627685547,85.30584716796875,501700000
2024-04-10,166.7100067138672,169.77999877929688,164.0,167.13999938964844,167.13999938964844,59600000,83.9260025024414,87.4000015258789,83.70899963378906,87.03900146484375,86.98991394042969,431929000
2024-04-11,167.5500030517578,170.9499969482422,166.5500030517578,170.5,170.5,48994500,87.41999816894531,90.73899841308594,86.9260025024414,90.61599731445312,90.56488037109375,431637000
2024-04-12,164.52999877929688,165.6999969482422,161.82000732421875,163.27999877929688,163.27999877929688,63519600,89.6989974975586,90.17500305175781,87.52999877929688,88.18599700927734,88.13626098632812,426805000
2024-04-15,164.42999267578125,164.44000244140625,158.75999450683594,160.32000732421875,160.32000732421875,61461200,89.0979995727539,90.61299896240234,85.92900085449219,86.0009994506836,85.9524917602539,443077000
2024-04-16,162.27999877929688,164.8800048828125,161.6699981689453,163.4600067138672,163.4600067138672,55302100,86.43299865722656,88.11799621582031,86.06400299072266,87.41500091552734,87.3656997680664,370453000
2024-04-17,163.97000122070312,164.4499969482422,153.8800048828125,154.02000427246094,154.02000427246094,75909000,88.33999633789062,88.7750015258789,83.94999694824219,84.03500366210938,83.98760223388672,495400000
2024-04-18,155.50999450683594,156.9600067138672,152.32000732421875,155.0800018310547,155.0800018310547,52669800,84.97000122070312,86.19000244140625,82.4020004272461,84.6709976196289,84.62323760986328,447260000
2024-04-19,151.58999633789062,154.25,145.2899932861328,146.63999938964844,146.63999938964844,71618200,83.1500015258789,84.3239974975586,75.60600280761719,76.19999694824219,76.15702056884766,875198000
2024-04-22,148.14999389648438,149.88999938964844,145.6300048828125,148.63999938964844,148.63999938964844,49397000,78.10399627685547,80.072998046875,76.4000015258789,79.51799774169922,79.47314453125,596341000
2024-04-23,151.64999389648438,153.5,150.35000610351562,152.27000427246094,152.27000427246094,46051900,80.76899719238281,82.76899719238281,80.26399993896484,82.4229965209961,82.37651062011719,438559000
2024-04-24,156.55999755859375,157.66000366210938,150.6300048828125,151.74000549316406,151.74000549316406,43412600,83.94999694824219,84.08200073242188,79.18299865722656,79.677001953125,79.63206481933594,512208000
2024-04-25,149.14999389648438,155.13999938964844,146.75,153.75999450683594,153.75999450683594,41471400,78.86799621582031,83.322998046875,78.2229995727539,82.63200378417969,82.58539581298828,424641000
2024-04-26,154.24000549316406,158.6300048828125,153.42999267578125,157.39999389648438,157.39999389648438,42510700,83.81800079345703,88.33100128173828,83.38700103759766,87.73500061035156,87.68553161621094,551011000
2024-04-29,159.0800018310547,160.77000427246094,156.25999450683594,160.1999969482422,160.1999969482422,43478200,87.59500122070312,87.99199676513672,85.26599884033203,87.75700378417969,87.70751953125,388971000
2024-04-30,160.6300048828125,162.2899932861328,158.35000610351562,158.3800048828125,158.3800048828125,60742800,87.23999786376953,88.81900024414062,86.30000305175781,86.4020004272461,86.35327911376953,363709000
2024-05-01,148.11000061035156,151.3699951171875,142.13999938964844,144.27000427246094,144.27000427246094,89413200,85.0770034790039,86.0,81.25499725341797,83.04100036621094,82.99414825439453,559863000
2024-05-02,145.50999450683594,147.6199951171875,141.16000366210938,146.16000366210938,146.16000366210938,50034700,84.4489974975586,86.23699951171875,83.19999694824219,85.81700134277344,85.76860046386719,377898000
2024-05-03,148.75,150.7899932861328,147.24000549316406,150.60000610351562,150.60000610351562,49361100,87.78900146484375,89.28099822998047,87.04000091552734,88.78900146484375,88.73892211914062,398341000
2024-05-06,153.10000610351562,156.64999389648438,151.25999450683594,155.77999877929688,155.77999877929688,44624500,89.38999938964844,92.22000122070312,89.05500030517578,92.13999938964844,92.0880355834961,376203000
2024-05-07,156.32000732421875,157.6999969482422,153.66000366210938,154.42999267578125,154.42999267578125,37374900,91.0979995727539,91.78099822998047,89.01100158691406,90.55400085449219,90.5029296875,437342000
2024-05-08,153.39999389648438,155.3300018310547,152.52000427246094,153.6199951171875,153.6199951171875,28728000,89.48300170898438,91.19400024414062,89.41999816894531,90.41200256347656,90.36101531982422,325721000
2024-05-09,153.1300048828125,154.08999633789062,150.61000061035156,152.38999938964844,152.38999938964844,33018000,90.52899932861328,91.0719985961914,88.23100280761719,88.74700164794922,88.69693756103516,378013000
2024-05-10,154.2899932861328,156.3699951171875,151.30999755859375,151.9199981689453,151.9199981689453,37652800,90.30500030517578,91.4010009765625,89.22699737548828,89.87799835205078,89.82730102539062,335325000
2024-05-13,151.27999877929688,153.3300018310547,150.39999389648438,150.55999755859375,150.55999755859375,27859200,90.47799682617188,90.99800109863281,88.52899932861328,90.39900207519531,90.34801483154297,289680000
2024-05-14,150.42999267578125,153.49000549316406,148.77999877929688,153.16000366210938,153.16000366210938,31938300,89.5989990234375,91.6510009765625,88.93399810791016,91.35600280761719,91.30447387695312,296507000
2024-05-15,155.58999633789062,159.69000244140625,154.6999969482422,159.6699981689453,159.6699981689453,43195900,92.47200012207031,94.86199951171875,91.5989990234375,94.62999725341797,94.57662200927734,417735000
2024-05-16,160.9199981689453,168.05999755859375,159.89999389648438,162.6199951171875,162.6199951171875,76726700,94.91000366210938,95.81900024414062,94.10299682617188,94.35900115966797,94.30577850341797,323952000
2024-05-17,168.42999267578125,169.72000122070312,162.32000732421875,164.47000122070312,164.47000122070312,65944400,94.36900329589844,94.73999786376953,91.80599975585938,92.47899627685547,92.42684173583984,359691000
2024-05-20,165.5500030517578,168.49000549316406,164.47000122070312,166.3300018310547,166.3300018310547,45618000,93.75,95.19999694824219,93.44000244140625,94.77999877929688,94.72654724121094,318764000
2024-05-21,164.0,165.8300018310547,163.10000610351562,164.66000366210938,164.66000366210938,30005500,93.5989990234375,95.4000015258789,93.18000030517578,95.38600158691406,95.33220672607422,328946000
2024-05-22,167.41000366210938,169.80999755859375,163.86000061035156,165.52000427246094,165.52000427246094,47426700,95.45899963378906,96.0199966430664,93.2490005493164,94.94999694824219,94.89643859863281,548648000
2024-05-23,170.17999267578125,173.13999938964844,158.27000427246094,160.42999267578125,160.42999267578125,91888800,102.02799987792969,106.31999969482422,101.5199966430664,103.79900360107422,103.74046325683594,835065000
2024-05-24,161.41000366210938,167.66000366210938,160.25,166.36000061035156,166.36000061035156,54868600,104.4489974975586,106.4749984741211,103.0,106.46900177001953,106.40895080566406,429494000
2024-05-28,169.4199981689453,174.5500030517578,164.9600067138672,171.61000061035156,171.61000061035156,66495400,110.24400329589844,114.93900299072266,109.88300323486328,113.9010009765625,113.83674621582031,652728000
2024-05-29,167.4600067138672,168.47999572753906,162.91000366210938,165.13999938964844,165.13999938964844,56537500,113.05000305175781,115.49199676513672,110.9010009765625,114.82499694824219,114.7602310180664,557442000
2024-05-30,167.89999389648438,168.75,163.8000030517578,166.75,166.75,46367000,114.6500015258789,115.81900024414062,109.66300201416016,110.5,110.43767547607422,484553000
2024-05-31,166.64999389648438,169.5,160.07000732421875,166.89999389648438,166.89999389648438,64331900,112.5199966430664,112.71700286865234,106.94000244140625,109.63300323486328,109.57115936279297,613263000
2024-06-03,170.82000732421875,171.0800018310547,160.91000366210938,163.5500030517578,163.5500030517578,59157600,113.62100219726562,115.0,112.00299835205078,115.0,114.93514251708984,438392000
2024-06-04,162.83999633789062,164.8300018310547,158.8699951171875,159.99000549316406,159.99000549316406,48157200,115.71600341796875,116.5999984741211,114.04499816894531,116.43699645996094,116.37132263183594,403324000
2024-06-05,162.07000732421875,167.1199951171875,161.3800048828125,166.1699981689453,166.1699981689453,60507500,118.37100219726562,122.4489974975586,117.46800231933594,122.44000244140625,122.37094116210938,528402000
2024-06-06,165.4600067138672,169.50999450683594,163.86000061035156,166.77999877929688,166.77999877929688,47153700,124.0479965209961,125.58699798583984,118.31999969482422,120.99800109863281,120.92975616455078,664696000
2024-06-07,166.58999633789062,169.4499969482422,165.86000061035156,167.8699951171875,167.8699951171875,44796000,119.7699966430664,121.69200134277344,118.02200317382812,120.88800048828125,120.81980895996094,412386000
2024-06-10,162.47999572753906,165.5500030517578,159.61000061035156,160.33999633789062,160.33999633789062,67444600,120.37000274658203,123.0999984741211,117.01000213623047,121.79000091552734,121.72129821777344,313434100
2024-06-11,160.5,161.5399932861328,156.9199981689453,158.9600067138672,158.9600067138672,40497100,121.7699966430664,122.87000274658203,118.73999786376953,120.91000366210938,120.85173797607422,222551200
2024-06-12,160.32000732421875,162.24000549316406,158.6199951171875,160.24000549316406,160.24000549316406,48325800,123.05999755859375,126.87999725341797,122.56999969482422,125.19999694824219,125.13965606689453,299595000
2024-06-13,160.39999389648438,162.66000366210938,157.30999755859375,159.89999389648438,159.89999389648438,44442500,129.38999938964844,129.8000030517578,127.16000366210938,129.61000061035156,129.5475311279297,260704500
2024-06-14,158.5,161.33999633789062,157.61000061035156,159.6300048828125,159.6300048828125,34054000,129.9600067138672,132.83999633789062,128.32000732421875,131.8800048828125,131.8164520263672,309320400
2024-06-17,158.0,159.22999572753906,154.13999938964844,158.39999389648438,158.39999389648438,44507700,132.99000549316406,133.72999572753906,129.5800018310547,130.97999572753906,130.9168701171875,288504400
2024-06-18,156.99000549316406,157.24000549316406,153.33999633789062,154.6300048828125,154.6300048828125,51852000,131.13999938964844,136.3300018310547,130.69000244140625,135.5800018310547,135.5146484375,294335100
2024-06-20,155.82000732421875,166.82000732421875,155.5,161.77999877929688,161.77999877929688,93245700,139.8000030517578,140.75999450683594,129.52000427246094,130.77999877929688,130.71697998046875,517768400
2024-06-21,161.75,163.1999969482422,157.88999938964844,161.22999572753906,161.22999572753906,61293900,127.12000274658203,130.6300048828125,124.30000305175781,126.56999969482422,126.50899505615234,649445800
2024-06-24,159.75,163.39999389648438,158.19000244140625,160.25,160.25,45954100,123.23999786376953,124.45999908447266,118.04000091552734,118.11000061035156,118.05307006835938,476060900
2024-06-25,160.72999572753906,161.0,156.4499969482422,160.25,160.25,40572300,121.19999694824219,126.5,119.31999969482422,126.08999633789062,126.02923583984375,414192600
2024-06-26,160.60000610351562,160.74000549316406,156.0,157.5399932861328,157.5399932861328,36973400,126.12999725341797,128.1199951171875,122.5999984741211,126.4000015258789,126.3390884399414,362975900
2024-06-27,157.17999267578125,160.61000061035156,156.80999755859375,159.47000122070312,159.47000122070312,34018200,124.0999984741211,126.41000366210938,122.91999816894531,123.98999786376953,123.93023681640625,252571700
2024-06-28,160.22999572753906,166.4499969482422,159.41000366210938,162.2100067138672,162.2100067138672,56204600,124.58000183105469,127.70999908447266,122.75,123.54000091552734,123.48046112060547,315516700
2024-07-01,161.25,161.50999450683594,153.63999938964844,157.69000244140625,157.69000244140625,50436700,123.47000122070312,124.83999633789062,118.83000183105469,124.30000305175781,124.24010467529297,284885500
2024-07-02,157.0399932861328,164.5800018310547,156.6999969482422,164.30999755859375,164.30999755859375,57838600,121.12999725341797,123.41000366210938,121.02999877929688,122.66999816894531,122.61088562011719,218374000
2024-07-03,164.1999969482422,165.25999450683594,162.50999450683594,163.89999389648438,163.89999389648438,26980900,121.66000366210938,128.27999877929688,121.36000061035156,128.27999877929688,128.21817016601562,215749000
2024-07-05,165.97000122070312,174.0399932861328,165.67999267578125,171.89999389648438,171.89999389648438,61857100,127.37999725341797,128.85000610351562,125.68000030517578,125.83000183105469,125.76936340332031,214176700
2024-07-08,174.89999389648438,178.9499969482422,173.22000122070312,178.69000244140625,178.69000244140625,60223400,127.48999786376953,130.77000427246094,127.04000091552734,128.1999969482422,128.13821411132812,237677300
2024-07-09,177.97000122070312,180.41000366210938,174.6999969482422,177.10000610351562,177.10000610351562,43395600,130.35000610351562,133.82000732421875,128.64999389648438,131.3800048828125,131.3166961669922,285366600
2024-07-10,179.99000549316406,187.27999877929688,177.8000030517578,183.9600067138672,183.9600067138672,90247000,134.02999877929688,135.10000610351562,132.4199981689453,134.91000366210938,134.84500122070312,248978600
2024-07-11,184.07000732421875,187.11000061035156,177.25,181.94000244140625,181.94000244140625,59231400,135.75,136.14999389648438,127.05000305175781,127.4000015258789,127.33860778808594,374782700
2024-07-12,182.02000427246094,186.99000549316406,179.69000244140625,181.61000061035156,181.61000061035156,50827400,128.25999450683594,131.9199981689453,127.22000122070312,129.24000549316406,129.17771911621094,252680500
2024-07-15,184.4499969482422,185.5,178.5399932861328,179.8300018310547,179.8300018310547,42202700,130.55999755859375,131.38999938964844,127.18000030517578,128.44000244140625,128.37808227539062,208326200
2024-07-16,179.69000244140625,179.75,174.52999877929688,177.5500030517578,177.5500030517578,40633100,128.44000244140625,129.0399932861328,124.58000183105469,126.36000061035156,126.29910278320312,214769500
2024-07-17,169.8000030517578,169.8000030517578,159.3699951171875,159.42999267578125,159.42999267578125,76954200,121.3499984741211,121.8499984741211,116.72000122070312,117.98999786376953,117.93313598632812,390086200
2024-07-18,163.41000366210938,163.41000366210938,153.1999969482422,155.77000427246094,155.77000427246094,69420300,121.8499984741211,122.4000015258789,116.55999755859375,121.08999633789062,121.0316390991211,320979500
2024-07-19,154.86000061035156,155.80999755859375,150.6199951171875,151.5800018310547,151.5800018310547,47513100,120.3499984741211,121.5999984741211,117.37000274658203,117.93000030517578,117.87316131591797,217223800
2024-07-22,154.22999572753906,156.6999969482422,152.5399932861328,155.8699951171875,155.8699951171875,43912500,120.3499984741211,124.06999969482422,119.86000061035156,123.54000091552734,123.48046112060547,258068900
2024-07-23,154.9499969482422,157.0500030517578,153.8000030517578,154.0,154.0,31950600,122.77999877929688,124.69000244140625,122.0999984741211,122.58999633789062,122.53091430664062,173911000
2024-07-24,152.72000122070312,153.67999267578125,144.52999877929688,144.6300048828125,144.6300048828125,49203100,119.16999816894531,119.94999694824219,113.44000244140625,114.25,114.19493865966797,327776900
2024-07-25,144.07000732421875,144.75,136.80999755859375,138.32000732421875,138.32000732421875,60578500,113.04000091552734,116.62999725341797,106.30000305175781,112.27999877929688,112.22589111328125,460067000
2024-07-26,140.32000732421875,141.2899932861328,138.27000427246094,139.99000549316406,139.99000549316406,49435800,116.19000244140625,116.19999694824219,111.58000183105469,113.05999755859375,113.0055160522461,293399100
2024-07-29,141.19000244140625,144.58999633789062,138.75,139.75,139.75,47447200,113.69000244140625,116.27999877929688,111.30000305175781,111.58999633789062,111.53620910644531,248152100
2024-07-30,139.8800048828125,141.6999969482422,134.0500030517578,138.44000244140625,138.44000244140625,68801700,111.5199966430664,111.98999786376953,102.54000091552734,103.7300033569336,103.68000793457031,486833300
2024-07-31,150.72999572753906,153.60000610351562,140.02999877929688,144.47999572753906,144.47999572753906,114306800,112.9000015258789,118.33999633789062,110.87999725341797,117.0199966430664,116.96359252929688,473174200
2024-08-01,145.0,147.2899932861328,130.24000549316406,132.5399932861328,132.5399932861328,94731900,117.52999877929688,120.16000366210938,106.80999755859375,109.20999908447266,109.15736389160156,523462300
2024-08-02,133.5,137.10000610351562,131.3300018310547,132.5,132.5,78562000,103.76000213623047,108.72000122070312,101.37000274658203,107.2699966430664,107.21829223632812,482027500
2024-08-05,122.16000366210938,139.13999938964844,121.83000183105469,134.82000732421875,134.82000732421875,76089400,92.05999755859375,103.41000366210938,90.69000244140625,100.44999694824219,100.4015884399414,552842400
2024-08-06,135.14999389648438,136.44000244140625,129.10000610351562,130.17999267578125,130.17999267578125,64455600,103.83999633789062,107.70999908447266,100.55000305175781,104.25,104.19976806640625,409012100
2024-08-07,133.75,136.24000549316406,128.3699951171875,128.6699981689453,128.6699981689453,54676500,107.80999755859375,108.80000305175781,98.69000244140625,98.91000366210938,98.8623275756836,411440400
2024-08-08,131.97000122070312,136.47999572753906,128.94000244140625,136.32000732421875,136.32000732421875,49037500,102.0,105.5,97.5199966430664,104.97000122070312,104.9194107055664,391910000
2024-08-09,134.69000244140625,135.5,132.44000244140625,134.27000427246094,134.27000427246094,40583000,105.63999938964844,106.5999984741211,103.43000030517578,104.75,104.69952392578125,290844200
2024-08-12,134.44000244140625,137.99000549316406,133.22999572753906,136.77000427246094,136.77000427246094,39724300,106.31999969482422,111.06999969482422,106.26000213623047,109.0199966430664,108.96745300292969,325559900
2024-08-13,138.1199951171875,141.19000244140625,137.52000427246094,141.1300048828125,141.1300048828125,42218000,112.44000244140625,116.2300033569336,111.58000183105469,116.13999938964844,116.08403015136719,312646700
2024-08-14,143.0,143.25,137.63999938964844,140.75,140.75,35506400,118.52999877929688,118.5999984741211,114.06999969482422,118.08000183105469,118.0230941772461,339246400
2024-08-15,143.0,147.9600067138672,141.80999755859375,147.36000061035156,147.36000061035156,43582400,118.76000213623047,123.23999786376953,117.47000122070312,122.86000061035156,122.8008041381836,318086700
2024-08-16,145.6999969482422,149.3699951171875,145.1999969482422,148.55999755859375,148.55999755859375,31123900,121.94000244140625,125.0,121.18000030517578,124.58000183105469,124.51995849609375,302589900
2024-08-19,148.42999267578125,155.3699951171875,147.72000122070312,155.27999877929688,155.27999877929688,60766900,124.27999877929688,130.0,123.41999816894531,130.0,129.9373779296875,318333600
2024-08-20,156.49000549316406,162.0399932861328,154.50999450683594,156.39999389648438,156.39999389648438,76851200,128.39999389648438,129.8800048828125,125.88999938964844,127.25,127.18867492675781,300087400
2024-08-21,156.1199951171875,158.64999389648438,155.07000732421875,157.80999755859375,157.80999755859375,42791200,127.31999969482422,129.35000610351562,126.66000366210938,128.5,128.4380645751953,257883600
2024-08-22,158.8699951171875,159.83999633789062,151.00999450683594,151.6999969482422,151.6999969482422,45737300,130.02000427246094,130.75,123.0999984741211,123.73999786376953,123.68036651611328,376189100
2024-08-23,153.60000610351562,156.39999389648438,151.8300018310547,154.97999572753906,154.97999572753906,43694600,125.86000061035156,129.60000610351562,125.22000122070312,129.3699951171875,129.30764770507812,323230300
2024-08-26,154.6999969482422,158.27999877929688,148.91000366210938,149.99000549316406,149.99000549316406,49893300,129.57000732421875,131.25999450683594,124.37000274658203,126.45999908447266,126.39905548095703,331964700
2024-08-27,150.1300048828125,151.6999969482422,148.44000244140625,150.5,150.5,35102700,125.05000305175781,129.1999969482422,123.87999725341797,128.3000030517578,128.23817443847656,303134600
2024-08-28,149.39999389648438,150.42999267578125,144.72000122070312,146.36000061035156,146.36000061035156,34075800,128.1199951171875,128.3300018310547,122.63999938964844,125.61000061035156,125.5494613647461,448101100
2024-08-29,146.58999633789062,149.49000549316406,144.47000122070312,145.49000549316406,145.49000549316406,31602100,121.36000061035156,124.43000030517578,116.70999908447266,117.58999633789062,117.5333251953125,453023300
2024-08-30,147.52000427246094,148.99000549316406,145.25,148.55999755859375,148.55999755859375,31169100,119.52999877929688,121.75,117.22000122070312,119.37000274658203,119.3124771118164,333751600
2024-09-03,146.41000366210938,146.49000549316406,136.10000610351562,136.94000244140625,136.94000244140625,42172700,116.01000213623047,116.20999908447266,107.29000091552734,108.0,107.94795989990234,477155100
2024-09-04,140.50999450683594,143.3699951171875,138.50999450683594,140.8699951171875,140.8699951171875,42130600,105.41000366210938,113.2699966430664,104.12000274658203,106.20999908447266,106.15882110595703,372470300
2024-09-05,138.1999969482422,141.7100067138672,137.8300018310547,139.44000244140625,139.44000244140625,25023000,104.98999786376953,109.6500015258789,104.76000213623047,107.20999908447266,107.15833282470703,306850700
2024-09-06,138.6999969482422,139.1300048828125,132.11000061035156,134.35000610351562,134.35000610351562,39993500,108.04000091552734,108.1500015258789,100.94999694824219,102.83000183105469,102.78044891357422,413638100
2024-09-09,136.10000610351562,138.4499969482422,134.86000061035156,138.14999389648438,138.14999389648438,27194500,104.87999725341797,106.55000305175781,103.69000244140625,106.47000122070312,106.41869354248047,273912000
2024-09-10,139.05999755859375,143.0800018310547,137.25,142.83999633789062,142.83999633789062,37217500,107.80999755859375,109.4000015258789,104.94999694824219,108.0999984741211,108.04788970947266,268283700
2024-09-11,145.32000732421875,150.16000366210938,140.7100067138672,149.86000061035156,149.86000061035156,50935400,109.38999938964844,117.19000244140625,107.41999816894531,116.91000366210938,116.8536605834961,441422400
2024-09-12,148.42999267578125,151.5399932861328,147.64999389648438,150.77000427246094,150.77000427246094,29233700,116.83999633789062,120.79000091552734,115.37999725341797,119.13999938964844,119.0927734375,366052700
2024-09-13,152.32000732421875,153.02999877929688,150.6999969482422,152.30999755859375,152.30999755859375,25117200,119.08000183105469,119.95999908447266,117.5999984741211,119.0999984741211,119.05278015136719,238358300
2024-09-16,151.6999969482422,154.44000244140625,150.91000366210938,152.0800018310547,152.0800018310547,27677800,116.79000091552734,118.18000030517578,114.36000061035156,116.77999877929688,116.73370361328125,248772300
2024-09-17,153.5500030517578,154.0399932861328,149.22999572753906,150.82000732421875,150.82000732421875,29889000,118.16999816894531,118.80000305175781,114.83000183105469,115.58999633789062,115.54417419433594,231925900
2024-09-18,150.89999389648438,152.82000732421875,148.00999450683594,148.2899932861328,148.2899932861328,26320100,115.88999938964844,117.69999694824219,113.22000122070312,113.37000274658203,113.32505798339844,310318900
2024-09-19,153.80999755859375,159.25,152.77000427246094,156.74000549316406,156.74000549316406,44500000,117.3499984741211,119.66000366210938,117.25,117.87000274658203,117.82328033447266,293506400
2024-09-20,156.0,157.4499969482422,152.47000122070312,155.9499969482422,155.9499969482422,40248200,117.05999755859375,118.62000274658203,115.38999938964844,116.0,115.95401000976562,382462400
2024-09-23,156.4499969482422,157.19000244140625,154.97000122070312,156.75,156.75,21728500,116.55000305175781,116.98999786376953,114.86000061035156,116.26000213623047,116.21391296386719,206228500
2024-09-24,157.4600067138672,159.63999938964844,154.5800018310547,158.32000732421875,158.32000732421875,27531200,116.5199966430664,121.80000305175781,115.37999725341797,120.87000274658203,120.82209014892578,354966800
2024-09-25,158.5,162.9499969482422,158.17999267578125,162.02000427246094,162.02000427246094,35233300,122.0199966430664,124.94000244140625,121.61000061035156,123.51000213623047,123.46104431152344,284692900
2024-09-26,167.05999755859375,168.67999267578125,164.0500030517578,167.49000549316406,167.49000549316406,38044900,126.80000305175781,127.66999816894531,121.80000305175781,124.04000091552734,123.9908218383789,302582900
2024-09-27,167.47999572753906,168.72999572753906,163.74000549316406,164.35000610351562,164.35000610351562,27876000,123.97000122070312,124.02999877929688,119.26000213623047,121.4000015258789,121.35187530517578,271009200
2024-09-30,163.10000610351562,165.0800018310547,162.17999267578125,164.0800018310547,164.0800018310547,21881600,118.30999755859375,121.5,118.1500015258789,121.44000244140625,121.3918685913086,226553700
2024-10-01,164.47999572753906,165.39999389648438,158.0800018310547,159.75,159.75,31831900,121.7699966430664,122.44000244140625,115.79000091552734,117.0,116.95360565185547,302094500
2024-10-02,159.30999755859375,163.10000610351562,158.6699981689453,159.77999877929688,159.77999877929688,24630400,116.44000244140625,119.37999725341797,115.13999938964844,118.8499984741211,118.80289459228516,221845900
2024-10-03,159.7100067138672,166.7899932861328,159.39999389648438,162.85000610351562,162.85000610351562,29598800,120.91999816894531,124.36000061035156,120.33999633789062,122.8499984741211,122.80130767822266,277118000
2024-10-04,166.52999877929688,171.2100067138672,164.4199981689453,170.89999389648438,170.89999389648438,44556500,124.94000244140625,125.04000091552734,121.83000183105469,124.91999816894531,124.87047576904297,243678100
2024-10-07,171.0800018310547,172.41000366210938,168.2100067138672,170.97000122070312,170.97000122070312,38379900,124.98999786376953,130.63999938964844,124.94999694824219,127.72000122070312,127.66937255859375,346250200
2024-10-08,171.75,173.60000610351562,170.0,172.8000030517578,172.8000030517578,34730200,130.25999450683594,133.47999572753906,129.4199981689453,132.88999938964844,132.83731079101562,285722500
2024-10-09,174.0500030517578,174.0500030517578,169.5500030517578,171.02000427246094,171.02000427246094,33890700,134.11000061035156,134.52000427246094,131.3800048828125,132.64999389648438,132.597412109375,246191600
2024-10-10,169.75999450683594,172.00999450683594,162.0,164.17999267578125,164.17999267578125,75113600,131.91000366210938,135.0,131.0,134.80999755859375,134.75656127929688,242311300
2024-10-11,164.19000244140625,169.35000610351562,163.00999450683594,167.88999938964844,167.88999938964844,42136200,134.00999450683594,135.77999877929688,133.66000366210938,134.8000030517578,134.74656677246094,170209500
2024-10-14,167.77000427246094,168.89999389648438,165.14999389648438,165.27000427246094,165.27000427246094,31757200,136.47000122070312,139.60000610351562,136.3000030517578,138.07000732421875,138.01527404785156,232347700
2024-10-15,163.2100067138672,164.1300048828125,155.74000549316406,156.63999938964844,156.63999938964844,50768000,137.8699951171875,138.57000732421875,128.74000549316406,131.60000610351562,131.54783630371094,377831000
2024-10-16,158.07000732421875,158.27999877929688,154.9199981689453,156.1300048828125,156.1300048828125,30575800,133.97999572753906,136.6199951171875,131.5800018310547,135.72000122070312,135.6662139892578,264879700
2024-10-17,160.0,160.44000244140625,156.1999969482422,156.25,156.25,29491900,139.33999633789062,140.88999938964844,136.8699951171875,136.92999267578125,136.87570190429688,306435900
2024-10-18,157.41000366210938,158.00999450683594,155.55999755859375,155.97000122070312,155.97000122070312,23823000,138.6699981689453,138.89999389648438,137.27999877929688,138.0,137.94529724121094,176090200
2024-10-21,155.75999450683594,158.0,154.14999389648438,157.89999389648438,157.89999389648438,25781200,138.1300048828125,143.7100067138672,138.0,143.7100067138672,143.6530303955078,264554500
2024-10-22,156.60000610351562,156.74000549316406,151.91000366210938,154.08999633789062,154.08999633789062,34997400,142.91000366210938,144.4199981689453,141.77999877929688,143.58999633789062,143.5330810546875,226311600
2024-10-23,153.0,153.4499969482422,150.52000427246094,152.91000366210938,152.91000366210938,26095900,142.02999877929688,142.42999267578125,137.4600067138672,139.55999755859375,139.50466918945312,285930000
2024-10-24,154.74000549316406,155.19000244140625,152.35000610351562,153.44000244140625,153.44000244140625,22877000,140.82000732421875,141.35000610351562,138.4600067138672,140.41000366210938,140.35433959960938,172354900
2024-10-25,155.39999389648438,158.91000366210938,155.0500030517578,156.22999572753906,156.22999572753906,29758500,140.92999267578125,144.1300048828125,140.8000030517578,141.5399932861328,141.48388671875,205122100
2024-10-28,158.5,160.27999877929688,157.0399932861328,159.9199981689453,159.9199981689453,36010100,143.0,143.13999938964844,140.0500030517578,140.52000427246094,140.4643096923828,173586700
2024-10-29,161.10000610351562,167.50999450683594,158.94000244140625,166.25,166.25,71896000,140.2899932861328,142.25999450683594,138.89999389648438,141.25,141.19400024414062,157593600
2024-10-30,153.00999450683594,153.1199951171875,148.10000610351562,148.60000610351562,148.60000610351562,87701700,139.5399932861328,140.3300018310547,136.80999755859375,139.33999633789062,139.28475952148438,179418100
2024-10-31,147.8000030517578,148.67999267578125,143.3300018310547,144.07000732421875,144.07000732421875,44386600,137.60000610351562,137.61000061035156,132.11000061035156,132.75999450683594,132.70736694335938,270039600
2024-11-01,144.44000244140625,144.5399932861328,141.32000732421875,141.86000061035156,141.86000061035156,39027400,134.6999969482422,137.30999755859375,134.57000732421875,135.39999389648438,135.34632873535156,207127800
2024-11-04,141.6999969482422,143.63999938964844,139.72000122070312,140.7100067138672,140.7100067138672,29117400,137.2100067138672,138.9600067138672,135.57000732421875,136.0500030517578,135.99606323242188,187528200
2024-11-05,141.94000244140625,143.0800018310547,140.8000030517578,141.66000366210938,141.66000366210938,27067300,137.4499969482422,140.3699951171875,137.3300018310547,139.91000366210938,139.8545379638672,160537400
2024-11-06,144.9499969482422,145.6300048828125,141.52000427246094,145.10000610351562,145.10000610351562,32911500,142.9600067138672,146.49000549316406,141.9600067138672,145.61000061035156,145.55230712890625,242043900
2024-11-07,146.67999267578125,150.1199951171875,145.66000366210938,149.82000732421875,149.82000732421875,30326400,146.38999938964844,148.92999267578125,146.1699981689453,148.8800048828125,148.8209991455078,207323300
2024-11-08,149.38999938964844,150.7100067138672,147.52999877929688,147.9499969482422,147.9499969482422,27560300,148.77000427246094,149.77000427246094,146.25999450683594,147.6300048828125,147.5714569091797,175665800
2024-11-11,147.3800048828125,148.57000732421875,144.91000366210938,147.35000610351562,147.35000610351562,29868100,148.67999267578125,148.85000610351562,143.57000732421875,145.25999450683594,145.20240783691406,182325600
2024-11-12,147.0,147.4499969482422,141.5500030517578,143.6300048828125,143.6300048828125,33560300,146.77999877929688,149.64999389648438,146.00999450683594,148.2899932861328,148.23118591308594,198634700
2024-11-13,142.86000061035156,144.49000549316406,139.07000732421875,139.3000030517578,139.3000030517578,35146600,149.07000732421875,149.3300018310547,145.89999389648438,146.27000427246094,146.2120361328125,191903300
2024-11-14,140.33999633789062,141.39999389648438,138.55999755859375,138.83999633789062,138.83999633789062,31681400,147.63999938964844,149.0,145.5500030517578,146.75999450683594,146.70181274414062,194463300
2024-11-15,136.57000732421875,137.35000610351562,133.64999389648438,134.89999389648438,134.89999389648438,44217500,144.8699951171875,145.24000549316406,140.0800018310547,141.97999572753906,141.92369079589844,250132900
2024-11-18,138.19000244140625,140.89999389648438,137.2100067138672,138.92999267578125,138.92999267578125,38705400,139.5,141.5500030517578,137.14999389648438,140.14999389648438,140.0944366455078,221205300
2024-11-19,137.41000366210938,139.75,137.13999938964844,139.38999938964844,139.38999938964844,23131400,141.32000732421875,147.1300048828125,140.99000549316406,147.00999450683594,146.95172119140625,227834900
2024-11-20,138.9600067138672,140.77000427246094,135.47999572753906,137.60000610351562,137.60000610351562,28843100,147.41000366210938,147.55999755859375,142.72999572753906,145.88999938964844,145.83216857910156,309871700
2024-11-21,138.8699951171875,140.27999877929688,134.92999267578125,137.49000549316406,137.49000549316406,29311400,149.35000610351562,152.88999938964844,140.6999969482422,146.6699981689453,146.6118621826172,400946600
2024-11-22,137.35000610351562,139.1300048828125,137.0399932861328,138.35000610351562,138.35000610351562,21784700,145.92999267578125,147.16000366210938,141.10000610351562,141.9499969482422,141.89373779296875,236406200
2024-11-25,140.49000549316406,142.35000610351562,139.0500030517578,141.1300048828125,141.1300048828125,30923100,141.99000549316406,142.0500030517578,135.82000732421875,136.02000427246094,135.96607971191406,344941900
2024-11-26,142.5500030517578,142.8000030517578,136.6199951171875,137.72000122070312,137.72000122070312,32092400,137.6999969482422,139.3000030517578,135.6699981689453,136.9199981689453,136.86570739746094,190287700
2024-11-27,137.1999969482422,137.94000244140625,132.9600067138672,136.24000549316406,136.24000549316406,30175300,135.00999450683594,137.22000122070312,131.8000030517578,135.33999633789062,135.28634643554688,226370900
2024-11-29,136.24000549316406,138.58999633789062,135.77999877929688,137.17999267578125,137.17999267578125,16085700,136.77999877929688,139.35000610351562,136.0500030517578,138.25,138.19520568847656,141863200
2024-12-02,137.9199981689453,142.82000732421875,137.8000030517578,142.05999755859375,142.05999755859375,33102400,138.8300018310547,140.4499969482422,137.82000732421875,138.6300048828125,138.57504272460938,171682800
2024-12-03,142.5800018310547,143.4499969482422,141.0800018310547,141.97999572753906,141.97999572753906,22665300,138.25999450683594,140.5399932861328,137.9499969482422,140.25999450683594,140.20440673828125,164414000
2024-12-04,142.9600067138672,144.1199951171875,141.17999267578125,143.99000549316406,143.99000549316406,25942700,142.0,145.7899932861328,140.2899932861328,145.13999938964844,145.08245849609375,231224300
2024-12-05,143.67999267578125,143.9499969482422,140.3800048828125,141.36000061035156,141.36000061035156,29576900,145.11000061035156,146.5399932861328,143.9499969482422,145.05999755859375,145.0124969482422,172621200
2024-12-06,141.47999572753906,142.7899932861328,137.39999389648438,138.58999633789062,138.58999633789062,33576800,144.60000610351562,145.6999969482422,141.30999755859375,142.44000244140625,142.3933563232422,188505600
2024-12-09,135.7100067138672,135.77000427246094,130.0,130.8699951171875,130.8699951171875,57055600,138.97000122070312,139.9499969482422,137.1300048828125,138.80999755859375,138.76454162597656,189308600
2024-12-10,131.55999755859375,131.55999755859375,127.06999969482422,127.73999786376953,127.73999786376953,38907200,139.00999450683594,141.82000732421875,133.7899932861328,135.07000732421875,135.0257568359375,210020900
2024-12-11,128.52000427246094,131.2100067138672,126.22000122070312,130.14999389648438,130.14999389648438,45588100,137.36000061035156,140.1699981689453,135.2100067138672,139.30999755859375,139.26437377929688,184905200
2024-12-12,130.0,132.32000732421875,129.07000732421875,130.60000610351562,130.60000610351562,34267100,137.0800018310547,138.44000244140625,135.8000030517578,137.33999633789062,137.29501342773438,159211400
2024-12-13,131.3000030517578,131.3000030517578,124.7699966430664,126.91000366210938,126.91000366210938,67544700,138.94000244140625,139.60000610351562,132.5399932861328,134.25,134.20602416992188,231514900
2024-12-16,126.01000213623047,127.76000213623047,123.12000274658203,126.69000244140625,126.69000244140625,42090300,134.17999267578125,134.39999389648438,130.4199981689453,132.0,131.95675659179688,237951100
2024-12-17,124.44999694824219,127.08000183105469,123.1500015258789,125.0199966430664,125.0199966430664,43314900,129.08999633789062,131.58999633789062,126.86000061035156,130.38999938964844,130.3472900390625,259410300
2024-12-18,125.43000030517578,127.75,120.43000030517578,121.41000366210938,121.41000366210938,49724400,133.86000061035156,136.6999969482422,128.27999877929688,128.91000366210938,128.86778259277344,277444500
2024-12-19,122.16000366210938,123.37999725341797,118.44999694824219,118.87999725341797,118.87999725341797,46160700,131.75999450683594,134.02999877929688,129.5500030517578,130.67999267578125,130.63719177246094,209719200
2024-12-20,118.0,121.86000061035156,117.9000015258789,119.20999908447266,119.20999908447266,53591200,129.80999755859375,135.27999877929688,128.22000122070312,134.6999969482422,134.65586853027344,306528600
2024-12-23,120.70999908447266,126.33999633789062,120.47000122070312,124.5999984741211,124.5999984741211,47777900,136.27999877929688,139.7899932861328,135.1199951171875,139.6699981689453,139.62423706054688,176053500
2024-12-24,127.51000213623047,127.51000213623047,124.66000366210938,126.29000091552734,126.29000091552734,24829600,140.0,141.89999389648438,138.64999389648438,140.22000122070312,140.174072265625,105157000
2024-12-26,125.5199966430664,127.30000305175781,125.05000305175781,125.05999755859375,125.05999755859375,24998200,139.6999969482422,140.85000610351562,137.72999572753906,139.92999267578125,139.8841552734375,116205600
2024-12-27,124.37000274658203,126.18000030517578,122.26000213623047,125.19000244140625,125.19000244140625,32924000,138.5500030517578,139.02000427246094,134.7100067138672,137.00999450683594,136.96511840820312,170582600
2024-12-30,123.55999755859375,124.0999984741211,122.3499984741211,122.44000244140625,122.44000244140625,30501600,134.8300018310547,140.27000427246094,134.02000427246094,137.49000549316406,137.4449462890625,167734700
2024-12-31,123.0999984741211,123.55000305175781,120.13999938964844,120.79000091552734,120.79000091552734,30203400,138.02999877929688,138.07000732421875,133.8300018310547,134.2899932861328,134.2460174560547,155659200
2025-01-02,122.29000091552734,123.13999938964844,119.44000244140625,120.62999725341797,120.62999725341797,34256200,136.0,138.8800048828125,134.6300048828125,138.30999755859375,138.2646942138672,198247200
2025-01-03,121.6500015258789,125.55999755859375,121.41999816894531,125.37000274658203,125.37000274658203,36785300,140.00999450683594,144.89999389648438,139.72999572753906,144.47000122070312,144.4226837158203,229322500
2025-01-06,129.07000732421875,130.72999572753906,127.36000061035156,129.5500030517578,129.5500030517578,48020200,148.58999633789062,152.16000366210938,147.82000732421875,149.42999267578125,149.3810577392578,265377400
2025-01-07,130.50999450683594,131.7100067138672,126.8499984741211,127.33000183105469,127.33000183105469,39220400,153.02999877929688,153.1300048828125,140.00999450683594,140.13999938964844,140.09410095214844,351782200
2025-01-08,124.51000213623047,125.30000305175781,120.12000274658203,121.83999633789062,121.83999633789062,46723100,142.5800018310547,143.9499969482422,137.55999755859375,140.11000061035156,140.06410217285156,227349900
2025-01-10,118.18000030517578,118.70999908447266,114.44999694824219,116.04000091552734,116.04000091552734,59415600,137.4499969482422,139.9199981689453,134.22000122070312,135.91000366210938,135.86549377441406,207602500
2025-01-13,115.27999877929688,117.4800033569336,114.41000366210938,117.31999969482422,117.31999969482422,39128900,129.99000549316406,133.49000549316406,129.50999450683594,133.22999572753906,133.1863555908203,204808900
2025-01-14,118.0,118.66000366210938,114.5,116.08999633789062,116.08999633789062,37005300,136.0500030517578,136.3800048828125,130.0500030517578,131.75999450683594,131.71682739257812,195590500
2025-01-15,117.55000305175781,120.41999816894531,117.45999908447266,119.95999908447266,119.95999908447266,38185800,133.64999389648438,136.4499969482422,131.2899932861328,136.24000549316406,136.1953887939453,185217300
2025-01-16,120.23999786376953,121.08999633789062,118.25,118.44000244140625,118.44000244140625,29414100,138.63999938964844,138.75,133.49000549316406,133.57000732421875,133.5262451171875,209235600
2025-01-17,120.77999877929688,122.73999786376953,120.55000305175781,121.45999908447266,121.45999908447266,35765900,136.69000244140625,138.5,135.4600067138672,137.7100067138672,137.66490173339844,201188800
2025-01-21,122.38999938964844,123.75,121.12000274658203,122.27999877929688,122.27999877929688,31578800,139.16000366210938,141.8300018310547,137.08999633789062,140.8300018310547,140.78387451171875,197749000
2025-01-22,123.08000183105469,125.6500015258789,121.91000366210938,123.75,123.75,35023800,144.66000366210938,147.7899932861328,143.6699981689453,147.07000732421875,147.02183532714844,237651400
2025-01-23,121.43000030517578,123.70999908447266,120.62999725341797,123.04000091552734,123.04000091552734,24921100,145.0500030517578,147.22999572753906,143.72000122070312,147.22000122070312,147.17178344726562,155915500
2025-01-24,124.55000305175781,125.25,122.2300033569336,122.83999633789062,122.83999633789062,31570300,148.3699951171875,148.97000122070312,141.8800048828125,142.6199951171875,142.5732879638672,234657600
2025-01-27,117.80000305175781,118.08000183105469,112.80000305175781,115.01000213623047,115.01000213623047,61067900,124.80000305175781,128.39999389648438,116.69999694824219,118.41999816894531,118.38121032714844,818830900
2025-01-28,115.18000030517578,116.1500015258789,112.94999694824219,114.16999816894531,114.16999816894531,40554800,121.80999755859375,129.0,116.25,128.99000549316406,128.94775390625,579666400
2025-01-29,115.7699966430664,118.5199966430664,114.95999908447266,117.3499984741211,117.3499984741211,40199100,126.5,126.88999938964844,120.05000305175781,123.69999694824219,123.65947723388672,467120600
2025-01-30,118.52999877929688,120.44000244140625,117.08999633789062,118.86000061035156,118.86000061035156,29788400,123.0999984741211,125.0,118.0999984741211,124.6500015258789,124.60917663574219,392925500
2025-01-31,119.13999938964844,119.56999969482422,115.33000183105469,115.94999694824219,115.94999694824219,40463400,123.77999877929688,127.8499984741211,119.19000244140625,120.06999969482422,120.03067016601562,388161100
2025-02-03,113.87999725341797,115.16000366210938,112.9800033569336,114.2699966430664,114.2699966430664,34586100,114.75,118.56999969482422,113.01000213623047,116.66000366210938,116.62178802490234,371235700
2025-02-04,115.44999694824219,119.8499984741211,114.79000091552734,119.5,119.5,69412100,116.95999908447266,121.19999694824219,116.69999694824219,118.6500015258789,118.61112976074219,256550000
2025-02-05,107.61000061035156,112.08999633789062,106.5,112.01000213623047,112.01000213623047,110385200,121.76000213623047,125.0,120.76000213623047,124.83000183105469,124.78912353515625,262230800
2025-02-06,110.93000030517578,112.55999755859375,109.0199966430664,110.16000366210938,110.16000366210938,50426600,127.41999816894531,128.77000427246094,125.20999908447266,128.67999267578125,128.63787841796875,251483600
2025-02-07,109.12999725341797,109.91999816894531,106.79000091552734,107.55999755859375,107.55999755859375,46082500,129.22000122070312,130.3699951171875,125.0,129.83999633789062,129.79745483398438,228186300
2025-02-10,108.44000244140625,111.4000015258789,108.1500015258789,110.4800033569336,110.4800033569336,34905400,130.08999633789062,135.0,129.9600067138672,133.57000732421875,133.5262451171875,216989100
2025-02-11,108.9800033569336,113.06999969482422,108.94000244140625,111.0999984741211,111.0999984741211,35033800,132.5800018310547,134.47999572753906,131.02000427246094,132.8000030517578,132.75650024414062,178902400
2025-02-12,109.5199966430664,111.83999633789062,109.05999755859375,111.72000122070312,111.72000122070312,25319700,130.02000427246094,132.24000549316406,129.0800018310547,131.13999938964844,131.0970458984375,160278600
2025-02-13,112.0,114.5999984741211,110.4000015258789,111.80999755859375,111.80999755859375,40911800,131.55999755859375,136.5,131.1699981689453,135.2899932861328,135.24566650390625,197430000
2025-02-14,112.6500015258789,114.62999725341797,111.69999694824219,113.0999984741211,113.0999984741211,32477200,136.47999572753906,139.25,135.5,138.85000610351562,138.8045196533203,195479600
2025-02-18,114.05000305175781,115.55000305175781,113.44999694824219,114.27999877929688,114.27999877929688,31720300,141.27000427246094,143.44000244140625,137.92999267578125,139.39999389648438,139.35433959960938,219176600
2025-02-19,114.25,116.11000061035156,113.13999938964844,114.69000244140625,114.69000244140625,28807700,139.50999450683594,141.36000061035156,137.22000122070312,139.22999572753906,139.1844024658203,167536000
2025-02-20,115.01000213623047,116.55000305175781,113.11000061035156,114.16999816894531,114.16999816894531,27219600,140.02999877929688,140.66000366210938,136.7899932861328,140.11000061035156,140.06410217285156,143903600
2025-02-21,114.8499984741211,115.76000213623047,110.43000030517578,110.83999633789062,110.83999633789062,41353700,140.0399932861328,141.4600067138672,134.02999877929688,134.42999267578125,134.38595581054688,228217600
2025-02-24,111.48999786376953,111.5999984741211,107.9800033569336,108.11000061035156,108.11000061035156,29072200,136.55999755859375,138.58999633789062,130.0800018310547,130.27999877929688,130.23733520507812,251381100
2025-02-25,107.88999938964844,108.63999938964844,103.62000274658203,103.95999908447266,103.95999908447266,39169200,129.97999572753906,130.1999969482422,124.44000244140625,126.62999725341797,126.5885238647461,271428700
2025-02-26,104.94999694824219,105.80000305175781,103.98999786376953,104.73999786376953,104.73999786376953,29178200,129.99000549316406,133.72999572753906,128.49000549316406,131.27999877929688,131.23699951171875,322553800
2025-02-27,105.08000183105469,105.76000213623047,99.5,99.51000213623047,99.51000213623047,47263700,135.0,135.00999450683594,120.01000213623047,120.1500015258789,120.11064910888672,443175800
2025-02-28,99.55999755859375,101.80000305175781,98.69000244140625,99.86000061035156,99.86000061035156,45194600,118.0199966430664,125.08999633789062,116.4000015258789,124.91999816894531,124.87907409667969,389091100
2025-03-03,101.5199966430664,102.33999633789062,97.08999633789062,98.2300033569336,98.2300033569336,38958000,123.51000213623047,123.69999694824219,112.27999877929688,114.05999755859375,114.02263641357422,411381400
2025-03-04,96.0,103.18000030517578,95.88999938964844,100.75,100.75,54156900,110.6500015258789,119.30999755859375,110.11000061035156,115.98999786376953,115.9520034790039,398163300
2025-03-05,100.36000061035156,101.83999633789062,98.87000274658203,101.66999816894531,101.66999816894531,27855500,117.58000183105469,118.27999877929688,114.51000213623047,117.30000305175781,117.26158142089844,284337900
2025-03-06,99.05000305175781,101.08000183105469,98.2699966430664,98.8499984741211,98.8499984741211,28985000,113.52999877929688,115.3499984741211,110.22000122070312,110.56999969482422,110.53378295898438,321181900
2025-03-07,98.87999725341797,100.6500015258789,96.38999938964844,100.30999755859375,100.30999755859375,33254400,111.25,113.4800033569336,107.55999755859375,112.69000244140625,112.6530990600586,341755500
2025-03-10,98.56999969482422,101.29000091552734,95.83000183105469,96.62999725341797,96.62999725341797,38733200,109.9000015258789,111.8499984741211,105.45999908447266,106.9800033569336,106.94495391845703,366487400
2025-03-11,96.79000091552734,98.16000366210938,94.7300033569336,96.76000213623047,96.76000213623047,34078300,106.98999786376953,112.23999786376953,104.7699966430664,108.76000213623047,108.72437286376953,354865700
2025-03-12,99.05000305175781,101.72000122070312,98.16999816894531,100.79000091552734,100.79000091552734,34241300,114.12000274658203,116.76000213623047,112.87999725341797,115.73999786376953,115.71273040771484,323857500
2025-03-13,99.72000122070312,100.06999969482422,97.2699966430664,98.11000061035156,98.11000061035156,28575200,117.02999877929688,117.76000213623047,113.79000091552734,115.58000183105469,115.55277252197266,299033100
2025-03-14,99.63999938964844,101.22000122070312,99.58000183105469,100.97000122070312,100.97000122070312,24715300,118.61000061035156,121.87999725341797,118.1500015258789,121.66999816894531,121.6413345336914,277593500
2025-03-17,102.5999984741211,106.1500015258789,102.5999984741211,104.58999633789062,104.58999633789062,43689500,122.73999786376953,122.88999938964844,118.02999877929688,119.52999877929688,119.50183868408203,255501500
2025-03-18,103.8499984741211,104.55000305175781,102.97000122070312,103.51000213623047,103.51000213623047,27152800,118.0,119.0199966430664,114.54000091552734,115.43000030517578,115.4028091430664,299686900
2025-03-19,104.41999816894531,107.9000015258789,101.95999908447266,106.2300033569336,106.2300033569336,32287500,117.2699966430664,120.44999694824219,115.68000030517578,117.5199966430664,117.4923095703125,273426200
2025-03-20,105.12000274658203,108.26000213623047,105.12000274658203,107.13999938964844,107.13999938964844,26871800,116.55000305175781,120.19999694824219,116.47000122070312,118.52999877929688,118.50206756591797,248829700
2025-03-21,105.33000183105469,107.25,104.33000183105469,106.44000244140625,106.44000244140625,30767900,116.94000244140625,117.98999786376953,115.41999816894531,117.69999694824219,117.6722640991211,266498500
2025-03-24,109.7300033569336,114.8499984741211,109.4000015258789,113.8499984741211,113.8499984741211,53342000,119.87999725341797,122.22000122070312,119.33999633789062,121.41000366210938,121.38140106201172,228452500
2025-03-25,113.2699966430664,114.94999694824219,112.70999908447266,114.80999755859375,114.80999755859375,29077500,120.55000305175781,121.29000091552734,118.91999816894531,120.69000244140625,120.66156768798828,167447200
2025-03-26,114.11000061035156,115.9000015258789,108.68000030517578,110.19000244140625,110.19000244140625,39824000,118.7300033569336,118.83999633789062,112.70999908447266,113.76000213623047,113.73320007324219,293463300
2025-03-27,106.11000061035156,107.62000274658203,105.55000305175781,106.6500015258789,106.6500015258789,32773700,111.3499984741211,114.44999694824219,110.66000366210938,111.43000030517578,111.40375518798828,236902100
2025-03-28,105.52999877929688,106.51000213623047,102.4800033569336,103.22000122070312,103.22000122070312,31069100,111.48999786376953,112.87000274658203,109.06999969482422,109.66999816894531,109.6441650390625,229872500
2025-03-31,100.23999786376953,102.81999969482422,98.80000305175781,102.73999786376953,102.73999786376953,30865300,105.12999725341797,110.95999908447266,103.6500015258789,108.37999725341797,108.35446166992188,299212700
2025-04-01,102.16000366210938,102.83000183105469,100.93000030517578,102.77999877929688,102.77999877929688,23523200,108.5199966430664,110.19999694824219,106.47000122070312,110.1500015258789,110.12405395507812,222614000
2025-04-02,101.5199966430664,104.19000244140625,100.76000213623047,102.95999908447266,102.95999908447266,20794000,107.29000091552734,111.9800033569336,106.79000091552734,110.41999816894531,110.39398193359375,220601200
2025-04-03,97.79000091552734,99.44999694824219,93.63999938964844,93.80000305175781,93.80000305175781,50472500,103.51000213623047,105.62999725341797,101.5999984741211,101.80000305175781,101.7760238647461,338769400
2025-04-04,90.0999984741211,91.08000183105469,83.66999816894531,85.76000213623047,85.76000213623047,65847000,98.91000366210938,100.12999725341797,92.11000061035156,94.30999755859375,94.28778076171875,532273800
2025-04-07,80.68000030517578,89.0,77.75,83.63999938964844,83.63999938964844,70515400,87.45999908447266,101.75,86.62000274658203,97.63999938964844,97.61698913574219,611041300
2025-04-08,86.1500015258789,88.93000030517578,76.4800033569336,78.20999908447266,78.20999908447266,69910200,103.80999755859375,105.8499984741211,94.45999908447266,96.30000305175781,96.27731323242188,476243400
2025-04-09,79.22000122070312,97.91000366210938,78.87000274658203,96.83999633789062,96.83999633789062,97827400,98.88999938964844,115.0999984741211,97.52999877929688,114.33000183105469,114.30307006835938,612918300
2025-04-10,91.0,92.94999694824219,85.05999755859375,88.69999694824219,88.69999694824219,65210600,109.37000274658203,110.86000061035156,99.1500015258789,107.56999969482422,107.5446548461914,437812400
2025-04-11,90.51000213623047,94.76000213623047,90.5,93.4000015258789,93.4000015258789,57892600,108.5,111.55000305175781,107.4800033569336,110.93000030517578,110.90386962890625,313417300
2025-04-14,97.11000061035156,97.37000274658203,93.44999694824219,94.5,94.5,36003000,114.11000061035156,114.29000091552734,109.06999969482422,110.70999908447266,110.68392181396484,264705000
2025-04-15,94.66000366210938,96.8499984741211,94.62000274658203,95.29000091552734,95.29000091552734,28116500,110.97000122070312,113.62000274658203,110.5,112.19999694824219,112.1735610961914,228966900
2025-04-16,87.61000061035156,90.47000122070312,85.30000305175781,88.29000091552734,88.29000091552734,62109000,104.55000305175781,106.79000091552734,100.44999694824219,104.48999786376953,104.46538543701172,397016900
2025-04-17,88.83999633789062,89.02999877929688,86.5199966430664,87.5,87.5,34801400,104.44999694824219,104.47000122070312,100.05000305175781,101.48999786376953,101.46607971191406,292517500
2025-04-21,86.0199966430664,86.13999938964844,83.75,85.55999755859375,85.55999755859375,33855400,98.7699966430664,99.44000244140625,95.04000091552734,96.91000366210938,96.88717651367188,288501100
2025-04-22,86.12000274658203,87.16999816894531,85.16999816894531,86.26000213623047,86.26000213623047,35236700,98.77999877929688,99.80999755859375,97.27999877929688,98.88999938964844,98.86669921875,241004800
2025-04-23,91.87999725341797,93.73999786376953,90.12000274658203,90.38999938964844,90.38999938964844,41102600,104.5199966430664,104.80000305175781,102.0199966430664,102.70999908447266,102.68579864501953,247526000
2025-04-24,91.58999633789062,94.75,90.37000274658203,94.47000122070312,94.47000122070312,33681900,103.4800033569336,106.54000091552734,103.11000061035156,106.43000030517578,106.40492248535156,220815000
2025-04-25,93.27999877929688,97.0999984741211,92.8499984741211,96.6500015258789,96.6500015258789,28575300,106.8499984741211,111.91999816894531,105.7300033569336,111.01000213623047,110.98385620117188,251064700
2025-04-28,95.58000183105469,97.48999786376953,94.2699966430664,96.38999938964844,96.38999938964844,30456700,109.69000244140625,110.37000274658203,106.0199966430664,108.7300033569336,108.70439910888672,207708500
2025-04-29,95.76000213623047,97.18000030517578,95.33000183105469,96.05999755859375,96.05999755859375,20700600,107.66999816894531,110.19999694824219,107.44000244140625,109.0199966430664,108.99430847167969,170444300
2025-04-30,92.80999755859375,97.55000305175781,91.87000274658203,97.3499984741211,97.3499984741211,29730700,104.47000122070312,108.91999816894531,104.08000183105469,108.91999816894531,108.89433288574219,235044600
2025-05-01,99.2699966430664,100.0999984741211,96.44999694824219,96.6500015258789,96.6500015258789,29591500,113.08000183105469,114.94000244140625,111.30000305175781,111.61000061035156,111.58370208740234,236121500
2025-05-02,98.4000015258789,99.87999725341797,98.30000305175781,98.80000305175781,98.80000305175781,29957900,114.18000030517578,115.4000015258789,113.37000274658203,114.5,114.47303009033203,190194800
2025-05-05,99.0,102.05000305175781,98.76000213623047,100.58999633789062,100.58999633789062,41268900,112.91000366210938,114.66999816894531,112.66000366210938,113.81999969482422,113.79318237304688,133163200
2025-05-06,98.41000366210938,100.06999969482422,97.44000244140625,98.62000274658203,98.62000274658203,54264300,111.4800033569336,114.73999786376953,110.81999969482422,113.54000091552734,113.51325988769531,158525600
2025-05-07,100.75,103.41999816894531,96.87999725341797,100.36000061035156,100.36000061035156,86474400,113.05000305175781,117.68000030517578,112.27999877929688,117.05999755859375,117.03242492675781,206758800
2025-05-08,101.91999816894531,105.44000244140625,101.55999755859375,101.69999694824219,101.69999694824219,54231400,118.25,118.68000030517578,115.8499984741211,117.37000274658203,117.34235382080078,198428100
2025-05-09,102.58999633789062,103.54000091552734,101.5999984741211,102.83999633789062,102.83999633789062,31704300,117.3499984741211,118.2300033569336,115.20999908447266,116.6500015258789,116.62252044677734,132972200
2025-05-12,110.41999816894531,110.66999816894531,106.9800033569336,108.12000274658203,108.12000274658203,50543400,121.97000122070312,123.0,120.27999877929688,123.0,122.97102355957031,225023300
2025-05-13,109.5999984741211,113.12999725341797,109.0,112.45999908447266,112.45999908447266,55659500,124.9800033569336,131.22000122070312,124.47000122070312,129.92999267578125,129.89938354492188,330430100
2025-05-14,119.83000183105469,122.5199966430664,116.58999633789062,117.72000122070312,117.72000122070312,86743700,133.1999969482422,135.44000244140625,131.67999267578125,135.33999633789062,135.30810546875,281180800
2025-05-15,117.0199966430664,117.5,114.01000213623047,114.98999786376953,114.98999786376953,43843200,134.2899932861328,136.3000030517578,132.66000366210938,134.8300018310547,134.79824829101562,226632600
2025-05-16,118.06999969482422,118.23999786376953,116.01000213623047,117.16999816894531,117.16999816894531,43419700,136.22000122070312,136.35000610351562,133.4600067138672,135.39999389648438,135.36810302734375,226542500
2025-05-19,115.0199966430664,115.52999877929688,114.05999755859375,114.73999786376953,114.73999786376953,37737400,132.38999938964844,135.8699951171875,132.38999938964844,135.57000732421875,135.53805541992188,193154600
2025-05-20,114.3499984741211,114.51000213623047,112.08000183105469,113.51000213623047,113.51000213623047,29030800,134.2899932861328,134.5800018310547,132.6199951171875,134.3800048828125,134.3483428955078,161514200
2025-05-21,113.8499984741211,116.0999984741211,111.08999633789062,112.05999755859375,112.05999755859375,43594600,133.05999755859375,137.39999389648438,130.58999633789062,131.8000030517578,131.76895141601562,270608700
2025-05-22,111.9000015258789,112.63999938964844,110.61000061035156,110.70999908447266,110.70999908447266,29252000,132.22999572753906,134.25,131.5500030517578,132.8300018310547,132.7987060546875,187344000
2025-05-23,108.08999633789062,111.0199966430664,107.66999816894531,110.30999755859375,110.30999755859375,30867300,130.0,132.67999267578125,129.16000366210938,131.2899932861328,131.25906372070312,198821300
2025-05-27,113.18000030517578,115.4000015258789,112.2699966430664,114.55999755859375,114.55999755859375,37885000,134.14999389648438,135.66000366210938,133.30999755859375,135.5,135.4680633544922,192953600
2025-05-28,114.91999816894531,114.94999694824219,112.66000366210938,112.86000061035156,112.86000061035156,27483700,136.02999877929688,137.25,134.7899932861328,134.80999755859375,134.7782440185547,304021100
2025-05-29,115.48999786376953,115.54000091552734,112.12999725341797,113.02999877929688,113.02999877929688,30501400,142.25,143.49000549316406,137.91000366210938,139.19000244140625,139.15721130371094,369241900
2025-05-30,111.58000183105469,112.11000061035156,108.62000274658203,110.7300033569336,110.7300033569336,36088500,138.72000122070312,139.6199951171875,132.9199981689453,135.1300048828125,135.09817504882812,333170900
2025-06-02,111.05999755859375,114.86000061035156,111.01000213623047,114.62999725341797,114.62999725341797,34078400,135.49000549316406,138.1199951171875,135.39999389648438,137.3800048828125,137.34764099121094,197663100
2025-06-03,114.5,117.68000030517578,113.27999877929688,117.30999755859375,117.30999755859375,37161500,138.77999877929688,142.0,137.9499969482422,141.22000122070312,141.1867218017578,225578800
2025-06-04,117.41000366210938,119.30000305175781,115.7300033569336,118.58000183105469,118.58000183105469,31025000,142.19000244140625,142.38999938964844,139.5399932861328,141.9199981689453,141.88656616210938,167120800
2025-06-05,118.94999694824219,119.23999786376953,114.70999908447266,115.69000244140625,115.69000244140625,34091000,142.1699981689453,144.0,138.8300018310547,139.99000549316406,139.95703125,231397900
2025-06-06,117.69000244140625,118.37999725341797,115.87999725341797,116.19000244140625,116.19000244140625,27042100,142.50999450683594,143.27000427246094,141.50999450683594,141.72000122070312,141.6865997314453,153986200
2025-06-09,119.18000030517578,122.37000274658203,119.04000091552734,121.7300033569336,121.7300033569336,55437700,143.19000244140625,145.0,141.94000244140625,142.6300048828125,142.59640502929688,185114500
2025-06-10,121.11000061035156,124.08999633789062,120.80000305175781,123.23999786376953,123.23999786376953,41691900,142.69000244140625,144.2899932861328,141.52999877929688,143.9600067138672,143.92608642578125,155881900
2025-06-11,124.44000244140625,124.47000122070312,119.87999725341797,121.13999938964844,121.13999938964844,32261900,144.61000061035156,144.99000549316406,141.8699951171875,142.8300018310547,142.80625915527344,167694000
2025-06-12,120.62000274658203,122.25,118.02999877929688,118.5,118.5,44718400,141.97000122070312,145.0,141.85000610351562,145.0,144.9759063720703,162365000
2025-06-13,116.05000305175781,117.87999725341797,115.05999755859375,116.16000366210938,116.16000366210938,39702700,142.47999572753906,143.5800018310547,140.85000610351562,141.97000122070312,141.94639587402344,180820600
2025-06-16,118.63999938964844,128.13999938964844,117.77999877929688,126.38999938964844,126.38999938964844,100968500,143.35000610351562,146.17999267578125,143.1999969482422,144.69000244140625,144.66595458984375,183133700
2025-06-17,127.93000030517578,130.6999969482422,126.58000183105469,127.0999984741211,127.0999984741211,86623900,144.49000549316406,145.22000122070312,143.77999877929688,144.1199951171875,144.09603881835938,139108000
2025-06-18,128.00999450683594,129.2100067138672,125.7699966430664,126.79000091552734,126.79000091552734,49627100,144.00999450683594,145.64999389648438,143.1199951171875,145.47999572753906,145.455810546875,161494100
2025-06-20,129.0,132.80999755859375,127.55000305175781,128.24000549316406,128.24000549316406,79931000,145.4499969482422,146.1999969482422,142.64999389648438,143.85000610351562,143.8260955810547,242956200
2025-06-23,130.47000122070312,133.25,126.81999969482422,129.5800018310547,129.5800018310547,65152900,142.5,144.77999877929688,142.02999877929688,144.1699981689453,144.1460418701172,154308900
2025-06-24,133.42999267578125,138.7899932861328,132.92999267578125,138.42999267578125,138.42999267578125,78572000,145.55999755859375,147.9600067138672,145.5,147.89999389648438,147.8754119873047,187566100
2025-06-25,140.94000244140625,144.17999267578125,139.4600067138672,143.39999389648438,143.39999389648438,74607200,149.27000427246094,154.4499969482422,149.25999450683594,154.30999755859375,154.28436279296875,269146500
2025-06-26,145.97000122070312,146.0,141.91000366210938,143.67999267578125,143.67999267578125,58180100,155.97999572753906,156.72000122070312,154.0,155.02000427246094,154.99423217773438,198145700
2025-06-27,144.17999267578125,147.75,141.6300048828125,143.80999755859375,143.80999755859375,61937900,156.0399932861328,158.7100067138672,155.25999450683594,157.75,157.72378540039062,263234500
2025-06-30,144.0,146.0,141.00999450683594,141.89999389648438,141.89999389648438,42972500,158.39999389648438,158.66000366210938,155.9600067138672,157.99000549316406,157.96376037597656,194580300
2025-07-01,138.77000427246094,140.22999572753906,135.1199951171875,136.11000061035156,136.11000061035156,55257200,156.2899932861328,157.1999969482422,151.49000549316406,153.3000030517578,153.2745361328125,213143600
2025-07-02,135.52999877929688,139.77999877929688,135.22000122070312,138.52000427246094,138.52000427246094,39228000,152.97999572753906,157.60000610351562,152.97000122070312,157.25,157.22386169433594,171224100
2025-07-03,139.11000061035156,139.5,137.32000732421875,137.91000366210938,137.91000366210938,28646000,158.3699951171875,160.97999572753906,157.77000427246094,159.33999633789062,159.3135223388672,143716100
2025-07-07,136.55999755859375,137.44000244140625,133.5,134.8000030517578,134.8000030517578,37395000,158.1999969482422,159.30999755859375,157.33999633789062,158.24000549316406,158.21371459960938,140139000
2025-07-08,137.32000732421875,139.14999389648438,135.91000366210938,137.82000732421875,137.82000732421875,36124600,159.3300018310547,160.22000122070312,158.38999938964844,160.0,159.97341918945312,138133000
2025-07-09,138.69000244140625,140.64999389648438,137.58999633789062,138.41000366210938,138.41000366210938,37013100,161.22000122070312,164.4199981689453,161.16000366210938,162.8800048828125,162.85293579101562,183656400
2025-07-10,143.0,145.82000732421875,141.85000610351562,144.16000366210938,144.16000366210938,61101500,164.32000732421875,164.5,161.61000061035156,164.10000610351562,164.07273864746094,167704100
2025-07-11,142.60000610351562,147.39999389648438,141.60000610351562,146.4199981689453,146.4199981689453,50049200,163.72000122070312,167.88999938964844,163.47000122070312,164.9199981689453,164.89259338378906,193633300
2025-07-14,145.08999633789062,147.5800018310547,141.89999389648438,146.24000549316406,146.24000549316406,44718600,165.3699951171875,165.49000549316406,162.02000427246094,164.07000732421875,164.04273986816406,136975800
2025-07-15,153.75,158.67999267578125,153.55999755859375,155.61000061035156,155.61000061035156,93370100,171.19000244140625,172.39999389648438,169.1999969482422,170.6999969482422,170.671630859375,230627400
2025-07-16,155.30999755859375,160.36000061035156,152.85000610351562,160.0800018310547,160.0800018310547,59492800,171.05999755859375,171.75,168.89999389648438,171.3699951171875,171.34152221679688,158831500
2025-07-17,161.80999755859375,161.9600067138672,158.67999267578125,160.41000366210938,160.41000366210938,50605100,172.02000427246094,174.16000366210938,170.8300018310547,173.0,172.97125244140625,160841100
2025-07-18,159.58999633789062,160.8300018310547,155.80999755859375,156.99000549316406,156.99000549316406,48859800,173.63999938964844,174.25,171.25999450683594,172.41000366210938,172.38136291503906,146456400
2025-07-21,157.6199951171875,160.33999633789062,156.9199981689453,157.0,157.0,39021100,172.75,173.3800048828125,171.0,171.3800048828125,171.35153198242188,123126100
2025-07-22,156.1999969482422,156.22999572753906,149.33999633789062,154.72000122070312,154.72000122070312,49028000,171.33999633789062,171.38999938964844,164.5800018310547,167.02999877929688,167.00225830078125,193114300
2025-07-23,156.32000732421875,159.4499969482422,156.0,158.64999389648438,158.64999389648438,41510900,169.52999877929688,171.25999450683594,167.97000122070312,170.77999877929688,170.75161743164062,154082200
2025-07-24,159.1199951171875,163.92999267578125,158.36000061035156,162.1199951171875,162.1199951171875,48440100,172.44000244140625,173.8300018310547,171.3000030517578,173.74000549316406,173.7111358642578,128984600
2025-07-25,163.50999450683594,167.17999267578125,162.36000061035156,166.47000122070312,166.47000122070312,53432300,173.61000061035156,174.72000122070312,172.9600067138672,173.5,173.47117614746094,122316800
2025-07-28,169.0800018310547,174.6999969482422,168.6699981689453,173.66000366210938,173.66000366210938,68267800,174.02000427246094,177.0,173.97000122070312,176.75,176.7206268310547,140023500
2025-07-29,175.2100067138672,182.30999755859375,174.67999267578125,177.44000244140625,177.44000244140625,108154800,177.9600067138672,179.3800048828125,175.02000427246094,175.50999450683594,175.48085021972656,154077500
2025-07-30,175.61000061035156,180.3699951171875,173.8000030517578,179.50999450683594,179.50999450683594,64820300,176.50999450683594,179.88999938964844,176.0399932861328,179.27000427246094,179.24021911621094,174312200
2025-07-31,182.02000427246094,182.5,173.0,176.30999755859375,176.30999755859375,71765300,182.89999389648438,183.3000030517578,175.92999267578125,177.8699951171875,177.84043884277344,221685400
2025-08-01,170.16000366210938,174.39999389648438,166.82000732421875,171.6999969482422,171.6999969482422,75396100,174.08999633789062,176.5399932861328,170.88999938964844,173.72000122070312,173.69113159179688,204529000
2025-08-04,174.61000061035156,177.86000061035156,173.55999755859375,176.77999877929688,176.77999877929688,52951000,175.16000366210938,180.1999969482422,174.52000427246094,180.0,179.9700927734375,148174600
2025-08-05,177.57000732421875,177.99000549316406,171.8000030517578,174.30999755859375,174.30999755859375,88808500,179.6199951171875,180.25999450683594,175.89999389648438,178.25999450683594,178.23037719726562,156407600
2025-08-06,165.0500030517578,166.17999267578125,157.8000030517578,163.1199951171875,163.1199951171875,133641800,176.3300018310547,179.89999389648438,176.25,179.4199981689453,179.3901824951172,137192300
2025-08-07,166.83999633789062,175.75,166.6999969482422,172.39999389648438,172.39999389648438,95448300,181.57000732421875,183.8800048828125,178.8000030517578,180.77000427246094,180.73995971679688,151878400
2025-08-08,174.0399932861328,176.47999572753906,170.52000427246094,172.75999450683594,172.75999450683594,68866700,181.5500030517578,183.3000030517578,180.39999389648438,182.6999969482422,182.6696319580078,123396700
2025-08-11,170.0399932861328,178.82000732421875,169.3800048828125,172.27999877929688,172.27999877929688,70651000,182.0500030517578,183.83999633789062,180.25,182.05999755859375,182.0297393798828,138323200
2025-08-12,173.32000732421875,175.16000366210938,168.5,174.9499969482422,174.9499969482422,52243500,182.9600067138672,184.47999572753906,179.4600067138672,183.16000366210938,183.1295623779297,145485700
2025-08-13,179.91000366210938,186.64999389648438,179.3800048828125,184.4199981689453,184.4199981689453,108305100,182.6199951171875,183.97000122070312,179.35000610351562,181.58999633789062,181.559814453125,179871700
2025-08-14,179.8300018310547,185.44000244140625,179.55999755859375,180.9499969482422,180.9499969482422,66308800,179.75,183.02000427246094,179.4600067138672,182.02000427246094,181.98974609375,129554000
2025-08-15,180.05999755859375,180.13999938964844,176.25,177.50999450683594,177.50999450683594,51543100,181.8800048828125,181.89999389648438,178.0399932861328,180.4499969482422,180.42001342773438,156602200
2025-08-18,176.75999450683594,178.8000030517578,174.36000061035156,176.13999938964844,176.13999938964844,35937500,180.60000610351562,182.94000244140625,180.58999633789062,182.00999450683594,181.979736328125,132008000
2025-08-19,173.10000610351562,173.1699981689453,166.10000610351562,166.5500030517578,166.5500030517578,64455000,182.42999267578125,182.5,175.49000549316406,175.63999938964844,175.61080932617188,185229200
2025-08-20,164.10000610351562,166.64999389648438,158.25,165.1999969482422,165.1999969482422,60233200,175.1699981689453,176.0,168.8000030517578,175.39999389648438,175.370849609375,215142700
2025-08-21,165.86000061035156,165.8800048828125,162.25999450683594,163.7100067138672,163.7100067138672,37880500,174.85000610351562,176.89999389648438,173.80999755859375,174.97999572753906,174.95091247558594,140040900
2025-08-22,162.1699981689453,168.52999877929688,161.8000030517578,167.75999450683594,167.75999450683594,43998600,172.61000061035156,178.58999633789062,171.1999969482422,177.99000549316406,177.96043395996094,172789400
2025-08-25,165.5500030517578,165.58999633789062,161.72000122070312,163.36000061035156,163.36000061035156,36134700,178.35000610351562,181.91000366210938,176.57000732421875,179.80999755859375,179.78012084960938,163012800
2025-08-26,168.64999389648438,169.77000427246094,164.91000366210938,166.6199951171875,166.6199951171875,52138600,180.05999755859375,182.38999938964844,178.80999755859375,181.77000427246094,181.7397918701172,168688200
2025-08-27,166.0399932861328,167.67999267578125,164.64999389648438,167.1300048828125,167.1300048828125,37031000,181.97999572753906,182.49000549316406,179.10000610351562,181.60000610351562,181.56982421875,235518900
2025-08-28,168.5,170.99000549316406,166.64999389648438,168.5800018310547,168.5800018310547,36285200,180.82000732421875,184.47000122070312,176.41000366210938,180.1699981689453,180.1400604248047,281787800
2025-08-29,166.80999755859375,168.57000732421875,161.89999389648438,162.6300048828125,162.6300048828125,37516800,178.11000061035156,178.14999389648438,173.14999389648438,174.17999267578125,174.1510467529297,243257900
2025-09-02,158.4199981689453,162.38999938964844,156.6199951171875,162.32000732421875,162.32000732421875,38656100,170.0,172.3800048828125,167.22000122070312,170.77999877929688,170.75161743164062,231164900
2025-09-03,161.80999755859375,164.75,160.5800018310547,162.1300048828125,162.1300048828125,30752800,171.05999755859375,172.41000366210938,168.8800048828125,170.6199951171875,170.59165954589844,164424900
2025-09-04,159.94000244140625,162.0500030517578,157.7899932861328,161.7899932861328,161.7899932861328,32103500,170.57000732421875,171.86000061035156,169.41000366210938,171.66000366210938,171.63148498535156,141670100
2025-09-05,157.1199951171875,157.13999938964844,150.17999267578125,151.13999938964844,151.13999938964844,78256000,168.02999877929688,169.02999877929688,164.07000732421875,167.02000427246094,166.9922637939453,224441400
2025-09-08,151.8000030517578,152.63999938964844,149.22000122070312,151.41000366210938,151.41000366210938,41849000,167.5500030517578,170.9600067138672,167.35000610351562,168.30999755859375,168.2820281982422,163769100
2025-09-09,151.99000549316406,156.66000366210938,151.92999267578125,155.82000732421875,155.82000732421875,42802500,169.08999633789062,170.97999572753906,166.74000549316406,170.75999450683594,170.7316131591797,157548400
2025-09-10,163.5399932861328,164.52999877929688,158.0,159.5399932861328,159.5399932861328,52465300,176.63999938964844,179.2899932861328,175.47000122070312,177.3300018310547,177.300537109375,226852000
2025-09-11,158.6199951171875,160.2100067138672,154.99000549316406,155.6699981689453,155.6699981689453,48817700,179.67999267578125,180.27999877929688,176.47999572753906,177.1699981689453,177.1505584716797,151159300
2025-09-12,157.0,160.41000366210938,154.9199981689453,158.57000732421875,158.57000732421875,42232800,177.77000427246094,178.60000610351562,176.4499969482422,177.82000732421875,177.80047607421875,124911000
2025-09-15,160.00999450683594,162.3000030517578,157.60000610351562,161.16000366210938,161.16000366210938,36808700,175.6699981689453,178.85000610351562,174.50999450683594,177.75,177.73048400878906,147061600
2025-09-16,161.3699951171875,161.9499969482422,159.22000122070312,160.4600067138672,160.4600067138672,27946500,177.0,177.5,174.3800048828125,174.8800048828125,174.86080932617188,140737800
2025-09-17,159.27999877929688,161.6300048828125,155.75999450683594,159.16000366210938,159.16000366210938,41823800,172.63999938964844,173.1999969482422,168.41000366210938,170.2899932861328,170.27130126953125,211843800
2025-09-18,150.9600067138672,158.77000427246094,149.85000610351562,157.9199981689453,157.9199981689453,84549500,173.97999572753906,177.10000610351562,172.9600067138672,176.24000549316406,176.2206573486328,191763300
2025-09-19,157.3800048828125,159.83999633789062,155.89999389648438,157.38999938964844,157.38999938964844,55448100,175.77000427246094,178.0800018310547,175.17999267578125,176.6699981689453,176.6505889892578,237182100
2025-09-22,157.4199981689453,162.67999267578125,157.4199981689453,159.7899932861328,159.7899932861328,46505500,175.3000030517578,184.5500030517578,174.7100067138672,183.61000061035156,183.58984375,269637000
2025-09-23,160.52000427246094,163.38999938964844,159.2100067138672,160.89999389648438,160.89999389648438,39448300,181.97000122070312,182.4199981689453,176.2100067138672,178.42999267578125,178.410400390625,192559600
2025-09-24,162.97999572753906,165.10000610351562,158.42999267578125,160.8800048828125,160.8800048828125,38464100,179.77000427246094,179.77999877929688,175.39999389648438,176.97000122070312,176.9505615234375,143564100
2025-09-25,157.13999938964844,161.6300048828125,154.77999877929688,161.27000427246094,161.27000427246094,36809900,174.47999572753906,180.25999450683594,173.1300048828125,177.69000244140625,177.67050170898438,191586700
2025-09-26,160.52000427246094,162.11000061035156,157.0500030517578,159.4600067138672,159.4600067138672,30316900,178.1699981689453,179.77000427246094,174.92999267578125,178.19000244140625,178.17044067382812,148573700
2025-09-29,160.1199951171875,164.3000030517578,159.89999389648438,161.36000061035156,161.36000061035156,39828800,180.42999267578125,184.0,180.32000732421875,181.85000610351562,181.83004760742188,193063500
2025-09-30,160.7899932861328,162.27999877929688,159.3300018310547,161.7899932861328,161.7899932861328,29669300,182.0800018310547,187.35000610351562,181.47999572753906,186.5800018310547,186.55950927734375,236981000
2025-10-01,160.92999267578125,164.17999267578125,160.49000549316406,164.00999450683594,164.00999450683594,39895200,185.24000549316406,188.13999938964844,183.89999389648438,187.24000549316406,187.21945190429688,173844900
2025-10-02,168.67999267578125,171.05999755859375,166.1199951171875,169.72999572753906,169.72999572753906,55475200,189.60000610351562,191.0500030517578,188.05999755859375,188.88999938964844,188.8692626953125,136805800
2025-10-03,170.67999267578125,170.67999267578125,163.13999938964844,164.6699981689453,164.6699981689453,42699100,189.19000244140625,190.36000061035156,185.3800048828125,187.6199951171875,187.59939575195312,137596900
2025-10-06,226.4499969482422,226.7100067138672,203.00999450683594,203.7100067138672,203.7100067138672,248859600,185.5,187.22999572753906,183.3300018310547,185.5399932861328,185.51962280273438,157678100
2025-10-07,214.85000610351562,218.89999389648438,209.27999877929688,211.50999450683594,211.50999450683594,115748100,186.22999572753906,189.05999755859375,184.0,185.0399932861328,185.01968383789062,140088000
2025-10-08,212.9499969482422,235.8699951171875,210.6999969482422,235.55999755859375,235.55999755859375,159983500,186.57000732421875,189.60000610351562,186.5399932861328,189.11000061035156,189.0892333984375,130168900
2025-10-09,236.3000030517578,240.10000610351562,229.52999877929688,232.88999938964844,232.88999938964844,94290700,192.22999572753906,195.3000030517578,191.05999755859375,192.57000732421875,192.54885864257812,182997200
2025-10-10,232.77000427246094,234.22000122070312,213.1999969482422,214.89999389648438,214.89999389648438,118656600,193.50999450683594,195.6199951171875,182.0500030517578,183.16000366210938,183.139892578125,268774400
2025-10-13,220.1999969482422,224.19000244140625,214.89999389648438,216.4199981689453,216.4199981689453,63104000,187.97000122070312,190.11000061035156,185.9600067138672,188.32000732421875,188.29933166503906,153482800
2025-10-14,219.1999969482422,224.97999572753906,215.89999389648438,218.08999633789062,218.08999633789062,71216300,184.77000427246094,184.8000030517578,179.6999969482422,180.02999877929688,180.01022338867188,205641400
2025-10-15,222.7100067138672,239.24000549316406,220.75999450683594,238.60000610351562,238.60000610351562,108481000,184.8000030517578,184.8699951171875,177.2899932861328,179.8300018310547,179.8102569580078,214450500
2025-10-16,236.2899932861328,241.1999969482422,232.24000549316406,234.55999755859375,234.55999755859375,69726400,182.22999572753906,183.27999877929688,179.77000427246094,181.80999755859375,181.7900390625,179723300
2025-10-17,233.25999450683594,235.3800048828125,227.91000366210938,233.0800018310547,233.0800018310547,55804200,180.17999267578125,184.10000610351562,179.75,183.22000122070312,183.19989013671875,173135200
2025-10-20,236.47000122070312,242.8800048828125,234.39999389648438,240.55999755859375,240.55999755859375,56741700,183.1300048828125,185.1999969482422,181.72999572753906,182.63999938964844,182.6199493408203,128544700
2025-10-21,239.38999938964844,242.25999450683594,234.02000427246094,238.02999877929688,238.02999877929688,47122400,182.7899932861328,182.7899932861328,179.8000030517578,181.16000366210938,181.14010620117188,124240200
2025-10-22,236.85000610351562,240.1300048828125,224.8800048828125,230.22999572753906,230.22999572753906,59668800,181.13999938964844,183.44000244140625,176.75999450683594,180.27999877929688,180.2602081298828,162249600
2025-10-23,230.16000366210938,235.89999389648438,228.5399932861328,234.99000549316406,234.99000549316406,39024400,180.4199981689453,183.02999877929688,179.7899932861328,182.16000366210938,182.13999938964844,111363700
2025-10-24,243.36000061035156,253.38999938964844,241.9499969482422,252.9199981689453,252.9199981689453,71221100,183.83999633789062,187.47000122070312,183.5,186.25999450683594,186.23953247070312,131296700
2025-10-27,257.8800048828125,260.4200134277344,249.8000030517578,259.6700134277344,259.6700134277344,65613100,189.99000549316406,192.0,188.42999267578125,191.49000549316406,191.46897888183594,153452700
2025-10-28,259.1400146484375,264.5799865722656,257.0,258.010009765625,258.010009765625,47448700,193.0500030517578,203.14999389648438,191.91000366210938,201.02999877929688,201.0079345703125,297986200
2025-10-29,264.19000244140625,267.0799865722656,257.3999938964844,264.3299865722656,264.3299865722656,49335600,207.97999572753906,212.19000244140625,204.77999877929688,207.0399932861328,207.01727294921875,308829600
2025-10-30,259.9200134277344,263.8800048828125,252.30999755859375,254.83999633789062,254.83999633789062,45162500,205.14999389648438,206.16000366210938,201.41000366210938,202.88999938964844,202.8677215576172,178864400
2025-10-31,259.6000061035156,262.1300048828125,253.41000366210938,256.1199951171875,256.1199951171875,34449200,206.4499969482422,207.97000122070312,202.07000732421875,202.49000549316406,202.4677734375,179802200
2025-11-03,259.3299865722656,260.9100036621094,253.88999938964844,259.6499938964844,259.6499938964844,36351400,208.0800018310547,211.33999633789062,205.55999755859375,206.8800048828125,206.85728454589844,180267300
2025-11-04,250.35000610351562,257.3800048828125,247.38999938964844,250.0500030517578,250.0500030517578,56491800,203.0,203.97000122070312,197.92999267578125,198.69000244140625,198.66818237304688,188919300
2025-11-05,243.24000549316406,259.6499938964844,242.80999755859375,256.3299865722656,256.3299865722656,67366600,198.77000427246094,202.9199981689453,194.64999389648438,195.2100067138672,195.18858337402344,171350300
2025-11-06,253.47000122070312,253.50999450683594,235.74000549316406,237.6999969482422,237.6999969482422,66049700,196.4199981689453,197.6199951171875,186.3800048828125,188.0800018310547,188.05935668945312,223029800
2025-11-07,230.94000244140625,235.8699951171875,224.63999938964844,233.5399932861328,233.5399932861328,52162600,184.89999389648438,188.32000732421875,178.91000366210938,188.14999389648438,188.1293487548828,264942300
2025-11-10,242.13999938964844,248.89999389648438,240.5,243.97999572753906,243.97999572753906,43361600,195.11000061035156,199.94000244140625,193.7899932861328,199.0500030517578,199.0281524658203,198897100
2025-11-11,241.66000366210938,248.4600067138672,234.63999938964844,237.52000427246094,237.52000427246094,61336800,195.16000366210938,195.4199981689453,191.3000030517578,193.16000366210938,193.1387939453125,176483300
2025-11-12,253.1300048828125,263.510009765625,250.0,258.8900146484375,258.8900146484375,108942000,195.72000122070312,195.88999938964844,191.1300048828125,193.8000030517578,193.7787322998047,154935300
2025-11-13,251.89999389648438,259.6300048828125,246.05999755859375,247.9600067138672,247.9600067138672,63178600,191.0500030517578,191.44000244140625,183.85000610351562,186.86000061035156,186.8394775390625,207423100
2025-11-14,240.11000061035156,253.44000244140625,235.0800018310547,246.80999755859375,246.80999755859375,47655600,182.86000061035156,191.00999450683594,180.5800018310547,190.1699981689453,190.1491241455078,186591900
2025-11-17,242.75,248.77000427246094,237.14999389648438,240.52000427246094,240.52000427246094,37942200,185.97000122070312,189.0,184.32000732421875,186.60000610351562,186.5795135498047,173628900
2025-11-18,236.77999877929688,238.0,224.7100067138672,230.2899932861328,230.2899932861328,45619900,183.3800048828125,184.8000030517578,179.64999389648438,181.36000061035156,181.340087890625,213598900
2025-11-19,230.25999450683594,235.27999877929688,219.7100067138672,223.5500030517578,223.5500030517578,52093400,184.7899932861328,187.86000061035156,182.8300018310547,186.52000427246094,186.49951171875,247246400
2025-11-20,232.6999969482422,234.25,204.52999877929688,206.02000427246094,206.02000427246094,66342900,195.9499969482422,196.0,179.85000610351562,180.63999938964844,180.6201629638672,343504800
2025-11-21,208.80999755859375,208.8300018310547,195.0,203.77999877929688,203.77999877929688,67421100,181.24000549316406,184.55999755859375,172.92999267578125,178.8800048828125,178.86036682128906,346926200
2025-11-24,207.16000366210938,217.1300048828125,205.85000610351562,215.0500030517578,215.0500030517578,46749600,179.49000549316406,183.5,176.47999572753906,182.5500030517578,182.52996826171875,256618300
2025-11-25,201.47999572753906,206.5800018310547,194.27999877929688,206.1300048828125,206.1300048828125,69773500,174.91000366210938,178.16000366210938,169.5500030517578,177.82000732421875,177.80047607421875,320600300
2025-11-26,210.0500030517578,215.58999633789062,207.0,214.24000549316406,214.24000549316406,43270200,181.6300048828125,182.91000366210938,178.24000549316406,180.25999450683594,180.24020385742188,183852000
2025-11-28,216.13999938964844,218.3000030517578,214.02000427246094,217.52999877929688,217.52999877929688,18658000,179.00999450683594,179.2899932861328,176.5,177.0,176.98056030273438,121332800
2025-12-01,213.8800048828125,220.97999572753906,213.5,219.75999450683594,219.75999450683594,30768700,174.75999450683594,180.3000030517578,173.67999267578125,179.9199981689453,179.90025329589844,188131000
2025-12-02,221.7899932861328,225.97999572753906,214.38999938964844,215.24000549316406,215.24000549316406,42002500,181.75999450683594,185.66000366210938,180.0,181.4600067138672,181.44007873535156,182632200
2025-12-03,216.25999450683594,218.1999969482422,211.77000427246094,217.60000610351562,217.60000610351562,28545200,181.0800018310547,182.4499969482422,179.11000061035156,179.58999633789062,179.57028198242188,165138000
2025-12-04,216.8800048828125,219.1199951171875,214.13999938964844,215.97999572753906,215.97999572753906,24478200,181.6199951171875,184.52000427246094,179.9600067138672,183.3800048828125,183.37008666992188,167364900
2025-12-05,217.1699981689453,223.63999938964844,216.24000549316406,217.97000122070312,217.97000122070312,33292400,183.88999938964844,184.66000366210938,180.91000366210938,182.41000366210938,182.40013122558594,143971100
2025-12-08,219.08999633789062,223.7100067138672,218.36000061035156,221.11000061035156,221.11000061035156,30943200,182.63999938964844,188.0,182.39999389648438,185.5500030517578,185.5399627685547,204378100
2025-12-09,221.0399932861328,224.83999633789062,217.91000366210938,221.6199951171875,221.6199951171875,25166100,185.55999755859375,185.72000122070312,183.32000732421875,184.97000122070312,184.95999145507812,144719700
2025-12-10,222.0,222.61000061035156,218.6699981689453,221.4199981689453,221.4199981689453,23279400,184.97000122070312,185.47999572753906,182.0399932861328,183.77999877929688,183.77005004882812,162785400
2025-12-11,217.80999755859375,221.5,210.19000244140625,221.42999267578125,221.42999267578125,30694600,180.27999877929688,181.32000732421875,176.6199951171875,180.92999267578125,180.92019653320312,182136600
2025-12-12,218.3699951171875,222.49000549316406,209.05999755859375,210.77999877929688,210.77999877929688,37073900,181.11000061035156,182.82000732421875,174.6199951171875,175.02000427246094,175.01052856445312,204274900
2025-12-15,212.27999877929688,215.36000061035156,206.5800018310547,207.5800018310547,207.5800018310547,27222200,177.94000244140625,178.4199981689453,175.02999877929688,176.2899932861328,176.28045654296875,164775600
2025-12-16,206.9199981689453,210.22000122070312,205.11000061035156,209.1699981689453,209.1699981689453,23467600,176.25999450683594,178.49000549316406,174.89999389648438,177.72000122070312,177.71038818359375,148588100
2025-12-17,210.0399932861328,211.5,197.52999877929688,198.11000061035156,198.11000061035156,31595400,176.10000610351562,176.1300048828125,170.30999755859375,170.94000244140625,170.93075561523438,222775500
2025-12-18,203.82000732421875,206.36000061035156,200.5,201.05999755859375,201.05999755859375,29720100,174.52999877929688,176.14999389648438,171.82000732421875,174.13999938964844,174.1305694580078,176096000
2025-12-19,204.60000610351562,215.17999267578125,204.1999969482422,213.42999267578125,213.42999267578125,58445500,176.6699981689453,181.4499969482422,176.33999633789062,180.99000549316406,180.98020935058594,324925900
2025-12-22,220.0,220.1699981689453,213.30999755859375,214.9499969482422,214.9499969482422,24950700,183.9199981689453,184.16000366210938,182.35000610351562,183.69000244140625,183.6800537109375,129064400
2025-12-23,212.86000061035156,217.02999877929688,212.27999877929688,214.89999389648438,214.89999389648438,20272300,182.97000122070312,189.3300018310547,182.89999389648438,189.2100067138672,189.19976806640625,174873600
2025-12-24,214.97999572753906,216.5399932861328,213.97000122070312,215.0399932861328,215.0399932861328,7956800,187.94000244140625,188.91000366210938,186.58999633789062,188.61000061035156,188.59979248046875,65528500
2025-12-26,215.42999267578125,216.8300018310547,213.02999877929688,214.99000549316406,214.99000549316406,15792600,189.9199981689453,192.69000244140625,188.0,190.52999877929688,190.51968383789062,139740300
2025-12-29,211.5800018310547,216.0500030517578,209.24000549316406,215.61000061035156,215.61000061035156,20326900,187.7100067138672,188.75999450683594,185.91000366210938,188.22000122070312,188.20980834960938,120006100
2025-12-30,215.8699951171875,216.82000732421875,214.3300018310547,215.33999633789062,215.33999633789062,16409600,188.24000549316406,188.99000549316406,186.92999267578125,187.5399932861328,187.52984619140625,97687300
2025-12-31,215.82000732421875,217.63999938964844,213.8000030517578,214.16000366210938,214.16000366210938,17591600,189.57000732421875,190.55999755859375,186.49000549316406,186.5,186.4899139404297,120100500
2026-01-02,218.89999389648438,227.14999389648438,218.89999389648438,223.47000122070312,223.47000122070312,36446200,189.83999633789062,192.92999267578125,188.25999450683594,188.85000610351562,188.83978271484375,148240500
2026-01-05,230.25,234.02000427246094,220.47999572753906,221.0800018310547,221.0800018310547,31941100,191.75999450683594,193.6300048828125,186.14999389648438,188.1199951171875,188.1098175048828,183529700
2026-01-06,222.7100067138672,222.9199981689453,211.25,214.35000610351562,214.35000610351562,40033200,190.52000427246094,192.1699981689453,186.82000732421875,187.24000549316406,187.22987365722656,176862600
2026-01-07,212.1300048828125,212.1300048828125,207.1699981689453,210.02000427246094,210.02000427246094,29715500,188.57000732421875,191.3699951171875,186.55999755859375,189.11000061035156,189.09976196289062,153543200
2026-01-08,210.89999389648438,210.94000244140625,203.3300018310547,204.67999267578125,204.67999267578125,27505000,189.11000061035156,189.5500030517578,183.7100067138672,185.0399932861328,185.0299835205078,172457000
2026-01-09,205.72000122070312,207.3000030517578,203.07000732421875,203.1699981689453,203.1699981689453,24217300,185.0800018310547,186.33999633789062,183.6699981689453,184.86000061035156,184.84999084472656,131327500
2026-01-12,201.17999267578125,209.8800048828125,199.8000030517578,207.69000244140625,207.69000244140625,27287300,183.22000122070312,187.1199951171875,183.02000427246094,184.94000244140625,184.92999267578125,137968500
2026-01-13,215.10000610351562,223.11000061035156,214.97999572753906,220.97000122070312,220.97000122070312,56894900,185.0,188.11000061035156,183.39999389648438,185.80999755859375,185.79994201660156,160128900
2026-01-14,217.5399932861328,224.08999633789062,215.11000061035156,223.60000610351562,223.60000610351562,40466500,184.32000732421875,184.4600067138672,180.8000030517578,183.13999938964844,183.1300811767578,159586100
2026-01-15,227.89999389648438,238.35000610351562,227.22000122070312,227.9199981689453,227.9199981689453,55270200,186.5,189.6999969482422,186.3300018310547,187.0500030517578,187.03988647460938,206188600
2026-01-16,234.3000030517578,234.49000549316406,228.86000061035156,231.8300018310547,231.8300018310547,42545600,189.0800018310547,190.44000244140625,186.0800018310547,186.22999572753906,186.21990966796875,187967200
2026-01-20,226.0800018310547,239.5,225.41000366210938,231.9199981689453,231.9199981689453,44327700,181.89999389648438,182.3800048828125,177.61000061035156,178.07000732421875,178.06036376953125,223345300
2026-01-21,235.99000549316406,252.89999389648438,235.77999877929688,249.8000030517578,249.8000030517578,62385600,179.0500030517578,185.3800048828125,178.39999389648438,183.32000732421875,183.31008911132812,200381000
2026-01-22,251.75,256.0799865722656,246.6300048828125,253.72999572753906,253.72999572753906,37945000,184.75,186.1699981689453,183.92999267578125,184.83999633789062,184.82998657226562,139636600
2026-01-23,261.17999267578125,266.9599914550781,256.25,259.67999267578125,259.67999267578125,47525900,187.5,189.60000610351562,186.82000732421875,187.6699981689453,187.6598358154297,142748100
2026-01-26,256.75,258.2900085449219,250.3000030517578,251.30999755859375,251.30999755859375,30672500,187.16000366210938,189.1199951171875,185.99000549316406,186.47000122070312,186.4599151611328,124799600
2026-01-27,252.16000366210938,255.5500030517578,247.9600067138672,252.02999877929688,252.02999877929688,25691600,187.24000549316406,190.0,185.6999969482422,188.52000427246094,188.50979614257812,143711600
2026-01-28,254.1300048828125,257.3999938964844,250.2100067138672,252.74000549316406,252.74000549316406,27061200,191.27000427246094,192.35000610351562,189.83999633789062,191.52000427246094,191.5096435546875,148552700
2026-01-29,254.66000366210938,260.5299987792969,240.91000366210938,252.17999267578125,252.17999267578125,31685200,191.33999633789062,193.47999572753906,186.05999755859375,192.50999450683594,192.49957275390625,171764400
2026-01-30,236.92999267578125,245.24000549316406,234.5500030517578,236.72999572753906,236.72999572753906,40035700,191.2100067138672,194.49000549316406,189.47000122070312,191.1300048828125,191.11965942382812,179489500
2026-02-02,235.77000427246094,249.97000122070312,235.0,246.27000427246094,246.27000427246094,36308100,187.1999969482422,190.3000030517578,184.8800048828125,185.61000061035156,185.59996032714844,165794100
2026-02-03,251.5500030517578,252.64999389648438,237.0399932861328,242.11000061035156,242.11000061035156,53097100,186.24000549316406,186.27000427246094,176.22999572753906,180.33999633789062,180.33023071289062,204019600
2026-02-04,215.0,218.5800018310547,199.14999389648438,200.19000244140625,200.19000244140625,107173300,179.4600067138672,179.5800018310547,171.91000366210938,174.19000244140625,174.18057250976562,207014100
2026-02-05,201.86000061035156,204.0399932861328,190.72000122070312,192.5,192.5,62196400,174.92999267578125,176.82000732421875,171.02999877929688,171.8800048828125,171.87069702148438,206312900
2026-02-06,197.1300048828125,209.27000427246094,196.42999267578125,208.44000244140625,208.44000244140625,54504500,176.69000244140625,187.0,174.60000610351562,185.41000366210938,185.39996337890625,231346200
2026-02-09,206.89999389648438,217.60000610351562,204.14999389648438,216.0,216.0,38810800,184.25999450683594,193.66000366210938,183.9499969482422,190.0399932861328,190.0297088623047,196387400
2026-02-10,215.13999938964844,219.38999938964844,213.1300048828125,213.57000732421875,213.57000732421875,25326700,191.3800048828125,192.47999572753906,188.1199951171875,188.5399932861328,188.52978515625,136764800
2026-02-11,217.8800048828125,219.64999389648438,209.2100067138672,213.5800018310547,213.5800018310547,33384700,192.4499969482422,193.25999450683594,188.77000427246094,190.0500030517578,190.0397186279297,144192700
2026-02-12,215.8300018310547,218.4600067138672,205.13999938964844,205.94000244140625,205.94000244140625,32181000,193.02999877929688,193.61000061035156,186.50999450683594,186.94000244140625,186.9298858642578,189932500
2026-02-13,204.02000427246094,210.0500030517578,203.8800048828125,207.32000732421875,207.32000732421875,26123900,187.47999572753906,187.5,181.58999633789062,182.80999755859375,182.80010986328125,161888000
2026-02-17,202.14999389648438,205.3000030517578,194.8300018310547,203.0800018310547,203.0800018310547,33712100,181.75,187.14999389648438,179.17999267578125,184.97000122070312,184.95999145507812,162276900
2026-02-18,198.41000366210938,203.1999969482422,195.0,200.1199951171875,200.1199951171875,35664100,188.75,190.3699951171875,186.75999450683594,187.97999572753906,187.96981811523438,164749100
2026-02-19,200.11000061035156,204.10000610351562,198.2899932861328,203.3699951171875,203.3699951171875,25842300,187.05999755859375,188.42999267578125,185.66000366210938,187.89999389648438,187.88983154296875,126554500
2026-02-20,200.1199951171875,204.8699951171875,198.55999755859375,200.14999389648438,200.14999389648438,36317300,186.57000732421875,190.3300018310547,185.94000244140625,189.82000732421875,189.8097381591797,178422300
2026-02-23,198.08999633789062,199.3800048828125,194.14999389648438,196.60000610351562,196.60000610351562,28187900,191.39999389648438,193.9499969482422,189.5800018310547,191.5500030517578,191.53964233398438,171584800
2026-02-24,211.6300048828125,216.7100067138672,206.5,213.83999633789062,213.83999633789062,81367000,191.49000549316406,193.77000427246094,187.39999389648438,192.85000610351562,192.83956909179688,175123600
2026-02-25,214.82000732421875,216.6999969482422,210.3300018310547,210.86000061035156,210.86000061035156,44588100,194.4499969482422,197.6300048828125,193.7899932861328,195.55999755859375,195.54940795898438,250637100
2026-02-26,208.8000030517578,209.7899932861328,201.4600067138672,203.67999267578125,203.67999267578125,35020500,194.27000427246094,194.2899932861328,184.32000732421875,184.88999938964844,184.87998962402344,360807900
2026-02-27,200.11000061035156,201.88999938964844,197.74000549316406,200.2100067138672,200.2100067138672,31312400,181.25,182.58999633789062,176.3800048828125,177.19000244140625,177.180419921875,311636500
2026-03-02,193.85000610351562,198.74000549316406,190.0,198.6199951171875,198.6199951171875,34120200,175.00999450683594,183.4600067138672,174.63999938964844,182.47999572753906,182.47012329101562,209095300
2026-03-03,191.4600067138672,193.63999938964844,188.22000122070312,190.9499969482422,190.9499969482422,37785700,178.49000549316406,180.89999389648438,176.9199981689453,180.0500030517578,180.04025268554688,178099400
2026-03-04,192.1199951171875,202.44000244140625,189.86000061035156,202.07000732421875,202.07000732421875,40912600,180.44000244140625,184.6999969482422,180.05999755859375,183.0399932861328,183.03009033203125,177731200
2026-03-05,197.77000427246094,203.7899932861328,194.8800048828125,199.4499969482422,199.4499969482422,36000700,181.1699981689453,184.05999755859375,177.8800048828125,183.33999633789062,183.330078125,198779700
2026-03-06,195.27000427246094,200.24000549316406,191.25,192.42999267578125,192.42999267578125,33913800,179.83999633789062,182.75999450683594,176.82000732421875,177.82000732421875,177.8103790283203,189021900
2026-03-09,189.36000061035156,202.97000122070312,189.02000427246094,202.67999267578125,202.67999267578125,38877200,176.8300018310547,182.91000366210938,175.55999755859375,182.64999389648438,182.64010620117188,177213600
2026-03-10,202.50999450683594,206.58999633789062,202.1999969482422,203.22999572753906,203.22999572753906,29139200,182.39999389648438,186.44000244140625,182.00999450683594,184.77000427246094,184.760009765625,179118500
2026-03-11,205.11000061035156,209.2100067138672,203.6300048828125,204.8300018310547,204.8300018310547,23076400,185.91000366210938,187.6199951171875,184.4499969482422,186.02999877929688,186.02999877929688,145280400
2026-03-12,202.8300018310547,203.6199951171875,196.6699981689453,197.74000549316406,197.74000549316406,28886900,184.0500030517578,184.94000244140625,181.75,183.13999938964844,183.13999938964844,155762700
2026-03-13,198.11000061035156,199.67999267578125,192.27000427246094,193.38999938964844,193.38999938964844,27561900,184.9199981689453,186.08999633789062,179.94000244140625,180.25,180.25,160988400
2026-03-16,194.84500122070312,200.1699981689453,194.8000030517578,196.5800018310547,196.5800018310547,30136935,182.97000122070312,188.8699951171875,181.41000366210938,183.22000122070312,183.22000122070312,215647512
