Date,Open,High,Low,Close,Adj Close,Volume
2015-01-02,103.76000213623047,104.19999694824219,102.44000244140625,102.94000244140625,94.78441619873047,31314600.0
2015-01-05,102.48999786376953,102.61000061035156,101.13999938964844,101.43000030517578,93.3940658569336,36521300.0
2015-01-06,101.58000183105469,101.75,99.62000274658203,100.06999969482422,92.14181518554688,66205500.0
2015-01-07,100.7300033569336,101.5999984741211,100.48999786376953,101.36000061035156,93.32959747314453,37577400.0
2015-01-08,102.22000122070312,103.5,102.11000061035156,103.30000305175781,95.11589050292969,40212600.0
2015-01-09,103.62000274658203,103.6500015258789,102.0199966430664,102.62000274658203,94.4897689819336,41410100.0
2015-01-12,102.81999969482422,102.93000030517578,101.29000091552734,101.55000305175781,93.50457000732422,34129800.0
2015-01-13,102.54000091552734,103.62000274658203,100.69999694824219,101.5199966430664,93.47694396972656,56162300.0
2015-01-14,100.5,101.4800033569336,100.06999969482422,100.95999908447266,92.9613037109375,51354200.0
2015-01-15,101.43000030517578,101.58999633789062,99.52999877929688,99.6500015258789,91.75508117675781,51005400.0
2015-01-16,99.5199966430664,100.94999694824219,99.36000061035156,100.81999969482422,92.83240509033203,35362200.0
2015-01-20,101.43000030517578,101.87999725341797,100.29000091552734,101.62000274658203,93.56900787353516,30964100.0
2015-01-21,101.31999969482422,102.62000274658203,100.95999908447266,102.13999938964844,94.04780578613281,40128800.0
2015-01-22,102.54000091552734,104.13999938964844,101.63999938964844,104.02999877929688,95.78807067871094,40887200.0
2015-01-23,104.0199966430664,104.58000183105469,103.72000122070312,104.26000213623047,95.99986267089844,34783000.0
2015-01-26,104.13999938964844,104.33000183105469,103.61000061035156,104.13999938964844,95.88935089111328,19960900.0
2015-01-27,102.5,102.55999755859375,101.0999984741211,101.44000244140625,93.40328216552734,45253200.0
2015-01-28,103.06999969482422,103.18000030517578,100.9000015258789,100.91999816894531,92.92445373535156,43591700.0
2015-01-29,100.83999633789062,102.08000183105469,99.95999908447266,101.88999938964844,93.8176040649414,46539700.0
2015-01-30,101.80000305175781,102.58000183105469,100.95999908447266,101.0999984741211,93.09019470214844,42927600.0
2015-02-02,101.33000183105469,102.06999969482422,99.75,101.9800033569336,93.9004898071289,43624700.0
2015-02-03,102.3499984741211,103.02999877929688,101.68000030517578,102.95999908447266,94.8028564453125,30750400.0
2015-02-04,102.54000091552734,103.55000305175781,102.30999755859375,102.87000274658203,94.71996307373047,34073200.0
2015-02-05,103.12999725341797,103.83000183105469,102.87000274658203,103.76000213623047,95.53948211669922,23605500.0
2015-02-06,103.91999816894531,104.16999816894531,102.76000213623047,103.12999725341797,94.95938873291016,34169300.0
2015-02-09,102.7300033569336,103.29000091552734,102.55000305175781,102.80000305175781,94.6554946899414,22604700.0
2015-02-10,103.37000274658203,104.54000091552734,103.20999908447266,104.4000015258789,96.1287612915039,23686500.0
2015-02-11,104.5199966430664,105.0199966430664,104.31999969482422,104.77999877929688,96.47863006591797,20303600.0
2015-02-12,105.45999908447266,106.04000091552734,105.30000305175781,106.0,97.60198974609375,22520300.0
2015-02-13,106.30000305175781,106.93000030517578,106.0999984741211,106.91000366210938,98.43988037109375,29030200.0
2015-02-17,106.91000366210938,107.08000183105469,106.63999938964844,107.01000213623047,98.53201293945312,17675300.0
2015-02-18,106.87999725341797,107.22000122070312,106.73999786376953,107.16000366210938,98.67010498046875,15149600.0
2015-02-19,107.08999633789062,107.76000213623047,107.05999755859375,107.69000244140625,99.15811157226562,19828100.0
2015-02-20,107.62000274658203,108.47000122070312,107.27999877929688,108.41000366210938,99.82105255126953,28336700.0
2015-02-23,108.3499984741211,108.55000305175781,108.11000061035156,108.5199966430664,99.9223403930664,17868000.0
2015-02-24,108.37999725341797,108.7300033569336,108.05000305175781,108.5999984741211,99.99598693847656,19745000.0
2015-02-25,108.44000244140625,108.86000061035156,108.08999633789062,108.33000183105469,99.74742126464844,19472300.0
2015-02-26,108.44000244140625,108.94000244140625,108.13999938964844,108.87999725341797,100.25382995605469,22255500.0
2015-02-27,108.83999633789062,108.91000366210938,108.2300033569336,108.4000015258789,99.81185913085938,27757600.0
2015-03-02,108.61000061035156,109.41999816894531,108.58999633789062,109.37999725341797,100.71418762207031,22988600.0
2015-03-03,109.05000305175781,109.16000366210938,108.18000030517578,108.87000274658203,100.24462127685547,20788900.0
2015-03-04,108.51000213623047,108.66999816894531,107.86000061035156,108.44999694824219,99.8578872680664,21007400.0
2015-03-05,108.7300033569336,108.97000122070312,108.19000244140625,108.63999938964844,100.03282928466797,15381000.0
2015-03-06,108.5,108.70999908447266,107.13999938964844,107.41000366210938,98.9002685546875,30990400.0
2015-03-09,107.62999725341797,107.98999786376953,107.19000244140625,107.72000122070312,99.18573760986328,26237100.0
2015-03-10,106.94999694824219,106.9800033569336,105.72000122070312,105.72000122070312,97.34420013427734,34234500.0
2015-03-11,105.87999725341797,106.01000213623047,105.06999969482422,105.11000061035156,96.78250122070312,25459700.0
2015-03-12,105.02999877929688,105.91999816894531,104.95999908447266,105.80000305175781,97.41783142089844,21473200.0
2015-03-13,105.69999694824219,106.12000274658203,104.68000030517578,105.33999633789062,96.9942855834961,42021100.0
2015-03-16,105.7300033569336,106.73999786376953,105.62000274658203,106.69999694824219,98.24654388427734,25674100.0
2015-03-17,106.41000366210938,107.04000091552734,106.16000366210938,106.87000274658203,98.40309143066406,19603800.0
2015-03-18,106.58000183105469,108.41000366210938,106.02999877929688,107.91999816894531,99.36986541748047,40622200.0
2015-03-19,108.02999877929688,108.37999725341797,107.87000274658203,108.08000183105469,99.5172119140625,31314000.0
2015-03-20,108.72000122070312,109.06999969482422,108.51000213623047,108.52999877929688,100.161376953125,31761400.0
2015-03-23,108.47000122070312,108.7699966430664,108.27999877929688,108.31999969482422,99.96759033203125,17268500.0
2015-03-24,108.30999755859375,108.80999755859375,107.91000366210938,107.93000030517578,99.60765838623047,22445300.0
2015-03-25,108.0999984741211,108.19999694824219,105.41999816894531,105.45999908447266,97.32808685302734,41581400.0
2015-03-26,104.58999633789062,105.69999694824219,104.23999786376953,105.0999984741211,96.99585723876953,47846300.0
2015-03-27,105.08000183105469,105.7699966430664,104.91999816894531,105.5199966430664,97.38348388671875,33878400.0
2015-03-30,106.16000366210938,106.81999969482422,106.16000366210938,106.7300033569336,98.50017547607422,30570200.0
2015-03-31,106.43000030517578,106.6500015258789,105.56999969482422,105.5999984741211,97.45730590820312,30488100.0
2015-04-01,105.5999984741211,105.62000274658203,104.37000274658203,105.05000305175781,96.94971466064453,32970500.0
2015-04-02,105.1500015258789,105.45999908447266,104.77999877929688,105.12000274658203,97.01432800292969,19164200.0
2015-04-06,104.5,106.2699966430664,104.33999633789062,105.9800033569336,97.80802154541016,24451100.0
2015-04-07,105.91999816894531,106.69999694824219,105.80000305175781,105.80000305175781,97.64189147949219,19379400.0
2015-04-08,105.83999633789062,106.79000091552734,105.83000183105469,106.63999938964844,98.41710662841797,25866900.0
2015-04-09,106.58999633789062,107.3499984741211,106.2300033569336,107.30999755859375,99.03545379638672,23114700.0
2015-04-10,107.2699966430664,107.76000213623047,107.02999877929688,107.75,99.4415283203125,17164300.0
2015-04-13,107.83000183105469,108.37999725341797,107.36000061035156,107.4800033569336,99.19234466552734,17783500.0
2015-04-14,107.37000274658203,107.68000030517578,106.55999755859375,107.16999816894531,98.90625762939453,23755700.0
2015-04-15,107.44999694824219,108.06999969482422,107.31999969482422,107.83999633789062,99.52459716796875,21128600.0
2015-04-16,107.55000305175781,107.87999725341797,107.4000015258789,107.69000244140625,99.38615417480469,16195300.0
2015-04-17,106.66000366210938,106.94999694824219,105.55000305175781,106.01000213623047,97.835693359375,46514000.0
2015-04-20,106.54000091552734,107.79000091552734,106.5,107.5999984741211,99.30311584472656,28945900.0
2015-04-21,108.22000122070312,108.41000366210938,107.93000030517578,108.05999755859375,99.72762298583984,22759800.0
2015-04-22,108.33999633789062,108.83000183105469,107.63999938964844,108.6500015258789,100.27214050292969,21429200.0
2015-04-23,108.27999877929688,109.55000305175781,108.26000213623047,109.05999755859375,100.65049743652344,29473200.0
2015-04-24,110.20999908447266,110.69000244140625,110.02999877929688,110.54000091552734,102.01640319824219,32508100.0
2015-04-27,110.94999694824219,111.16000366210938,110.0199966430664,110.26000213623047,101.75798034667969,31121300.0
2015-04-28,110.33999633789062,110.55000305175781,109.11000061035156,110.04000091552734,101.55496215820312,36849200.0
2015-04-29,109.43000030517578,110.06999969482422,108.75,109.3499984741211,100.91813659667969,34043900.0
2015-04-30,108.7300033569336,109.16999816894531,107.05999755859375,107.62999725341797,99.33076477050781,44080500.0
2015-05-01,108.05000305175781,109.12000274658203,108.02999877929688,109.05000305175781,100.64131164550781,32874300.0
2015-05-04,109.4000015258789,109.91000366210938,109.16999816894531,109.2300033569336,100.80741119384766,23507300.0
2015-05-05,108.80000305175781,109.0,107.4000015258789,107.44999694824219,99.1646499633789,47843300.0
2015-05-06,107.63999938964844,107.94999694824219,106.0,106.70999908447266,98.48170471191406,42687200.0
2015-05-07,106.68000030517578,107.6500015258789,106.5999984741211,107.3499984741211,99.07239532470703,29335800.0
2015-05-08,108.45999908447266,108.91999816894531,108.30000305175781,108.69000244140625,100.30906677246094,33023300.0
2015-05-11,108.76000213623047,108.9800033569336,108.19000244140625,108.2699966430664,99.92142486572266,19679300.0
2015-05-12,107.62999725341797,108.33000183105469,106.80000305175781,107.77999877929688,99.46920776367188,33665000.0
2015-05-13,108.25,108.80999755859375,107.83999633789062,108.0,99.67225646972656,20738400.0
2015-05-14,108.87999725341797,109.66999816894531,108.4800033569336,109.58000183105469,101.13042449951172,23904200.0
2015-05-15,109.86000061035156,110.01000213623047,109.30999755859375,109.58000183105469,101.13042449951172,23937400.0
2015-05-18,109.4000015258789,110.27999877929688,109.31999969482422,110.05999755859375,101.57341003417969,17631100.0
2015-05-19,110.18000030517578,110.3499984741211,109.76000213623047,109.94000244140625,101.4626693725586,14212900.0
2015-05-20,110.0199966430664,110.66999816894531,109.43000030517578,110.01000213623047,101.52729034423828,21131900.0
2015-05-21,109.81999969482422,110.7300033569336,109.66000366210938,110.58000183105469,102.05329132080078,16771800.0
2015-05-22,110.44999694824219,110.87000274658203,110.37999725341797,110.47000122070312,101.95179748535156,13543800.0
2015-05-26,110.2300033569336,110.37999725341797,108.76000213623047,109.19999694824219,100.77969360351562,25488400.0
2015-05-27,109.52999877929688,111.08000183105469,109.29000091552734,110.95999908447266,102.40400695800781,30572700.0
2015-05-28,110.75,111.01000213623047,110.37000274658203,110.70999908447266,102.17329406738281,17302400.0
2015-05-29,110.63999938964844,110.79000091552734,109.79000091552734,110.05000305175781,101.56417083740234,30383000.0
2015-06-01,110.63999938964844,110.72000122070312,109.5199966430664,110.41999816894531,101.90564727783203,24570200.0
2015-06-02,110.01000213623047,110.61000061035156,109.47000122070312,110.06999969482422,101.58265686035156,19449600.0
2015-06-03,110.56999969482422,110.80999755859375,110.12999725341797,110.4000015258789,101.88719940185547,20507200.0
2015-06-04,109.77999877929688,110.4800033569336,109.20999908447266,109.55999755859375,101.1119613647461,31374600.0
2015-06-05,109.43000030517578,109.69000244140625,108.62999725341797,109.30000305175781,100.87202453613281,22641700.0
2015-06-08,109.25,109.33000183105469,107.97000122070312,108.19000244140625,99.84759521484375,24549200.0
2015-06-09,107.93000030517578,108.4000015258789,107.19999694824219,108.01000213623047,99.6814956665039,27554600.0
2015-06-10,108.37999725341797,109.80999755859375,108.26000213623047,109.48999786376953,101.04734802246094,30297900.0
2015-06-11,109.86000061035156,110.1500015258789,109.45999908447266,109.6500015258789,101.19503021240234,17593500.0
2015-06-12,109.06999969482422,109.30000305175781,108.5999984741211,108.75,100.36439514160156,27201800.0
2015-06-15,107.94000244140625,108.37999725341797,107.30999755859375,108.20999908447266,99.86607360839844,31238800.0
2015-06-16,108.0999984741211,108.9800033569336,108.05000305175781,108.80000305175781,100.41057586669922,16456900.0
2015-06-17,108.9800033569336,109.44999694824219,108.43000030517578,109.0999984741211,100.68741607666016,23296700.0
2015-06-18,109.5,110.87999725341797,109.44000244140625,110.69000244140625,102.15484619140625,43032400.0
2015-06-19,110.48999786376953,110.58000183105469,109.80999755859375,109.88999938964844,101.6497802734375,27877600.0
2015-06-22,110.69999694824219,111.02999877929688,110.44999694824219,110.69999694824219,102.39900970458984,19120900.0
2015-06-23,110.81999969482422,110.88999938964844,110.33000183105469,110.79000091552734,102.4822998046875,18127900.0
2015-06-24,110.66000366210938,111.12999725341797,110.19000244140625,110.22000122070312,101.95500183105469,15815900.0
2015-06-25,110.6500015258789,110.76000213623047,109.81999969482422,110.0,101.75154113769531,18326700.0
2015-06-26,109.9800033569336,110.2300033569336,108.86000061035156,109.2699966430664,101.07624816894531,32311700.0
2015-06-29,108.05999755859375,108.66000366210938,106.63999938964844,106.69000244140625,98.68971252441406,50874900.0
2015-06-30,107.48999786376953,107.72000122070312,106.73999786376953,107.06999969482422,99.04122924804688,34809900.0
2015-07-01,108.12999725341797,108.3499984741211,107.41999816894531,107.91999816894531,99.82747650146484,21293000.0
2015-07-02,108.2300033569336,108.31999969482422,107.62000274658203,107.94999694824219,99.85523986816406,20499400.0
2015-07-06,107.2699966430664,108.31999969482422,107.04000091552734,107.69999694824219,99.62398529052734,24311000.0
2015-07-07,107.81999969482422,108.06999969482422,105.83000183105469,107.97000122070312,99.8737564086914,44230800.0
2015-07-08,107.19999694824219,107.33000183105469,105.88999938964844,106.08999633789062,98.13470458984375,39691500.0
2015-07-09,107.5,107.5999984741211,106.0199966430664,106.02999877929688,98.07925415039062,28381000.0
2015-07-10,107.44000244140625,108.05000305175781,107.05000305175781,107.6500015258789,99.57776641845703,26415800.0
2015-07-13,108.58000183105469,109.62999725341797,108.56999969482422,109.54000091552734,101.3260498046875,25780700.0
2015-07-14,109.69000244140625,110.55999755859375,109.62999725341797,110.26000213623047,101.99201965332031,21977200.0
2015-07-15,110.47000122070312,110.80999755859375,110.06999969482422,110.37999725341797,102.10301971435547,28631500.0
2015-07-16,111.29000091552734,111.95999908447266,111.06999969482422,111.94000244140625,103.54602813720703,29838900.0
2015-07-17,112.83999633789062,113.58999633789062,112.6500015258789,113.58999633789062,105.07231140136719,35926800.0
2015-07-20,113.83000183105469,114.38999938964844,113.4800033569336,113.9800033569336,105.43306732177734,26539000.0
2015-07-21,114.0199966430664,114.19999694824219,113.58000183105469,113.91000366210938,105.36834716796875,35468900.0
2015-07-22,112.16999816894531,113.16999816894531,112.16999816894531,112.62000274658203,104.1750717163086,35575000.0
2015-07-23,112.7300033569336,113.0999984741211,111.91000366210938,112.19999694824219,103.7865219116211,25698300.0
2015-07-24,112.80000305175781,113.0,110.93000030517578,111.0999984741211,102.76903533935547,30844700.0
2015-07-27,110.47000122070312,110.94999694824219,109.94000244140625,110.18000030517578,101.91804504394531,35994800.0
2015-07-28,110.66999816894531,111.3499984741211,109.79000091552734,111.12999725341797,102.7967758178711,33553500.0
2015-07-29,111.37000274658203,111.79000091552734,110.94000244140625,111.55000305175781,103.1852798461914,26714100.0
2015-07-30,111.29000091552734,112.2699966430664,110.62000274658203,112.08000183105469,103.67558288574219,25438100.0
2015-07-31,112.43000030517578,112.48999786376953,111.72000122070312,111.94999694824219,103.55530548095703,22081700.0
2015-08-03,111.97000122070312,112.27999877929688,110.86000061035156,111.5999984741211,103.23157501220703,25001800.0
2015-08-04,111.55000305175781,111.75,110.93000030517578,111.38999938964844,103.03730010986328,22132300.0
2015-08-05,112.01000213623047,113.0,111.87999725341797,112.25,103.83281707763672,28989900.0
2015-08-06,112.3499984741211,112.5,109.94999694824219,110.44999694824219,102.16777801513672,42125400.0
2015-08-07,110.18000030517578,110.56999969482422,109.4000015258789,110.30999755859375,102.0383071899414,30006800.0
2015-08-10,111.01000213623047,111.80999755859375,111.0,111.56999969482422,103.20380401611328,21500800.0
2015-08-11,110.9800033569336,111.41000366210938,109.52999877929688,110.13999938964844,101.88103485107422,36123300.0
2015-08-12,109.37999725341797,110.73999786376953,108.22000122070312,110.5199966430664,102.2325439453125,41889000.0
2015-08-13,110.62999725341797,111.16000366210938,110.0999984741211,110.33999633789062,102.0660400390625,22510500.0
2015-08-14,110.08000183105469,110.66999816894531,109.86000061035156,110.51000213623047,102.22329711914062,17924900.0
2015-08-17,110.23999786376953,111.45999908447266,109.95999908447266,111.43000030517578,103.07428741455078,21224900.0
2015-08-18,111.27999877929688,111.37000274658203,110.70999908447266,110.86000061035156,102.54705810546875,13984400.0
2015-08-19,110.5199966430664,111.11000061035156,109.48999786376953,110.12999725341797,101.87178039550781,42511400.0
2015-08-20,109.11000061035156,109.45999908447266,107.06999969482422,107.08000183105469,99.05046844482422,57747300.0
2015-08-21,105.56999969482422,106.47000122070312,102.4000015258789,102.4000015258789,94.7214126586914,97763400.0
2015-08-24,94.2300033569336,102.52999877929688,84.73999786376953,98.45999908447266,91.07686614990234,150829900.0
2015-08-25,102.06999969482422,102.73999786376953,98.01000213623047,98.08999633789062,90.73461151123047,75088300.0
2015-08-26,100.95999908447266,103.2300033569336,98.93000030517578,103.02999877929688,95.30416107177734,104103800.0
2015-08-27,104.5199966430664,105.70999908447266,103.27999877929688,105.63999938964844,97.71847534179688,69377700.0
2015-08-28,105.08000183105469,106.0,104.8499984741211,105.62000274658203,97.6999740600586,49919600.0
2015-08-31,105.02999877929688,105.61000061035156,104.05000305175781,104.30999755859375,96.48820495605469,39549400.0
2015-09-01,101.70999908447266,103.29000091552734,100.62999725341797,101.05000305175781,93.47264099121094,73155500.0
2015-09-02,102.87999725341797,103.91999816894531,101.69999694824219,103.9000015258789,96.10894012451172,43963600.0
2015-09-03,104.30999755859375,105.0199966430664,103.0999984741211,103.38999938964844,95.6371841430664,45131800.0
2015-09-04,101.97000122070312,102.8499984741211,101.58999633789062,102.16000366210938,94.49942016601562,49379600.0
2015-09-08,104.12000274658203,105.16999816894531,103.69000244140625,105.04000091552734,97.16346740722656,37343500.0
2015-09-09,106.27999877929688,106.30999755859375,103.58999633789062,103.86000061035156,96.0719223022461,47146700.0
2015-09-10,103.73999786376953,105.68000030517578,103.62000274658203,104.98999786376953,97.11720275878906,47686700.0
2015-09-11,104.51000213623047,105.56999969482422,104.20999908447266,105.56999969482422,97.65370178222656,29106100.0
2015-09-14,105.95999908447266,105.9800033569336,104.8499984741211,105.25,97.35771179199219,19718800.0
2015-09-15,105.5,106.81999969482422,105.11000061035156,106.48999786376953,98.50472259521484,30020200.0
2015-09-16,106.51000213623047,107.19000244140625,106.13999938964844,107.08999633789062,99.05973052978516,31329100.0
2015-09-17,106.9800033569336,108.7300033569336,106.63999938964844,107.12999725341797,99.09672546386719,56139800.0
2015-09-18,105.2300033569336,106.5999984741211,105.16999816894531,105.3499984741211,97.68729400634766,48384000.0
2015-09-21,105.93000030517578,106.55000305175781,104.7300033569336,105.68000030517578,97.99329376220703,35772600.0
2015-09-22,104.05999755859375,104.41999816894531,103.12999725341797,104.0999984741211,96.52822875976562,47359700.0
2015-09-23,104.37999725341797,104.66000366210938,103.63999938964844,104.18000030517578,96.6023941040039,21775100.0
2015-09-24,103.16999816894531,104.19000244140625,102.2699966430664,103.80000305175781,96.25006103515625,38284300.0
2015-09-25,104.91000366210938,105.01000213623047,102.27999877929688,102.91999816894531,95.43402862548828,44700000.0
2015-09-28,102.4800033569336,102.55000305175781,99.69000244140625,99.98999786376953,92.7171401977539,44077500.0
2015-09-29,100.23999786376953,101.26000213623047,98.75,99.47000122070312,92.23499298095703,49315500.0
2015-09-30,100.88999938964844,101.87000274658203,100.5,101.76000213623047,94.35841369628906,41411400.0
2015-10-01,101.94000244140625,102.2300033569336,100.58999633789062,102.22000122070312,94.78498077392578,39339100.0
2015-10-02,100.80000305175781,104.01000213623047,100.4800033569336,104.01000213623047,96.44476318359375,59370900.0
2015-10-05,104.77999877929688,105.77999877929688,104.55000305175781,105.5,97.82638549804688,32853500.0
2015-10-06,105.25,105.5999984741211,104.18000030517578,105.0,97.3627700805664,33051500.0
2015-10-07,105.66000366210938,105.86000061035156,104.29000091552734,105.62999725341797,97.94692993164062,37389300.0
2015-10-08,105.2300033569336,106.2300033569336,104.20999908447266,106.05000305175781,98.33637237548828,50188900.0
2015-10-09,106.0999984741211,106.7300033569336,105.80999755859375,106.52999877929688,98.78146362304688,23916200.0
2015-10-12,106.7300033569336,106.98999786376953,106.3499984741211,106.79000091552734,99.02256774902344,16162000.0
2015-10-13,106.18000030517578,107.26000213623047,106.0,106.0999984741211,98.38275909423828,26999600.0
2015-10-14,106.0999984741211,106.62999725341797,105.48999786376953,105.93000030517578,98.2251205444336,30902600.0
2015-10-15,106.31999969482422,107.68000030517578,106.18000030517578,107.66999816894531,99.83856964111328,38393800.0
2015-10-16,107.9000015258789,108.18000030517578,107.37999725341797,108.12000274658203,100.25580596923828,27091100.0
2015-10-19,107.9800033569336,108.80999755859375,107.73999786376953,108.73999786376953,100.83072662353516,23776300.0
2015-10-20,108.55000305175781,108.77999877929688,107.80999755859375,108.18000030517578,100.31147003173828,23404700.0
2015-10-21,108.7300033569336,108.83999633789062,107.4800033569336,107.5199966430664,99.699462890625,30195200.0
2015-10-22,108.4800033569336,109.80000305175781,108.16999816894531,109.70999908447266,101.73015594482422,42778700.0
2015-10-23,112.66000366210938,113.23999786376953,112.06999969482422,112.77999877929688,104.5768814086914,53170900.0
2015-10-26,112.69999694824219,113.06999969482422,112.2699966430664,112.8499984741211,104.64176177978516,25918000.0
2015-10-27,112.55000305175781,113.23999786376953,112.5199966430664,113.08000183105469,104.85504150390625,31390500.0
2015-10-28,113.25,114.0199966430664,112.33999633789062,114.0199966430664,105.72666931152344,42221900.0
2015-10-29,113.5,114.02999877929688,113.37999725341797,113.83999633789062,105.55976104736328,24913300.0
2015-10-30,113.88999938964844,114.08000183105469,113.30000305175781,113.33000183105469,105.08686065673828,27199200.0
2015-11-02,113.62999725341797,114.75,113.38999938964844,114.61000061035156,106.27376556396484,22176900.0
2015-11-03,114.37999725341797,115.41999816894531,114.20999908447266,115.01000213623047,106.64466857910156,20418400.0
2015-11-04,115.38999938964844,115.47000122070312,114.54000091552734,115.0199966430664,106.65396118164062,28633000.0
2015-11-05,115.12000274658203,115.4000015258789,114.11000061035156,114.70999908447266,106.36650848388672,25004100.0
2015-11-06,114.48999786376953,114.91999816894531,113.76000213623047,114.79000091552734,106.4406967163086,29924900.0
2015-11-09,114.36000061035156,114.51000213623047,112.87000274658203,113.56999969482422,105.30941772460938,33479800.0
2015-11-10,112.97000122070312,113.38999938964844,112.62999725341797,113.27999877929688,105.0405044555664,35452100.0
2015-11-11,113.58999633789062,114.13999938964844,112.94999694824219,113.13999938964844,104.91070556640625,22748800.0
2015-11-12,112.68000030517578,113.2300033569336,111.95999908447266,112.04000091552734,103.89069366455078,31196900.0
2015-11-13,111.56999969482422,111.69000244140625,109.77999877929688,109.83999633789062,101.85070037841797,52836000.0
2015-11-16,109.7300033569336,111.44000244140625,109.4800033569336,111.41999816894531,103.31581115722656,33980600.0
2015-11-17,111.61000061035156,112.29000091552734,111.20999908447266,111.48999786376953,103.3807144165039,30579500.0
2015-11-18,111.94000244140625,113.73999786376953,111.83000183105469,113.62999725341797,105.36505889892578,32966500.0
2015-11-19,113.69000244140625,114.2300033569336,113.48999786376953,113.70999908447266,105.43920135498047,26188100.0
2015-11-20,114.25,114.56999969482422,114.13999938964844,114.4800033569336,106.15322875976562,22727600.0
2015-11-23,114.5199966430664,114.94000244140625,113.66000366210938,114.1500015258789,105.84721374511719,20696200.0
2015-11-24,113.41000366210938,114.31999969482422,112.83999633789062,114.05000305175781,105.7544937133789,26374400.0
2015-11-25,114.22000122070312,114.36000061035156,113.91000366210938,114.1500015258789,105.84721374511719,14159900.0
2015-11-27,114.4000015258789,114.54000091552734,113.91999816894531,114.30999755859375,105.99561309814453,8828000.0
2015-11-30,114.6500015258789,114.6500015258789,113.6500015258789,114.0199966430664,105.72666931152344,25041600.0
2015-12-01,114.4800033569336,115.16000366210938,114.33999633789062,115.16000366210938,106.78377532958984,28639400.0
2015-12-02,115.25,115.75,114.27999877929688,114.44999694824219,106.12540435791016,22395500.0
2015-12-03,114.76000213623047,114.95999908447266,111.83999633789062,112.51000213623047,104.32652282714844,42754300.0
2015-12-04,112.8499984741211,115.33000183105469,112.62000274658203,115.13999938964844,106.76519775390625,40037300.0
2015-12-07,115.22000122070312,115.29000091552734,114.06999969482422,114.62000274658203,106.2830581665039,25892100.0
2015-12-08,113.41999816894531,115.0,113.37999725341797,114.62999725341797,106.29230499267578,30792600.0
2015-12-09,114.12999725341797,114.76000213623047,112.19999694824219,112.88999938964844,104.67887115478516,48509200.0
2015-12-10,113.1500015258789,114.16000366210938,112.80999755859375,113.4000015258789,105.15176391601562,30154600.0
2015-12-11,112.08999633789062,112.38999938964844,110.72000122070312,110.79000091552734,102.73162841796875,56022200.0
2015-12-14,110.94000244140625,111.68000030517578,109.37999725341797,111.62999725341797,103.51051330566406,53098500.0
2015-12-15,112.66000366210938,113.27999877929688,112.16999816894531,112.30999755859375,104.14105987548828,48428000.0
2015-12-16,113.06999969482422,114.16999816894531,111.88999938964844,113.9800033569336,105.6895751953125,44944100.0
2015-12-17,114.4800033569336,114.4800033569336,112.30000305175781,112.31999969482422,104.15033721923828,45668800.0
2015-12-18,111.62999725341797,111.87999725341797,109.83000183105469,109.83000183105469,102.1524887084961,53746100.0
2015-12-21,110.87000274658203,111.06999969482422,110.05000305175781,111.05000305175781,103.28719329833984,26432800.0
2015-12-22,111.63999938964844,111.94000244140625,111.05000305175781,111.77999877929688,103.96620178222656,26540300.0
2015-12-23,112.36000061035156,112.69000244140625,112.16000366210938,112.61000061035156,104.7381591796875,25656900.0
2015-12-24,112.61000061035156,112.9000015258789,112.54000091552734,112.58999633789062,104.71954345703125,11468600.0
2015-12-28,112.31999969482422,112.55000305175781,111.51000213623047,112.52999877929688,104.6637191772461,19183600.0
2015-12-29,113.19999694824219,114.55000305175781,113.12999725341797,114.30000305175781,106.31002807617188,27725700.0
2015-12-30,114.19999694824219,114.23999786376953,113.25,113.2699966430664,105.35200500488281,19520100.0
2015-12-31,112.87000274658203,113.08000183105469,111.83999633789062,111.86000061035156,104.04058837890625,29886800.0
2016-01-04,109.44999694824219,109.5999984741211,108.12000274658203,109.5,101.84557342529297,50807600.0
2016-01-05,110.04000091552734,110.18000030517578,108.80000305175781,109.30999755859375,101.66883087158203,38795200.0
2016-01-06,107.41000366210938,108.88999938964844,107.41000366210938,108.26000213623047,100.6922378540039,41891100.0
2016-01-07,105.94999694824219,107.29000091552734,104.80999755859375,104.87000274658203,97.53922271728516,61386300.0
2016-01-08,105.62999725341797,106.29000091552734,103.9000015258789,104.01000213623047,96.73931884765625,69344000.0
2016-01-11,104.75,105.05999755859375,102.7300033569336,104.33000183105469,97.03694152832031,50024100.0
2016-01-12,105.33000183105469,106.08000183105469,104.08000183105469,105.54000091552734,98.16234588623047,46734200.0
2016-01-13,105.97000122070312,106.2300033569336,101.73999786376953,101.9000015258789,94.77681732177734,69870700.0
2016-01-14,102.30000305175781,104.9800033569336,100.66999816894531,104.06999969482422,96.79513549804688,78445700.0
2016-01-15,100.62000274658203,101.94000244140625,99.51000213623047,100.83999633789062,93.7909164428711,91443900.0
2016-01-19,102.20999908447266,102.37000274658203,99.87999725341797,101.05999755859375,93.99552917480469,56563800.0
2016-01-20,99.47000122070312,101.83000183105469,97.25,100.75,93.70719909667969,86675000.0
2016-01-21,101.18000030517578,102.3499984741211,99.81999969482422,100.8499984741211,93.80021667480469,61660100.0
2016-01-22,102.87999725341797,103.80999755859375,102.52999877929688,103.7699966430664,96.51609802246094,42229800.0
2016-01-25,103.4000015258789,103.98999786376953,102.13999938964844,102.2300033569336,95.083740234375,38881500.0
2016-01-26,102.66000366210938,103.58999633789062,101.76000213623047,103.1500015258789,95.93943786621094,36143900.0
2016-01-27,102.55000305175781,102.98999786376953,100.1500015258789,100.58000183105469,93.54907989501953,54524700.0
2016-01-28,102.25,102.29000091552734,100.26000213623047,102.0,94.86982727050781,47641500.0
2016-01-29,101.97000122070312,104.16999816894531,101.94000244140625,104.12999725341797,96.8509292602539,54245100.0
2016-02-01,103.62999725341797,104.80000305175781,103.2300033569336,104.41000366210938,97.11134338378906,32750300.0
2016-02-02,103.93000030517578,103.97000122070312,101.83999633789062,102.1500015258789,95.00935363769531,44928100.0
2016-02-03,102.83000183105469,102.83000183105469,99.87999725341797,101.66000366210938,94.5535888671875,61572900.0
2016-02-04,101.38999938964844,102.45999908447266,100.44000244140625,101.6500015258789,94.5443115234375,49321600.0
2016-02-05,101.29000091552734,101.33000183105469,97.72000122070312,98.12000274658203,91.26105499267578,70749900.0
2016-02-08,96.29000091552734,97.05000305175781,94.83999633789062,96.62000274658203,89.86592102050781,91673100.0
2016-02-09,95.33000183105469,97.77999877929688,95.18000030517578,96.31999969482422,89.58690643310547,73778400.0
2016-02-10,97.43000030517578,98.69000244140625,96.62000274658203,96.69000244140625,89.93099212646484,59421700.0
2016-02-11,95.45999908447266,97.31999969482422,95.19000244140625,96.55000305175781,89.80081939697266,76839200.0
2016-02-12,97.63999938964844,98.12000274658203,96.7300033569336,98.0199966430664,91.16804504394531,49186500.0
2016-02-16,99.47000122070312,100.2300033569336,98.8499984741211,100.2300033569336,93.22354888916016,40565900.0
2016-02-17,100.95999908447266,102.63999938964844,100.69999694824219,102.5,95.33486938476562,41766500.0
2016-02-18,102.81999969482422,102.83999633789062,101.19999694824219,101.33000183105469,94.24667358398438,38991500.0
2016-02-19,100.83999633789062,101.94000244140625,100.62000274658203,101.62999725341797,94.52566528320312,28257900.0
2016-02-22,102.58000183105469,103.37999725341797,102.4800033569336,103.27999877929688,96.06034851074219,23979100.0
2016-02-23,102.68000030517578,102.95999908447266,101.51000213623047,101.58000183105469,94.47918701171875,29869700.0
2016-02-24,100.38999938964844,102.68000030517578,99.7699966430664,102.55000305175781,95.38140106201172,40739100.0
2016-02-25,102.76000213623047,103.55999755859375,101.83999633789062,103.55999755859375,96.32076263427734,29389300.0
2016-02-26,104.3499984741211,104.37000274658203,103.18000030517578,103.43000030517578,96.19985961914062,30925000.0
2016-02-29,103.33000183105469,104.0999984741211,102.5,102.5,95.33486938476562,27553900.0
2016-03-01,103.4800033569336,105.79000091552734,103.16000366210938,105.79000091552734,98.39488983154297,37699800.0
2016-03-02,105.66000366210938,105.8499984741211,105.01000213623047,105.83000183105469,98.43211364746094,29209800.0
2016-03-03,105.72000122070312,105.75,104.87000274658203,105.62999725341797,98.24606323242188,25474600.0
2016-03-04,105.75,106.3499984741211,104.97000122070312,105.66999816894531,98.28329467773438,31655400.0
2016-03-07,105.12999725341797,105.73999786376953,104.2699966430664,105.0199966430664,97.6787109375,25861200.0
2016-03-08,104.30000305175781,105.20999908447266,103.97000122070312,104.1500015258789,96.86953735351562,28898500.0
2016-03-09,104.54000091552734,104.83999633789062,103.95999908447266,104.81999969482422,97.4926986694336,31047400.0
2016-03-10,105.26000213623047,105.86000061035156,103.30999755859375,104.66000366210938,97.34387969970703,44236100.0
2016-03-11,105.79000091552734,106.48999786376953,105.45999908447266,106.48999786376953,99.04593658447266,31454000.0
2016-03-14,106.08999633789062,106.91999816894531,106.05999755859375,106.66999816894531,99.21336364746094,25374900.0
2016-03-15,106.29000091552734,106.75,105.94999694824219,106.62999725341797,99.1761703491211,26524600.0
2016-03-16,106.37000274658203,107.86000061035156,106.33999633789062,107.58000183105469,100.05977630615234,31693100.0
2016-03-17,107.2699966430664,107.7699966430664,106.87000274658203,107.5199966430664,100.00396728515625,29623700.0
2016-03-18,107.45999908447266,107.63999938964844,106.80000305175781,107.37000274658203,100.16068267822266,37682300.0
2016-03-21,107.18000030517578,107.88999938964844,107.12000274658203,107.79000091552734,100.55247497558594,17288600.0
2016-03-22,107.18000030517578,108.37000274658203,107.16000366210938,108.12000274658203,100.8603286743164,18840300.0
2016-03-23,107.91000366210938,107.98999786376953,106.98999786376953,107.2300033569336,100.03009033203125,20912900.0
2016-03-24,106.70999908447266,107.29000091552734,106.52999877929688,107.26000213623047,100.05806732177734,19017300.0
2016-03-28,107.55999755859375,107.58000183105469,106.91999816894531,107.11000061035156,99.91815948486328,13892300.0
2016-03-29,106.91000366210938,108.9000015258789,106.7300033569336,108.83000183105469,101.52264404296875,29963900.0
2016-03-30,109.4800033569336,110.04000091552734,109.12999725341797,109.36000061035156,102.01705169677734,23807200.0
2016-03-31,109.27999877929688,109.69000244140625,109.02999877929688,109.19999694824219,101.8677978515625,21447200.0
2016-04-01,108.54000091552734,110.4000015258789,108.38999938964844,110.36000061035156,102.94992065429688,26389000.0
2016-04-04,110.36000061035156,110.44000244140625,109.68000030517578,109.94000244140625,102.55811309814453,17163000.0
2016-04-05,109.08999633789062,109.5,108.73999786376953,108.87999725341797,101.56929779052734,20107900.0
2016-04-06,108.98999786376953,110.70999908447266,108.98999786376953,110.66999816894531,103.23908233642578,25056000.0
2016-04-07,110.02999877929688,110.2300033569336,108.61000061035156,109.08000183105469,101.75587463378906,28567200.0
2016-04-08,109.76000213623047,110.0199966430664,108.62000274658203,109.0,101.6812515258789,22898000.0
2016-04-11,109.47000122070312,110.0199966430664,108.58999633789062,108.5999984741211,101.30809783935547,25772100.0
2016-04-12,108.68000030517578,109.72000122070312,108.0199966430664,109.51000213623047,102.15699005126953,28564100.0
2016-04-13,110.3499984741211,111.08000183105469,110.20999908447266,110.91000366210938,103.46298217773438,25356700.0
2016-04-14,110.93000030517578,111.33000183105469,110.0,110.91999816894531,103.4722900390625,17199700.0
2016-04-15,110.83000183105469,111.05999755859375,110.36000061035156,110.63999938964844,103.21111297607422,21353300.0
2016-04-18,110.31999969482422,111.2699966430664,110.25,111.2300033569336,103.76148223876953,17126100.0
2016-04-19,111.44000244140625,111.44000244140625,109.87999725341797,110.55000305175781,103.12715911865234,42481400.0
2016-04-20,110.55000305175781,111.1500015258789,110.16999816894531,110.63999938964844,103.21111297607422,18078300.0
2016-04-21,110.58000183105469,111.05000305175781,110.1500015258789,110.6500015258789,103.22044372558594,20216000.0
2016-04-22,109.20999908447266,109.72000122070312,108.12000274658203,108.9800033569336,101.6625747680664,39074000.0
2016-04-25,108.6500015258789,108.98999786376953,108.44999694824219,108.9800033569336,101.6625747680664,14351900.0
2016-04-26,109.20999908447266,109.38999938964844,108.12000274658203,108.44999694824219,101.16814422607422,19118300.0
2016-04-27,107.33999633789062,107.83000183105469,106.69000244140625,107.58000183105469,100.35653686523438,33059800.0
2016-04-28,107.69999694824219,108.33000183105469,106.06999969482422,106.27999877929688,99.14386749267578,29818200.0
2016-04-29,106.27999877929688,106.5,104.87999725341797,105.72000122070312,98.6214599609375,67502800.0
2016-05-02,105.98999786376953,106.87000274658203,105.55000305175781,106.72000122070312,99.55432891845703,24813800.0
2016-05-03,105.95999908447266,106.44000244140625,105.44999694824219,105.7300033569336,98.63079071044922,38569400.0
2016-05-04,105.08999633789062,105.4800033569336,104.79000091552734,105.05000305175781,97.9964599609375,27474500.0
2016-05-05,105.43000030517578,105.66000366210938,104.80999755859375,105.0199966430664,97.96846008300781,20788100.0
2016-05-06,104.5,105.5999984741211,104.4000015258789,105.58000183105469,98.49088287353516,30758500.0
2016-05-09,105.58999633789062,106.37000274658203,105.54000091552734,105.87999725341797,98.77071380615234,19289600.0
2016-05-10,106.26000213623047,107.37999725341797,106.06999969482422,107.33000183105469,100.12334442138672,21178900.0
2016-05-11,107.16999816894531,107.48999786376953,106.33000183105469,106.36000061035156,99.21849060058594,20966300.0
2016-05-12,106.61000061035156,106.73999786376953,105.13999938964844,105.88999938964844,98.7800521850586,29196300.0
2016-05-13,105.80000305175781,106.44999694824219,105.29000091552734,105.5,98.41622161865234,21059300.0
2016-05-16,105.66000366210938,107.20999908447266,105.55999755859375,106.81999969482422,99.64761352539062,18311900.0
2016-05-17,106.7300033569336,107.04000091552734,105.19999694824219,105.4800033569336,98.3975830078125,29932700.0
2016-05-18,105.23999786376953,106.43000030517578,105.04000091552734,105.86000061035156,98.75203704833984,27524400.0
2016-05-19,105.44999694824219,105.70999908447266,104.54000091552734,105.30999755859375,98.23898315429688,27334600.0
2016-05-20,105.7300033569336,106.9000015258789,105.66999816894531,106.47000122070312,99.32112121582031,29549600.0
2016-05-23,106.58999633789062,106.97000122070312,106.2300033569336,106.33000183105469,99.19052124023438,15729800.0
2016-05-24,106.91999816894531,108.58999633789062,106.88999938964844,108.45999908447266,101.17747497558594,29931300.0
2016-05-25,108.87000274658203,109.56999969482422,108.68000030517578,109.23999786376953,101.90511322021484,37951700.0
2016-05-26,109.3499984741211,109.69999694824219,109.08999633789062,109.55999755859375,102.20362091064453,21885900.0
2016-05-27,109.62999725341797,110.13999938964844,109.61000061035156,110.12999725341797,102.73536682128906,19870000.0
2016-05-31,110.27999877929688,110.51000213623047,109.77999877929688,110.33999633789062,102.9312515258789,24366100.0
2016-06-01,110.0,110.5999984741211,109.91000366210938,110.3499984741211,102.9405746459961,19571500.0
2016-06-02,110.12999725341797,110.58999633789062,109.52999877929688,110.58000183105469,103.15516662597656,15696600.0
2016-06-03,110.37000274658203,110.41999816894531,109.33999633789062,110.05999755859375,102.6700439453125,20269900.0
2016-06-06,110.26000213623047,110.75,110.06999969482422,110.45999908447266,103.04319763183594,12502400.0
2016-06-07,110.5199966430664,110.62999725341797,110.12999725341797,110.18000030517578,102.78199005126953,12184300.0
2016-06-08,110.37000274658203,110.5999984741211,109.95999908447266,110.37000274658203,102.959228515625,14568700.0
2016-06-09,109.91999816894531,110.30999755859375,109.70999908447266,110.19000244140625,102.79132843017578,17571600.0
2016-06-10,109.19000244140625,109.4000015258789,108.55999755859375,108.94000244140625,101.6252670288086,32965000.0
2016-06-13,108.31999969482422,108.93000030517578,107.88999938964844,108.02999877929688,100.7763671875,25154700.0
2016-06-14,107.73999786376953,108.41999816894531,107.23999786376953,108.02999877929688,100.7763671875,24588500.0
2016-06-15,108.29000091552734,108.44000244140625,107.54000091552734,107.72000122070312,100.4871826171875,24605700.0
2016-06-16,107.19000244140625,108.13999938964844,106.5,108.04000091552734,100.78567504882812,32079900.0
2016-06-17,107.52999877929688,107.68000030517578,106.23999786376953,106.48999786376953,99.60435485839844,29208800.0
2016-06-20,107.7300033569336,108.23999786376953,107.08000183105469,107.16000366210938,100.23101806640625,20562800.0
2016-06-21,107.30000305175781,107.72000122070312,107.0999984741211,107.5,100.5490493774414,22804100.0
2016-06-22,107.55999755859375,108.19000244140625,107.1500015258789,107.23999786376953,100.30584716796875,22724200.0
2016-06-23,108.06999969482422,108.79000091552734,107.62000274658203,108.7699966430664,101.73692321777344,18714200.0
2016-06-24,104.9000015258789,106.5,104.05999755859375,104.29000091552734,97.54660034179688,68012700.0
2016-06-27,103.5999984741211,103.5999984741211,101.75,102.22000122070312,95.6104736328125,48222600.0
2016-06-28,103.3499984741211,104.51000213623047,103.30000305175781,104.45999908447266,97.70562744140625,28260600.0
2016-06-29,105.27999877929688,106.52999877929688,105.2300033569336,106.30999755859375,99.43596649169922,31356700.0
2016-06-30,106.48999786376953,107.61000061035156,106.12999725341797,107.54000091552734,100.58650207519531,36300800.0
2016-07-01,107.48999786376953,108.4800033569336,107.44999694824219,108.08000183105469,101.09154510498047,19902800.0
2016-07-05,107.51000213623047,107.66000366210938,106.83999633789062,107.41999816894531,100.47420501708984,21167900.0
2016-07-06,106.91000366210938,108.3499984741211,106.56999969482422,108.30000305175781,101.29730987548828,24579300.0
2016-07-07,108.4000015258789,108.86000061035156,108.11000061035156,108.62000274658203,101.59661865234375,19161700.0
2016-07-08,109.19999694824219,110.36000061035156,109.0199966430664,110.30000305175781,103.16800689697266,29457900.0
2016-07-11,110.66999816894531,111.33999633789062,110.66000366210938,110.93000030517578,103.75727081298828,20218500.0
2016-07-12,111.61000061035156,111.79000091552734,111.33999633789062,111.48999786376953,104.28105926513672,21906100.0
2016-07-13,111.75,111.81999969482422,111.20999908447266,111.22000122070312,104.02850341796875,21107800.0
2016-07-14,111.95999908447266,112.19000244140625,111.69999694824219,111.9800033569336,104.73938751220703,20871000.0
2016-07-15,112.23999786376953,112.30000305175781,111.55000305175781,111.80000305175781,104.57100677490234,17999300.0
2016-07-18,111.87000274658203,112.73999786376953,111.8499984741211,112.54000091552734,105.2631607055664,20713900.0
2016-07-19,112.1500015258789,112.4800033569336,111.93000030517578,112.12999725341797,104.87966918945312,18936700.0
2016-07-20,112.73999786376953,113.6500015258789,112.5999984741211,113.44000244140625,106.10497283935547,24997900.0
2016-07-21,113.5199966430664,113.73999786376953,112.87000274658203,113.18000030517578,105.86178588867188,18885400.0
2016-07-22,113.26000213623047,113.77999877929688,112.91000366210938,113.6500015258789,106.30138397216797,20003400.0
2016-07-25,113.55999755859375,113.69000244140625,113.27999877929688,113.66000366210938,106.31076049804688,12968100.0
2016-07-26,113.62000274658203,114.19999694824219,113.22000122070312,113.79000091552734,106.43232727050781,21223800.0
2016-07-27,114.75,114.87999725341797,114.0999984741211,114.58000183105469,107.1712417602539,27646100.0
2016-07-28,114.76000213623047,115.11000061035156,114.4000015258789,114.9800033569336,107.54537200927734,16939700.0
2016-07-29,115.23999786376953,115.54000091552734,114.87000274658203,115.2300033569336,107.77922058105469,22385300.0
2016-08-01,115.30999755859375,116.12999725341797,115.16999816894531,115.83999633789062,108.34977722167969,13990100.0
2016-08-02,115.66999816894531,115.7699966430664,114.22000122070312,114.95999908447266,107.52670288085938,21278400.0
2016-08-03,114.87000274658203,115.3499984741211,114.80000305175781,115.33999633789062,107.88211059570312,15011300.0
2016-08-04,115.30000305175781,115.77999877929688,115.02999877929688,115.66999816894531,108.1907958984375,12835300.0
2016-08-05,116.26000213623047,117.04000091552734,116.12999725341797,116.77999877929688,109.22899627685547,23196600.0
2016-08-08,116.83999633789062,116.87000274658203,116.27999877929688,116.6500015258789,109.107421875,12358200.0
2016-08-09,116.73999786376953,117.29000091552734,116.66999816894531,116.91999816894531,109.35994720458984,13276500.0
2016-08-10,116.98999786376953,117.0199966430664,116.30999755859375,116.62000274658203,109.079345703125,14688400.0
2016-08-11,117.0199966430664,117.37000274658203,116.77999877929688,117.12000274658203,109.54700469970703,12969800.0
2016-08-12,116.91999816894531,117.20999908447266,116.79000091552734,117.19999694824219,109.62183380126953,19379000.0
2016-08-15,117.3499984741211,117.97000122070312,117.30999755859375,117.69999694824219,110.08952331542969,11777800.0
2016-08-16,117.4800033569336,117.48999786376953,117.02999877929688,117.05000305175781,109.48151397705078,14161400.0
2016-08-17,117.08000183105469,117.30000305175781,116.43000030517578,117.26000213623047,109.67797088623047,15980300.0
2016-08-18,117.1500015258789,117.45999908447266,116.94999694824219,117.29000091552734,109.70602416992188,10036300.0
2016-08-19,117.08000183105469,117.5199966430664,116.76000213623047,117.26000213623047,109.67797088623047,18743000.0
2016-08-22,117.08999633789062,117.55000305175781,116.87000274658203,117.3499984741211,109.76213836669922,14500600.0
2016-08-23,117.80999755859375,118.01000213623047,117.51000213623047,117.55999755859375,109.95854949951172,11997900.0
2016-08-24,117.4800033569336,117.63999938964844,116.41000366210938,116.80000305175781,109.24768829345703,17728700.0
2016-08-25,116.5,116.97000122070312,116.36000061035156,116.61000061035156,109.06999969482422,24266300.0
2016-08-26,116.6500015258789,117.54000091552734,116.08000183105469,116.77999877929688,109.22899627685547,23896000.0
2016-08-29,116.80999755859375,117.25,116.79000091552734,116.94000244140625,109.37864685058594,11184900.0
2016-08-30,116.75,117.08999633789062,116.16000366210938,116.55999755859375,109.02320098876953,19843300.0
2016-08-31,116.37999725341797,116.55999755859375,115.94999694824219,116.44000244140625,108.91101837158203,16169800.0
2016-09-01,116.4800033569336,116.87999725341797,115.91000366210938,116.73999786376953,109.19158935546875,20944700.0
2016-09-02,117.31999969482422,117.55999755859375,116.68000030517578,117.12000274658203,109.54700469970703,18088200.0
2016-09-06,117.31999969482422,117.8499984741211,117.05999755859375,117.8499984741211,110.22982788085938,18525200.0
2016-09-07,117.95999908447266,118.12000274658203,117.47000122070312,117.91999816894531,110.29530334472656,17546900.0
2016-09-08,117.56999969482422,117.5999984741211,116.91999816894531,117.2300033569336,109.64990997314453,20125300.0
2016-09-09,116.25,116.51000213623047,114.26000213623047,114.27999877929688,106.89065551757812,50813300.0
2016-09-12,113.63999938964844,116.48999786376953,113.62999725341797,116.33000183105469,108.80811309814453,39646000.0
2016-09-13,115.75,116.08999633789062,114.7300033569336,115.29000091552734,107.83534240722656,45863900.0
2016-09-14,115.41000366210938,116.47000122070312,115.37999725341797,115.83999633789062,108.34977722167969,28221800.0
2016-09-15,115.87000274658203,117.81999969482422,115.86000061035156,117.63999938964844,110.03337860107422,38521400.0
2016-09-16,117.22000122070312,117.41000366210938,116.70999908447266,117.29000091552734,109.98088836669922,27596500.0
2016-09-19,117.58999633789062,117.94999694824219,116.55000305175781,116.77999877929688,109.50267028808594,16222900.0
2016-09-20,117.19999694824219,117.4800033569336,116.80000305175781,117.0,109.70895385742188,18078600.0
2016-09-21,117.5,118.31999969482422,116.80999755859375,118.1500015258789,110.78729248046875,31546800.0
2016-09-22,118.83999633789062,119.22000122070312,118.72000122070312,119.08999633789062,111.66871643066406,22614400.0
2016-09-23,119.0,119.0,118.16000366210938,118.33000183105469,110.95610046386719,22213400.0
2016-09-26,117.66000366210938,117.80000305175781,117.16999816894531,117.33999633789062,110.02777862548828,16403900.0
2016-09-27,117.26000213623047,118.55999755859375,117.1500015258789,118.5,111.11548614501953,20238400.0
2016-09-28,118.6500015258789,118.7699966430664,118.08999633789062,118.69999694824219,111.30300903320312,14794300.0
2016-09-29,118.5,118.72000122070312,117.33000183105469,117.83999633789062,110.49661254882812,27207500.0
2016-09-30,118.1500015258789,119.06999969482422,118.02999877929688,118.72000122070312,111.32176971435547,25543200.0
2016-10-03,118.56999969482422,118.69999694824219,118.08999633789062,118.55000305175781,111.16234588623047,19216400.0
2016-10-04,118.9000015258789,119.16000366210938,117.91999816894531,118.37000274658203,110.99360656738281,21239700.0
2016-10-05,118.72000122070312,119.16999816894531,118.66999816894531,118.79000091552734,111.38738250732422,14481300.0
2016-10-06,118.63999938964844,118.9800033569336,118.1500015258789,118.7300033569336,111.33114624023438,11987100.0
2016-10-07,118.83999633789062,119.01000213623047,117.88999938964844,118.47000122070312,111.08731842041016,19984200.0
2016-10-10,119.08000183105469,119.4800033569336,119.02999877929688,119.22000122070312,111.79061889648438,19687300.0
2016-10-11,119.12000274658203,119.13999938964844,117.0,117.5199966430664,110.19654083251953,27774400.0
2016-10-12,117.62999725341797,117.81999969482422,117.05999755859375,117.41999816894531,110.10279083251953,14267800.0
2016-10-13,116.62000274658203,117.31999969482422,115.94000244140625,117.0,109.70895385742188,22821000.0
2016-10-14,117.58000183105469,118.05000305175781,117.06999969482422,117.13999938964844,109.8402328491211,21313300.0
2016-10-17,117.04000091552734,117.30000305175781,116.66999816894531,116.81999969482422,109.54016876220703,14182700.0
2016-10-18,118.20999908447266,118.41000366210938,117.80000305175781,117.86000061035156,110.51539611816406,19276700.0
2016-10-19,117.7699966430664,118.0199966430664,117.63999938964844,117.8499984741211,110.50596618652344,13702900.0
2016-10-20,117.7300033569336,117.97000122070312,117.02999877929688,117.70999908447266,110.37474060058594,18132200.0
2016-10-21,117.80000305175781,118.22000122070312,117.41000366210938,118.1500015258789,110.78729248046875,15707800.0
2016-10-24,118.91000366210938,119.6500015258789,118.88999938964844,119.56999969482422,112.11880493164062,19143000.0
2016-10-25,119.63999938964844,119.66000366210938,119.01000213623047,119.19000244140625,111.7624740600586,20341800.0
2016-10-26,118.41999816894531,119.02999877929688,118.02999877929688,118.37999725341797,111.00294494628906,20463700.0
2016-10-27,118.88999938964844,118.98999786376953,117.66999816894531,117.83999633789062,110.49661254882812,19099800.0
2016-10-28,117.5,118.11000061035156,116.73999786376953,117.0999984741211,109.80270385742188,35369300.0
2016-10-31,117.52999877929688,117.52999877929688,116.93000030517578,116.98999786376953,109.69956970214844,18749400.0
2016-11-01,117.19000244140625,117.20999908447266,115.0999984741211,116.11000061035156,108.87442016601562,23498700.0
2016-11-02,116.02999877929688,116.30000305175781,114.88999938964844,115.18000030517578,108.00236511230469,26960100.0
2016-11-03,114.98999786376953,115.37000274658203,113.91999816894531,114.05000305175781,106.94280242919922,36205200.0
2016-11-04,113.7699966430664,114.54000091552734,113.44999694824219,113.6500015258789,106.56771850585938,26997500.0
2016-11-07,115.48999786376953,116.47000122070312,115.30000305175781,116.3499984741211,109.09945678710938,26591200.0
2016-11-08,116.2300033569336,117.63999938964844,115.95999908447266,117.11000061035156,109.81208801269531,20777900.0
2016-11-09,115.73999786376953,117.83999633789062,115.5999984741211,117.6500015258789,110.31847381591797,70234400.0
2016-11-10,118.22000122070312,118.37999725341797,114.19999694824219,115.75,108.53687286376953,72825400.0
2016-11-11,115.25,116.05000305175781,114.83999633789062,115.80000305175781,108.5837173461914,41115200.0
2016-11-14,115.83000183105469,115.94000244140625,114.02999877929688,114.62999725341797,107.48663330078125,35906000.0
2016-11-15,115.5,116.62000274658203,115.33000183105469,116.22000122070312,108.97755432128906,31796600.0
2016-11-16,115.66999816894531,116.98999786376953,115.66999816894531,116.91000366210938,109.62457275390625,16538100.0
2016-11-17,116.8499984741211,117.77999877929688,116.61000061035156,117.76000213623047,110.42157745361328,20598600.0
2016-11-18,117.9000015258789,118.0999984741211,117.20999908447266,117.31999969482422,110.00901794433594,16428700.0
2016-11-21,117.61000061035156,118.6500015258789,117.56999969482422,118.54000091552734,111.15300750732422,20268500.0
2016-11-22,119.01000213623047,119.19000244140625,118.61000061035156,118.9000015258789,111.49056243896484,18850600.0
2016-11-23,118.51000213623047,118.63999938964844,117.9000015258789,118.41999816894531,111.04048156738281,22926000.0
2016-11-25,118.55999755859375,118.8499984741211,118.41999816894531,118.80000305175781,111.39679718017578,7162800.0
2016-11-28,118.6500015258789,119.08000183105469,118.41000366210938,118.52999877929688,111.14360809326172,13479000.0
2016-11-29,118.63999938964844,119.51000213623047,118.30000305175781,118.94000244140625,111.52806091308594,18553000.0
2016-11-30,119.08999633789062,119.12999725341797,117.45999908447266,117.5,110.17780303955078,30405300.0
2016-12-01,117.45999908447266,117.47000122070312,115.29000091552734,115.47000122070312,108.27428436279297,39796600.0
2016-12-02,115.54000091552734,116.16000366210938,115.22000122070312,115.69999694824219,108.4899673461914,32876800.0
2016-12-05,116.30000305175781,117.05999755859375,115.7699966430664,116.5999984741211,109.33386993408203,21419700.0
2016-12-06,116.93000030517578,117.08000183105469,116.38999938964844,116.87999725341797,109.59642791748047,27293300.0
2016-12-07,116.63999938964844,118.51000213623047,116.29000091552734,118.36000061035156,110.98419952392578,26622400.0
2016-12-08,118.41000366210938,118.87000274658203,118.18000030517578,118.56999969482422,111.18111419677734,18578400.0
2016-12-09,119.01000213623047,119.54000091552734,119.0,119.5,112.05316162109375,21863100.0
2016-12-12,118.97000122070312,119.20999908447266,118.47000122070312,118.95999908447266,111.54683685302734,23259300.0
2016-12-13,119.31999969482422,121.11000061035156,119.31999969482422,120.45999908447266,112.95332336425781,54477900.0
2016-12-14,120.61000061035156,121.0,119.86000061035156,120.20999908447266,112.71893310546875,28746000.0
2016-12-15,120.37000274658203,121.11000061035156,120.08000183105469,120.4000015258789,112.8970718383789,22762300.0
2016-12-16,120.33999633789062,120.58000183105469,119.36000061035156,119.5999984741211,112.47857666015625,26283900.0
2016-12-19,119.72000122070312,120.83000183105469,119.55000305175781,120.08999633789062,112.93939971923828,21138700.0
2016-12-20,120.47000122070312,120.7699966430664,120.33000183105469,120.55000305175781,113.37200164794922,11461800.0
2016-12-21,120.5999984741211,120.68000030517578,120.19000244140625,120.45999908447266,113.28734588623047,7079300.0
2016-12-22,120.47000122070312,120.5,119.6500015258789,120.12000274658203,112.96762084960938,16645000.0
2016-12-23,119.91999816894531,120.25,119.80999755859375,120.19999694824219,113.0428466796875,9007500.0
2016-12-27,120.45999908447266,121.5199966430664,120.41000366210938,120.81999969482422,113.62593841552734,16110600.0
2016-12-28,121.08000183105469,121.19000244140625,119.80000305175781,119.87999725341797,112.7419204711914,17975200.0
2016-12-29,119.8499984741211,120.12999725341797,119.33000183105469,119.70999908447266,112.58203125,13267500.0
2016-12-30,119.94000244140625,119.94999694824219,118.13999938964844,118.4800033569336,111.42524719238281,41749000.0
2017-01-03,119.2699966430664,119.98999786376953,118.88999938964844,119.54000091552734,112.42214965820312,22307600.0
2017-01-04,119.66999816894531,120.41000366210938,119.66000366210938,120.19000244140625,113.033447265625,19749100.0
2017-01-05,120.0999984741211,120.94999694824219,120.0999984741211,120.87000274658203,113.6729736328125,20644300.0
2017-01-06,121.0,122.25,120.69000244140625,121.93000030517578,114.66983795166016,24074300.0
2017-01-09,122.02999877929688,122.55000305175781,121.94999694824219,122.33000183105469,115.04602813720703,18909200.0
2017-01-10,122.37999725341797,122.97000122070312,122.0999984741211,122.5999984741211,115.29993438720703,16176600.0
2017-01-11,122.6500015258789,122.93000030517578,122.0199966430664,122.93000030517578,115.61026000976562,20686000.0
2017-01-12,122.48999786376953,122.81999969482422,121.5999984741211,122.73999786376953,115.4316177368164,19622500.0
2017-01-13,122.80000305175781,123.37000274658203,122.80000305175781,123.16000366210938,115.82660675048828,16930800.0
2017-01-17,122.83999633789062,123.02999877929688,122.43000030517578,122.79000091552734,115.47865295410156,14538500.0
2017-01-18,122.97000122070312,123.16000366210938,122.66000366210938,123.04000091552734,115.71372985839844,12499700.0
2017-01-19,123.22000122070312,123.6500015258789,122.72000122070312,122.9800033569336,115.6573257446289,12710700.0
2017-01-20,123.5199966430664,123.83000183105469,122.91999816894531,123.25,115.91123962402344,22091000.0
2017-01-23,123.16999816894531,123.52999877929688,122.56999969482422,123.3499984741211,116.00528717041016,17434200.0
2017-01-24,123.58999633789062,124.37000274658203,123.37999725341797,124.18000030517578,116.78587341308594,17640900.0
2017-01-25,124.95999908447266,125.45999908447266,124.8499984741211,125.43000030517578,117.96144104003906,15036200.0
2017-01-26,125.5999984741211,125.81999969482422,125.33999633789062,125.55999755859375,118.08372497558594,16052200.0
2017-01-27,125.83000183105469,125.91999816894531,125.38999938964844,125.80000305175781,118.30941772460938,15053000.0
2017-01-30,125.37999725341797,125.37999725341797,124.12999725341797,124.81999969482422,117.38777923583984,25006700.0
2017-01-31,124.37999725341797,124.5999984741211,123.8499984741211,124.56999969482422,117.15263366699219,19091100.0
2017-02-01,125.44999694824219,125.68000030517578,124.86000061035156,125.43000030517578,117.96144104003906,22861900.0
2017-02-02,125.20999908447266,125.69999694824219,124.86000061035156,125.31999969482422,117.8580093383789,15101400.0
2017-02-03,125.44999694824219,125.80999755859375,125.33000183105469,125.68000030517578,118.1965560913086,16957200.0
2017-02-06,125.47000122070312,125.8499984741211,125.3499984741211,125.83000183105469,118.33763122558594,11630100.0
2017-02-07,126.08999633789062,126.55000305175781,125.97000122070312,126.29000091552734,118.7702407836914,17541100.0
2017-02-08,126.12000274658203,126.68000030517578,125.87999725341797,126.5,118.96772766113281,12569100.0
2017-02-09,126.62999725341797,127.23999786376953,126.55999755859375,126.95999908447266,119.40033721923828,17542700.0
2017-02-10,127.23999786376953,127.55999755859375,127.0199966430664,127.37999725341797,119.79532623291016,13915700.0
2017-02-13,127.7699966430664,128.25999450683594,127.72000122070312,128.10000610351562,120.47247314453125,19120200.0
2017-02-14,128.14999389648438,128.5399932861328,127.73999786376953,128.52999877929688,120.8768310546875,16333500.0
2017-02-15,128.44000244140625,129.35000610351562,128.3699951171875,129.2899932861328,121.59159088134766,17891400.0
2017-02-16,129.3699951171875,129.6300048828125,128.9199981689453,129.25,121.55400085449219,15098300.0
2017-02-17,129.05999755859375,129.82000732421875,129.0399932861328,129.80999755859375,122.08065032958984,15563700.0
2017-02-21,130.05999755859375,130.52999877929688,129.99000549316406,130.4499969482422,122.68253326416016,18479600.0
2017-02-22,130.3300018310547,130.58999633789062,130.11000061035156,130.5,122.72956085205078,12110900.0
2017-02-23,130.6999969482422,130.6999969482422,129.49000549316406,130.00999450683594,122.26871490478516,17489000.0
2017-02-24,129.4199981689453,130.25999450683594,129.3800048828125,130.25999450683594,122.50384521484375,18624500.0
2017-02-27,130.02000427246094,130.42999267578125,129.8000030517578,130.4199981689453,122.65434265136719,12008700.0
2017-02-28,130.38999938964844,130.4499969482422,129.66000366210938,130.02000427246094,122.27811431884766,16598600.0
2017-03-01,130.85000610351562,131.67999267578125,130.60000610351562,131.44000244140625,123.61356353759766,25813800.0
2017-03-02,131.41000366210938,131.42999267578125,130.6199951171875,130.77999877929688,122.99288177490234,19951400.0
2017-03-03,130.69000244140625,131.05999755859375,130.33999633789062,131.02000427246094,123.21861267089844,13722700.0
2017-03-06,130.58999633789062,130.9499969482422,130.2100067138672,130.72999572753906,122.94585418701172,12026200.0
2017-03-07,130.47000122070312,131.0800018310547,130.27999877929688,130.50999450683594,122.73895263671875,15500900.0
2017-03-08,130.58999633789062,131.14999389648438,130.4600067138672,130.74000549316406,122.95530700683594,15776000.0
2017-03-09,130.7100067138672,131.02000427246094,130.13999938964844,130.83999633789062,123.04928588867188,20855300.0
2017-03-10,131.44000244140625,131.60000610351562,130.82000732421875,131.38999938964844,123.56654357910156,21922600.0
2017-03-13,131.33999633789062,131.63999938964844,131.27000427246094,131.61000061035156,123.77342987060547,10731600.0
2017-03-14,131.30999755859375,131.36000061035156,130.75999450683594,131.2899932861328,123.47252655029297,14019700.0
2017-03-15,131.55999755859375,132.41000366210938,131.13999938964844,132.10000610351562,124.23426818847656,22709100.0
2017-03-16,132.35000610351562,132.35000610351562,131.7100067138672,132.00999450683594,124.14965057373047,18457300.0
2017-03-17,131.89999389648438,132.0399932861328,131.6199951171875,131.69000244140625,124.10629272460938,21234500.0
2017-03-20,131.64999389648438,132.11000061035156,131.4600067138672,131.80999755859375,124.2193832397461,10105200.0
2017-03-21,132.30999755859375,132.42999267578125,129.72999572753906,129.80999755859375,122.33454895019531,35841900.0
2017-03-22,129.85000610351562,130.82000732421875,129.67999267578125,130.69000244140625,123.16387939453125,29177900.0
2017-03-23,130.52000427246094,130.8800048828125,130.13999938964844,130.36000061035156,122.85286712646484,20311700.0
2017-03-24,130.77999877929688,131.2899932861328,130.1300048828125,130.6300048828125,123.10736083984375,22967600.0
2017-03-27,129.6999969482422,131.07000732421875,129.39999389648438,130.83999633789062,123.30522155761719,18472400.0
2017-03-28,130.83999633789062,132.02999877929688,130.5500030517578,131.63999938964844,124.05915832519531,23721900.0
2017-03-29,131.72999572753906,132.3000030517578,131.58999633789062,132.25,124.63404846191406,13710000.0
2017-03-30,132.1999969482422,132.61000061035156,132.0800018310547,132.47000122070312,124.84137725830078,16092400.0
2017-03-31,132.27999877929688,132.74000549316406,132.1300048828125,132.3800048828125,124.75653839111328,19841400.0
2017-04-03,132.49000549316406,132.80999755859375,131.55999755859375,132.3000030517578,124.68113708496094,23700300.0
2017-04-04,131.9199981689453,132.52999877929688,131.8699951171875,132.50999450683594,124.87904357910156,13400000.0
2017-04-05,132.6999969482422,133.47999572753906,131.72000122070312,131.97000122070312,124.37015533447266,32011200.0
2017-04-06,132.10000610351562,132.38999938964844,131.6999969482422,132.0399932861328,124.43611145019531,18832200.0
2017-04-07,132.0,132.3699951171875,131.5,131.97000122070312,124.37015533447266,16743100.0
2017-04-10,132.10000610351562,132.57000732421875,131.66000366210938,132.02000427246094,124.41728973388672,15619300.0
2017-04-11,131.89999389648438,132.10000610351562,130.5,131.4499969482422,123.88009643554688,33778400.0
2017-04-12,131.42999267578125,131.5399932861328,130.77999877929688,130.9199981689453,123.38062286376953,15955200.0
2017-04-13,130.74000549316406,131.50999450683594,130.3800048828125,130.39999389648438,122.89055633544922,23683000.0
2017-04-17,130.77000427246094,131.5,130.72000122070312,131.47999572753906,123.90839385986328,13325500.0
2017-04-18,131.0399932861328,131.66000366210938,130.9499969482422,131.27999877929688,123.71990966796875,12841100.0
2017-04-19,131.85000610351562,132.2899932861328,131.30999755859375,131.49000549316406,123.91781616210938,17764800.0
2017-04-20,132.02000427246094,132.8800048828125,131.82000732421875,132.58999633789062,124.95445251464844,21977900.0
2017-04-21,132.7100067138672,132.75999450683594,132.22000122070312,132.55999755859375,124.92619323730469,22454900.0
2017-04-24,134.02999877929688,134.2899932861328,133.8000030517578,134.16000366210938,126.43404388427734,22469900.0
2017-04-25,134.60000610351562,135.3699951171875,134.47999572753906,135.1300048828125,127.34817504882812,19384400.0
2017-04-26,135.17999267578125,135.50999450683594,134.86000061035156,134.94000244140625,127.16911315917969,25398500.0
2017-04-27,135.27000427246094,135.75,135.19000244140625,135.75,127.93250274658203,16136500.0
2017-04-28,136.2899932861328,136.33999633789062,135.77000427246094,135.99000549316406,128.1586456298828,22771900.0
2017-05-01,136.44000244140625,137.3800048828125,136.3800048828125,137.1999969482422,129.29898071289062,24815500.0
2017-05-02,137.3699951171875,137.49000549316406,137.02000427246094,137.42999267578125,129.51571655273438,18345100.0
2017-05-03,137.1199951171875,137.1699981689453,136.6199951171875,136.99000549316406,129.10110473632812,23827600.0
2017-05-04,136.97000122070312,137.42999267578125,136.55999755859375,137.0399932861328,129.14820861816406,14630100.0
2017-05-05,137.38999938964844,137.5399932861328,136.8800048828125,137.5399932861328,129.61936950683594,19330700.0
2017-05-08,137.61000061035156,137.83999633789062,137.3300018310547,137.83999633789062,129.90206909179688,13279900.0
2017-05-09,138.0500030517578,138.6300048828125,137.92999267578125,138.32000732421875,130.35450744628906,28426100.0
2017-05-10,138.39999389648438,138.4499969482422,137.91000366210938,138.39999389648438,130.42982482910156,20499400.0
2017-05-11,138.02000427246094,138.3300018310547,137.3800048828125,138.2899932861328,130.3262176513672,27232100.0
2017-05-12,138.35000610351562,138.6300048828125,138.22999572753906,138.60000610351562,130.61834716796875,19738600.0
2017-05-15,138.66000366210938,139.1199951171875,138.52999877929688,139.0399932861328,131.0330047607422,20481300.0
2017-05-16,139.39999389648438,139.63999938964844,138.99000549316406,139.6199951171875,131.57962036132812,21786000.0
2017-05-17,138.50999450683594,138.77000427246094,136.0500030517578,136.07000732421875,128.2340545654297,55642200.0
2017-05-18,136.02000427246094,137.72000122070312,135.8699951171875,137.25999450683594,129.3555145263672,41319900.0
2017-05-19,137.75,138.4199981689453,137.66000366210938,137.83999633789062,129.90206909179688,36730100.0
2017-05-22,138.14999389648438,139.07000732421875,138.10000610351562,139.0,130.99533081054688,19509700.0
2017-05-23,139.41000366210938,139.4199981689453,138.77999877929688,139.13999938964844,131.1272430419922,19687500.0
2017-05-24,139.55999755859375,139.85000610351562,139.1699981689453,139.77999877929688,131.73037719726562,15891900.0
2017-05-25,140.30999755859375,141.3300018310547,140.00999450683594,140.97000122070312,132.8518524169922,23928600.0
2017-05-26,141.0,141.27999877929688,140.80999755859375,141.22000122070312,133.08750915527344,13851600.0
2017-05-30,141.14999389648438,141.50999450683594,141.05999755859375,141.33999633789062,133.20059204101562,20306400.0
2017-05-31,141.83999633789062,141.83999633789062,140.57000732421875,141.2899932861328,133.15345764160156,33229400.0
2017-06-01,141.5800018310547,141.89999389648438,140.97999572753906,141.83999633789062,133.6718292236328,20120700.0
2017-06-02,142.33999633789062,143.49000549316406,142.11000061035156,143.4600067138672,135.19850158691406,37222900.0
2017-06-05,143.4499969482422,143.67999267578125,143.22999572753906,143.42999267578125,135.17018127441406,15727500.0
2017-06-06,143.25999450683594,143.72999572753906,142.64999389648438,142.86000061035156,134.6330108642578,22393000.0
2017-06-07,143.25999450683594,143.5399932861328,142.60000610351562,143.4199981689453,135.1608123779297,18842400.0
2017-06-08,143.74000549316406,143.8000030517578,142.7899932861328,143.57000732421875,135.30218505859375,25417400.0
2017-06-09,143.74000549316406,143.89999389648438,138.11000061035156,139.97999572753906,131.9188995361328,109783700.0
2017-06-12,138.8000030517578,139.47999572753906,137.47000122070312,139.22999572753906,131.21209716796875,104454000.0
2017-06-13,140.00999450683594,140.55999755859375,139.27999877929688,140.36000061035156,132.2770233154297,51193000.0
2017-06-14,140.92999267578125,140.92999267578125,138.6199951171875,139.75,131.7021484375,60093800.0
2017-06-15,138.33999633789062,139.27999877929688,137.49000549316406,139.1300048828125,131.1177978515625,55145200.0
2017-06-16,138.67999267578125,138.77999877929688,137.63999938964844,138.14999389648438,130.54898071289062,48087400.0
2017-06-19,139.49000549316406,140.58999633789062,139.27999877929688,140.4600067138672,132.73187255859375,39626500.0
2017-06-20,140.32000732421875,140.5,139.30999755859375,139.36000061035156,131.6923828125,40935100.0
2017-06-21,139.67999267578125,140.80999755859375,139.58999633789062,140.74000549316406,132.99649047851562,35743400.0
2017-06-22,140.9600067138672,141.22000122070312,140.33999633789062,140.6999969482422,132.95864868164062,24099100.0
2017-06-23,140.5399932861328,141.4199981689453,140.14999389648438,141.24000549316406,133.46897888183594,21654300.0
2017-06-26,142.0500030517578,142.2899932861328,140.27000427246094,140.5800018310547,132.8452606201172,34411100.0
2017-06-27,140.0500030517578,140.22000122070312,138.02000427246094,138.02999877929688,130.43553161621094,65957800.0
2017-06-28,138.5399932861328,140.13999938964844,137.74000549316406,140.02000427246094,132.31613159179688,57427200.0
2017-06-29,139.44000244140625,139.44000244140625,136.25,137.58999633789062,130.01979064941406,88769400.0
2017-06-30,137.97999572753906,138.6699981689453,137.19000244140625,137.63999938964844,130.0670166015625,68898300.0
2017-07-03,138.27000427246094,138.42999267578125,136.10000610351562,136.19000244140625,128.69680786132812,32797000.0
2017-07-05,136.6199951171875,137.89999389648438,136.16000366210938,137.52999877929688,129.96311950683594,42116600.0
2017-07-06,136.47999572753906,137.05999755859375,135.8000030517578,136.2899932861328,128.7913055419922,48430500.0
2017-07-07,136.75,138.1300048828125,136.74000549316406,137.75999450683594,130.1803741455078,36970400.0
2017-07-10,137.85000610351562,138.99000549316406,137.5,138.66000366210938,131.03086853027344,24853500.0
2017-07-11,138.4600067138672,139.22000122070312,137.94000244140625,139.0500030517578,131.39944458007812,31517700.0
2017-07-12,140.24000549316406,140.86000061035156,139.9600067138672,140.6999969482422,132.95864868164062,36045800.0
2017-07-13,140.8699951171875,141.35000610351562,140.60000610351562,141.00999450683594,133.2515869140625,31073600.0
2017-07-14,141.63999938964844,142.3000030517578,141.19000244140625,142.1199951171875,134.30055236816406,34544800.0
2017-07-17,142.27000427246094,142.69000244140625,141.9199981689453,142.19000244140625,134.36671447753906,25343200.0
2017-07-18,142.08999633789062,143.1699981689453,141.63999938964844,143.13999938964844,135.264404296875,25748500.0
2017-07-19,143.55999755859375,144.19000244140625,143.5,143.97999572753906,136.05819702148438,33752300.0
2017-07-20,144.35000610351562,144.44000244140625,143.52000427246094,144.1699981689453,136.2377471923828,36139400.0
2017-07-21,143.63999938964844,144.11000061035156,143.35000610351562,144.11000061035156,136.18104553222656,39697100.0
2017-07-24,144.08999633789062,144.8699951171875,143.9199981689453,144.77000427246094,136.8047332763672,26712700.0
2017-07-25,144.2899932861328,144.74000549316406,144.00999450683594,144.39999389648438,136.455078125,28120900.0
2017-07-26,144.75999450683594,144.9499969482422,144.52999877929688,144.8699951171875,136.89927673339844,18610600.0
2017-07-27,145.82000732421875,145.9600067138672,142.3000030517578,143.9600067138672,136.03932189941406,80665900.0
2017-07-28,143.10000610351562,144.0800018310547,142.8699951171875,143.83999633789062,135.9259033203125,38013200.0
2017-07-31,144.25,144.42999267578125,142.9199981689453,143.22999572753906,135.34945678710938,33848600.0
2017-08-01,143.72000122070312,143.75999450683594,143.1199951171875,143.55999755859375,135.66127014160156,20149400.0
2017-08-02,144.49000549316406,144.52000427246094,142.61000061035156,143.9499969482422,136.02987670898438,41769700.0
2017-08-03,144.08999633789062,144.1699981689453,143.1300048828125,143.38999938964844,135.50067138671875,27112800.0
2017-08-04,143.7100067138672,143.97000122070312,143.05999755859375,143.64999389648438,135.74632263183594,29472900.0
2017-08-07,143.91000366210938,144.55999755859375,143.7100067138672,144.55999755859375,136.60629272460938,17933900.0
2017-08-08,144.27999877929688,145.47000122070312,143.89999389648438,144.30999755859375,136.37002563476562,30810400.0
2017-08-09,143.1199951171875,144.19000244140625,142.7899932861328,144.1199951171875,136.1904296875,36169500.0
2017-08-10,143.3000030517578,143.39999389648438,140.88999938964844,141.02999877929688,133.27049255371094,63331700.0
2017-08-11,141.22000122070312,142.41000366210938,140.89999389648438,142.10000610351562,134.28167724609375,45862500.0
2017-08-14,143.22999572753906,144.14999389648438,143.19000244140625,143.92999267578125,136.01097106933594,34161000.0
2017-08-15,144.2899932861328,144.3000030517578,143.63999938964844,144.02999877929688,136.10545349121094,25509200.0
2017-08-16,144.38999938964844,144.9600067138672,143.8000030517578,144.27999877929688,136.3416748046875,31913000.0
2017-08-17,143.72000122070312,143.94000244140625,141.3300018310547,141.3300018310547,133.55398559570312,70191000.0
2017-08-18,141.41000366210938,142.1999969482422,140.64999389648438,141.22999572753906,133.4595184326172,60751900.0
2017-08-21,141.22000122070312,141.52999877929688,140.17999267578125,141.0500030517578,133.2894287109375,37111500.0
2017-08-22,141.80999755859375,143.35000610351562,141.75999450683594,143.1999969482422,135.32110595703125,36294200.0
2017-08-23,142.47999572753906,143.00999450683594,142.3800048828125,142.69000244140625,134.83917236328125,25702300.0
2017-08-24,143.00999450683594,143.1699981689453,141.47000122070312,142.27000427246094,134.4422607421875,38160800.0
2017-08-25,142.82000732421875,143.17999267578125,141.77999877929688,141.97000122070312,134.15879821777344,26380400.0
2017-08-28,142.39999389648438,142.74000549316406,141.9499969482422,142.41000366210938,134.5745849609375,15362100.0
2017-08-29,141.19000244140625,143.2100067138672,141.05999755859375,142.97000122070312,135.10379028320312,24498300.0
2017-08-30,143.08999633789062,144.88999938964844,143.0,144.64999389648438,136.69134521484375,33642700.0
2017-08-31,145.05999755859375,146.2100067138672,144.97999572753906,146.1999969482422,138.1560821533203,38480700.0
2017-09-01,146.38999938964844,146.58999633789062,145.61000061035156,146.0,137.96705627441406,22293600.0
2017-09-05,145.57000732421875,145.8800048828125,143.60000610351562,144.69000244140625,136.72911071777344,44794300.0
2017-09-06,145.05999755859375,145.4600067138672,144.0800018310547,145.1300048828125,137.14492797851562,30722700.0
2017-09-07,145.39999389648438,145.83999633789062,144.94000244140625,145.47000122070312,137.46627807617188,22721100.0
2017-09-08,145.27999877929688,145.35000610351562,144.05999755859375,144.2100067138672,136.27557373046875,27890100.0
2017-09-11,145.33999633789062,146.1199951171875,145.3000030517578,145.8699951171875,137.84422302246094,27126300.0
2017-09-12,146.27999877929688,146.41000366210938,145.52999877929688,146.22000122070312,138.17495727539062,30256700.0
2017-09-13,145.97000122070312,146.44000244140625,145.72999572753906,146.4199981689453,138.3639373779297,28450900.0
2017-09-14,145.85000610351562,146.2899932861328,145.47000122070312,145.55999755859375,137.55126953125,35296400.0
2017-09-15,145.52999877929688,146.58999633789062,145.2899932861328,146.05999755859375,138.0237579345703,46422400.0
2017-09-18,145.91000366210938,146.3699951171875,145.11000061035156,145.5500030517578,137.8428497314453,24858200.0
2017-09-19,145.80999755859375,146.00999450683594,145.30999755859375,145.8000030517578,138.07962036132812,20871200.0
2017-09-20,145.75,145.91000366210938,144.22999572753906,145.35000610351562,137.65347290039062,34236200.0
2017-09-21,145.25,145.25999450683594,143.9499969482422,144.4600067138672,136.81056213378906,28841800.0
2017-09-22,144.0,144.52999877929688,143.85000610351562,144.32000732421875,136.67796325683594,21702400.0
2017-09-25,143.75,143.8300018310547,142.10000610351562,142.8000030517578,135.23851013183594,54947700.0
2017-09-26,143.52999877929688,143.8000030517578,142.6699981689453,143.1699981689453,135.58889770507812,29628800.0
2017-09-27,143.92999267578125,145.0,143.57000732421875,144.4600067138672,136.81056213378906,33249400.0
2017-09-28,144.11000061035156,144.55999755859375,143.77999877929688,144.41000366210938,136.76319885253906,24149400.0
2017-09-29,144.6999969482422,145.55999755859375,144.32000732421875,145.4499969482422,137.74813842773438,43102400.0
2017-10-02,145.6699981689453,146.1699981689453,144.92999267578125,145.5800018310547,137.87130737304688,27351300.0
2017-10-03,145.77000427246094,146.05999755859375,145.4499969482422,145.88999938964844,138.16485595703125,19715200.0
2017-10-04,145.61000061035156,146.33999633789062,145.47000122070312,146.02999877929688,138.2974395751953,26381100.0
2017-10-05,146.55999755859375,147.5399932861328,146.41000366210938,147.4600067138672,139.65171813964844,31562400.0
2017-10-06,146.9600067138672,147.66000366210938,146.9600067138672,147.66000366210938,139.8411407470703,23561100.0
2017-10-09,147.85000610351562,148.00999450683594,147.3000030517578,147.49000549316406,139.68016052246094,13704800.0
2017-10-10,147.99000549316406,148.13999938964844,146.9499969482422,147.60000610351562,139.78433227539062,19223100.0
2017-10-11,147.52999877929688,148.07000732421875,147.33999633789062,148.0399932861328,140.20106506347656,12439100.0
2017-10-12,147.82000732421875,148.35000610351562,147.6199951171875,147.77000427246094,139.9453125,14513500.0
2017-10-13,148.3699951171875,148.50999450683594,147.77999877929688,148.33999633789062,140.48512268066406,18409900.0
2017-10-16,148.7100067138672,148.88999938964844,148.38999938964844,148.85000610351562,140.96812438964844,21809400.0
2017-10-17,148.8000030517578,149.05999755859375,148.57000732421875,149.0399932861328,141.1480712890625,13138200.0
2017-10-18,149.19000244140625,149.2100067138672,148.63999938964844,148.86000061035156,140.9776611328125,17218200.0
2017-10-19,147.99000549316406,148.3300018310547,147.27000427246094,148.30999755859375,140.4566650390625,27680300.0
2017-10-20,148.91000366210938,149.0399932861328,148.52999877929688,148.7100067138672,140.83555603027344,30173300.0
2017-10-23,149.02000427246094,149.02999877929688,147.52999877929688,147.74000549316406,139.9169158935547,29297100.0
2017-10-24,148.02999877929688,148.3000030517578,147.44000244140625,147.99000549316406,140.15367126464844,20289500.0
2017-10-25,147.6999969482422,148.17999267578125,146.3300018310547,147.42999267578125,139.6233367919922,36179100.0
2017-10-26,147.33999633789062,147.7100067138672,146.9199981689453,146.9600067138672,139.17823791503906,28230200.0
2017-10-27,149.42999267578125,151.52000427246094,149.1999969482422,151.24000549316406,143.23158264160156,60165100.0
2017-10-30,151.1300048828125,152.19000244140625,150.99000549316406,151.5800018310547,143.55357360839844,31733400.0
2017-10-31,152.07000732421875,152.3699951171875,151.6300048828125,152.14999389648438,144.09339904785156,26319300.0
2017-11-01,152.75999450683594,152.8300018310547,151.5,152.10000610351562,144.04605102539062,29481600.0
2017-11-02,151.92999267578125,151.99000549316406,150.77000427246094,151.80999755859375,143.77137756347656,31017400.0
2017-11-03,152.36000061035156,153.2899932861328,151.83999633789062,153.27000427246094,145.15406799316406,26199200.0
2017-11-06,153.14999389648438,153.85000610351562,153.10000610351562,153.7899932861328,145.64654541015625,28693900.0
2017-11-07,153.6699981689453,154.0800018310547,153.33999633789062,153.8800048828125,145.73179626464844,21333100.0
2017-11-08,153.8000030517578,154.5399932861328,153.6199951171875,154.5,146.3189239501953,17373500.0
2017-11-09,153.22999572753906,153.77000427246094,152.11000061035156,153.69000244140625,145.55186462402344,40594500.0
2017-11-10,153.3300018310547,153.8000030517578,153.05999755859375,153.67999267578125,145.5423583984375,20150800.0
2017-11-13,153.10000610351562,154.07000732421875,153.10000610351562,153.8699951171875,145.7223358154297,12522400.0
2017-11-14,153.3300018310547,153.5,152.57000732421875,153.30999755859375,145.19195556640625,25173800.0
2017-11-15,152.64999389648438,153.0,151.77999877929688,152.58999633789062,144.5100860595703,24808000.0
2017-11-16,153.36000061035156,154.88999938964844,153.3300018310547,154.5399932861328,146.3568115234375,34790600.0
2017-11-17,154.5800018310547,154.69000244140625,153.8000030517578,153.9499969482422,145.798095703125,28725800.0
2017-11-20,154.05999755859375,154.1999969482422,153.61000061035156,153.8300018310547,145.68443298339844,21143900.0
2017-11-21,154.55999755859375,155.57000732421875,154.49000549316406,155.5,147.26600646972656,20147800.0
2017-11-22,155.63999938964844,155.83999633789062,155.33999633789062,155.69000244140625,147.44595336914062,17299000.0
2017-11-24,155.85000610351562,156.30999755859375,155.75999450683594,156.25999450683594,147.9857940673828,8280600.0
2017-11-27,156.2100067138672,156.55999755859375,155.8300018310547,156.19000244140625,147.9194793701172,22653400.0
2017-11-28,156.5399932861328,156.69000244140625,155.6999969482422,156.58999633789062,148.2982940673828,25227300.0
2017-11-29,156.41000366210938,156.4499969482422,153.1199951171875,153.86000061035156,145.7128448486328,71986300.0
2017-11-30,154.50999450683594,155.4499969482422,154.14999389648438,155.14999389648438,146.9345245361328,56595500.0
2017-12-01,154.1999969482422,155.24000549316406,152.25999450683594,154.49000549316406,146.3095245361328,59015800.0
2017-12-04,155.4600067138672,155.6300048828125,152.55999755859375,152.7100067138672,144.62376403808594,51319100.0
2017-12-05,152.67999267578125,154.5500030517578,152.10000610351562,152.80999755859375,144.71844482421875,40604200.0
2017-12-06,152.24000549316406,153.74000549316406,152.05999755859375,153.5,145.3719024658203,28647800.0
2017-12-07,153.49000549316406,154.4600067138672,153.3300018310547,154.02000427246094,145.86436462402344,32666200.0
2017-12-08,155.14999389648438,155.52999877929688,154.4600067138672,154.6999969482422,146.50836181640625,28081700.0
2017-12-11,154.77000427246094,155.9499969482422,154.75999450683594,155.89999389648438,147.64480590820312,20821500.0
2017-12-12,155.8300018310547,156.14999389648438,155.36000061035156,155.69000244140625,147.44595336914062,20310300.0
2017-12-13,156.32000732421875,156.49000549316406,155.75999450683594,155.99000549316406,147.73008728027344,24418500.0
2017-12-14,156.25999450683594,156.66000366210938,155.7100067138672,155.8800048828125,147.62588500976562,24594700.0
2017-12-15,156.49000549316406,157.82000732421875,156.22999572753906,157.64999389648438,149.30215454101562,49816200.0
2017-12-18,158.36000061035156,158.77000427246094,158.07000732421875,158.63999938964844,150.55392456054688,26844500.0
2017-12-19,158.33999633789062,158.5,157.25999450683594,157.6999969482422,149.6618194580078,31415000.0
2017-12-20,158.25,158.27999877929688,156.91000366210938,157.52999877929688,149.50051879882812,38972600.0
2017-12-21,157.75,158.25,157.3699951171875,157.5500030517578,149.5194854736328,18638700.0
2017-12-22,157.30999755859375,157.42999267578125,156.9499969482422,157.3699951171875,149.34866333007812,23330400.0
2017-12-26,156.49000549316406,156.72000122070312,155.9499969482422,156.52000427246094,148.54197692871094,21918700.0
2017-12-27,156.52999877929688,156.9600067138672,156.38999938964844,156.5399932861328,148.56092834472656,22388200.0
2017-12-28,157.0399932861328,157.07000732421875,156.5399932861328,156.72999572753906,148.7412567138672,25393800.0
2017-12-29,156.8699951171875,156.89999389648438,155.6999969482422,155.75999450683594,147.82073974609375,33186000.0
2018-01-02,156.55999755859375,158.52999877929688,156.1699981689453,158.49000549316406,150.4115447998047,32573300.0
2018-01-03,158.63999938964844,160.1699981689453,158.61000061035156,160.02999877929688,151.87303161621094,29383600.0
2018-01-04,160.5800018310547,160.7899932861328,160.0800018310547,160.30999755859375,152.1387481689453,24776100.0
2018-01-05,161.07000732421875,162.02999877929688,160.77000427246094,161.9199981689453,153.666748046875,26992300.0
2018-01-08,161.9199981689453,162.6300048828125,161.86000061035156,162.5500030517578,154.2646484375,23159100.0
2018-01-09,162.8699951171875,163.0399932861328,162.07000732421875,162.55999755859375,154.2740936279297,24782400.0
2018-01-10,161.83999633789062,162.2100067138672,161.1199951171875,162.17999267578125,153.91346740722656,34004000.0
2018-01-11,162.4600067138672,163.3000030517578,162.2100067138672,163.2899932861328,154.96685791015625,20473500.0
2018-01-12,163.14999389648438,164.66000366210938,162.94000244140625,164.49000549316406,156.10574340820312,37762700.0
2018-01-16,165.5800018310547,166.4199981689453,163.52999877929688,164.02000427246094,155.6597442626953,41231800.0
2018-01-17,164.8000030517578,166.0399932861328,164.0,165.7899932861328,157.33949279785156,33849900.0
2018-01-18,165.52999877929688,166.1999969482422,165.13999938964844,165.82000732421875,157.36801147460938,26432200.0
2018-01-19,166.30999755859375,166.61000061035156,165.5399932861328,166.33999633789062,157.8614501953125,38937600.0
2018-01-22,166.27999877929688,168.1199951171875,166.08999633789062,168.1199951171875,159.55068969726562,26081400.0
2018-01-23,168.63999938964844,169.66000366210938,168.55999755859375,169.50999450683594,160.869873046875,37989700.0
2018-01-24,169.8699951171875,170.24000549316406,167.44000244140625,168.41000366210938,159.82594299316406,54287400.0
2018-01-25,169.57000732421875,169.6300048828125,167.80999755859375,168.35000610351562,159.76898193359375,28925000.0
2018-01-26,169.2899932861328,170.9499969482422,168.9600067138672,170.92999267578125,162.21743774414062,32038200.0
2018-01-29,170.57000732421875,170.91000366210938,169.74000549316406,170.10000610351562,161.42979431152344,37277800.0
2018-01-30,168.5500030517578,169.4199981689453,167.82000732421875,168.6999969482422,160.10113525390625,44987700.0
2018-01-31,169.64999389648438,169.99000549316406,168.33999633789062,169.39999389648438,160.7654266357422,42449200.0
2018-02-01,168.10000610351562,169.72999572753906,167.4199981689453,167.9600067138672,159.39889526367188,38037900.0
2018-02-02,167.3000030517578,167.6999969482422,164.47000122070312,164.61000061035156,156.21963500976562,68478100.0
2018-02-05,163.07000732421875,165.75,158.0,158.1199951171875,150.06044006347656,105372200.0
2018-02-06,155.80999755859375,162.50999450683594,155.10000610351562,162.30999755859375,154.036865234375,118537900.0
2018-02-07,161.7899932861328,163.5500030517578,160.1999969482422,160.2100067138672,152.04393005371094,91028300.0
2018-02-08,160.6199951171875,160.8000030517578,153.4499969482422,153.4499969482422,145.62843322753906,94184800.0
2018-02-09,155.6199951171875,157.24000549316406,150.1300048828125,156.10000610351562,148.1433868408203,113836600.0
2018-02-12,157.6999969482422,159.9499969482422,156.4600067138672,158.8699951171875,150.77215576171875,63050600.0
2018-02-13,157.9600067138672,160.00999450683594,157.72000122070312,159.69000244140625,151.55039978027344,31785600.0
2018-02-14,158.75,162.92999267578125,158.0,162.67999267578125,154.38795471191406,52107400.0
2018-02-15,164.13999938964844,165.6999969482422,162.44000244140625,165.6999969482422,157.2540740966797,51633900.0
2018-02-16,165.16000366210938,166.75999450683594,164.67999267578125,164.9600067138672,156.55178833007812,62256300.0
2018-02-20,164.3800048828125,166.67999267578125,164.30999755859375,165.2899932861328,156.86492919921875,36785600.0
2018-02-21,166.10000610351562,167.72000122070312,164.72000122070312,164.82000732421875,156.4188995361328,41161800.0
2018-02-22,165.5399932861328,166.4199981689453,164.3800048828125,164.8000030517578,156.39993286132812,37074400.0
2018-02-23,166.1300048828125,168.1699981689453,165.4499969482422,168.1699981689453,159.59814453125,50096900.0
2018-02-26,168.9600067138672,170.39999389648438,168.82000732421875,170.39999389648438,161.7145233154297,39266700.0
2018-02-27,170.4499969482422,170.72999572753906,168.2100067138672,168.2899932861328,159.71200561523438,42209900.0
2018-02-28,169.25,169.8000030517578,167.10000610351562,167.2100067138672,158.6870880126953,42936300.0
2018-03-01,167.3000030517578,168.07000732421875,163.0,164.47999572753906,156.09622192382812,76809900.0
2018-03-02,162.5,166.27999877929688,161.9600067138672,165.99000549316406,157.5292510986328,57445100.0
2018-03-05,165.2100067138672,168.25999450683594,164.58999633789062,167.8300018310547,159.27549743652344,38540200.0
2018-03-06,168.64999389648438,169.11000061035156,167.47999572753906,168.5399932861328,159.94932556152344,29480900.0
2018-03-07,167.25,169.07000732421875,166.9600067138672,168.92999267578125,160.31942749023438,34609400.0
2018-03-08,169.6300048828125,169.97999572753906,168.9499969482422,169.86000061035156,161.2020263671875,25828400.0
2018-03-09,171.07000732421875,173.16000366210938,170.82000732421875,173.16000366210938,164.3338165283203,38310500.0
2018-03-12,173.6699981689453,174.47999572753906,173.27999877929688,174.0800018310547,165.2069091796875,37635000.0
2018-03-13,174.47999572753906,175.2100067138672,171.27000427246094,171.7100067138672,162.95773315429688,55638900.0
2018-03-14,172.61000061035156,172.74000549316406,170.92999267578125,171.67999267578125,162.92926025390625,40536400.0
2018-03-15,171.8000030517578,172.52999877929688,170.89999389648438,171.52999877929688,162.78692626953125,28810400.0
2018-03-16,171.82000732421875,172.1999969482422,170.94000244140625,171.02000427246094,162.3028564453125,31176700.0
2018-03-19,169.10000610351562,169.22000122070312,165.63999938964844,167.10000610351562,158.8399200439453,71395100.0
2018-03-20,167.1699981689453,168.0399932861328,166.61000061035156,167.64999389648438,159.36280822753906,34075700.0
2018-03-21,167.2100067138672,168.75999450683594,166.19000244140625,166.9199981689453,158.6688690185547,43863500.0
2018-03-22,164.61000061035156,165.77000427246094,162.58999633789062,162.8000030517578,154.75254821777344,66607300.0
2018-03-23,162.61000061035156,163.3000030517578,158.42999267578125,158.50999450683594,150.6746368408203,80110400.0
2018-03-26,161.72000122070312,164.60000610351562,159.16000366210938,164.39999389648438,156.2734375,57481500.0
2018-03-27,165.6199951171875,165.6199951171875,157.67999267578125,159.0800018310547,151.2164764404297,78889100.0
2018-03-28,158.1699981689453,159.77999877929688,156.0399932861328,157.25,149.47682189941406,89369700.0
2018-03-29,158.10000610351562,161.7100067138672,156.6300048828125,160.1300048828125,152.2145233154297,68692600.0
2018-04-02,158.99000549316406,159.74000549316406,153.8800048828125,155.50999450683594,147.82290649414062,85549400.0
2018-04-03,156.8699951171875,157.9199981689453,154.44000244140625,157.25999450683594,149.48638916015625,64090000.0
2018-04-04,154.22000122070312,160.22999572753906,154.0399932861328,159.74000549316406,151.84378051757812,65768700.0
2018-04-05,161.3300018310547,161.5800018310547,159.47999572753906,160.64999389648438,152.7088165283203,43054900.0
2018-04-06,158.8800048828125,160.4600067138672,155.8800048828125,156.6300048828125,148.88751220703125,59870900.0
2018-04-09,157.97999572753906,160.8800048828125,157.4600067138672,157.72999572753906,149.9331512451172,41810400.0
2018-04-10,160.2100067138672,161.72999572753906,159.07000732421875,161.2100067138672,153.24114990234375,48296800.0
2018-04-11,160.1999969482422,162.0,160.10000610351562,160.27999877929688,152.3570556640625,41622100.0
2018-04-12,161.25,162.77000427246094,161.16000366210938,162.2100067138672,154.19171142578125,30467900.0
2018-04-13,163.02000427246094,163.25999450683594,160.6699981689453,161.3699951171875,153.39321899414062,44604900.0
2018-04-16,162.5,163.19000244140625,161.47999572753906,162.60000610351562,154.56243896484375,28180800.0
2018-04-17,164.24000549316406,166.4600067138672,163.91000366210938,166.10000610351562,157.88941955566406,35536100.0
2018-04-18,166.10000610351562,167.0,165.30999755859375,166.44000244140625,158.2126007080078,29573900.0
2018-04-19,165.60000610351562,165.99000549316406,164.33999633789062,164.91000366210938,156.75823974609375,34705700.0
2018-04-20,164.49000549316406,164.61000061035156,161.72999572753906,162.3000030517578,154.27723693847656,49197100.0
2018-04-23,163.08999633789062,163.72999572753906,161.02000427246094,161.88999938964844,153.8875274658203,33040600.0
2018-04-24,162.66000366210938,162.91000366210938,157.38999938964844,158.4600067138672,150.62709045410156,70256800.0
2018-04-25,158.74000549316406,159.30999755859375,156.47000122070312,158.64999389648438,150.8076934814453,52089300.0
2018-04-26,160.6999969482422,162.52999877929688,160.17999267578125,161.99000549316406,153.98257446289062,43005500.0
2018-04-27,164.3699951171875,164.41000366210938,161.1699981689453,162.08999633789062,154.07760620117188,51043400.0
2018-04-30,162.47000122070312,163.47999572753906,160.5399932861328,160.94000244140625,152.9844512939453,35615300.0
2018-05-01,160.52000427246094,162.8000030517578,160.13999938964844,162.77999877929688,154.7335205078125,36513500.0
2018-05-02,163.05999755859375,163.57000732421875,161.6300048828125,161.82000732421875,153.82098388671875,38646800.0
2018-05-03,161.0,162.39999389648438,159.22000122070312,161.8000030517578,153.80197143554688,60337100.0
2018-05-04,161.10000610351562,165.25,160.97999572753906,164.8699951171875,156.72019958496094,41543200.0
2018-05-07,165.63999938964844,166.77999877929688,165.50999450683594,166.24000549316406,158.02247619628906,32500200.0
2018-05-08,165.88999938964844,166.42999267578125,164.86000061035156,166.07000732421875,157.86090087890625,26040200.0
2018-05-09,166.3699951171875,168.0,165.77999877929688,167.8800048828125,159.5814208984375,29122700.0
2018-05-10,168.4199981689453,169.74000549316406,168.2899932861328,169.6199951171875,161.2353973388672,27067600.0
2018-05-11,169.4199981689453,169.86000061035156,168.72000122070312,169.4600067138672,161.0832977294922,24688800.0
2018-05-14,169.85000610351562,170.82000732421875,169.47000122070312,169.75,161.35897827148438,21821700.0
2018-05-15,168.41000366210938,168.5,166.97999572753906,167.8699951171875,159.5718994140625,49361600.0
2018-05-16,168.08999633789062,169.3699951171875,168.00999450683594,168.97999572753906,160.6269989013672,22941200.0
2018-05-17,168.38999938964844,169.61000061035156,167.50999450683594,168.3300018310547,160.00914001464844,27480200.0
2018-05-18,167.67999267578125,168.25999450683594,167.2100067138672,167.4600067138672,159.18212890625,26217900.0
2018-05-21,168.75999450683594,169.5,167.67999267578125,168.39999389648438,160.07569885253906,22954600.0
2018-05-22,169.1699981689453,169.4499969482422,167.8800048828125,168.17999267578125,159.8665771484375,19477700.0
2018-05-23,166.89999389648438,169.6199951171875,166.8800048828125,169.60000610351562,161.21640014648438,26557800.0
2018-05-24,169.5500030517578,169.85000610351562,167.83999633789062,169.5500030517578,161.16885375976562,27696500.0
2018-05-25,169.52999877929688,170.3300018310547,169.2100067138672,169.72000122070312,161.33050537109375,27460500.0
2018-05-29,168.9499969482422,169.9199981689453,167.9600067138672,168.97000122070312,160.61753845214844,41220500.0
2018-05-30,169.5800018310547,170.47999572753906,169.22000122070312,170.17999267578125,161.7677001953125,22665800.0
2018-05-31,170.17999267578125,171.1999969482422,169.6300048828125,170.07000732421875,161.6631622314453,35670900.0
2018-06-01,170.9199981689453,172.83999633789062,170.8699951171875,172.74000549316406,164.201171875,45543300.0
2018-06-04,173.17999267578125,174.33999633789062,173.07000732421875,174.3000030517578,165.68409729003906,20459600.0
2018-06-05,174.7100067138672,175.1300048828125,174.07000732421875,174.83999633789062,166.1973876953125,24779300.0
2018-06-06,175.02000427246094,175.88999938964844,174.13999938964844,175.86000061035156,167.16697692871094,25036600.0
2018-06-07,175.88999938964844,175.92999267578125,173.5500030517578,174.42999267578125,165.80758666992188,39600300.0
2018-06-08,173.61000061035156,174.8800048828125,173.17999267578125,174.44000244140625,165.817138671875,31780300.0
2018-06-11,174.30999755859375,175.33999633789062,174.27999877929688,174.91000366210938,166.263916015625,22319700.0
2018-06-12,175.14999389648438,176.0,174.9600067138672,175.8300018310547,167.138427734375,22511800.0
2018-06-13,176.10000610351562,177.13999938964844,175.42999267578125,175.82000732421875,167.12890625,37858600.0
2018-06-14,176.6300048828125,177.88999938964844,176.5,177.60000610351562,168.8209991455078,35916000.0
2018-06-15,176.92999267578125,177.3300018310547,176.11000061035156,176.97999572753906,168.23158264160156,49615700.0
2018-06-18,175.49000549316406,176.64999389648438,174.94000244140625,176.5,168.1344451904297,31633200.0
2018-06-19,174.27000427246094,176.0399932861328,173.7100067138672,176.0,167.6581268310547,38236000.0
2018-06-20,176.80999755859375,177.97999572753906,176.64999389648438,177.25,168.848876953125,33038000.0
2018-06-21,177.6999969482422,177.8800048828125,175.3699951171875,175.7100067138672,167.38186645507812,43469400.0
2018-06-22,176.3000030517578,176.3699951171875,174.69000244140625,175.32000732421875,167.01034545898438,30073200.0
2018-06-25,173.72999572753906,173.99000549316406,169.80999755859375,171.3699951171875,163.24755859375,77799700.0
2018-06-26,172.0,173.05999755859375,171.3699951171875,172.07000732421875,163.91441345214844,39008100.0
2018-06-27,172.8000030517578,173.5800018310547,169.61000061035156,169.72999572753906,161.6852569580078,52843500.0
2018-06-28,169.52000427246094,171.77000427246094,169.1699981689453,171.19000244140625,163.07608032226562,46407700.0
2018-06-29,172.00999450683594,172.9199981689453,171.39999389648438,171.64999389648438,163.51426696777344,36408500.0
2018-07-02,170.0399932861328,172.85000610351562,169.6699981689453,172.8000030517578,164.60980224609375,31770000.0
2018-07-03,173.4499969482422,173.4499969482422,170.6300048828125,170.8000030517578,162.70462036132812,25512700.0
2018-07-05,171.91000366210938,173.05999755859375,171.02999877929688,172.9199981689453,164.72409057617188,31626200.0
2018-07-06,173.32000732421875,175.74000549316406,173.0,175.61000061035156,167.28659057617188,37005600.0
2018-07-09,176.52000427246094,177.22999572753906,175.82000732421875,177.19000244140625,168.79171752929688,27362100.0
2018-07-10,177.52000427246094,177.72000122070312,176.7100067138672,177.32000732421875,168.9155731201172,23902500.0
2018-07-11,175.92999267578125,177.07000732421875,175.8000030517578,176.4199981689453,168.05824279785156,30280600.0
2018-07-12,177.1999969482422,179.4600067138672,177.0800018310547,179.4600067138672,170.95413208007812,27930100.0
2018-07-13,179.4499969482422,179.89999389648438,178.9499969482422,179.61000061035156,171.09698486328125,28049800.0
2018-07-16,179.64999389648438,179.9499969482422,178.8800048828125,179.17999267578125,170.68736267089844,21405300.0
2018-07-17,177.27999877929688,180.64999389648438,177.27999877929688,180.27000427246094,171.72572326660156,31034100.0
2018-07-18,180.2899932861328,180.44000244140625,179.3800048828125,179.92999267578125,171.40184020996094,23220800.0
2018-07-19,179.27999877929688,179.8800048828125,178.82000732421875,179.02999877929688,170.54452514648438,31094100.0
2018-07-20,179.57000732421875,180.1699981689453,178.7899932861328,178.99000549316406,170.5064239501953,35897300.0
2018-07-23,178.4600067138672,179.63999938964844,177.74000549316406,179.55999755859375,171.0493927001953,22184700.0
2018-07-24,181.41000366210938,182.0500030517578,179.55999755859375,180.3000030517578,171.75430297851562,36900300.0
2018-07-25,180.3800048828125,182.92999267578125,180.2899932861328,182.82000732421875,174.15487670898438,35026600.0
2018-07-26,180.33999633789062,180.9199981689453,179.80999755859375,180.0500030517578,171.5161590576172,40873500.0
2018-07-27,181.19000244140625,181.30999755859375,176.60000610351562,177.6199951171875,169.2013397216797,59456100.0
2018-07-30,177.6300048828125,177.72999572753906,174.27000427246094,175.11000061035156,166.81028747558594,60193000.0
2018-07-31,175.8000030517578,177.1300048828125,174.82000732421875,176.4499969482422,168.08676147460938,47285100.0
2018-08-01,176.86000061035156,177.64999389648438,176.10000610351562,177.1199951171875,168.7250213623047,37101900.0
2018-08-02,175.8699951171875,179.74000549316406,175.7899932861328,179.52999877929688,171.02078247070312,47178200.0
2018-08-03,179.8699951171875,180.08999633789062,179.0800018310547,180.0800018310547,171.5447235107422,28934400.0
2018-08-06,179.9600067138672,181.19000244140625,179.74000549316406,181.13999938964844,172.55447387695312,24808800.0
2018-08-07,181.64999389648438,182.13999938964844,181.25999450683594,181.8000030517578,173.18316650390625,29895700.0
2018-08-08,181.5500030517578,182.35000610351562,181.05999755859375,182.02000427246094,173.3927764892578,22680700.0
2018-08-09,181.91000366210938,182.6300048828125,181.63999938964844,181.91000366210938,173.28799438476562,18852900.0
2018-08-10,180.67999267578125,181.22000122070312,179.83999633789062,180.52000427246094,171.9639129638672,33818500.0
2018-08-13,180.85000610351562,182.00999450683594,180.24000549316406,180.32000732421875,171.77337646484375,26089200.0
2018-08-14,181.00999450683594,181.66000366210938,180.0399932861328,181.4499969482422,172.84979248046875,20913000.0
2018-08-15,180.00999450683594,180.5800018310547,178.1199951171875,179.22999572753906,170.7349853515625,58528000.0
2018-08-16,180.61000061035156,180.99000549316406,179.47000122070312,179.82000732421875,171.29705810546875,27711800.0
2018-08-17,179.35000610351562,180.30999755859375,178.27000427246094,179.86000061035156,171.33517456054688,36092600.0
2018-08-20,180.25999450683594,180.3300018310547,179.0,179.6999969482422,171.18276977539062,24939000.0
2018-08-21,180.24000549316406,181.44000244140625,180.1300048828125,180.36000061035156,171.81141662597656,26258700.0
2018-08-22,179.97999572753906,181.27000427246094,179.75,181.05999755859375,172.47828674316406,18042400.0
2018-08-23,180.74000549316406,182.0500030517578,180.5,180.8000030517578,172.23057556152344,25776200.0
2018-08-24,181.39999389648438,182.6300048828125,181.36000061035156,182.47999572753906,173.83102416992188,23136100.0
2018-08-27,183.39999389648438,184.33999633789062,183.11000061035156,184.33999633789062,175.60281372070312,29343600.0
2018-08-28,184.8300018310547,185.02000427246094,184.22000122070312,184.61000061035156,175.8600311279297,20277000.0
2018-08-29,184.92999267578125,186.83999633789062,184.86000061035156,186.74000549316406,177.8890838623047,29175600.0
2018-08-30,186.3800048828125,187.52000427246094,185.7899932861328,186.41000366210938,177.57470703125,29315500.0
2018-08-31,186.17999267578125,187.17999267578125,185.97999572753906,186.64999389648438,177.80331420898438,28653200.0
2018-09-04,186.0800018310547,186.39999389648438,184.85000610351562,185.85000610351562,177.041259765625,29063500.0
2018-09-05,185.52000427246094,185.5500030517578,182.82000732421875,183.4499969482422,174.75502014160156,42623300.0
2018-09-06,183.52999877929688,183.75,180.5800018310547,181.80999755859375,173.1927490234375,46091400.0
2018-09-07,180.5,182.6699981689453,180.44000244140625,181.11000061035156,172.52593994140625,46629500.0
2018-09-10,182.14999389648438,182.25,180.72999572753906,181.72000122070312,173.1070098876953,26132000.0
2018-09-11,180.99000549316406,183.4199981689453,180.52000427246094,183.1199951171875,174.4406280517578,30116500.0
2018-09-12,182.85000610351562,182.97999572753906,181.00999450683594,182.5800018310547,173.92628479003906,36204000.0
2018-09-13,183.72000122070312,184.8800048828125,183.63999938964844,184.52999877929688,175.7838134765625,31133200.0
2018-09-14,184.66000366210938,184.9499969482422,183.25999450683594,183.99000549316406,175.26939392089844,31224100.0
2018-09-17,183.67999267578125,183.80999755859375,181.1699981689453,181.33999633789062,172.7449951171875,33071200.0
2018-09-18,181.49000549316406,183.72999572753906,181.39999389648438,182.83999633789062,174.17393493652344,31877300.0
2018-09-19,182.8699951171875,183.3000030517578,181.50999450683594,182.6999969482422,174.04055786132812,31843400.0
2018-09-20,183.9600067138672,184.97000122070312,183.52000427246094,184.72000122070312,175.96481323242188,33295800.0
2018-09-21,185.22000122070312,185.47999572753906,183.47999572753906,183.7100067138672,175.00271606445312,38605400.0
2018-09-24,182.0500030517578,183.9600067138672,181.3000030517578,183.88999938964844,175.4894256591797,34945600.0
2018-09-25,183.80999755859375,184.27999877929688,183.17999267578125,184.13999938964844,175.7279510498047,25277500.0
2018-09-26,184.3000030517578,185.99000549316406,183.91000366210938,184.27000427246094,175.85203552246094,36210600.0
2018-09-27,185.02000427246094,186.49000549316406,184.9199981689453,185.8300018310547,177.34072875976562,33113300.0
2018-09-28,185.30999755859375,186.27999877929688,184.97000122070312,185.7899932861328,177.3026123046875,28076800.0
2018-10-01,186.8699951171875,187.52999877929688,185.6999969482422,186.1699981689453,177.66522216796875,27371300.0
2018-10-02,186.00999450683594,187.17999267578125,185.32000732421875,185.75,177.26443481445312,25618600.0
2018-10-03,186.52999877929688,186.97000122070312,185.66000366210938,185.9499969482422,177.4552459716797,29128700.0
2018-10-04,185.1999969482422,185.32000732421875,181.05999755859375,182.3800048828125,174.04837036132812,80557300.0
2018-10-05,182.36000061035156,182.97000122070312,178.42999267578125,180.14999389648438,171.92025756835938,83325600.0
2018-10-08,179.52000427246094,180.63999938964844,176.92999267578125,179.0500030517578,170.8704833984375,66864500.0
2018-10-09,179.17999267578125,181.02000427246094,178.75,179.6300048828125,171.42401123046875,49097900.0
2018-10-10,178.50999450683594,178.6199951171875,171.5,171.72999572753906,163.8848876953125,114471100.0
2018-10-11,171.02000427246094,173.39999389648438,167.80999755859375,169.60000610351562,161.8522186279297,143084500.0
2018-10-12,174.1699981689453,174.86000061035156,170.92999267578125,174.32000732421875,166.3565673828125,102078400.0
2018-10-15,173.7100067138672,174.0399932861328,171.55999755859375,172.2100067138672,164.3429718017578,64885300.0
2018-10-16,174.02000427246094,177.64999389648438,173.6999969482422,177.22000122070312,169.12413024902344,71979700.0
2018-10-17,178.0800018310547,178.25999450683594,175.47000122070312,177.2899932861328,169.19093322753906,66987600.0
2018-10-18,176.6199951171875,176.67999267578125,172.44000244140625,173.17999267578125,165.2686004638672,82486200.0
2018-10-19,174.5800018310547,176.07000732421875,172.38999938964844,173.02000427246094,165.11595153808594,82923700.0
2018-10-22,174.05999755859375,175.25,172.58999633789062,173.91000366210938,165.9652862548828,52909300.0
2018-10-23,170.63999938964844,174.1300048828125,168.82000732421875,173.27000427246094,165.35455322265625,77567000.0
2018-10-24,173.07000732421875,173.36000061035156,165.0399932861328,165.33999633789062,157.78677368164062,102997400.0
2018-10-25,167.91000366210938,172.0800018310547,167.16000366210938,171.05999755859375,163.24554443359375,83481100.0
2018-10-26,165.1999969482422,169.9600067138672,164.22999572753906,166.66000366210938,159.0465087890625,130970900.0
2018-10-29,169.2100067138672,169.86000061035156,160.08999633789062,163.22999572753906,155.773193359375,111871900.0
2018-10-30,162.75,166.0399932861328,162.00999450683594,165.9199981689453,158.34030151367188,92584000.0
2018-10-31,168.6199951171875,171.25,168.5399932861328,169.82000732421875,162.06214904785156,73828600.0
2018-11-01,170.07000732421875,172.24000549316406,168.77999877929688,172.05999755859375,164.19984436035156,52706800.0
2018-11-02,171.52999877929688,172.5500030517578,168.22000122070312,169.3800048828125,161.64222717285156,75966800.0
2018-11-05,169.60000610351562,169.66000366210938,167.0800018310547,168.9600067138672,161.241455078125,39573500.0
2018-11-06,168.97000122070312,171.19000244140625,168.72000122070312,170.24000549316406,162.4629364013672,34410400.0
2018-11-07,172.27999877929688,175.5800018310547,171.8699951171875,175.5800018310547,167.55899047851562,51169600.0
2018-11-08,174.75999450683594,175.3000030517578,173.6300048828125,174.4600067138672,166.4901580810547,40296500.0
2018-11-09,172.8300018310547,173.25,170.16000366210938,171.52000427246094,163.68447875976562,50602700.0
2018-11-12,170.32000732421875,170.63999938964844,166.17999267578125,166.3300018310547,158.73158264160156,62578400.0
2018-11-13,167.11000061035156,169.47999572753906,166.0,166.47000122070312,158.8651885986328,64128100.0
2018-11-14,168.1199951171875,168.6999969482422,164.25,165.1999969482422,157.6531524658203,75270700.0
2018-11-15,164.89999389648438,168.5399932861328,163.4600067138672,168.08999633789062,160.4111785888672,73254300.0
2018-11-16,166.4499969482422,168.30999755859375,165.77999877929688,167.5,159.84808349609375,65390700.0
2018-11-19,166.6999969482422,166.89999389648438,161.5399932861328,162.05999755859375,154.65664672851562,67280500.0
2018-11-20,158.3699951171875,161.3800048828125,157.1300048828125,159.16000366210938,151.88912963867188,102652800.0
2018-11-21,161.35000610351562,161.97000122070312,159.22999572753906,160.3699951171875,153.04385375976562,42965800.0
2018-11-23,159.08999633789062,160.83999633789062,159.08999633789062,159.2100067138672,151.93685913085938,23503700.0
2018-11-26,161.44000244140625,162.97000122070312,160.75999450683594,162.88999938964844,155.4486846923828,42012600.0
2018-11-27,162.0,163.85000610351562,161.17999267578125,163.44000244140625,155.97360229492188,36608100.0
2018-11-28,164.6199951171875,168.6999969482422,163.47000122070312,168.6999969482422,160.9933319091797,70141000.0
2018-11-29,167.99000549316406,169.25999450683594,166.82000732421875,168.14999389648438,160.46839904785156,44885700.0
2018-11-30,168.3800048828125,169.47000122070312,167.5399932861328,169.3699951171875,161.63272094726562,36722800.0
2018-12-03,173.11000061035156,173.30999755859375,169.50999450683594,172.3300018310547,164.45748901367188,50771700.0
2018-12-04,171.42999267578125,171.91000366210938,165.52000427246094,165.72000122070312,158.14944458007812,70594700.0
2018-12-06,162.3800048828125,166.91000366210938,161.77000427246094,166.88999938964844,159.2659912109375,71715500.0
2018-12-07,166.16000366210938,167.1199951171875,160.86000061035156,161.3800048828125,154.00772094726562,80432200.0
2018-12-10,161.0800018310547,163.77999877929688,159.41000366210938,163.07000732421875,155.62051391601562,73960800.0
2018-12-11,165.72999572753906,165.77000427246094,162.22999572753906,163.61000061035156,156.1358184814453,59058300.0
2018-12-12,166.0,167.60000610351562,164.9600067138672,165.0500030517578,157.5100860595703,53780000.0
2018-12-13,166.1300048828125,166.82000732421875,164.02999877929688,165.10000610351562,157.55780029296875,46378500.0
2018-12-14,163.2100067138672,163.80999755859375,160.6999969482422,161.0800018310547,153.7213897705078,56547400.0
2018-12-17,160.38999938964844,161.6699981689453,156.1699981689453,157.42999267578125,150.23812866210938,74834100.0
2018-12-18,158.64999389648438,159.9499969482422,157.0399932861328,158.4199981689453,151.1829376220703,63642100.0
2018-12-19,158.17999267578125,160.72000122070312,153.33999633789062,154.52999877929688,147.47059631347656,81856500.0
2018-12-20,154.14999389648438,155.8699951171875,150.38999938964844,152.2899932861328,145.33294677734375,99002100.0
2018-12-21,153.0500030517578,154.08999633789062,146.72000122070312,147.57000732421875,140.82858276367188,141129400.0
2018-12-24,146.0800018310547,147.97999572753906,143.4600067138672,143.5,137.33628845214844,56163300.0
2018-12-26,145.0800018310547,152.5399932861328,144.08999633789062,152.4600067138672,145.9114532470703,98982100.0
2018-12-27,150.3699951171875,153.17999267578125,147.0800018310547,153.0500030517578,146.47610473632812,85824300.0
2018-12-28,154.14999389648438,155.58999633789062,151.72000122070312,152.97000122070312,146.39955139160156,77856600.0
2018-12-31,154.47000122070312,154.97999572753906,152.7100067138672,154.25999450683594,147.6341552734375,53015300.0
2019-01-02,150.99000549316406,155.75,150.8800048828125,154.8800048828125,148.2275390625,58576700.0
2019-01-03,152.60000610351562,153.25999450683594,149.49000549316406,149.82000732421875,143.3848419189453,74820200.0
2019-01-04,152.33999633789062,157.0,151.74000549316406,156.22999572753906,149.51951599121094,74709300.0
2019-01-07,156.6199951171875,158.86000061035156,156.11000061035156,158.08999633789062,151.29962158203125,52059300.0
2019-01-08,159.5399932861328,160.11000061035156,157.1999969482422,159.52000427246094,152.66827392578125,49388700.0
2019-01-09,160.13999938964844,161.52000427246094,159.47000122070312,160.82000732421875,153.91232299804688,46491700.0
2019-01-10,159.60000610351562,161.3699951171875,158.6999969482422,161.27999877929688,154.35260009765625,38943400.0
2019-01-11,160.3300018310547,160.86000061035156,159.7899932861328,160.69000244140625,153.78793334960938,30176600.0
2019-01-14,159.3300018310547,159.9600067138672,158.58999633789062,159.27000427246094,152.42897033691406,30710200.0
2019-01-15,160.0,162.60000610351562,159.91000366210938,162.3800048828125,155.40538024902344,40874200.0
2019-01-16,162.64999389648438,163.77999877929688,162.2899932861328,162.35000610351562,155.37661743164062,33812200.0
2019-01-17,161.8300018310547,164.36000061035156,161.57000732421875,163.6300048828125,156.60166931152344,39329000.0
2019-01-18,164.77999877929688,166.02000427246094,163.82000732421875,165.25,158.15208435058594,57183200.0
2019-01-22,164.05999755859375,164.13999938964844,160.75999450683594,161.94000244140625,154.9842529296875,56711700.0
2019-01-23,162.77000427246094,163.50999450683594,160.32000732421875,162.14999389648438,155.1852569580078,38106100.0
2019-01-24,162.67999267578125,163.44000244140625,162.05999755859375,163.1999969482422,156.190185546875,32417800.0
2019-01-25,164.50999450683594,165.64999389648438,163.9499969482422,165.14999389648438,158.05636596679688,36515900.0
2019-01-28,163.02000427246094,163.1199951171875,161.75,163.11000061035156,156.1040496826172,33491200.0
2019-01-29,163.1999969482422,163.24000549316406,160.99000549316406,161.57000732421875,154.63014221191406,30784200.0
2019-01-30,163.39999389648438,166.27999877929688,162.88999938964844,165.67999267578125,158.5636444091797,41346500.0
2019-01-31,166.6999969482422,168.99000549316406,166.47000122070312,168.16000366210938,160.93710327148438,37258400.0
2019-02-01,167.3300018310547,168.60000610351562,166.99000549316406,167.4499969482422,160.25759887695312,32143700.0
2019-02-04,167.47999572753906,169.52999877929688,167.3300018310547,169.52999877929688,162.248291015625,26718800.0
2019-02-05,169.75999450683594,171.22999572753906,169.69000244140625,171.02999877929688,163.68380737304688,28156400.0
2019-02-06,171.07000732421875,171.3699951171875,169.75,170.52000427246094,163.1957550048828,27970000.0
2019-02-07,169.02999877929688,169.4499969482422,166.9499969482422,168.22999572753906,161.00411987304688,42036200.0
2019-02-08,166.75999450683594,168.58999633789062,166.57000732421875,168.55999755859375,161.3199462890625,29020700.0
2019-02-11,169.1699981689453,169.5800018310547,167.97999572753906,168.39999389648438,161.16680908203125,21434100.0
2019-02-12,169.6300048828125,171.13999938964844,169.3300018310547,170.88999938964844,163.54986572265625,29722100.0
2019-02-13,171.64999389648438,172.16000366210938,170.82000732421875,171.00999450683594,163.66465759277344,26094100.0
2019-02-14,170.39999389648438,171.8300018310547,169.8300018310547,171.22000122070312,163.86569213867188,30326800.0
2019-02-15,172.52000427246094,172.55999755859375,171.13999938964844,171.94000244140625,164.5547637939453,32521700.0
2019-02-19,171.41000366210938,172.8000030517578,171.3800048828125,172.27999877929688,164.88015747070312,19487700.0
2019-02-20,172.39999389648438,173.0800018310547,171.32000732421875,172.25,164.85142517089844,32593000.0
2019-02-21,171.7899932861328,172.25999450683594,170.7100067138672,171.6199951171875,164.24847412109375,25207400.0
2019-02-22,171.99000549316406,173.00999450683594,171.89999389648438,172.88999938964844,165.46392822265625,27735400.0
2019-02-25,174.2100067138672,174.66000366210938,173.39999389648438,173.52000427246094,166.0668487548828,32608800.0
2019-02-26,173.10000610351562,174.25,172.80999755859375,173.6999969482422,166.23915100097656,21939700.0
2019-02-27,172.89999389648438,173.8000030517578,171.75999450683594,173.58999633789062,166.1338653564453,25162000.0
2019-02-28,173.0500030517578,173.80999755859375,172.6999969482422,173.19000244140625,165.7510528564453,25085500.0
2019-03-01,174.44000244140625,174.64999389648438,173.17999267578125,174.38999938964844,166.8995361328125,31431200.0
2019-03-04,175.5399932861328,175.7899932861328,172.47000122070312,174.4199981689453,166.92825317382812,38063500.0
2019-03-05,174.5500030517578,175.08999633789062,173.69000244140625,174.5500030517578,167.05264282226562,22319900.0
2019-03-06,174.72000122070312,174.75,173.27999877929688,173.55999755859375,166.1051483154297,27194600.0
2019-03-07,173.1199951171875,173.17999267578125,170.7899932861328,171.42999267578125,164.06666564941406,39407400.0
2019-03-08,169.50999450683594,171.25999450683594,169.33999633789062,171.1699981689453,163.8177947998047,39303200.0
2019-03-11,171.8800048828125,174.85000610351562,171.85000610351562,174.72999572753906,167.2249298095703,30518400.0
2019-03-12,175.19000244140625,176.13999938964844,174.77000427246094,175.69000244140625,168.14366149902344,33953500.0
2019-03-13,176.60000610351562,177.92999267578125,176.35000610351562,177.00999450683594,169.4069366455078,42426100.0
2019-03-14,177.1300048828125,177.33999633789062,176.66000366210938,176.7100067138672,169.1198272705078,23751500.0
2019-03-15,177.39999389648438,178.8800048828125,177.27999877929688,178.35000610351562,170.6894073486328,38192000.0
2019-03-18,177.9499969482422,178.99000549316406,177.58999633789062,178.4499969482422,171.09596252441406,32935100.0
2019-03-19,179.17999267578125,180.0,178.2899932861328,179.0500030517578,171.67123413085938,36893300.0
2019-03-20,179.05999755859375,180.86000061035156,178.24000549316406,179.75999450683594,172.3519744873047,50105000.0
2019-03-21,179.22000122070312,182.8300018310547,179.1999969482422,182.57000732421875,175.0461883544922,42428500.0
2019-03-22,181.77999877929688,182.27000427246094,178.3699951171875,178.55999755859375,171.20140075683594,70794500.0
2019-03-25,177.91000366210938,178.83999633789062,176.92999267578125,178.22000122070312,170.8754425048828,46336500.0
2019-03-26,179.60000610351562,180.69000244140625,178.13999938964844,179.0500030517578,171.67123413085938,33248100.0
2019-03-27,179.32000732421875,179.72000122070312,176.60000610351562,177.89999389648438,170.568603515625,37096700.0
2019-03-28,178.36000061035156,178.97999572753906,177.24000549316406,178.30999755859375,170.96168518066406,30368200.0
2019-03-29,179.69000244140625,179.8300018310547,178.58999633789062,179.66000366210938,172.25607299804688,35205500.0
2019-04-01,181.50999450683594,182.25999450683594,180.77000427246094,182.0399932861328,174.53799438476562,30969500.0
2019-04-02,182.24000549316406,182.91000366210938,181.77999877929688,182.72999572753906,175.1995849609375,22645200.0
2019-04-03,183.75999450683594,184.9199981689453,183.2100067138672,183.77999877929688,176.2063446044922,31633500.0
2019-04-04,183.8300018310547,184.5,182.64999389648438,183.7100067138672,176.13919067382812,28530800.0
2019-04-05,184.24000549316406,184.77000427246094,184.02000427246094,184.66000366210938,177.05001831054688,25674700.0
2019-04-08,184.36000061035156,185.27999877929688,183.6300048828125,185.1300048828125,177.50062561035156,22697500.0
2019-04-09,184.5,185.11000061035156,184.08999633789062,184.47999572753906,176.87744140625,25631900.0
2019-04-10,184.72000122070312,185.52999877929688,184.52000427246094,185.47000122070312,177.82667541503906,24563000.0
2019-04-11,185.77999877929688,185.77999877929688,184.69000244140625,185.02999877929688,177.40480041503906,20654100.0
2019-04-12,185.85000610351562,185.9499969482422,185.05999755859375,185.8300018310547,178.1717529296875,24989100.0
2019-04-15,185.83999633789062,186.07000732421875,184.6199951171875,185.86000061035156,178.20053100585938,21073000.0
2019-04-16,186.5399932861328,186.91000366210938,185.92999267578125,186.5,178.81419372558594,27195700.0
2019-04-17,187.75,187.92999267578125,186.60000610351562,187.14999389648438,179.43743896484375,29651600.0
2019-04-18,187.4600067138672,187.7899932861328,186.2899932861328,187.38999938964844,179.66757202148438,28580900.0
2019-04-22,186.57000732421875,187.99000549316406,186.42999267578125,187.9199981689453,180.17568969726562,17936000.0
2019-04-23,188.39999389648438,190.5399932861328,188.1300048828125,190.30999755859375,182.46717834472656,33665600.0
2019-04-24,190.47000122070312,190.7100067138672,189.64999389648438,189.7100067138672,181.89190673828125,24977100.0
2019-04-25,191.1300048828125,191.22000122070312,189.4499969482422,190.47999572753906,182.6302032470703,29517500.0
2019-04-26,190.17999267578125,190.69000244140625,188.58999633789062,190.64999389648438,182.7931671142578,26359500.0
2019-04-29,190.64999389648438,191.32000732421875,190.33999633789062,191.02000427246094,183.14793395996094,21716200.0
2019-04-30,189.47999572753906,189.85000610351562,188.2100067138672,189.5399932861328,181.72894287109375,31495300.0
2019-05-01,190.77999877929688,191.32000732421875,188.8000030517578,188.92999267578125,181.1440887451172,34797100.0
2019-05-02,188.8699951171875,189.85000610351562,186.8699951171875,188.11000061035156,180.3578338623047,44110100.0
2019-05-03,189.6699981689453,191.25,189.3300018310547,191.11000061035156,183.23423767089844,30386200.0
2019-05-06,187.0500030517578,190.1999969482422,186.75999450683594,189.94000244140625,182.11244201660156,38371800.0
2019-05-07,187.8699951171875,188.6699981689453,184.50999450683594,186.24000549316406,178.5648956298828,58818100.0
2019-05-08,185.6300048828125,187.1699981689453,184.9600067138672,185.77000427246094,178.1142578125,37165300.0
2019-05-09,183.6999969482422,185.41000366210938,182.08999633789062,184.77000427246094,177.1554718017578,55351700.0
2019-05-10,184.11000061035156,185.88999938964844,181.02999877929688,185.0,177.37600708007812,58526400.0
2019-05-13,180.2899932861328,181.25999450683594,178.05999755859375,178.5800018310547,171.22059631347656,67185800.0
2019-05-14,179.52000427246094,181.6300048828125,178.86000061035156,180.5399932861328,173.09982299804688,43360600.0
2019-05-15,179.35000610351562,183.5500030517578,179.30999755859375,183.08999633789062,175.544677734375,40944500.0
2019-05-16,183.1699981689453,186.07000732421875,182.9499969482422,184.92999267578125,177.30892944335938,39281200.0
2019-05-17,183.10000610351562,185.5800018310547,182.8800048828125,183.0399932861328,175.4967498779297,44702300.0
2019-05-20,180.49000549316406,181.17999267578125,179.33999633789062,179.9499969482422,172.5341339111328,38608300.0
2019-05-21,181.5,182.3300018310547,180.9199981689453,181.8300018310547,174.336669921875,31613800.0
2019-05-22,180.82000732421875,182.07000732421875,180.75,181.02000427246094,173.5600128173828,24332600.0
2019-05-23,178.94000244140625,179.02000427246094,177.13999938964844,178.25,170.90419006347656,45351300.0
2019-05-24,179.2100067138672,179.85000610351562,177.94000244140625,178.16000366210938,170.81790161132812,25903300.0
2019-05-28,178.66000366210938,179.66000366210938,177.47000122070312,177.49000549316406,170.17552185058594,24763800.0
2019-05-29,176.38999938964844,177.0,175.08999633789062,176.02999877929688,168.7756805419922,42178800.0
2019-05-30,176.5,177.27000427246094,175.77000427246094,176.77000427246094,169.48519897460938,30354800.0
2019-05-31,174.69000244140625,175.2899932861328,173.8699951171875,173.9499969482422,166.78140258789062,45446200.0
2019-06-03,173.47999572753906,173.9499969482422,169.27000427246094,170.1199951171875,163.1092529296875,75842300.0
2019-06-04,172.02999877929688,174.97000122070312,171.3699951171875,174.91000366210938,167.70187377929688,47797800.0
2019-06-05,176.5800018310547,176.61000061035156,174.3800048828125,176.2100067138672,168.9482879638672,34412700.0
2019-06-06,176.50999450683594,178.0399932861328,175.72999572753906,177.61000061035156,170.29055786132812,29913200.0
2019-06-07,178.55999755859375,181.77000427246094,178.3300018310547,181.0399932861328,173.57920837402344,45888300.0
2019-06-10,182.25,184.85000610351562,182.2100067138672,183.14999389648438,175.60223388671875,41385300.0
2019-06-11,185.05999755859375,185.39999389648438,182.77999877929688,183.39999389648438,175.84190368652344,41260300.0
2019-06-12,182.89999389648438,183.27999877929688,182.0,182.33999633789062,174.82562255859375,27758100.0
2019-06-13,183.10000610351562,183.8699951171875,182.74000549316406,183.4199981689453,175.86111450195312,23715800.0
2019-06-14,182.47999572753906,183.11000061035156,181.94000244140625,182.63999938964844,175.11331176757812,22844100.0
2019-06-17,183.0399932861328,184.25,182.83999633789062,183.74000549316406,176.16796875,20379500.0
2019-06-18,185.91000366210938,187.72000122070312,185.42999267578125,186.41000366210938,178.72789001464844,48177300.0
2019-06-19,186.66000366210938,187.52999877929688,185.57000732421875,187.11000061035156,179.39906311035156,31672900.0
2019-06-20,189.72000122070312,189.75999450683594,187.16000366210938,188.85000610351562,181.06736755371094,40922000.0
2019-06-21,188.6300048828125,189.77000427246094,188.1699981689453,188.57000732421875,180.7989044189453,39980400.0
2019-06-24,188.52999877929688,188.72000122070312,188.05999755859375,188.16000366210938,180.80465698242188,19375200.0
2019-06-25,188.02999877929688,188.13999938964844,184.64999389648438,184.92999267578125,177.70094299316406,33921100.0
2019-06-26,186.16000366210938,187.3300018310547,185.49000549316406,185.7899932861328,178.52731323242188,22595700.0
2019-06-27,186.4600067138672,186.94000244140625,185.99000549316406,186.5,179.2095489501953,19709200.0
2019-06-28,186.9499969482422,187.14999389648438,186.07000732421875,186.74000549316406,179.440185546875,21179200.0
2019-07-01,190.32000732421875,190.57000732421875,188.3800048828125,189.25999450683594,181.8616485595703,31025600.0
2019-07-02,189.1999969482422,190.02999877929688,188.66000366210938,190.00999450683594,182.5823516845703,18035800.0
2019-07-03,190.49000549316406,191.44000244140625,190.2899932861328,191.44000244140625,183.95643615722656,15792100.0
2019-07-05,190.1300048828125,191.39999389648438,189.38999938964844,191.0500030517578,183.58164978027344,21415600.0
2019-07-08,189.80999755859375,189.8699951171875,188.92999267578125,189.7100067138672,182.2940673828125,17598800.0
2019-07-09,188.80999755859375,190.89999389648438,188.64999389648438,190.66000366210938,183.20693969726562,19193500.0
2019-07-10,191.82000732421875,193.08999633789062,191.47000122070312,192.55999755859375,185.03265380859375,28374500.0
2019-07-11,192.85000610351562,193.33999633789062,191.80999755859375,192.4199981689453,184.89813232421875,23736100.0
2019-07-12,192.6300048828125,193.5399932861328,192.4499969482422,193.52999877929688,185.96473693847656,20211900.0
2019-07-15,193.97999572753906,194.19000244140625,193.44000244140625,194.14999389648438,186.56051635742188,15606100.0
2019-07-16,193.91000366210938,194.08999633789062,192.55999755859375,193.14999389648438,185.599609375,20190900.0
2019-07-17,193.14999389648438,193.49000549316406,192.17999267578125,192.1999969482422,184.68673706054688,16765100.0
2019-07-18,191.2899932861328,192.7899932861328,190.69000244140625,192.4199981689453,184.89813232421875,28877000.0
2019-07-19,193.74000549316406,193.8300018310547,190.80999755859375,191.00999450683594,183.5432586669922,29387900.0
2019-07-22,191.44000244140625,192.94000244140625,191.44000244140625,192.52999877929688,185.00387573242188,18954900.0
2019-07-23,193.5800018310547,193.80999755859375,192.2899932861328,193.7899932861328,186.214599609375,23786700.0
2019-07-24,193.0500030517578,195.16000366210938,193.02999877929688,195.14999389648438,187.5214080810547,20422900.0
2019-07-25,194.49000549316406,194.52000427246094,192.92999267578125,193.3000030517578,185.74371337890625,23434700.0
2019-07-26,194.52999877929688,195.5500030517578,194.42999267578125,195.2899932861328,187.65594482421875,20431200.0
2019-07-29,195.11000061035156,195.17999267578125,193.38999938964844,194.6199951171875,187.01210021972656,20451700.0
2019-07-30,193.1300048828125,194.5399932861328,192.99000549316406,193.77999877929688,186.20498657226562,18705000.0
2019-07-31,194.3000030517578,194.42999267578125,189.32000732421875,191.10000610351562,183.6297149658203,41627500.0
2019-08-01,191.42999267578125,194.97999572753906,189.22999572753906,190.14999389648438,182.71685791015625,63251600.0
2019-08-02,188.72000122070312,188.99000549316406,186.2100067138672,187.35000610351562,180.02630615234375,55214000.0
2019-08-05,183.42999267578125,183.50999450683594,179.1999969482422,180.72999572753906,173.66510009765625,75040000.0
2019-08-06,182.39999389648438,183.8000030517578,181.07000732421875,183.25999450683594,176.09619140625,41897200.0
2019-08-07,181.27000427246094,184.50999450683594,179.88999938964844,184.25,177.0475311279297,49990600.0
2019-08-08,185.0800018310547,188.32000732421875,184.57000732421875,188.25999450683594,180.9007110595703,38418100.0
2019-08-09,187.36000061035156,188.0,185.02999877929688,186.49000549316406,179.19992065429688,33608900.0
2019-08-12,185.33999633789062,185.89999389648438,183.5,184.35000610351562,177.14356994628906,24642900.0
2019-08-13,184.19000244140625,189.67999267578125,184.02000427246094,188.38999938964844,181.0256805419922,40241900.0
2019-08-14,185.36000061035156,185.9499969482422,182.4199981689453,182.75999450683594,175.6157684326172,51000500.0
2019-08-15,183.0,183.58999633789062,181.16000366210938,182.5500030517578,175.41400146484375,36685000.0
2019-08-16,184.2100067138672,185.9499969482422,184.10000610351562,185.47999572753906,178.22943115234375,32781400.0
2019-08-19,188.16000366210938,188.8300018310547,187.5,188.42999267578125,181.06410217285156,22494100.0
2019-08-20,187.9600067138672,188.63999938964844,186.9199981689453,186.97000122070312,179.66114807128906,19902900.0
2019-08-21,188.61000061035156,189.22999572753906,187.9600067138672,188.6300048828125,181.25633239746094,20418500.0
2019-08-22,188.97999572753906,189.4600067138672,186.5399932861328,188.02000427246094,180.67018127441406,24243700.0
2019-08-23,186.74000549316406,188.4499969482422,181.55999755859375,182.07000732421875,174.95274353027344,55372400.0
2019-08-26,184.13999938964844,184.8699951171875,183.0800018310547,184.82000732421875,177.59524536132812,27598900.0
2019-08-27,186.11000061035156,186.4199981689453,183.7100067138672,184.42999267578125,177.220458984375,28012800.0
2019-08-28,183.8300018310547,185.39999389648438,182.91000366210938,185.08999633789062,177.85467529296875,21792400.0
2019-08-29,187.38999938964844,188.4600067138672,186.67999267578125,187.9199981689453,180.5740509033203,25358900.0
2019-08-30,188.92999267578125,188.97000122070312,186.41000366210938,187.47000122070312,180.14166259765625,26319800.0
2019-09-03,186.22000122070312,187.17999267578125,185.02999877929688,185.64999389648438,178.3927764892578,27964200.0
2019-09-04,187.44000244140625,188.49000549316406,186.89999389648438,188.3300018310547,180.96800231933594,21592100.0
2019-09-05,190.41000366210938,192.3300018310547,190.33999633789062,191.77999877929688,184.2831573486328,33932600.0
2019-09-06,192.10000610351562,192.1699981689453,191.1699981689453,191.58999633789062,184.10057067871094,19487800.0
2019-09-09,192.19000244140625,192.27000427246094,190.22000122070312,191.19000244140625,183.7162322998047,24407600.0
2019-09-10,190.16000366210938,190.74000549316406,188.91000366210938,190.63999938964844,183.18772888183594,23744700.0
2019-09-11,191.0,192.52999877929688,190.55999755859375,192.42999267578125,184.90773010253906,25063600.0
2019-09-12,193.61000061035156,194.7100067138672,192.97000122070312,193.22999572753906,185.6764678955078,28689900.0
2019-09-13,192.9499969482422,193.39999389648438,192.2899932861328,192.5399932861328,185.01344299316406,27669800.0
2019-09-16,191.3000030517578,192.0800018310547,191.11000061035156,191.67999267578125,184.18701171875,20319000.0
2019-09-17,191.6999969482422,192.60000610351562,191.2899932861328,192.60000610351562,185.07113647460938,20953400.0
2019-09-18,192.1999969482422,192.60000610351562,190.11000061035156,192.52000427246094,184.99424743652344,29781300.0
2019-09-19,192.86000061035156,194.0399932861328,192.47000122070312,192.83999633789062,185.30174255371094,26039400.0
2019-09-20,193.11000061035156,193.30999755859375,190.16000366210938,190.8000030517578,183.3415069580078,29086100.0
2019-09-23,190.36000061035156,191.07000732421875,189.72000122070312,190.5,183.4223175048828,22485900.0
2019-09-24,191.3699951171875,191.7899932861328,187.14999389648438,187.97000122070312,180.98634338378906,40820700.0
2019-09-25,187.77999877929688,190.5800018310547,186.2100067138672,190.0800018310547,183.01792907714844,34704900.0
2019-09-26,189.8300018310547,190.0,187.97999572753906,189.3800048828125,182.34396362304688,26826000.0
2019-09-27,189.72999572753906,189.8300018310547,185.75,187.02999877929688,180.0812530517578,40773500.0
2019-09-30,187.7899932861328,189.11000061035156,187.39999389648438,188.80999755859375,181.79510498046875,26307700.0
2019-10-01,189.5,190.58999633789062,186.9600067138672,187.27000427246094,180.3123321533203,32367600.0
2019-10-02,186.0,186.02999877929688,183.02000427246094,184.0500030517578,177.21192932128906,48544300.0
2019-10-03,184.02999877929688,186.2100067138672,181.82000732421875,186.07000732421875,179.15692138671875,39392500.0
2019-10-04,187.0800018310547,189.0800018310547,186.8800048828125,188.80999755859375,181.79510498046875,31887600.0
2019-10-07,188.27000427246094,189.74000549316406,187.91000366210938,188.24000549316406,181.24630737304688,21216000.0
2019-10-08,187.05999755859375,187.86000061035156,185.27000427246094,185.4199981689453,178.53102111816406,32379300.0
2019-10-09,186.99000549316406,188.0800018310547,186.42999267578125,187.22999572753906,180.2738494873047,20147400.0
2019-10-10,187.27999877929688,189.42999267578125,187.1199951171875,188.67999267578125,181.6699676513672,25177700.0
2019-10-11,190.8300018310547,192.6300048828125,190.72000122070312,191.11000061035156,184.0096435546875,40976700.0
2019-10-14,190.83999633789062,191.6999969482422,190.64999389648438,191.08999633789062,183.99038696289062,14975000.0
2019-10-15,191.67999267578125,193.97000122070312,191.55999755859375,193.52000427246094,186.33013916015625,23234200.0
2019-10-16,192.86000061035156,193.52999877929688,192.42999267578125,193.0399932861328,185.86795043945312,20457100.0
2019-10-17,194.1999969482422,194.5,192.80999755859375,193.5500030517578,186.3590545654297,19045200.0
2019-10-18,193.1999969482422,193.6699981689453,190.7100067138672,191.69000244140625,184.56817626953125,27700800.0
2019-10-21,192.7100067138672,193.52000427246094,192.13999938964844,193.38999938964844,186.20497131347656,15801200.0
2019-10-22,194.14999389648438,194.4199981689453,191.7899932861328,191.85000610351562,184.72219848632812,22392300.0
2019-10-23,191.4600067138672,192.25999450683594,191.14999389648438,192.22000122070312,185.0784454345703,14828400.0
2019-10-24,193.58999633789062,194.2100067138672,192.74000549316406,194.08999633789062,186.8789520263672,18998500.0
2019-10-25,193.08999633789062,195.74000549316406,193.0500030517578,195.63999938964844,188.37135314941406,21507100.0
2019-10-28,196.5500030517578,197.8300018310547,196.5500030517578,197.57000732421875,190.2296600341797,18818700.0
2019-10-29,197.24000549316406,197.5399932861328,196.00999450683594,196.0399932861328,188.75650024414062,18569700.0
2019-10-30,196.4199981689453,197.32000732421875,195.2899932861328,196.99000549316406,189.67123413085938,21764300.0
2019-10-31,197.55999755859375,197.64999389648438,195.94000244140625,197.0800018310547,189.75790405273438,26801800.0
2019-11-01,197.92999267578125,198.8800048828125,197.6300048828125,198.8699951171875,191.48135375976562,22131900.0
2019-11-04,200.19000244140625,200.52999877929688,198.8699951171875,200.10000610351562,192.66563415527344,19015900.0
2019-11-05,200.35000610351562,200.5500030517578,199.5500030517578,200.2100067138672,192.77159118652344,15048900.0
2019-11-06,199.97999572753906,200.0,198.7899932861328,199.75999450683594,192.33828735351562,19725500.0
2019-11-07,200.75999450683594,201.72000122070312,199.85000610351562,200.42999267578125,192.98342895507812,17832400.0
2019-11-08,200.07000732421875,201.25,199.5399932861328,201.22999572753906,193.753662109375,15258800.0
2019-11-11,200.2100067138672,201.0399932861328,199.94000244140625,200.9600067138672,193.49368286132812,10147600.0
2019-11-12,201.1300048828125,202.2100067138672,200.82000732421875,201.5399932861328,194.0521697998047,14778300.0
2019-11-13,200.83999633789062,201.77999877929688,200.7100067138672,201.58999633789062,194.1002960205078,15774600.0
2019-11-14,200.8300018310547,201.55999755859375,200.22000122070312,201.42999267578125,193.94622802734375,16945400.0
2019-11-15,202.64999389648438,202.91000366210938,202.0,202.91000366210938,195.37127685546875,18427900.0
2019-11-18,202.58999633789062,203.38999938964844,201.77000427246094,203.07000732421875,195.52529907226562,18365900.0
2019-11-19,203.83999633789062,203.83999633789062,202.58999633789062,203.3699951171875,195.81414794921875,16923300.0
2019-11-20,202.83999633789062,203.4499969482422,200.6199951171875,202.14999389648438,194.6394805908203,36629000.0
2019-11-21,201.92999267578125,202.07000732421875,201.07000732421875,201.6999969482422,194.2062225341797,17883600.0
2019-11-22,202.1999969482422,202.32000732421875,200.74000549316406,201.8300018310547,194.33139038085938,17189600.0
2019-11-25,202.6999969482422,204.25999450683594,202.6699981689453,204.22000122070312,196.63258361816406,17752800.0
2019-11-26,204.35000610351562,204.8699951171875,204.0500030517578,204.61000061035156,197.00811767578125,14780600.0
2019-11-27,205.13999938964844,206.0500030517578,204.88999938964844,206.0399932861328,198.38494873046875,16963100.0
2019-11-29,205.52000427246094,205.8300018310547,205.0,205.10000610351562,197.4799041748047,9854600.0
2019-12-02,205.11000061035156,205.17999267578125,201.77999877929688,203.0,195.4579315185547,28007000.0
2019-12-03,200.2100067138672,201.49000549316406,199.22999572753906,201.41000366210938,193.92697143554688,31104100.0
2019-12-04,202.44000244140625,202.91000366210938,202.13999938964844,202.42999267578125,194.9090576171875,15300100.0
2019-12-05,203.14999389648438,203.14999389648438,201.83999633789062,202.8300018310547,195.29425048828125,14962300.0
2019-12-06,204.30999755859375,205.14999389648438,204.14999389648438,205.0,197.38360595703125,16555300.0
2019-12-09,204.6300048828125,205.58999633789062,203.97999572753906,204.07000732421875,196.48812866210938,13984100.0
2019-12-10,204.1699981689453,204.8800048828125,203.44000244140625,203.89999389648438,196.32447814941406,21799800.0
2019-12-11,204.36000061035156,205.19000244140625,204.0399932861328,204.97999572753906,197.3643798828125,18780800.0
2019-12-12,204.77000427246094,207.32000732421875,204.49000549316406,206.50999450683594,198.8375244140625,32612000.0
2019-12-13,206.39999389648438,207.91000366210938,205.9600067138672,207.19000244140625,199.49224853515625,32519400.0
2019-12-16,208.5500030517578,209.52999877929688,208.47999572753906,209.27000427246094,201.4949951171875,21296600.0
2019-12-17,209.5399932861328,209.7100067138672,209.0399932861328,209.38999938964844,201.61053466796875,15996100.0
2019-12-18,209.57000732421875,210.1300048828125,209.3300018310547,209.5500030517578,201.76458740234375,15443300.0
2019-12-19,209.63999938964844,210.92999267578125,209.6199951171875,210.86000061035156,203.02589416503906,17865900.0
2019-12-20,211.86000061035156,212.52000427246094,211.27000427246094,211.7100067138672,203.8443145751953,27672600.0
2019-12-23,212.0,212.14999389648438,211.6300048828125,211.80999755859375,204.3827667236328,23774700.0
2019-12-24,212.0,212.08999633789062,211.44000244140625,211.9199981689453,204.48886108398438,7089000.0
2019-12-26,212.25999450683594,213.80999755859375,212.22999572753906,213.7899932861328,206.29331970214844,17067500.0
2019-12-27,214.5399932861328,214.55999755859375,213.0399932861328,213.61000061035156,206.11964416503906,18134100.0
2019-12-30,213.5,213.6300048828125,211.16000366210938,212.2100067138672,204.76873779296875,21815500.0
2019-12-31,211.52999877929688,212.75999450683594,211.1999969482422,212.61000061035156,205.1547393798828,18170900.0
2020-01-02,214.39999389648438,216.16000366210938,213.97999572753906,216.16000366210938,208.58018493652344,30969400.0
2020-01-03,213.3000030517578,215.47000122070312,213.27999877929688,214.17999267578125,206.66966247558594,27518900.0
2020-01-06,212.5,215.58999633789062,212.24000549316406,215.55999755859375,208.00123596191406,21655300.0
2020-01-07,215.63999938964844,216.13999938964844,214.85000610351562,215.52999877929688,207.97227478027344,22139300.0
2020-01-08,215.5,218.13999938964844,215.16000366210938,217.14999389648438,209.53546142578125,26397300.0
2020-01-09,218.94000244140625,219.41000366210938,217.7100067138672,218.99000549316406,211.31097412109375,23547000.0
2020-01-10,219.85000610351562,219.8699951171875,218.0399932861328,218.42999267578125,210.7706298828125,21898500.0
2020-01-13,219.3300018310547,220.97999572753906,218.97999572753906,220.9499969482422,213.20228576660156,22756900.0
2020-01-14,220.83999633789062,221.2100067138672,219.74000549316406,220.0800018310547,212.36280822753906,24418100.0
2020-01-15,220.1999969482422,221.1999969482422,219.4499969482422,220.1699981689453,212.4496307373047,25742100.0
2020-01-16,221.27000427246094,222.32000732421875,220.8000030517578,222.27999877929688,214.4856414794922,18805000.0
2020-01-17,223.27999877929688,223.55999755859375,222.1199951171875,223.3800048828125,215.5470428466797,24325200.0
2020-01-21,222.75999450683594,223.83999633789062,222.66000366210938,223.27999877929688,215.45054626464844,21146300.0
2020-01-22,224.41000366210938,225.14999389648438,223.58999633789062,223.8699951171875,216.01983642578125,20736400.0
2020-01-23,223.74000549316406,224.69000244140625,222.6999969482422,224.58999633789062,216.71461486816406,26496100.0
2020-01-24,225.63999938964844,225.8800048828125,221.6699981689453,222.6999969482422,214.89089965820312,37436500.0
2020-01-27,217.6699981689453,219.27999877929688,217.17999267578125,218.10000610351562,210.45216369628906,42264400.0
2020-01-28,219.63999938964844,221.9600067138672,219.05999755859375,221.4499969482422,213.68470764160156,26731900.0
2020-01-29,222.67999267578125,222.92999267578125,220.8300018310547,221.80999755859375,214.0320587158203,28924500.0
2020-01-30,220.3800048828125,222.6999969482422,219.69000244140625,222.60000610351562,214.79441833496094,39568100.0
2020-01-31,223.52999877929688,223.55999755859375,218.2899932861328,219.07000732421875,211.38818359375,52015800.0
2020-02-03,220.13999938964844,222.88999938964844,219.99000549316406,222.3800048828125,214.5821075439453,25408600.0
2020-02-04,225.4199981689453,227.86000061035156,224.64999389648438,227.47000122070312,219.49365234375,30691200.0
2020-02-05,230.2100067138672,230.25,226.85000610351562,228.22000122070312,220.21731567382812,38534800.0
2020-02-06,228.7899932861328,230.25,227.97999572753906,230.19000244140625,222.1182403564453,22467100.0
2020-02-07,229.16000366210938,230.44000244140625,228.5399932861328,229.1999969482422,221.16293334960938,25884900.0
2020-02-10,228.44000244140625,231.97999572753906,228.3800048828125,231.97000122070312,223.8358154296875,21478900.0
2020-02-11,233.25,234.02000427246094,231.39999389648438,232.00999450683594,223.87442016601562,30198000.0
2020-02-12,233.3800048828125,234.3800048828125,232.8000030517578,234.27000427246094,226.05517578125,24471300.0
2020-02-13,232.63999938964844,234.92999267578125,232.36000061035156,233.97000122070312,225.76571655273438,22773200.0
2020-02-14,234.33999633789062,234.86000061035156,233.5500030517578,234.63999938964844,226.4122314453125,23438500.0
2020-02-18,233.5,235.1699981689453,233.25,234.72999572753906,226.4990997314453,24394500.0
2020-02-19,236.1300048828125,237.47000122070312,235.85000610351562,236.97999572753906,228.6701202392578,22230500.0
2020-02-20,236.4600067138672,236.9499969482422,231.8800048828125,234.77999877929688,226.54730224609375,42604000.0
2020-02-21,233.61000061035156,234.00999450683594,229.32000732421875,230.27000427246094,222.1954345703125,66017200.0
2020-02-24,221.67999267578125,224.25,220.25999450683594,221.38999938964844,213.6268310546875,84522600.0
2020-02-25,223.25,223.99000549316406,214.74000549316406,215.3699951171875,207.81790161132812,97743000.0
2020-02-26,216.7100067138672,220.27999877929688,214.89999389648438,216.47999572753906,208.8889923095703,79537700.0
2020-02-27,210.89999389648438,216.4199981689453,205.5,205.63999938964844,198.4291229248047,121822600.0
2020-02-28,198.63999938964844,207.1699981689453,198.1699981689453,205.8000030517578,198.5835418701172,148173700.0
2020-03-02,208.8800048828125,216.57000732421875,205.94000244140625,216.4199981689453,208.83111572265625,112933900.0
2020-03-03,217.11000061035156,219.61000061035156,207.6199951171875,209.47999572753906,202.13441467285156,131953500.0
2020-03-04,213.32000732421875,218.3300018310547,211.3699951171875,218.22000122070312,210.56800842285156,73086200.0
2020-03-05,212.69000244140625,216.36000061035156,210.10000610351562,211.58999633789062,204.17044067382812,78705500.0
2020-03-06,204.6699981689453,209.14999389648438,202.91000366210938,208.02000427246094,200.7256622314453,89828400.0
2020-03-09,193.47999572753906,201.16000366210938,192.11000061035156,193.57000732421875,186.78236389160156,116424000.0
2020-03-10,201.11000061035156,204.3000030517578,193.67999267578125,204.11000061035156,196.95272827148438,100599200.0
2020-03-11,199.35000610351562,200.75,192.72999572753906,195.22000122070312,188.37448120117188,89168800.0
2020-03-12,182.08999633789062,190.77999877929688,176.94000244140625,177.32000732421875,171.10214233398438,137820700.0
2020-03-13,187.07000732421875,194.47999572753906,178.1300048828125,192.33999633789062,185.59544372558594,134882000.0
2020-03-16,174.14999389648438,184.67999267578125,169.16000366210938,169.3000030517578,163.36338806152344,92054400.0
2020-03-17,175.47000122070312,184.38999938964844,169.77999877929688,182.13999938964844,175.753173828125,121257100.0
2020-03-18,171.61000061035156,179.22000122070312,166.8000030517578,176.60000610351562,170.40740966796875,114156300.0
2020-03-19,175.69000244140625,183.49000549316406,171.6300048828125,177.66000366210938,171.4302520751953,120896500.0
2020-03-20,181.74000549316406,182.8699951171875,170.10000610351562,170.6999969482422,164.71429443359375,118983900.0
2020-03-23,170.9199981689453,174.2100067138672,164.92999267578125,170.4600067138672,164.833251953125,124639800.0
2020-03-24,179.91000366210938,183.8300018310547,177.9499969482422,183.66000366210938,177.59750366210938,94881800.0
2020-03-25,184.4199981689453,189.50999450683594,179.97999572753906,182.3000030517578,176.2823944091797,88754900.0
2020-03-26,183.8699951171875,192.72000122070312,183.61000061035156,191.89999389648438,185.5655059814453,79887600.0
2020-03-27,186.92999267578125,190.50999450683594,184.66000366210938,185.3000030517578,179.18338012695312,58845000.0
2020-03-30,187.05999755859375,192.49000549316406,186.33999633789062,192.0399932861328,185.7008819580078,49356900.0
2020-03-31,191.72000122070312,195.25,189.1999969482422,190.39999389648438,184.11502075195312,62659300.0
2020-04-01,184.77000427246094,187.66000366210938,180.86000061035156,182.30999755859375,176.2920684814453,53715400.0
2020-04-02,181.24000549316406,190.10000610351562,180.97000122070312,186.00999450683594,179.8699493408203,56465300.0
2020-04-03,185.5500030517578,187.07000732421875,181.2899932861328,183.3699951171875,177.3170928955078,47487600.0
2020-04-06,190.47999572753906,197.64999389648438,189.19000244140625,196.47999572753906,189.9943084716797,64763500.0
2020-04-07,202.3699951171875,202.66000366210938,196.0,196.39999389648438,189.91696166992188,69904500.0
2020-04-08,198.14999389648438,201.1699981689453,196.1699981689453,200.57000732421875,193.94935607910156,45940400.0
2020-04-09,202.35000610351562,203.22000122070312,199.02999877929688,200.86000061035156,194.22975158691406,68252600.0
2020-04-13,200.0,203.4199981689453,198.75,203.02999877929688,196.32810974121094,42853900.0
2020-04-14,207.22999572753906,212.5,206.4199981689453,211.86000061035156,204.86666870117188,63959600.0
2020-04-15,208.47999572753906,211.8300018310547,207.1199951171875,209.42999267578125,202.51686096191406,47036000.0
2020-04-16,211.69000244140625,214.3699951171875,209.69000244140625,213.25,206.21078491210938,64657400.0
2020-04-17,216.1699981689453,216.50999450683594,212.0800018310547,215.2899932861328,208.1833953857422,62863200.0
2020-04-20,213.36000061035156,215.8800048828125,212.57000732421875,212.74000549316406,205.71759033203125,38249100.0
2020-04-21,210.60000610351562,211.16000366210938,203.6300048828125,204.88999938964844,198.126708984375,72932800.0
2020-04-22,209.10000610351562,212.35000610351562,208.3300018310547,210.97000122070312,204.0060272216797,40089100.0
2020-04-23,211.7899932861328,214.44000244140625,210.10000610351562,210.52000427246094,203.57090759277344,43278500.0
2020-04-24,210.97000122070312,214.3000030517578,209.5,213.83999633789062,206.78128051757812,34231900.0
2020-04-27,216.19000244140625,216.6300048828125,214.5,215.55999755859375,208.44448852539062,36451700.0
2020-04-28,217.32000732421875,217.32000732421875,211.2100067138672,211.5,204.5185089111328,46862800.0
2020-04-29,216.19000244140625,219.97000122070312,215.13999938964844,219.0,211.77096557617188,48716400.0
2020-04-30,219.9499969482422,220.0399932861328,217.35000610351562,218.91000366210938,211.68392944335938,43359500.0
2020-05-01,214.5,216.6699981689453,211.67999267578125,212.74000549316406,205.71759033203125,48795000.0
2020-05-04,211.4600067138672,215.4499969482422,211.1199951171875,215.22000122070312,208.11575317382812,32841000.0
2020-05-05,217.44000244140625,220.13999938964844,216.85000610351562,217.66000366210938,210.47523498535156,37783100.0
2020-05-06,219.39999389648438,221.0399932861328,218.11000061035156,219.0,211.77096557617188,36455200.0
2020-05-07,221.82000732421875,222.72999572753906,220.4199981689453,221.82000732421875,214.49783325195312,38624800.0
2020-05-08,223.5500030517578,225.0,222.47999572753906,224.86000061035156,217.43753051757812,31852300.0
2020-05-11,223.49000549316406,227.92999267578125,223.25,226.8699951171875,219.38116455078125,35714100.0
2020-05-12,227.49000549316406,228.10000610351562,222.08999633789062,222.1199951171875,214.7879638671875,41054100.0
2020-05-13,222.66000366210938,224.61000061035156,216.7100067138672,219.33999633789062,212.09976196289062,65521200.0
2020-05-14,217.97000122070312,221.8699951171875,215.99000549316406,221.8300018310547,214.50753784179688,51549300.0
2020-05-15,218.77999877929688,223.3300018310547,218.3300018310547,223.27000427246094,215.90000915527344,55747200.0
2020-05-18,226.27999877929688,228.67999267578125,225.47000122070312,227.42999267578125,219.9226837158203,42398100.0
2020-05-19,227.6999969482422,229.85000610351562,226.7100067138672,226.86000061035156,219.37152099609375,36237300.0
2020-05-20,229.5,231.75999450683594,229.47999572753906,231.38999938964844,223.75196838378906,37417000.0
2020-05-21,231.44000244140625,232.13999938964844,228.33999633789062,228.8699951171875,221.315185546875,43642900.0
2020-05-22,228.4499969482422,229.8699951171875,227.5,229.66000366210938,222.0791015625,28762400.0
2020-05-26,233.36000061035156,233.57000732421875,228.7899932861328,229.0399932861328,221.4795684814453,33055300.0
2020-05-27,228.69000244140625,230.41000366210938,223.94000244140625,230.2899932861328,222.6883087158203,55665600.0
2020-05-28,229.11000061035156,233.47000122070312,229.0500030517578,229.99000549316406,222.39820861816406,42784300.0
2020-05-29,230.3800048828125,233.60000610351562,228.75999450683594,233.36000061035156,225.656982421875,50691800.0
2020-06-01,232.4600067138672,234.4499969482422,232.0,234.05999755859375,226.33387756347656,25776000.0
2020-06-02,234.5,235.69000244140625,232.00999450683594,235.6300048828125,227.85206604003906,33383400.0
2020-06-03,236.25999450683594,237.47000122070312,235.35000610351562,236.69000244140625,228.87705993652344,37228700.0
2020-06-04,236.3300018310547,237.7899932861328,233.67999267578125,235.02999877929688,227.27183532714844,38716100.0
2020-06-05,236.22000122070312,240.3000030517578,235.6300048828125,239.69000244140625,231.77798461914062,47365600.0
2020-06-08,239.5399932861328,241.67999267578125,237.91000366210938,241.5500030517578,233.5766143798828,32937300.0
2020-06-09,240.66000366210938,244.17999267578125,240.47000122070312,243.3000030517578,235.26885986328125,35046300.0
2020-06-10,245.0500030517578,247.82000732421875,244.50999450683594,246.22000122070312,238.09249877929688,58084400.0
2020-06-11,242.16000366210938,243.58999633789062,233.9600067138672,234.02000427246094,226.29515075683594,72919400.0
2020-06-12,239.08999633789062,240.39999389648438,231.74000549316406,235.8800048828125,228.09378051757812,72034800.0
2020-06-15,232.44000244140625,239.4499969482422,231.47000122070312,238.75,230.8690643310547,45307400.0
2020-06-16,243.77999877929688,244.38999938964844,239.10000610351562,242.85000610351562,234.83367919921875,48890100.0
2020-06-17,244.39999389648438,245.5,242.72999572753906,243.6199951171875,235.57827758789062,34749300.0
2020-06-18,243.2899932861328,244.52999877929688,242.49000549316406,244.27999877929688,236.2164764404297,30578600.0
2020-06-19,246.72999572753906,247.0,242.4499969482422,244.24000549316406,236.17784118652344,49422100.0
2020-06-22,243.67999267578125,246.8699951171875,243.3800048828125,246.74000549316406,239.01022338867188,24068700.0
2020-06-23,248.38999938964844,251.14999389648438,247.82000732421875,248.83999633789062,241.04443359375,32767400.0
2020-06-24,248.05999755859375,249.3300018310547,242.16000366210938,243.7100067138672,236.0751495361328,46032400.0
2020-06-25,243.8000030517578,246.33999633789062,241.13999938964844,246.02999877929688,238.32241821289062,36940800.0
2020-06-26,245.77999877929688,245.9600067138672,239.67999267578125,240.22000122070312,232.69448852539062,52824600.0
2020-06-29,239.97000122070312,242.85000610351562,237.35000610351562,242.83999633789062,235.2323455810547,34377800.0
2020-06-30,242.77000427246094,248.16000366210938,242.5800018310547,247.60000610351562,239.8433074951172,38909200.0
2020-07-01,247.63999938964844,251.52000427246094,247.0800018310547,250.49000549316406,242.6427459716797,34689200.0
2020-07-02,253.02000427246094,254.27000427246094,251.7100067138672,252.19000244140625,244.28944396972656,31956500.0
2020-07-06,255.4499969482422,258.92999267578125,255.42999267578125,258.3900146484375,250.2952423095703,34589000.0
2020-07-07,258.1300048828125,260.8800048828125,256.29998779296875,256.6099853515625,248.5709686279297,36578200.0
2020-07-08,257.9800109863281,260.0199890136719,256.5,259.989990234375,251.8450469970703,30426300.0
2020-07-09,261.9700012207031,262.8699951171875,257.6300048828125,262.17999267578125,253.96652221679688,40312900.0
2020-07-10,262.0299987792969,264.2300109863281,259.260009765625,263.9700012207031,255.70045471191406,32885300.0
2020-07-13,266.9100036621094,269.7900085449219,257.69000244140625,258.5400085449219,250.44053649902344,64108100.0
2020-07-14,255.92999267578125,260.7900085449219,252.75999450683594,260.3699951171875,252.2132568359375,72230500.0
2020-07-15,261.8299865722656,262.69000244140625,257.489990234375,260.8999938964844,252.72657775878906,54523900.0
2020-07-16,258.0199890136719,259.7799987792969,255.6199951171875,259.1199951171875,251.00238037109375,47594100.0
2020-07-17,259.5899963378906,260.30999755859375,257.1700134277344,259.4200134277344,251.29302978515625,35137900.0
2020-07-20,260.0799865722656,267.42999267578125,258.7900085449219,266.7799987792969,258.42236328125,40610100.0
2020-07-21,268.3999938964844,268.4100036621094,263.1300048828125,264.0,255.72950744628906,43243800.0
2020-07-22,264.510009765625,265.8900146484375,262.54998779296875,264.92999267578125,256.6303405761719,29865500.0
2020-07-23,264.510009765625,265.239990234375,256.54998779296875,258.010009765625,249.92718505859375,51363500.0
2020-07-24,254.0399932861328,256.92999267578125,251.32000732421875,255.55999755859375,247.55393981933594,54054500.0
2020-07-27,257.260009765625,260.5199890136719,256.45001220703125,260.1199951171875,251.9710693359375,36445700.0
2020-07-28,259.30999755859375,259.8500061035156,256.510009765625,256.80999755859375,248.76470947265625,31302400.0
2020-07-29,258.3999938964844,260.6600036621094,257.9100036621094,259.7699890136719,251.63198852539062,27556900.0
2020-07-30,257.739990234375,261.7099914550781,256.54998779296875,261.1300048828125,252.94935607910156,41774500.0
2020-07-31,265.9100036621094,265.95001220703125,260.8500061035156,265.7900085449219,257.4634094238281,53686300.0
2020-08-03,268.0,270.1499938964844,267.8699951171875,269.3800048828125,260.9409484863281,32081600.0
2020-08-04,268.8599853515625,270.4800109863281,268.0899963378906,270.3800048828125,261.9096374511719,24911300.0
2020-08-05,270.8800048828125,271.5199890136719,269.9599914550781,271.04998779296875,262.5586242675781,21612100.0
2020-08-06,270.8500061035156,274.9800109863281,270.19000244140625,274.6400146484375,266.0362243652344,28048200.0
2020-08-07,274.0799865722656,274.8800048828125,269.25,271.4700012207031,262.9654846191406,44969400.0
2020-08-10,271.7699890136719,271.9800109863281,266.6700134277344,270.30999755859375,261.8417663574219,35088400.0
2020-08-11,269.1099853515625,270.44000244140625,264.6300048828125,265.19000244140625,256.8822937011719,43104300.0
2020-08-12,267.4200134277344,272.8399963378906,267.3699951171875,271.8599853515625,263.34320068359375,38773400.0
2020-08-13,272.6600036621094,274.8299865722656,271.510009765625,272.4800109863281,263.9438171386719,31895700.0
2020-08-14,273.1199951171875,273.3999938964844,270.7200012207031,272.1600036621094,263.6338195800781,30799500.0
2020-08-17,273.92999267578125,275.8399963378906,272.20001220703125,275.32000732421875,266.6947937011719,24803000.0
2020-08-18,276.4200134277344,278.4599914550781,274.9100036621094,277.9700012207031,269.2618408203125,23529500.0
2020-08-19,277.92999267578125,279.0199890136719,275.57000732421875,276.1000061035156,267.4504089355469,31999400.0
2020-08-20,275.2799987792969,280.42999267578125,274.8599853515625,279.92999267578125,271.1604309082031,27723400.0
2020-08-21,280.1300048828125,282.3399963378906,279.4599914550781,281.8699951171875,273.0396423339844,34748900.0
2020-08-24,285.25,286.0,281.2699890136719,283.6300048828125,274.74456787109375,36418500.0
2020-08-25,282.8299865722656,286.05999755859375,282.3699951171875,285.8599853515625,276.90460205078125,34866600.0
2020-08-26,287.1499938964844,292.2200012207031,285.8299865722656,291.9599914550781,282.8136291503906,42216700.0
2020-08-27,292.9700012207031,293.8500061035156,288.7099914550781,291.04998779296875,281.9320983886719,49482700.0
2020-08-28,292.3299865722656,293.17999267578125,290.92999267578125,292.5299987792969,283.36572265625,28021000.0
2020-08-31,293.07000732421875,296.75,292.6199951171875,294.8800048828125,285.6421203613281,36321000.0
2020-09-01,297.6199951171875,300.0400085449219,295.7900085449219,299.9200134277344,290.52423095703125,36216200.0
2020-09-02,303.2799987792969,303.5,296.8900146484375,302.760009765625,293.2751770019531,50836800.0
2020-09-03,298.1000061035156,298.6199951171875,284.4100036621094,287.4100036621094,278.4060974121094,110083300.0
2020-09-04,285.55999755859375,288.92999267578125,271.79998779296875,283.5799865722656,274.696044921875,123959000.0
2020-09-08,272.2200012207031,278.2200012207031,269.6600036621094,269.95001220703125,261.49310302734375,99568600.0
2020-09-09,275.6400146484375,280.04998779296875,273.0,277.8800048828125,269.1747131347656,64837900.0
2020-09-10,280.94000244140625,282.20001220703125,270.55999755859375,272.3399963378906,263.80816650390625,69667500.0
2020-09-11,274.1499938964844,275.2200012207031,266.8999938964844,270.45001220703125,261.9775085449219,71809000.0
2020-09-14,274.3599853515625,277.2200012207031,272.9599914550781,275.1600036621094,266.53985595703125,38525200.0
2020-09-15,279.0299987792969,280.45001220703125,275.1300048828125,279.05999755859375,270.31768798828125,41849900.0
2020-09-16,279.8800048828125,280.3599853515625,274.25,274.6099853515625,266.007080078125,42321000.0
2020-09-17,267.54998779296875,274.3999938964844,266.67999267578125,270.32000732421875,261.8515319824219,81570800.0
2020-09-18,271.7900085449219,272.0899963378906,262.6300048828125,266.8699951171875,258.50958251953125,86251100.0
2020-09-21,262.4700012207031,267.6499938964844,260.1099853515625,267.510009765625,259.1295166015625,57168600.0
2020-09-22,269.989990234375,273.0799865722656,266.5400085449219,272.4800109863281,263.9438171386719,41128900.0
2020-09-23,272.1499938964844,272.3399963378906,263.25,264.1600036621094,255.884521484375,48837300.0
2020-09-24,261.3900146484375,268.70001220703125,261.2200012207031,265.3900146484375,257.0759582519531,70631700.0
2020-09-25,265.9100036621094,272.3999938964844,264.29998779296875,271.55999755859375,263.05267333984375,55242400.0
2020-09-28,276.5799865722656,277.20001220703125,271.6700134277344,277.20001220703125,268.5159606933594,58438300.0
2020-09-29,276.6199951171875,277.7099914550781,275.3699951171875,275.95001220703125,267.30517578125,27050000.0
2020-09-30,276.1499938964844,281.0899963378906,275.8699951171875,277.8399963378906,269.1358947753906,49380800.0
2020-10-01,281.7900085449219,282.8800048828125,279.8399963378906,282.25,273.4077453613281,50020200.0
2020-10-02,276.0199890136719,282.239990234375,273.44000244140625,274.30999755859375,265.7164306640625,75497400.0
2020-10-05,276.3399963378906,280.489990234375,276.2300109863281,280.1600036621094,271.3832702636719,28184600.0
2020-10-06,279.45001220703125,281.19000244140625,274.25,275.1600036621094,266.53985595703125,49704200.0
2020-10-07,277.8900146484375,280.739990234375,277.2799987792969,279.9200134277344,271.1507263183594,27539700.0
2020-10-08,282.3999938964844,282.4700012207031,280.30999755859375,281.4100036621094,272.5940856933594,25443300.0
2020-10-09,283.1099853515625,285.7900085449219,282.7099914550781,285.7099914550781,276.75933837890625,30201100.0
2020-10-12,290.54998779296875,297.4599914550781,289.4700012207031,294.5299987792969,285.3031005859375,79370700.0
2020-10-13,296.3900146484375,297.04998779296875,293.1099853515625,294.5199890136719,285.2933349609375,64240000.0
2020-10-14,295.3500061035156,296.3500061035156,290.260009765625,292.05999755859375,282.910400390625,36949100.0
2020-10-15,287.20001220703125,290.7099914550781,286.5400085449219,290.1000061035156,281.0118408203125,42514200.0
2020-10-16,291.79998779296875,293.2699890136719,288.1499938964844,288.510009765625,279.4716796875,40570700.0
2020-10-19,290.489990234375,291.4800109863281,282.7900085449219,283.79998779296875,274.9092712402344,36756800.0
2020-10-20,284.55999755859375,287.6199951171875,282.95001220703125,284.4100036621094,275.5000305175781,32195400.0
2020-10-21,284.6700134277344,287.32000732421875,283.69000244140625,284.19000244140625,275.2869567871094,29306100.0
2020-10-22,285.04998779296875,285.9800109863281,280.82000732421875,284.17999267578125,275.2773742675781,32196200.0
2020-10-23,284.7699890136719,284.9100036621094,281.7799987792969,284.739990234375,275.8197326660156,24658500.0
2020-10-26,282.3800048828125,285.29998779296875,276.760009765625,280.4700012207031,271.6835021972656,38421100.0
2020-10-27,281.5,283.510009765625,280.20001220703125,282.6600036621094,273.804931640625,30559100.0
2020-10-28,278.010009765625,278.6400146484375,271.3800048828125,271.6400146484375,263.1302185058594,53413500.0
2020-10-29,273.0,279.489990234375,272.5199890136719,276.3900146484375,267.7313537597656,43246300.0
2020-10-30,274.3399963378906,275.239990234375,267.07000732421875,269.3800048828125,260.9409484863281,65838300.0
2020-11-02,271.8500061035156,273.5199890136719,266.9700012207031,269.9800109863281,261.522216796875,39987400.0
2020-11-03,271.9599914550781,276.82000732421875,270.8399963378906,274.6499938964844,266.0458068847656,43604100.0
2020-11-04,283.5899963378906,288.7699890136719,281.8699951171875,286.9100036621094,277.92181396484375,75728200.0
2020-11-05,293.5299987792969,295.3900146484375,292.0,294.3900146484375,285.1675109863281,52054200.0
2020-11-06,293.7099914550781,295.3599853515625,289.8299865722656,294.6099853515625,285.3805236816406,40959800.0
2020-11-09,297.6499938964844,299.1400146484375,288.1199951171875,288.5899963378906,279.5491027832031,86537100.0
2020-11-10,285.1700134277344,286.6600036621094,280.6199951171875,283.4200134277344,274.54107666015625,69024900.0
2020-11-11,286.0299987792969,290.25,283.3800048828125,289.760009765625,280.6824645996094,36102900.0
2020-11-12,290.760009765625,292.07000732421875,287.25,288.3999938964844,279.3651428222656,34414600.0
2020-11-13,290.1700134277344,291.57000732421875,287.8699951171875,290.92999267578125,281.8157653808594,24806900.0
2020-11-16,290.6199951171875,293.510009765625,289.989990234375,293.20001220703125,284.01470947265625,30168400.0
2020-11-17,293.3999938964844,293.739990234375,291.6099853515625,292.2699890136719,283.11383056640625,21843500.0
2020-11-18,291.70001220703125,293.3699951171875,290.0199890136719,290.1099853515625,281.021484375,28069600.0
2020-11-19,289.5400085449219,292.70001220703125,288.8500061035156,292.3800048828125,283.2204284667969,22718400.0
2020-11-20,292.29998779296875,293.07000732421875,290.2900085449219,290.3800048828125,281.2831726074219,25907300.0
2020-11-23,291.4100036621094,292.75,288.07000732421875,290.3900146484375,281.29278564453125,26875600.0
2020-11-24,291.489990234375,294.9800109863281,289.6300048828125,294.4700012207031,285.2449035644531,24516800.0
2020-11-25,295.57000732421875,296.94000244140625,294.5899963378906,296.2799987792969,286.99822998046875,23326800.0
2020-11-27,298.30999755859375,300.1700134277344,297.8999938964844,299.010009765625,289.6427307128906,17163100.0
2020-11-30,299.3399963378906,299.9700012207031,294.7799987792969,299.6199951171875,290.2335205078125,27836200.0
2020-12-01,301.9700012207031,305.1400146484375,300.8299865722656,303.4599914550781,293.9532775878906,27521300.0
2020-12-02,302.25,304.20001220703125,300.3500061035156,303.8500061035156,294.3310241699219,23620000.0
2020-12-03,304.1700134277344,305.8800048828125,303.5299987792969,304.2799987792969,294.74761962890625,22828700.0
2020-12-04,304.3299865722656,305.6700134277344,303.6300048828125,305.5199890136719,295.9487609863281,19332100.0
2020-12-07,305.7099914550781,307.6300048828125,305.5199890136719,307.25,297.6245422363281,20851000.0
2020-12-08,306.760009765625,308.6000061035156,304.95001220703125,308.2900085449219,298.6319885253906,18341500.0
2020-12-09,308.07000732421875,308.3599853515625,300.2099914550781,301.30999755859375,291.8705749511719,48839300.0
2020-12-10,299.2099914550781,303.67999267578125,298.0899963378906,302.5199890136719,293.0426940917969,27519500.0
2020-12-11,300.80999755859375,301.9800109863281,298.4700012207031,301.8500061035156,292.3937683105469,26760400.0
2020-12-14,303.0799865722656,306.04998779296875,303.010009765625,304.0400085449219,294.51513671875,28804800.0
2020-12-15,306.3699951171875,307.2900085449219,304.1099853515625,307.2900085449219,297.663330078125,25709000.0
2020-12-16,307.70001220703125,309.7900085449219,306.6199951171875,308.9800109863281,299.3003234863281,25461900.0
2020-12-17,310.6300048828125,311.239990234375,309.3900146484375,311.0,301.257080078125,23730500.0
2020-12-18,311.6600036621094,311.9800109863281,307.6099853515625,310.05999755859375,300.3465270996094,41173400.0
2020-12-21,306.4599914550781,309.4700012207031,303.6000061035156,308.9200134277344,299.7846374511719,37095500.0
2020-12-22,309.8500061035156,310.7099914550781,306.8500061035156,309.760009765625,300.5998229980469,26176300.0
2020-12-23,309.80999755859375,310.17999267578125,308.0400085449219,308.20001220703125,299.0859680175781,21201300.0
2020-12-24,308.4700012207031,310.0199890136719,308.3900146484375,309.55999755859375,300.4056701660156,16785000.0
2020-12-28,312.25,313.1700134277344,310.3599853515625,312.67999267578125,303.4335021972656,22497700.0
2020-12-29,314.04998779296875,314.69000244140625,312.0299987792969,312.9599914550781,303.7051696777344,25871900.0
2020-12-30,314.1600036621094,314.489990234375,312.3299865722656,312.9700012207031,303.7149353027344,18138100.0
2020-12-31,312.8699951171875,314.239990234375,311.760009765625,313.739990234375,304.4620666503906,21611400.0
2021-01-04,315.1099853515625,315.2900085449219,305.17999267578125,309.30999755859375,300.1630859375,45305900.0
2021-01-05,308.2900085449219,312.1400146484375,308.2900085449219,311.8599853515625,302.6376953125,29323400.0
2021-01-06,307.0,311.8800048828125,305.9800109863281,307.5400085449219,298.4455261230469,52809600.0
2021-01-07,310.2799987792969,315.8399963378906,310.25,314.9800109863281,305.6654968261719,30394800.0
2021-01-08,317.3399963378906,319.3900146484375,315.0799865722656,319.0299987792969,309.595703125,33955800.0
2021-01-11,315.9800109863281,317.19000244140625,313.75,314.4200134277344,305.12200927734375,32746400.0
2021-01-12,314.4599914550781,315.5799865722656,311.20001220703125,313.9200134277344,304.63677978515625,29266800.0
2021-01-13,314.19000244140625,316.8599853515625,313.57000732421875,316.0400085449219,306.694091796875,22898400.0
2021-01-14,316.5,317.5299987792969,313.8599853515625,314.3500061035156,305.0540466308594,23500100.0
2021-01-15,314.1300048828125,315.1199951171875,310.5799865722656,311.8599853515625,302.6376953125,35118700.0
2021-01-19,314.25,316.92999267578125,313.1199951171875,316.4100036621094,307.0531311035156,24537000.0
2021-01-20,320.1400146484375,324.739990234375,316.510009765625,323.7699890136719,314.1954650878906,30728100.0
2021-01-21,325.1499938964844,327.1300048828125,323.7300109863281,326.3599853515625,316.7088623046875,25130600.0
2021-01-22,325.2900085449219,326.4599914550781,324.7099914550781,325.4200134277344,315.7967224121094,21609400.0
2021-01-25,328.9100036621094,330.32000732421875,321.4100036621094,328.1099853515625,318.4071350097656,39080600.0
2021-01-26,328.8500061035156,329.760009765625,327.2200012207031,328.5899963378906,318.8729248046875,25498100.0
2021-01-27,326.260009765625,326.2699890136719,317.3599853515625,319.42999267578125,309.98388671875,55264000.0
2021-01-28,320.6700134277344,326.4200134277344,320.0299987792969,321.32000732421875,311.8180236816406,42836300.0
2021-01-29,319.5799865722656,320.7200012207031,312.760009765625,314.55999755859375,305.2579040527344,55259000.0
2021-02-01,318.1099853515625,323.5400085449219,316.0199890136719,322.4200134277344,312.8853759765625,35646000.0
2021-02-02,325.4800109863281,328.8699951171875,325.30999755859375,327.67999267578125,317.9898681640625,33930800.0
2021-02-03,329.82000732421875,330.20001220703125,326.32000732421875,326.3800048828125,316.728271484375,24824500.0
2021-02-04,327.82000732421875,330.3299865722656,326.4599914550781,330.239990234375,320.47418212890625,22350900.0
2021-02-05,331.2200012207031,332.3999938964844,329.5299987792969,331.3599853515625,321.5610656738281,22732000.0
2021-02-08,333.1000061035156,333.739990234375,331.4100036621094,333.5799865722656,323.71539306640625,20462800.0
2021-02-09,332.6199951171875,334.80999755859375,332.6099853515625,333.510009765625,323.6474304199219,17597500.0
2021-02-10,334.989990234375,335.4599914550781,329.5,332.75,322.9099426269531,28068700.0
2021-02-11,334.3299865722656,335.0,332.1199951171875,334.5799865722656,324.68585205078125,22046100.0
2021-02-12,333.7099914550781,336.6199951171875,332.6300048828125,336.45001220703125,326.5005187988281,20346800.0
2021-02-16,337.2699890136719,338.19000244140625,334.3399963378906,335.5400085449219,325.61749267578125,27080800.0
2021-02-17,332.4700012207031,335.6600036621094,330.1700134277344,333.92999267578125,324.0550842285156,31360300.0
2021-02-18,330.2300109863281,333.8699951171875,328.3599853515625,332.4700012207031,322.6381530761719,32236200.0
2021-02-19,333.8599853515625,333.989990234375,329.9700012207031,331.0199890136719,321.2310791015625,39157700.0
2021-02-22,326.5,327.79998779296875,322.2300109863281,322.44000244140625,312.90484619140625,47256900.0
2021-02-23,317.0,323.20001220703125,311.0,321.4800109863281,311.9732666015625,97241900.0
2021-02-24,318.739990234375,324.45001220703125,315.9599914550781,324.1300048828125,314.54486083984375,58206300.0
2021-02-25,321.3900146484375,324.0299987792969,311.239990234375,312.8299865722656,303.5790100097656,110182600.0
2021-02-26,315.8500061035156,319.1099853515625,310.8800048828125,314.1400146484375,304.8503112792969,104739800.0
2021-03-01,319.2699890136719,323.94000244140625,317.94000244140625,323.5899963378906,314.0208435058594,49164500.0
2021-03-02,324.25,324.3299865722656,318.1400146484375,318.3999938964844,308.9842834472656,48370000.0
2021-03-03,317.2699890136719,318.239990234375,309.1000061035156,309.1600036621094,300.0175476074219,86301100.0
2021-03-04,308.7799987792969,312.0400085449219,300.1099853515625,304.1000061035156,295.10723876953125,139131600.0
2021-03-05,306.79998779296875,309.6099853515625,297.45001220703125,308.67999267578125,299.5517272949219,121523700.0
2021-03-08,308.1199951171875,310.05999755859375,299.510009765625,299.94000244140625,291.0702209472656,88409800.0
2021-03-09,307.4700012207031,313.7300109863281,306.9200134277344,311.7699890136719,302.55035400390625,80391100.0
2021-03-10,316.1600036621094,316.4700012207031,310.1700134277344,310.8800048828125,301.6866760253906,76798100.0
2021-03-11,315.7699890136719,319.8599853515625,314.8500061035156,318.0400085449219,308.635009765625,53484800.0
2021-03-12,313.8599853515625,318.2300109863281,311.3900146484375,315.4599914550781,306.1311950683594,69315600.0
2021-03-15,315.7900085449219,319.0,314.1000061035156,318.8299865722656,309.4015808105469,42955700.0
2021-03-16,321.0899963378906,324.20001220703125,319.1000061035156,320.5799865722656,311.099853515625,54925900.0
2021-03-17,317.45001220703125,323.8500061035156,315.67999267578125,321.8999938964844,312.3807373046875,78258700.0
2021-03-18,316.8699951171875,317.8800048828125,311.57000732421875,312.0400085449219,302.8124084472656,82718100.0
2021-03-19,311.8699951171875,314.7300109863281,309.6600036621094,313.1400146484375,303.8799133300781,78446200.0
2021-03-22,315.2099914550781,320.739990234375,315.2099914550781,318.6099853515625,309.5785827636719,56194800.0
2021-03-23,319.7300109863281,321.0899963378906,316.3800048828125,317.2200012207031,308.2280578613281,53455400.0
2021-03-24,318.6300048828125,318.6700134277344,311.7200012207031,311.8699951171875,303.0296630859375,64803700.0
2021-03-25,309.9700012207031,312.8900146484375,307.3900146484375,311.3299865722656,302.5049133300781,78729000.0
2021-03-26,311.1099853515625,316.3299865722656,309.6700134277344,316.0,307.04266357421875,63519600.0
2021-03-29,315.45001220703125,316.989990234375,312.4700012207031,315.9100036621094,306.9551086425781,54608000.0
2021-03-30,313.8900146484375,314.9100036621094,311.5400085449219,314.32000732421875,305.41021728515625,44635700.0
2021-03-31,316.1600036621094,320.739990234375,315.80999755859375,319.1300048828125,310.0838623046875,55032500.0
2021-04-01,323.07000732421875,324.7099914550781,322.80999755859375,324.57000732421875,315.36962890625,55685600.0
2021-04-05,327.1300048828125,331.8399963378906,326.8800048828125,331.04998779296875,321.666015625,42172500.0
2021-04-06,330.7300109863281,332.8299865722656,330.0199890136719,330.82000732421875,321.4425354003906,33537200.0
2021-04-07,330.3299865722656,332.4800109863281,329.3699951171875,331.6199951171875,322.21978759765625,32046400.0
2021-04-08,334.55999755859375,335.2699890136719,333.739990234375,335.0799865722656,325.5818176269531,29940800.0
2021-04-09,333.67999267578125,337.32000732421875,332.9200134277344,337.1099853515625,327.5541687011719,36664900.0
2021-04-12,336.0400085449219,337.1000061035156,334.7300109863281,336.6700134277344,327.126708984375,25833000.0
2021-04-13,338.239990234375,341.0799865722656,338.0199890136719,340.6000061035156,330.9453125,30374000.0
2021-04-14,340.8500061035156,340.9800109863281,335.6700134277344,336.510009765625,326.97119140625,42564300.0
2021-04-15,339.4700012207031,342.010009765625,336.2200012207031,341.6099853515625,331.9266662597656,36342800.0
2021-04-16,342.1499938964844,342.2300109863281,340.0799865722656,342.010009765625,332.3153076171875,40860100.0
2021-04-19,340.3900146484375,341.5799865722656,336.8999938964844,338.8800048828125,329.27398681640625,34533100.0
2021-04-20,338.20001220703125,339.5199890136719,334.3800048828125,336.4100036621094,326.8740539550781,38081800.0
2021-04-21,335.0899963378906,339.4800109863281,333.9700012207031,339.2900085449219,329.6723937988281,36598100.0
2021-04-22,338.8900146484375,339.8999938964844,334.010009765625,335.20001220703125,325.6983337402344,45936100.0
2021-04-23,335.8500061035156,340.7699890136719,335.8500061035156,339.4200134277344,329.7987365722656,36381900.0
2021-04-26,339.6700134277344,341.9200134277344,338.8999938964844,341.6300048828125,331.9460754394531,30812000.0
2021-04-27,341.92999267578125,342.1499938964844,339.1700134277344,340.1499938964844,330.50799560546875,33187200.0
2021-04-28,339.80999755859375,340.8500061035156,338.3299865722656,339.0,329.3905944824219,33615700.0
2021-04-29,342.3699951171875,342.79998779296875,336.8999938964844,340.2200012207031,330.5760803222656,37708900.0
2021-04-30,337.70001220703125,340.260009765625,337.04998779296875,337.989990234375,328.4093322753906,38263400.0
2021-05-03,339.2300109863281,340.0,335.7300109863281,336.19000244140625,326.6603698730469,29729700.0
2021-05-04,333.55999755859375,333.8900146484375,326.2099914550781,330.1400146484375,320.7818298339844,65147000.0
2021-05-05,332.25,333.1400146484375,328.2300109863281,329.0299987792969,319.7032775878906,46219300.0
2021-05-06,328.760009765625,331.6700134277344,326.45001220703125,331.510009765625,322.11297607421875,46814300.0
2021-05-07,334.3699951171875,336.6499938964844,331.69000244140625,334.20001220703125,324.7266845703125,53324500.0
2021-05-10,332.7799987792969,332.9599914550781,325.54998779296875,325.760009765625,316.5259704589844,60700500.0
2021-05-11,319.70001220703125,326.1300048828125,319.0199890136719,325.30999755859375,316.08868408203125,71963600.0
2021-05-12,320.2300109863281,322.6199951171875,316.0,316.8900146484375,307.90740966796875,91164900.0
2021-05-13,319.9200134277344,322.3999938964844,316.8999938964844,319.3399963378906,310.28790283203125,69877800.0
2021-05-14,322.6000061035156,327.3299865722656,322.0799865722656,326.3900146484375,317.13818359375,44370000.0
2021-05-17,324.6300048828125,326.3699951171875,321.45001220703125,324.4100036621094,315.21417236328125,39395000.0
2021-05-18,325.3900146484375,326.6499938964844,321.94000244140625,322.2200012207031,313.0863037109375,36528500.0
2021-05-19,316.6600036621094,322.8999938964844,316.29998779296875,322.5899963378906,313.4457702636719,66319100.0
2021-05-20,324.1199951171875,329.7099914550781,323.8900146484375,328.8299865722656,319.50885009765625,46466100.0
2021-05-21,330.42999267578125,330.8599853515625,326.6400146484375,327.010009765625,317.740478515625,50330400.0
2021-05-24,329.3699951171875,333.6700134277344,326.8999938964844,332.510009765625,323.0846252441406,32475800.0
2021-05-25,334.07000732421875,334.80999755859375,331.760009765625,332.9700012207031,323.531494140625,31280300.0
2021-05-26,333.6600036621094,334.6099853515625,332.95001220703125,334.1300048828125,324.6585998535156,25444900.0
2021-05-27,333.6700134277344,334.5400085449219,332.6700134277344,332.8800048828125,323.4441833496094,27931700.0
2021-05-28,334.1199951171875,335.57000732421875,333.6000061035156,333.92999267578125,324.4643249511719,29927400.0
2021-06-01,335.29998779296875,335.7900085449219,331.42999267578125,332.82000732421875,323.3858337402344,31145400.0
2021-06-02,333.25,334.3399963378906,331.70001220703125,333.4700012207031,324.01739501953125,22047900.0
2021-06-03,330.54998779296875,331.8599853515625,328.2799987792969,330.0,320.645751953125,37057800.0
2021-06-04,331.8500061035156,336.05999755859375,331.7799987792969,335.6000061035156,326.0870361328125,38736500.0
2021-06-07,335.04998779296875,336.6600036621094,334.3399963378906,336.6000061035156,327.05859375,32611900.0
2021-06-08,338.3999938964844,339.2900085449219,335.0299987792969,336.760009765625,327.2141418457031,27282800.0
2021-06-09,338.1700134277344,338.9700012207031,336.6499938964844,336.8399963378906,327.2917785644531,21485300.0
2021-06-10,337.19000244140625,340.4599914550781,336.7300109863281,340.3500061035156,330.7023010253906,33702100.0
2021-06-11,340.3599853515625,341.25,339.69000244140625,341.239990234375,331.567138671875,21222800.0
2021-06-14,341.67999267578125,344.5199890136719,340.4599914550781,344.510009765625,334.7445068359375,27827700.0
2021-06-15,344.1499938964844,344.4700012207031,341.5199890136719,342.260009765625,332.55816650390625,35963800.0
2021-06-16,342.739990234375,343.8399963378906,337.45001220703125,341.010009765625,331.3436279296875,55399500.0
2021-06-17,339.9700012207031,346.3800048828125,339.9200134277344,345.3399963378906,335.5509338378906,59722700.0
2021-06-18,343.6300048828125,344.80999755859375,341.8599853515625,342.6300048828125,332.9177551269531,55414900.0
2021-06-21,342.42999267578125,344.69000244140625,340.1499938964844,344.3599853515625,334.9868469238281,32992600.0
2021-06-22,344.1499938964844,348.0299987792969,343.8399963378906,347.57000732421875,338.1094665527344,28941600.0
2021-06-23,347.510009765625,348.9200134277344,346.8800048828125,347.739990234375,338.2748718261719,27188500.0
2021-06-24,349.7300109863281,351.4599914550781,349.1700134277344,349.8900146484375,340.3663330078125,32581600.0
2021-06-25,350.4700012207031,350.7200012207031,348.8399963378906,349.4599914550781,339.94793701171875,28682800.0
2021-06-28,350.7799987792969,353.8500061035156,350.7200012207031,353.7099914550781,344.0823059082031,39130300.0
2021-06-29,353.5299987792969,355.0199890136719,352.6700134277344,354.989990234375,345.32745361328125,29426000.0
2021-06-30,354.8299865722656,355.2300109863281,353.8299865722656,354.42999267578125,344.7827453613281,32724000.0
2021-07-01,354.07000732421875,355.0899963378906,352.67999267578125,354.57000732421875,344.9189453125,29290000.0
2021-07-02,356.5199890136719,358.9700012207031,356.2799987792969,358.6400146484375,348.878173828125,32727200.0
2021-07-06,359.260009765625,360.4800109863281,356.489990234375,360.19000244140625,350.3860168457031,38842400.0
2021-07-07,362.45001220703125,362.760009765625,358.94000244140625,360.95001220703125,351.1252746582031,35265200.0
2021-07-08,355.739990234375,359.6499938964844,354.4200134277344,358.7699890136719,349.00457763671875,50890000.0
2021-07-09,358.1700134277344,361.5,357.57000732421875,361.010009765625,351.1836242675781,35184500.0
2021-07-12,362.45001220703125,362.8900146484375,360.8299865722656,362.4200134277344,352.5553283691406,25717700.0
2021-07-13,362.0299987792969,365.4700012207031,361.5400085449219,362.4200134277344,352.5553283691406,39723000.0
2021-07-14,364.8299865722656,365.489990234375,362.2200012207031,363.07000732421875,353.1875305175781,35336400.0
2021-07-15,362.9800109863281,363.19000244140625,358.4599914550781,360.5199890136719,350.7069396972656,53391600.0
2021-07-16,361.3999938964844,362.4100036621094,357.239990234375,357.6000061035156,347.8664245605469,47262000.0
2021-07-19,354.04998779296875,355.17999267578125,352.0400085449219,354.6700134277344,345.0162353515625,64404600.0
2021-07-20,355.6300048828125,360.2799987792969,353.79998779296875,358.7900085449219,349.0240783691406,42183700.0
2021-07-21,358.3500061035156,361.55999755859375,358.1199951171875,361.55999755859375,351.7185974121094,30259900.0
2021-07-22,361.7699890136719,363.9599914550781,361.7699890136719,363.95001220703125,354.0436096191406,30252200.0
2021-07-23,365.30999755859375,368.489990234375,363.9200134277344,368.20001220703125,358.17791748046875,31960800.0
2021-07-26,367.489990234375,368.8900146484375,366.6000061035156,368.489990234375,358.4599609375,28438100.0
2021-07-27,368.2200012207031,368.2200012207031,360.1600036621094,364.42999267578125,354.51055908203125,57933100.0
2021-07-28,365.6000061035156,367.45001220703125,363.239990234375,365.8299865722656,355.87237548828125,42066200.0
2021-07-29,365.25,367.67999267578125,365.25,366.4800109863281,356.5047912597656,25672500.0
2021-07-30,362.44000244140625,365.1700134277344,362.4100036621094,364.57000732421875,354.6467590332031,36484600.0
2021-08-02,366.2799987792969,366.8800048828125,363.8699951171875,364.6000061035156,354.6758728027344,27334100.0
2021-08-03,365.2799987792969,366.92999267578125,362.0,366.80999755859375,356.8257141113281,35558500.0
2021-08-04,366.7699890136719,368.32000732421875,365.6300048828125,367.3399963378906,357.34130859375,29602200.0
2021-08-05,368.17999267578125,369.9100036621094,367.45001220703125,369.6700134277344,359.60784912109375,21443900.0
2021-08-06,368.3699951171875,369.3699951171875,366.9100036621094,368.04998779296875,358.0320129394531,33332100.0
2021-08-09,368.5199890136719,369.2699890136719,367.3900146484375,368.7300109863281,358.6934509277344,25960200.0
2021-08-10,369.260009765625,369.55999755859375,365.6199951171875,366.8399963378906,356.8549499511719,35130800.0
2021-08-11,368.1400146484375,368.6499938964844,364.8399963378906,366.2099914550781,356.2420959472656,34249800.0
2021-08-12,365.69000244140625,367.8999938964844,364.29998779296875,367.5299987792969,357.5260925292969,25969200.0
2021-08-13,367.8900146484375,369.1600036621094,367.3800048828125,368.82000732421875,358.7810974121094,19336200.0
2021-08-16,367.6700134277344,369.0199890136719,363.70001220703125,368.9800109863281,358.93670654296875,34856900.0
2021-08-17,366.1499938964844,367.1499938964844,363.2300109863281,365.7300109863281,355.775146484375,44793900.0
2021-08-18,365.17999267578125,366.6199951171875,361.8699951171875,362.2099914550781,352.3509826660156,38541900.0
2021-08-19,360.2200012207031,365.67999267578125,359.9599914550781,363.9599914550781,354.0533447265625,48499400.0
2021-08-20,365.05999755859375,368.1400146484375,364.739990234375,367.7300109863281,357.720703125,39486000.0
2021-08-23,368.79998779296875,373.94000244140625,368.7900085449219,373.2300109863281,363.07098388671875,34034700.0
2021-08-24,373.8399963378906,374.989990234375,373.3599853515625,374.3699951171875,364.1799621582031,21732900.0
2021-08-25,374.6300048828125,375.3900146484375,373.8599853515625,374.79998779296875,364.5982666015625,20441900.0
2021-08-26,373.9200134277344,374.6199951171875,371.9700012207031,372.4200134277344,362.2830505371094,29133300.0
2021-08-27,373.07000732421875,376.55999755859375,372.57000732421875,376.0400085449219,365.8045654296875,27104700.0
2021-08-30,376.8500061035156,380.760009765625,376.8299865722656,380.260009765625,369.90966796875,27295700.0
2021-08-31,380.510009765625,380.5799865722656,378.3599853515625,379.95001220703125,369.6081848144531,29628200.0
2021-09-01,381.0400085449219,382.7099914550781,380.3699951171875,380.5799865722656,370.2209167480469,28138300.0
2021-09-02,381.9700012207031,382.30999755859375,379.1499938964844,380.3999938964844,370.0458679199219,25453400.0
2021-09-03,379.2200012207031,381.9800109863281,379.20001220703125,381.57000732421875,371.18402099609375,24605400.0
2021-09-07,381.67999267578125,382.7799987792969,380.489990234375,382.1099853515625,371.70928955078125,23970200.0
2021-09-08,381.92999267578125,381.92999267578125,378.45001220703125,380.7799987792969,370.4154968261719,32949200.0
2021-09-09,381.010009765625,382.1499938964844,379.2200012207031,379.4700012207031,369.14117431640625,29399000.0
2021-09-10,381.2300109863281,381.9700012207031,376.25,376.5899963378906,366.33953857421875,40249400.0
2021-09-13,378.989990234375,379.42999267578125,374.2200012207031,376.3299865722656,366.08660888671875,48741800.0
2021-09-14,377.8599853515625,378.6099853515625,374.2799987792969,375.260009765625,365.0457458496094,41826600.0
2021-09-15,375.7300109863281,378.4100036621094,373.3699951171875,378.04998779296875,367.7598876953125,34097900.0
2021-09-16,376.67999267578125,378.8999938964844,374.70001220703125,378.30999755859375,368.0126953125,35193100.0
2021-09-17,377.82000732421875,377.8699951171875,372.760009765625,373.8299865722656,363.6546936035156,60912300.0
2021-09-20,367.4599914550781,369.25,360.92999267578125,365.70001220703125,356.1404113769531,76203200.0
2021-09-21,367.5799865722656,368.80999755859375,364.989990234375,366.1499938964844,356.57867431640625,41927500.0
2021-09-22,367.0899963378906,371.07000732421875,365.9599914550781,369.57000732421875,359.9092102050781,46972900.0
2021-09-23,370.760009765625,374.0400085449219,370.1000061035156,372.9800109863281,363.2300720214844,44652000.0
2021-09-24,370.6499938964844,373.760009765625,370.2699890136719,373.3299865722656,363.57086181640625,36056800.0
2021-09-27,370.20001220703125,371.25,367.7300109863281,370.3500061035156,360.6688232421875,43338100.0
2021-09-28,365.6700134277344,370.29998779296875,359.3500061035156,359.8699951171875,350.4627380371094,97701600.0
2021-09-29,361.1700134277344,363.3699951171875,358.6400146484375,359.2799987792969,349.8882141113281,58076600.0
2021-09-30,360.9700012207031,362.67999267578125,357.1000061035156,357.9599914550781,348.6027526855469,61384600.0
2021-10-01,358.6000061035156,361.25,354.3800048828125,360.17999267578125,350.7646179199219,56375500.0
2021-10-04,358.5199890136719,358.8599853515625,350.32000732421875,352.6199951171875,343.4022216796875,76766000.0
2021-10-05,353.7099914550781,359.69000244140625,353.4800109863281,357.3800048828125,348.037841796875,47232900.0
2021-10-06,354.0799865722656,359.95001220703125,353.1499938964844,359.6700134277344,350.2679748535156,56806500.0
2021-10-07,362.79998779296875,365.69000244140625,362.25,362.9700012207031,353.4817199707031,39411200.0
2021-10-08,364.0799865722656,364.32000732421875,360.6099853515625,361.1600036621094,351.7190246582031,41822300.0
2021-10-11,359.5799865722656,363.20001220703125,358.29998779296875,358.3900146484375,349.0215148925781,34847200.0
2021-10-12,359.8800048828125,360.3299865722656,356.4800109863281,357.1400146484375,347.80419921875,43905100.0
2021-10-13,359.510009765625,360.69000244140625,357.42999267578125,360.0,350.58941650390625,40120800.0
2021-10-14,363.69000244140625,366.8500061035156,363.010009765625,366.6300048828125,357.0460510253906,43433900.0
2021-10-15,367.8800048828125,369.05999755859375,366.82000732421875,368.94000244140625,359.2956848144531,40419900.0
2021-10-18,367.6099853515625,372.8699951171875,366.989990234375,372.6499938964844,362.9087219238281,34513500.0
2021-10-19,373.75,375.5199890136719,372.70001220703125,375.4700012207031,365.6550598144531,29091000.0
2021-10-20,375.94000244140625,376.57000732421875,373.4599914550781,374.9800109863281,365.177734375,31390300.0
2021-10-21,374.1600036621094,377.4700012207031,373.8500061035156,377.2699890136719,367.407958984375,25469300.0
2021-10-22,375.9800109863281,376.9700012207031,372.3900146484375,374.1000061035156,364.3207702636719,36275800.0
2021-10-25,375.55999755859375,378.8699951171875,373.55999755859375,377.92999267578125,368.0506896972656,32597800.0
2021-10-26,380.2300109863281,382.7099914550781,377.9100036621094,379.1199951171875,369.2095947265625,47191300.0
2021-10-27,379.5799865722656,383.1499938964844,379.30999755859375,380.0,370.0666198730469,45760500.0
2021-10-28,381.95001220703125,384.4800109863281,381.1600036621094,384.2200012207031,374.1763000488281,38007000.0
2021-10-29,381.05999755859375,386.2799987792969,380.70001220703125,386.1099853515625,376.0168762207031,37310100.0
2021-11-01,386.55999755859375,387.55999755859375,384.4200134277344,387.42999267578125,377.3023376464844,30765300.0
2021-11-02,386.79998779296875,389.5400085449219,386.75,389.04998779296875,378.8799743652344,25135300.0
2021-11-03,389.54998779296875,393.6099853515625,388.4800109863281,393.17999267578125,382.9020080566406,33748900.0
2021-11-04,394.4800109863281,399.20001220703125,393.9200134277344,398.2200012207031,387.810302734375,40265300.0
2021-11-05,400.0400085449219,400.989990234375,397.1600036621094,398.6000061035156,388.1803283691406,43383800.0
2021-11-08,398.57000732421875,399.6199951171875,397.3999938964844,398.05999755859375,387.6544494628906,29256300.0
2021-11-09,399.1600036621094,399.57000732421875,393.9200134277344,395.32000732421875,384.98614501953125,50490700.0
2021-11-10,392.4700012207031,395.3599853515625,387.5299987792969,389.510009765625,379.32794189453125,54937400.0
2021-11-11,392.57000732421875,392.75,390.239990234375,390.5899963378906,380.3797607421875,32243000.0
2021-11-12,391.7699890136719,395.25,390.1300048828125,394.70001220703125,384.3823547363281,34730600.0
2021-11-15,395.9100036621094,396.239990234375,392.1000061035156,394.6099853515625,384.294677734375,33716900.0
2021-11-16,393.8599853515625,397.92999267578125,393.6600036621094,397.4200134277344,387.0312194824219,27872900.0
2021-11-17,397.75,399.7200012207031,396.6400146484375,397.6300048828125,387.2357177734375,28703300.0
2021-11-18,399.7300109863281,402.2699890136719,397.45001220703125,401.75,391.2480163574219,45721500.0
2021-11-19,403.42999267578125,405.29998779296875,402.5799865722656,403.989990234375,393.4294738769531,45191700.0
2021-11-22,405.57000732421875,408.7099914550781,399.19000244140625,399.29998779296875,388.86199951171875,61715400.0
2021-11-23,398.1099853515625,400.2300109863281,392.9200134277344,397.4800109863281,387.0896301269531,70098700.0
2021-11-24,394.92999267578125,399.04998779296875,392.5400085449219,398.760009765625,388.336181640625,46954400.0
2021-11-26,396.1099853515625,397.5400085449219,389.7699890136719,391.20001220703125,380.9737548828125,51533300.0
2021-11-29,395.8900146484375,400.7300109863281,395.1400146484375,399.69000244140625,389.2418212890625,54447100.0
2021-11-30,398.7799987792969,401.19000244140625,391.75,393.82000732421875,383.525390625,81332700.0
2021-12-01,398.2799987792969,400.4800109863281,386.6400146484375,387.1199951171875,377.0004577636719,77766500.0
2021-12-02,385.79998779296875,391.739990234375,384.3399963378906,389.9100036621094,379.71746826171875,84416600.0
2021-12-03,391.30999755859375,392.3399963378906,378.8999938964844,383.1300048828125,373.1147766113281,105349100.0
2021-12-06,383.6300048828125,387.6000061035156,379.29998779296875,386.20001220703125,376.1045227050781,67588800.0
2021-12-07,393.0299987792969,398.4599914550781,392.989990234375,397.8299865722656,387.4304504394531,56005300.0
2021-12-08,398.1700134277344,399.82000732421875,396.2200012207031,399.6099853515625,389.1639404296875,39204000.0
2021-12-09,398.3500061035156,400.20001220703125,393.5299987792969,393.7300109863281,383.43768310546875,49973700.0
2021-12-10,396.6199951171875,398.2799987792969,393.3599853515625,398.010009765625,387.6057434082031,52545800.0
2021-12-13,398.0,398.3299865722656,391.8800048828125,392.260009765625,382.0061950683594,50166400.0
2021-12-14,387.29998779296875,390.0899963378906,383.6300048828125,388.20001220703125,378.05230712890625,75199200.0
2021-12-15,387.94000244140625,397.4200134277344,383.8800048828125,397.04998779296875,386.6708679199219,73858000.0
2021-12-16,398.0400085449219,398.4800109863281,385.2099914550781,386.8399963378906,376.7277526855469,82591400.0
2021-12-17,383.3299865722656,389.19000244140625,381.7699890136719,384.9100036621094,374.8481750488281,80492500.0
2021-12-20,379.57000732421875,381.5,377.4700012207031,380.69000244140625,371.21209716796875,65336800.0
2021-12-21,384.04998779296875,389.5299987792969,380.20001220703125,389.2099914550781,379.5198974609375,48899500.0
2021-12-22,388.9100036621094,394.1600036621094,388.2300109863281,393.95001220703125,384.1418762207031,37042200.0
2021-12-23,394.30999755859375,398.42999267578125,394.1400146484375,396.9200134277344,387.0379943847656,29595500.0
2021-12-27,398.25,403.4800109863281,398.2200012207031,403.4800109863281,393.4346618652344,32820700.0
2021-12-28,404.3999938964844,404.5799865722656,400.7099914550781,401.6099853515625,391.6112060546875,33113700.0
2021-12-29,401.75,403.04998779296875,399.1099853515625,401.54998779296875,391.5527038574219,32248500.0
2021-12-30,401.3299865722656,403.57000732421875,399.75,400.3500061035156,390.3825988769531,23850100.0
2021-12-31,399.6600036621094,401.05999755859375,397.3399963378906,397.8500061035156,387.9447937011719,34752900.0
2022-01-03,399.04998779296875,401.94000244140625,396.8800048828125,401.67999267578125,391.6794128417969,40575900.0
2022-01-04,402.239990234375,402.2799987792969,393.2900085449219,396.4700012207031,386.59918212890625,58027200.0
2022-01-05,394.739990234375,395.8900146484375,384.0299987792969,384.2900085449219,374.722412109375,75739800.0
2022-01-06,382.4200134277344,387.3500061035156,380.1300048828125,384.0199890136719,374.4590759277344,70814300.0
2022-01-07,384.0299987792969,385.760009765625,378.0400085449219,379.8599853515625,370.4026794433594,72652300.0
2022-01-10,374.82000732421875,380.6400146484375,369.30999755859375,380.1099853515625,370.646484375,91770500.0
2022-01-11,379.3599853515625,385.989990234375,377.2200012207031,385.82000732421875,376.21435546875,68295700.0
2022-01-12,388.4599914550781,390.20001220703125,385.010009765625,387.3500061035156,377.70623779296875,54576400.0
2022-01-13,388.7699890136719,389.4700012207031,376.70001220703125,377.6600036621094,368.2575378417969,77994000.0
2022-01-14,375.07000732421875,380.3500061035156,374.8599853515625,380.010009765625,370.5489807128906,80121200.0
2022-01-18,374.0400085449219,376.2200012207031,369.7699890136719,370.54998779296875,361.3244934082031,75450900.0
2022-01-19,372.1499938964844,374.69000244140625,366.2099914550781,366.4800109863281,357.3558654785156,81791500.0
2022-01-20,369.7900085449219,373.8699951171875,361.1700134277344,361.7200012207031,352.7143249511719,88610700.0
2022-01-21,359.4700012207031,362.17999267578125,351.3999938964844,351.69000244140625,342.93402099609375,143388900.0
2022-01-24,345.9100036621094,353.9800109863281,334.1499938964844,353.29998779296875,344.50396728515625,198685800.0
2022-01-25,346.6700134277344,351.0299987792969,341.67999267578125,345.1099853515625,336.51788330078125,124398400.0
2022-01-26,352.9100036621094,356.8800048828125,340.7799987792969,344.57000732421875,335.9913635253906,146559500.0
2022-01-27,349.3999938964844,351.2699890136719,340.04998779296875,341.1000061035156,332.6076965332031,95255700.0
2022-01-28,343.0299987792969,352.0199890136719,337.95001220703125,351.79998779296875,343.0412902832031,108167900.0
2022-01-31,353.20001220703125,363.6499938964844,351.5199890136719,363.04998779296875,354.0111999511719,94326400.0
2022-02-01,364.42999267578125,366.19000244140625,359.1400146484375,365.5199890136719,356.4197082519531,74433000.0
2022-02-02,369.760009765625,370.1000061035156,364.2900085449219,368.489990234375,359.31573486328125,78777100.0
2022-02-03,358.5299987792969,361.92999267578125,352.4599914550781,353.54998779296875,344.74774169921875,95384800.0
2022-02-04,354.0799865722656,361.3999938964844,351.9700012207031,358.010009765625,349.0967712402344,86318300.0
2022-02-07,358.6199951171875,361.04998779296875,353.8399963378906,355.1300048828125,346.2884826660156,58198100.0
2022-02-08,353.9599914550781,360.239990234375,352.79998779296875,359.1199951171875,350.1791076660156,64720900.0
2022-02-09,363.760009765625,366.80999755859375,362.1199951171875,366.7300109863281,357.59967041015625,55766400.0
2022-02-10,359.5199890136719,366.489990234375,356.5400085449219,358.42999267578125,349.50628662109375,112468500.0
2022-02-11,358.42999267578125,360.07000732421875,345.79998779296875,347.05999755859375,338.4193420410156,101569100.0
2022-02-14,346.489990234375,350.9800109863281,343.8900146484375,347.489990234375,338.8385925292969,80254400.0
2022-02-15,352.9100036621094,356.3699951171875,351.82000732421875,356.1300048828125,347.26348876953125,55128800.0
2022-02-16,353.82000732421875,357.0899963378906,350.7099914550781,356.0400085449219,347.1758117675781,58947100.0
2022-02-17,352.739990234375,353.4599914550781,345.0199890136719,345.45001220703125,336.8493957519531,61801400.0
2022-02-18,346.4100036621094,346.80999755859375,339.1400146484375,341.510009765625,333.007568359375,80001500.0
2022-02-22,338.489990234375,344.0400085449219,334.3500061035156,338.0799865722656,329.66290283203125,85967100.0
2022-02-23,341.32000732421875,342.17999267578125,329.1000061035156,329.4200134277344,321.2185363769531,86215400.0
2022-02-24,318.8399963378906,341.0400085449219,318.260009765625,340.489990234375,332.0129089355469,130614100.0
2022-02-25,341.30999755859375,345.9800109863281,337.3900146484375,345.7699890136719,337.161376953125,78842100.0
2022-02-28,342.510009765625,348.5400085449219,341.32000732421875,346.79998779296875,338.16583251953125,77515500.0
2022-03-01,345.75,348.0799865722656,338.8999938964844,341.489990234375,332.98797607421875,67407000.0
2022-03-02,343.0799865722656,348.5899963378906,340.239990234375,347.2200012207031,338.5752868652344,70609000.0
2022-03-03,349.92999267578125,350.0400085449219,340.3500061035156,342.260009765625,333.73883056640625,71089400.0
2022-03-04,339.8399963378906,341.30999755859375,334.9200134277344,337.29998779296875,328.9023132324219,76936300.0
2022-03-07,337.2900085449219,338.4800109863281,324.6499938964844,324.8599853515625,316.77203369140625,89933800.0
2022-03-08,324.04998779296875,333.2099914550781,319.94000244140625,323.3500061035156,315.29962158203125,116153900.0
2022-03-09,331.75,336.3800048828125,329.0899963378906,334.989990234375,326.6497497558594,64723400.0
2022-03-10,330.82000732421875,332.510009765625,326.7099914550781,331.2699890136719,323.0224609375,69362700.0
2022-03-11,334.32000732421875,334.6400146484375,323.8999938964844,324.3999938964844,316.323486328125,66228400.0
2022-03-14,323.1300048828125,326.5899963378906,317.45001220703125,318.1700134277344,310.2486572265625,79802600.0
2022-03-15,320.8800048828125,328.95001220703125,319.2300109863281,328.1499938964844,319.9801025390625,76471000.0
2022-03-16,332.1700134277344,340.44000244140625,328.3999938964844,340.32000732421875,331.84716796875,105243000.0
2022-03-17,338.3699951171875,344.5,337.0400085449219,344.44000244140625,335.86456298828125,67810000.0
2022-03-18,342.739990234375,351.7900085449219,341.54998779296875,351.489990234375,342.7390441894531,85446300.0
2022-03-21,350.20001220703125,352.4800109863281,345.5799865722656,350.0799865722656,341.7861328125,73799100.0
2022-03-22,350.5899963378906,357.8500061035156,350.20001220703125,356.9599914550781,348.5031433105469,63345900.0
2022-03-23,354.010009765625,357.6600036621094,351.7699890136719,351.8299865722656,343.4946594238281,70615500.0
2022-03-24,353.79998779296875,359.70001220703125,351.5899963378906,359.6499938964844,351.1294250488281,53555300.0
2022-03-25,359.5899963378906,360.6700134277344,354.94000244140625,359.3500061035156,350.8365173339844,57584200.0
2022-03-28,359.3399963378906,365.010009765625,358.07000732421875,364.9100036621094,356.26483154296875,56833900.0
2022-03-29,368.8999938964844,371.8299865722656,366.05999755859375,371.19000244140625,362.39605712890625,68073000.0
2022-03-30,369.2799987792969,370.9800109863281,365.57000732421875,367.0899963378906,358.39312744140625,68757700.0
2022-03-31,367.239990234375,367.6000061035156,361.67999267578125,362.5400085449219,353.9510192871094,67011400.0
2022-04-01,362.80999755859375,363.6099853515625,358.5899963378906,361.8500061035156,353.2772521972656,54527800.0
2022-04-04,362.7099914550781,369.30999755859375,362.44000244140625,369.29998779296875,360.55078125,45950200.0
2022-04-05,367.80999755859375,368.5400085449219,359.92999267578125,361.1000061035156,352.5450744628906,62738700.0
2022-04-06,355.6499938964844,356.7799987792969,350.55999755859375,353.260009765625,344.8908386230469,90077100.0
2022-04-07,352.239990234375,356.3500061035156,348.69000244140625,354.1000061035156,345.7109069824219,63777400.0
2022-04-08,352.32000732421875,353.0899963378906,348.5,349.1499938964844,340.878173828125,61956100.0
2022-04-11,344.80999755859375,345.75,340.5400085449219,340.8900146484375,332.81390380859375,66107400.0
2022-04-12,345.760009765625,347.69000244140625,338.0400085449219,339.45001220703125,331.407958984375,72790200.0
2022-04-13,339.79998779296875,347.42999267578125,339.05999755859375,346.3500061035156,338.14453125,61367800.0
2022-04-14,346.44000244140625,346.9700012207031,338.2099914550781,338.42999267578125,330.412109375,73519400.0
2022-04-18,337.3500061035156,341.0400085449219,335.7900085449219,338.69000244140625,330.666015625,58560600.0
2022-04-19,338.0299987792969,346.8500061035156,336.9800109863281,346.260009765625,338.056640625,56515700.0
2022-04-20,347.0899963378906,347.55999755859375,339.9599914550781,341.2099914550781,333.1263427734375,65500000.0
2022-04-21,345.19000244140625,347.8699951171875,333.20001220703125,334.1499938964844,326.2335510253906,75801000.0
2022-04-22,334.30999755859375,335.55999755859375,324.9599914550781,325.3999938964844,317.69085693359375,82562100.0
2022-04-25,323.7300109863281,329.8999938964844,322.42999267578125,329.5799865722656,321.7718811035156,101755900.0
2022-04-26,327.4700012207031,327.6600036621094,316.8599853515625,317.1400146484375,309.6265563964844,105819600.0
2022-04-27,317.239990234375,322.8800048828125,315.0,316.760009765625,309.25555419921875,111204200.0
2022-04-28,321.8500061035156,329.8900146484375,317.5199890136719,328.010009765625,320.2390441894531,99450000.0
2022-04-29,323.70001220703125,327.2300109863281,312.6000061035156,313.25,305.8287048339844,91977900.0
2022-05-02,312.8299865722656,318.7200012207031,309.6499938964844,318.4800109863281,310.9349060058594,115511800.0
2022-05-03,318.5,321.1700134277344,315.9800109863281,318.82000732421875,311.26678466796875,78185500.0
2022-05-04,319.30999755859375,330.2900085449219,313.8900146484375,329.6000061035156,321.7913818359375,116083400.0
2022-05-05,325.1700134277344,325.25,309.6199951171875,313.0,305.5846252441406,154607400.0
2022-05-06,310.95001220703125,315.0899963378906,305.1099853515625,309.25,301.9234619140625,139572800.0
2022-05-09,303.4800109863281,309.3500061035156,295.7200012207031,297.1499938964844,290.1101379394531,113387300.0
2022-05-10,304.510009765625,305.760009765625,296.57000732421875,300.760009765625,293.6346740722656,124124600.0
2022-05-11,298.44000244140625,304.0899963378906,290.95001220703125,291.8399963378906,284.9259338378906,140326100.0
2022-05-12,287.45001220703125,295.75,284.94000244140625,291.1499938964844,284.2523498535156,120910900.0
2022-05-13,295.7200012207031,303.0,294.0799865722656,301.94000244140625,294.7866516113281,83684900.0
2022-05-16,300.1499938964844,302.260009765625,297.1300048828125,298.44000244140625,291.3695983886719,59190400.0
2022-05-17,304.45001220703125,306.55999755859375,300.54998779296875,306.1700134277344,298.9164733886719,62715300.0
2022-05-18,301.5400085449219,302.25,289.8500061035156,291.1400146484375,284.2425537109375,79477100.0
2022-05-19,289.2900085449219,294.3900146484375,287.5799865722656,289.5799865722656,282.719482421875,79920700.0
2022-05-20,293.1300048828125,293.79998779296875,280.2099914550781,288.67999267578125,281.8408508300781,91764200.0
2022-05-23,289.75,293.8699951171875,287.2900085449219,293.4800109863281,286.5271301269531,63648400.0
2022-05-24,288.1300048828125,288.8599853515625,282.25,287.239990234375,280.43499755859375,73491100.0
2022-05-25,285.7099914550781,293.3900146484375,285.5,291.260009765625,284.35968017578125,67144500.0
2022-05-26,290.44000244140625,300.9200134277344,290.1499938964844,299.3299865722656,292.2384338378906,59462200.0
2022-05-27,302.5400085449219,309.25,302.4200134277344,309.1000061035156,301.7770080566406,66985600.0
2022-05-31,309.07000732421875,311.3299865722656,304.3299865722656,308.2799987792969,300.9764709472656,60968300.0
2022-06-01,310.4700012207031,312.6499938964844,303.7300109863281,306.0,298.75042724609375,65341700.0
2022-06-02,304.8500061035156,314.55999755859375,303.3999938964844,314.3800048828125,306.9319763183594,59291300.0
2022-06-03,309.0299987792969,310.4700012207031,304.9200134277344,306.20001220703125,298.9457702636719,60914700.0
2022-06-06,310.75,312.3500061035156,305.6199951171875,307.2200012207031,299.94158935546875,51785000.0
2022-06-07,303.80999755859375,310.6700134277344,302.69000244140625,309.8699951171875,302.5288391113281,44900300.0
2022-06-08,309.04998779296875,311.7200012207031,306.7699890136719,307.6400146484375,300.3516845703125,38342100.0
2022-06-09,305.9100036621094,309.04998779296875,299.2300109863281,299.3999938964844,292.30682373046875,55900500.0
2022-06-10,293.6499938964844,294.8699951171875,288.3800048828125,288.8399963378906,281.9970397949219,85963500.0
2022-06-13,279.75,282.3399963378906,274.5299987792969,275.4100036621094,268.88519287109375,94442000.0
2022-06-14,277.6600036621094,278.6600036621094,273.3399963378906,275.9100036621094,269.3733825683594,64697500.0
2022-06-15,279.4200134277344,286.8299865722656,276.6099853515625,282.79998779296875,276.10009765625,86051400.0
2022-06-16,275.5899963378906,276.05999755859375,269.2799987792969,271.3900146484375,264.9604797363281,81910300.0
2022-06-17,272.17999267578125,277.19000244140625,270.510009765625,274.69000244140625,268.1822509765625,82703400.0
2022-06-21,278.75,283.45001220703125,278.6400146484375,281.0799865722656,274.9483947753906,51633700.0
2022-06-22,278.5199890136719,285.17999267578125,277.9100036621094,280.6700134277344,274.5473937988281,67472900.0
2022-06-23,283.2099914550781,285.7200012207031,280.30999755859375,284.8500061035156,278.6361389160156,57457800.0
2022-06-24,287.739990234375,295.0400085449219,287.5,294.6099853515625,288.1831970214844,58422300.0
2022-06-27,296.0,296.5799865722656,291.2900085449219,292.45001220703125,286.0703430175781,54151500.0
2022-06-28,293.0,295.6499938964844,283.3500061035156,283.5400085449219,277.354736328125,61609800.0
2022-06-29,283.3999938964844,285.3399963378906,280.8399963378906,283.79998779296875,277.6090087890625,57302700.0
2022-06-30,280.75,283.94000244140625,275.7799987792969,280.2799987792969,274.1658020019531,79313600.0
2022-07-01,278.95001220703125,282.5299987792969,277.0299987792969,282.1300048828125,275.9754333496094,56675100.0
2022-07-05,278.30999755859375,287.0799865722656,276.75,286.9599914550781,280.7001037597656,61829300.0
2022-07-06,287.3500061035156,290.95001220703125,285.5899963378906,288.79998779296875,282.4999694824219,63194700.0
2022-07-07,289.6300048828125,295.70001220703125,289.6300048828125,294.9800109863281,288.5451354980469,56620100.0
2022-07-08,292.0799865722656,296.75,291.1199951171875,295.3500061035156,288.9071044921875,59895500.0
2022-07-11,292.8800048828125,293.1099853515625,288.1400146484375,289.0400085449219,282.7347106933594,55273900.0
2022-07-12,290.32000732421875,292.2799987792969,284.6099853515625,286.239990234375,279.9958190917969,55797100.0
2022-07-13,280.6000061035156,288.04998779296875,280.0199890136719,285.6499938964844,279.4186706542969,73939400.0
2022-07-14,282.989990234375,287.55999755859375,279.79998779296875,286.6700134277344,280.4164733886719,63741800.0
2022-07-15,289.7300109863281,291.9800109863281,288.0799865722656,291.8699951171875,285.50299072265625,63818100.0
2022-07-18,294.7200012207031,296.1600036621094,288.20001220703125,289.3999938964844,283.0868835449219,59519600.0
2022-07-19,293.1099853515625,298.6000061035156,291.4700012207031,298.29998779296875,291.7926940917969,55172600.0
2022-07-20,298.7300109863281,304.239990234375,297.92999267578125,303.0299987792969,296.4195251464844,67769400.0
2022-07-21,303.5,307.44000244140625,300.7799987792969,307.3800048828125,300.6746520996094,55049400.0
2022-07-22,306.42999267578125,308.54998779296875,300.1199951171875,301.989990234375,295.4022216796875,57127700.0
2022-07-25,302.0199890136719,302.5,298.2200012207031,300.2699890136719,293.7197265625,40582400.0
2022-07-26,298.5299987792969,298.7900085449219,293.5400085449219,294.3699951171875,287.948486328125,50074100.0
2022-07-27,299.0400085449219,308.5400085449219,298.4599914550781,306.80999755859375,300.11712646484375,69304400.0
2022-07-28,306.5899963378906,310.3999938964844,302.75,309.80999755859375,303.0516357421875,55139900.0
2022-07-29,311.3900146484375,316.3900146484375,309.92999267578125,315.4599914550781,308.57843017578125,57501000.0
2022-08-01,313.6499938964844,318.80999755859375,312.5299987792969,315.2699890136719,308.39251708984375,46358800.0
2022-08-02,312.9200134277344,318.54998779296875,311.8399963378906,314.3299865722656,307.4730224609375,48676500.0
2022-08-03,316.04998779296875,323.7300109863281,315.989990234375,322.8900146484375,315.8463439941406,53735700.0
2022-08-04,322.9700012207031,324.7200012207031,320.7699890136719,324.3999938964844,317.3233337402344,38973700.0
2022-08-05,319.19000244140625,323.8299865722656,318.3900146484375,321.75,314.731201171875,53894000.0
2022-08-08,322.69000244140625,326.4700012207031,319.2099914550781,320.7099914550781,313.7138671875,43878500.0
2022-08-09,318.7699890136719,319.0299987792969,315.4200134277344,317.0799865722656,310.1630859375,39764200.0
2022-08-10,324.5899963378906,326.2300109863281,322.05999755859375,325.92999267578125,318.82000732421875,51459600.0
2022-08-11,328.30999755859375,330.3599853515625,323.3599853515625,324.0799865722656,317.0103454589844,45897700.0
2022-08-12,326.17999267578125,330.5899963378906,325.1000061035156,330.3900146484375,323.1827087402344,40928400.0
2022-08-15,329.4200134277344,333.57000732421875,329.3999938964844,333.05999755859375,325.79443359375,38266600.0
2022-08-16,332.05999755859375,334.4200134277344,329.1600036621094,332.2799987792969,325.0314636230469,41186900.0
2022-08-17,329.07000732421875,331.42999267578125,326.3599853515625,328.489990234375,321.32421875,47842200.0
2022-08-18,328.44000244140625,330.489990234375,326.7900085449219,329.2799987792969,322.0968933105469,41937200.0
2022-08-19,326.1700134277344,326.8399963378906,322.0799865722656,322.8599853515625,315.8169250488281,51770600.0
2022-08-22,318.5,318.739990234375,313.5299987792969,314.3599853515625,307.5024108886719,51098900.0
2022-08-23,314.1199951171875,317.0,313.3299865722656,314.1000061035156,307.248046875,39497100.0
2022-08-24,313.6099853515625,316.8699951171875,312.989990234375,315.010009765625,308.1381530761719,38057100.0
2022-08-25,316.8299865722656,320.6000061035156,315.760009765625,320.5799865722656,313.586669921875,38098300.0
2022-08-26,320.2799987792969,321.510009765625,307.3500061035156,307.44000244140625,300.7333068847656,69047700.0
2022-08-29,304.6199951171875,307.2200012207031,303.2799987792969,304.4100036621094,297.7695007324219,48321900.0
2022-08-30,306.1000061035156,306.7300109863281,298.44000244140625,301.0199890136719,294.4533996582031,51184500.0
2022-08-31,303.989990234375,304.9100036621094,299.1600036621094,299.2699890136719,292.7415771484375,50044000.0
2022-09-01,296.7200012207031,299.7799987792969,292.95001220703125,299.3999938964844,292.86871337890625,57990700.0
2022-09-02,302.3399963378906,303.75,293.5199890136719,295.1700134277344,288.7309875488281,64666800.0
2022-09-06,295.6600036621094,296.6000061035156,290.8699951171875,293.04998779296875,286.6572265625,57005400.0
2022-09-07,293.5400085449219,299.989990234375,293.2699890136719,298.9700012207031,292.44805908203125,49260400.0
2022-09-08,296.8500061035156,301.8699951171875,295.45001220703125,300.5199890136719,293.9642333984375,55649800.0
2022-09-09,302.8299865722656,307.6000061035156,300.5199890136719,307.0899963378906,300.3909606933594,56125200.0
2022-09-12,308.5,311.0799865722656,308.17999267578125,310.739990234375,303.96136474609375,45905700.0
2022-09-13,301.79998779296875,303.0199890136719,292.7900085449219,293.70001220703125,287.2930603027344,79562200.0
2022-09-14,294.8699951171875,296.92999267578125,293.05999755859375,296.0299987792969,289.5722351074219,54907200.0
2022-09-15,294.07000732421875,296.5299987792969,289.4599914550781,291.1000061035156,284.74981689453125,65299400.0
2022-09-16,287.7200012207031,289.7200012207031,285.6199951171875,289.32000732421875,283.00860595703125,79920400.0
2022-09-19,286.1000061035156,291.2099914550781,286.0400085449219,291.04998779296875,285.21246337890625,52613800.0
2022-09-20,288.489990234375,291.07000732421875,286.3800048828125,288.7300109863281,282.9390563964844,51271100.0
2022-09-21,289.5899963378906,293.95001220703125,283.4200134277344,283.55999755859375,277.8727111816406,82931000.0
2022-09-22,282.0,283.0299987792969,278.82000732421875,280.07000732421875,274.45269775390625,62757100.0
2022-09-23,277.54998779296875,277.8500061035156,272.0199890136719,275.510009765625,269.9841613769531,74815200.0
2022-09-26,275.0299987792969,279.489990234375,273.55999755859375,274.3699951171875,268.8670349121094,71176700.0
2022-09-27,277.80999755859375,280.2099914550781,272.1099853515625,274.4800109863281,268.9748840332031,69780100.0
2022-09-28,274.4599914550781,281.25,272.95001220703125,279.94000244140625,274.3253479003906,79652100.0
2022-09-29,275.8599853515625,276.25,268.8399963378906,271.8699951171875,266.4172058105469,81216000.0
2022-09-30,271.0299987792969,275.19000244140625,267.1000061035156,267.260009765625,261.899658203125,78482400.0
2022-10-03,269.07000732421875,275.1600036621094,267.5299987792969,273.5299987792969,268.04388427734375,61267400.0
2022-10-04,278.989990234375,282.8500061035156,278.989990234375,282.1300048828125,276.4714050292969,66696900.0
2022-10-05,278.2799987792969,283.80999755859375,275.4200134277344,281.9800109863281,276.3244323730469,55766300.0
2022-10-06,280.9599914550781,284.17999267578125,279.42999267578125,279.760009765625,274.14892578125,53489400.0
2022-10-07,275.0199890136719,275.1499938964844,267.739990234375,269.1000061035156,263.7027893066406,71354700.0
2022-10-10,269.29998779296875,269.70001220703125,263.6400146484375,266.4100036621094,261.0667419433594,60393000.0
2022-10-11,264.70001220703125,267.6300048828125,261.0299987792969,262.75,257.48016357421875,66522500.0
2022-10-12,263.3999938964844,265.3599853515625,261.95001220703125,262.6600036621094,257.39190673828125,50580200.0
2022-10-13,255.16000366210938,270.1700134277344,254.25999450683594,268.82000732421875,263.4283447265625,112894100.0
2022-10-14,271.20001220703125,271.80999755859375,260.1400146484375,260.739990234375,255.5104217529297,77244300.0
2022-10-17,266.8399963378906,270.239990234375,266.739990234375,269.3500061035156,263.94769287109375,64576500.0
2022-10-18,276.5299987792969,277.2099914550781,268.739990234375,271.4800109863281,266.0350341796875,69781000.0
2022-10-19,269.92999267578125,273.67999267578125,268.07000732421875,270.489990234375,265.0648498535156,53115400.0
2022-10-20,269.5799865722656,274.8399963378906,267.9200134277344,269.1099853515625,263.7125549316406,60605500.0
2022-10-21,267.9800109863281,275.9700012207031,266.82000732421875,275.4200134277344,269.8960266113281,77897700.0
2022-10-24,275.69000244140625,279.3999938964844,271.9700012207031,278.45001220703125,272.8652038574219,63963600.0
2022-10-25,279.4100036621094,284.6000061035156,277.8999938964844,284.2099914550781,278.50970458984375,59014500.0
2022-10-26,278.4599914550781,283.9800109863281,277.42999267578125,277.92999267578125,272.3556823730469,63492400.0
2022-10-27,276.7900085449219,278.2799987792969,272.3399963378906,272.8699951171875,267.39715576171875,57760300.0
2022-10-28,272.2300109863281,281.70001220703125,272.05999755859375,281.2200012207031,275.57965087890625,62651300.0
2022-10-31,278.9200134277344,279.760009765625,275.989990234375,277.95001220703125,272.375244140625,47742000.0
2022-11-01,281.5,282.07000732421875,274.739990234375,275.1099853515625,269.5921325683594,45895900.0
2022-11-02,275.0799865722656,278.2099914550781,265.6099853515625,265.67999267578125,260.351318359375,79803100.0
2022-11-03,263.010009765625,264.5,260.1000061035156,260.489990234375,255.26544189453125,70038900.0
2022-11-04,265.5299987792969,266.6099853515625,259.0799865722656,264.67999267578125,259.3713684082031,78313200.0
2022-11-07,265.75,268.1400146484375,263.57000732421875,267.5899963378906,262.2230224609375,47333800.0
2022-11-08,269.1400146484375,272.8500061035156,265.5199890136719,269.5400085449219,264.1338806152344,63213800.0
2022-11-09,267.760009765625,268.55999755859375,263.0299987792969,263.32000732421875,258.03863525390625,64862100.0
2022-11-10,276.010009765625,283.04998779296875,273.8500061035156,282.75,277.07891845703125,99256700.0
2022-11-11,282.55999755859375,288.6400146484375,281.19000244140625,287.9599914550781,282.1844787597656,66961800.0
2022-11-14,285.8599853515625,289.2099914550781,284.44000244140625,285.44000244140625,279.7150573730469,55290700.0
2022-11-15,292.2099914550781,293.260009765625,285.9700012207031,289.3900146484375,283.5857849121094,73985400.0
2022-11-16,287.3900146484375,289.4800109863281,284.6000061035156,285.44000244140625,279.7150573730469,48859800.0
2022-11-17,280.8800048828125,286.32000732421875,280.7200012207031,284.80999755859375,279.0976257324219,55462100.0
2022-11-18,287.8900146484375,287.989990234375,282.32000732421875,284.82000732421875,279.1074523925781,53588600.0
2022-11-21,283.3999938964844,284.5799865722656,281.0400085449219,281.8900146484375,276.2362365722656,40083500.0
2022-11-22,282.6400146484375,286.1099853515625,280.4599914550781,285.95001220703125,280.21478271484375,41873400.0
2022-11-23,285.9700012207031,289.4599914550781,285.7900085449219,288.82000732421875,283.0272521972656,46390000.0
2022-11-25,287.19000244140625,287.9100036621094,286.4200134277344,286.9200134277344,281.1653747558594,15498800.0
2022-11-28,284.8999938964844,286.9599914550781,281.760009765625,282.7099914550781,277.039794921875,38714200.0
2022-11-29,282.94000244140625,283.3500061035156,279.1700134277344,280.57000732421875,274.9427185058594,35618900.0
2022-11-30,280.8399963378906,293.4700012207031,279.9700012207031,293.3599853515625,287.4761962890625,74718100.0
2022-12-01,293.69000244140625,295.75,290.8800048828125,293.7200012207031,287.8289794921875,51547300.0
2022-12-02,288.5400085449219,293.45001220703125,288.3599853515625,292.54998779296875,286.6824035644531,53583200.0
2022-12-05,290.3800048828125,291.67999267578125,286.1499938964844,287.6400146484375,281.87091064453125,41482100.0
2022-12-06,287.4800109863281,287.6199951171875,280.260009765625,281.67999267578125,276.0304870605469,53937600.0
2022-12-07,280.4700012207031,282.57000732421875,278.7799987792969,280.5299987792969,274.9035339355469,45614300.0
2022-12-08,281.9100036621094,284.8399963378906,279.7900085449219,283.8500061035156,278.15692138671875,42594900.0
2022-12-09,282.80999755859375,285.6400146484375,281.5899963378906,282.0400085449219,276.38323974609375,47860500.0
2022-12-12,282.2200012207031,285.6400146484375,281.1600036621094,285.5799865722656,279.8522033691406,35732500.0
2022-12-13,296.6499938964844,296.8800048828125,285.9100036621094,288.6499938964844,282.8606262207031,80667700.0
2022-12-14,288.04998779296875,291.4100036621094,283.19000244140625,286.510009765625,280.7636413574219,64984400.0
2022-12-15,282.3299865722656,283.010009765625,275.6700134277344,276.8900146484375,271.3365173339844,60554100.0
2022-12-16,276.20001220703125,277.7699890136719,272.6099853515625,274.25,268.74951171875,68300400.0
2022-12-19,273.8699951171875,273.9599914550781,268.489990234375,269.75,264.9725341796875,44167900.0
2022-12-20,268.55999755859375,271.32000732421875,266.95001220703125,269.5400085449219,264.7662353515625,51064200.0
2022-12-21,270.6000061035156,274.7799987792969,269.739990234375,273.45001220703125,268.6070556640625,46394700.0
2022-12-22,270.3800048828125,270.510009765625,262.4599914550781,266.760009765625,262.0355529785156,60278400.0
2022-12-23,265.4700012207031,268.0400085449219,263.5299987792969,267.3599853515625,262.6248779296875,39373600.0
2022-12-27,266.739990234375,266.8500061035156,263.0299987792969,263.5799865722656,258.91180419921875,38009000.0
2022-12-28,263.1700134277344,265.4700012207031,259.7300109863281,260.1000061035156,255.4934844970703,47139000.0
2022-12-29,262.9599914550781,267.3999938964844,262.25,266.44000244140625,261.7212219238281,45893600.0
2022-12-30,263.6199951171875,266.4100036621094,262.2900085449219,266.2799987792969,261.5640869140625,37858300.0
2023-01-03,268.6499938964844,270.1499938964844,262.1300048828125,264.4800109863281,259.79595947265625,42335300.0
2023-01-04,266.6400146484375,267.45001220703125,262.5299987792969,265.739990234375,261.0335693359375,47754900.0
2023-01-05,264.0400085449219,264.2099914550781,261.260009765625,261.5799865722656,256.9472351074219,45396700.0
2023-01-06,263.3500061035156,269.94000244140625,260.3399963378906,268.79998779296875,264.03936767578125,54659700.0
2023-01-09,270.8299865722656,275.2900085449219,269.9200134277344,270.5400085449219,265.74853515625,45568700.0
2023-01-10,269.489990234375,272.94000244140625,268.9700012207031,272.8299865722656,267.9979553222656,35247800.0
2023-01-11,273.9200134277344,277.6600036621094,273.1199951171875,277.54998779296875,272.6343688964844,44077000.0
2023-01-12,278.1199951171875,280.1000061035156,273.739990234375,279.04998779296875,274.1078186035156,60600000.0
2023-01-13,276.5,281.2200012207031,276.1600036621094,280.9700012207031,275.9938049316406,44802900.0
2023-01-17,280.7699890136719,282.8500061035156,279.5799865722656,281.5400085449219,276.5538024902344,36269700.0
2023-01-18,283.1099853515625,284.69000244140625,277.6700134277344,277.8800048828125,272.9585876464844,47754500.0
2023-01-19,276.2200012207031,277.3800048828125,273.8900146484375,275.1499938964844,270.27691650390625,44150400.0
2023-01-20,276.7900085449219,283.0199890136719,275.7099914550781,282.67999267578125,277.673583984375,60613600.0
2023-01-23,283.5400085449219,290.2099914550781,282.7300109863281,288.9599914550781,283.8423156738281,52799900.0
2023-01-24,287.30999755859375,289.54998779296875,286.7799987792969,288.3699951171875,283.2628173828125,44875100.0
2023-01-25,283.7699890136719,288.3599853515625,281.17999267578125,287.7300109863281,282.6341247558594,50872000.0
2023-01-26,291.2200012207031,293.5199890136719,288.5199890136719,293.3399963378906,288.1447448730469,51596300.0
2023-01-27,292.0,298.260009765625,291.8800048828125,296.260009765625,291.0130310058594,56441900.0
2023-01-30,292.92999267578125,294.3800048828125,289.8900146484375,290.2699890136719,285.1291198730469,49405800.0
2023-01-31,290.30999755859375,294.7200012207031,290.20001220703125,294.6199951171875,289.4021301269531,46705100.0
2023-02-01,294.4100036621094,303.42999267578125,292.29998779296875,300.9200134277344,295.5905456542969,67562200.0
2023-02-02,307.57000732421875,313.67999267578125,306.7300109863281,311.7200012207031,306.19927978515625,83070600.0
2023-02-03,304.94000244140625,312.3900146484375,304.5400085449219,306.17999267578125,300.75738525390625,76170800.0
2023-02-06,303.510009765625,305.9100036621094,302.2200012207031,303.5899963378906,298.21319580078125,40802300.0
2023-02-07,303.4599914550781,311.0299987792969,302.32000732421875,309.8800048828125,304.391845703125,67584000.0
2023-02-08,308.5400085449219,309.5,303.6700134277344,304.3699951171875,298.97943115234375,56720900.0
2023-02-09,308.8399963378906,308.989990234375,300.20001220703125,301.67999267578125,296.3370666503906,49137800.0
2023-02-10,299.4800109863281,301.57000732421875,297.25,299.70001220703125,294.39208984375,50050100.0
2023-02-13,301.1300048828125,305.1000061035156,299.92999267578125,304.5,299.10711669921875,39636700.0
2023-02-14,302.8900146484375,307.7200012207031,300.9100036621094,306.75,301.3172607421875,64079100.0
2023-02-15,304.8999938964844,309.2699890136719,304.20001220703125,309.1000061035156,303.6256103515625,43100600.0
2023-02-16,304.3800048828125,308.42999267578125,303.1499938964844,303.29998779296875,297.9283752441406,59498600.0
2023-02-17,301.07000732421875,301.92999267578125,298.1000061035156,301.1600036621094,295.8262634277344,58230700.0
2023-02-21,297.260009765625,298.7300109863281,293.8900146484375,294.0299987792969,288.82257080078125,46526700.0
2023-02-22,294.6199951171875,296.3599853515625,292.55999755859375,294.25,289.0386962890625,51389200.0
2023-02-23,297.9700012207031,298.1300048828125,292.54998779296875,296.82000732421875,291.5631408691406,69294400.0
2023-02-24,291.760009765625,292.9700012207031,290.04998779296875,291.8500061035156,286.6811828613281,74332000.0
2023-02-27,295.07000732421875,296.489990234375,293.3399963378906,293.94000244140625,288.734130859375,48995000.0
2023-02-28,293.29998779296875,296.1199951171875,292.9599914550781,293.55999755859375,288.36077880859375,48243100.0
2023-03-01,293.260009765625,293.92999267578125,290.20001220703125,291.20001220703125,286.0426940917969,58287000.0
2023-03-02,288.6600036621094,294.42999267578125,288.3699951171875,293.6099853515625,288.4100036621094,53565900.0
2023-03-03,295.3900146484375,299.9200134277344,294.8699951171875,299.67999267578125,294.3724670410156,60511500.0
2023-03-06,300.94000244140625,304.0,299.82000732421875,300.0199890136719,294.70648193359375,56736300.0
2023-03-07,300.07000732421875,301.010009765625,295.7200012207031,296.3399963378906,291.0916748046875,65955800.0
2023-03-08,296.7699890136719,298.42999267578125,294.8800048828125,297.82000732421875,292.5454406738281,50876300.0
2023-03-09,298.3299865722656,300.9800109863281,291.8299865722656,292.6600036621094,287.476806640625,71456700.0
2023-03-10,292.8299865722656,294.3500061035156,287.3800048828125,288.54998779296875,283.4396057128906,98593600.0
2023-03-13,286.7300109863281,294.4700012207031,285.19000244140625,290.69000244140625,285.54168701171875,97123600.0
2023-03-14,294.30999755859375,297.92999267578125,293.45001220703125,297.3699951171875,292.10345458984375,73602500.0
2023-03-15,294.7099914550781,299.2699890136719,293.239990234375,298.92999267578125,293.6357421875,83631500.0
2023-03-16,298.0,307.17999267578125,297.19000244140625,306.80999755859375,301.37628173828125,98198100.0
2023-03-17,306.7200012207031,309.1499938964844,303.3699951171875,305.3599853515625,299.951904296875,89923700.0
2023-03-20,304.260009765625,306.29998779296875,302.010009765625,305.9700012207031,301.0163879394531,56359500.0
2023-03-21,307.94000244140625,310.79998779296875,306.3999938964844,310.3399963378906,305.31561279296875,49757000.0
2023-03-22,310.2699890136719,315.25,305.95001220703125,306.1199951171875,301.1639404296875,75791900.0
2023-03-23,309.9200134277344,314.1499938964844,307.010009765625,309.75,304.73516845703125,74576000.0
2023-03-24,309.32000732421875,310.989990234375,306.95001220703125,310.8900146484375,305.856689453125,57195200.0
2023-03-27,311.6000061035156,312.70001220703125,307.8900146484375,308.760009765625,303.7611999511719,50287400.0
2023-03-28,308.1700134277344,308.20001220703125,304.7699890136719,307.1199951171875,302.14776611328125,48585900.0
2023-03-29,310.8800048828125,313.3500061035156,310.04998779296875,312.7200012207031,307.6570739746094,53274300.0
2023-03-30,315.239990234375,316.32000732421875,312.80999755859375,315.67999267578125,310.56915283203125,58354800.0
2023-03-31,315.9100036621094,321.1700134277344,315.6000061035156,320.92999267578125,315.734130859375,62138100.0
2023-04-03,318.7699890136719,320.4200134277344,317.4200134277344,320.1499938964844,314.9668273925781,47126800.0
2023-04-04,320.6000061035156,321.6300048828125,317.8299865722656,319.07000732421875,313.90435791015625,45875400.0
2023-04-05,318.1000061035156,319.05999755859375,314.07000732421875,315.9200134277344,310.8052978515625,62795700.0
2023-04-06,314.239990234375,318.54998779296875,312.82000732421875,318.04998779296875,312.9008483886719,46916500.0
2023-04-10,315.07000732421875,317.9200134277344,313.25,317.8699951171875,312.7236633300781,45134700.0
2023-04-11,317.8299865722656,317.8900146484375,315.30999755859375,315.8299865722656,310.7166442871094,40113600.0
2023-04-12,317.82000732421875,318.4200134277344,312.57000732421875,313.0400085449219,307.971923828125,62813300.0
2023-04-13,314.8299865722656,319.6499938964844,313.6300048828125,319.1700134277344,314.00262451171875,54613800.0
2023-04-14,317.5899963378906,320.3599853515625,315.6099853515625,318.57000732421875,313.4123840332031,56278300.0
2023-04-17,318.1499938964844,319.20001220703125,316.0400085449219,318.8399963378906,313.67803955078125,43007000.0
2023-04-18,320.989990234375,321.4200134277344,317.6400146484375,318.8599853515625,313.6976318359375,46746900.0
2023-04-19,316.4100036621094,319.7900085449219,316.2799987792969,318.7099914550781,313.5501403808594,38960100.0
2023-04-20,315.69000244140625,319.2699890136719,314.9700012207031,316.2799987792969,311.1594543457031,62462100.0
2023-04-21,315.9100036621094,317.3999938964844,314.1000061035156,316.6099853515625,311.484130859375,59002300.0
2023-04-24,316.3800048828125,317.739990234375,313.739990234375,315.95001220703125,310.8348388671875,44043100.0
2023-04-25,314.2900085449219,314.9700012207031,309.8900146484375,309.989990234375,304.9712829589844,57121600.0
2023-04-26,313.44000244140625,314.94000244140625,311.3399963378906,311.8699951171875,306.8208923339844,55400500.0
2023-04-27,315.70001220703125,320.8599853515625,315.04998779296875,320.3500061035156,315.1636047363281,65430400.0
2023-04-28,320.1099853515625,322.6499938964844,318.9599914550781,322.55999755859375,317.3378601074219,59712600.0
2023-05-01,322.0899963378906,323.6300048828125,321.0899963378906,322.19000244140625,316.97381591796875,41013400.0
2023-05-02,322.1199951171875,322.45001220703125,317.6099853515625,319.3800048828125,314.20928955078125,56519400.0
2023-05-03,319.75,322.4700012207031,317.17999267578125,317.2900085449219,312.15313720703125,59882100.0
2023-05-04,317.05999755859375,318.2300109863281,315.1199951171875,316.1700134277344,311.0511779785156,50224500.0
2023-05-05,318.4700012207031,323.760009765625,316.2099914550781,322.8900146484375,317.6625061035156,51806100.0
2023-05-08,322.4200134277344,324.0400085449219,321.32000732421875,323.69000244140625,318.4494323730469,36465800.0
2023-05-09,322.0,322.8800048828125,321.32000732421875,321.6400146484375,316.4327087402344,31768800.0
2023-05-10,324.1199951171875,326.010009765625,321.6000061035156,325.1400146484375,319.87603759765625,60446600.0
2023-05-11,325.70001220703125,326.75,324.1199951171875,326.20001220703125,320.9189147949219,44278500.0
2023-05-12,326.739990234375,327.1700134277344,322.94000244140625,325.0299987792969,319.767822265625,48432800.0
2023-05-15,325.510009765625,327.0299987792969,323.9599914550781,326.7900085449219,321.49932861328125,33375600.0
2023-05-16,326.05999755859375,328.8999938964844,326.0199890136719,327.1600036621094,321.8633117675781,40019200.0
2023-05-17,328.239990234375,331.7099914550781,327.0400085449219,331.1199951171875,325.7591552734375,47486100.0
2023-05-18,331.5199890136719,337.489990234375,331.5,337.2699890136719,331.80963134765625,64213500.0
2023-05-19,337.489990234375,338.2099914550781,335.42999267578125,336.510009765625,331.0619201660156,61554900.0
2023-05-22,336.25,338.6700134277344,336.239990234375,337.6400146484375,332.1736145019531,43015900.0
2023-05-23,335.8900146484375,337.05999755859375,333.0,333.3599853515625,327.96295166015625,48216700.0
2023-05-24,331.3699951171875,332.9100036621094,329.55999755859375,331.6499938964844,326.2806091308594,62891200.0
2023-05-25,339.1400146484375,341.010009765625,336.6700134277344,339.7200012207031,334.21990966796875,66862800.0
2023-05-26,340.760009765625,349.25,340.6600036621094,348.3999938964844,342.75946044921875,63007000.0
2023-05-30,352.7099914550781,353.92999267578125,348.5299987792969,349.9800109863281,344.3138122558594,72652200.0
2023-05-31,348.3699951171875,350.6000061035156,346.510009765625,347.989990234375,342.3560485839844,65105400.0
2023-06-01,347.7300109863281,353.3599853515625,346.6600036621094,352.010009765625,346.3110046386719,50488600.0
2023-06-02,353.79998779296875,355.8299865722656,352.010009765625,354.6499938964844,348.90826416015625,53372100.0
2023-06-05,354.42999267578125,357.5,353.8500061035156,354.8999938964844,349.1541748046875,47266200.0
2023-06-06,354.2799987792969,355.82000732421875,352.92999267578125,354.8399963378906,349.0951843261719,41390400.0
2023-06-07,355.1300048828125,357.1199951171875,348.17999267578125,348.82000732421875,343.1726379394531,69225900.0
2023-06-08,349.1199951171875,353.6199951171875,348.8900146484375,353.1499938964844,347.4325256347656,47153900.0
2023-06-09,354.6300048828125,357.6600036621094,353.0299987792969,354.5,348.7607116699219,53196900.0
2023-06-12,356.19000244140625,360.5899963378906,355.20001220703125,360.489990234375,354.6536560058594,44606500.0
2023-06-13,363.2900085449219,364.1099853515625,360.0299987792969,363.260009765625,357.3788757324219,57097800.0
2023-06-14,363.2699890136719,366.19000244140625,360.4200134277344,365.8999938964844,359.97607421875,69525600.0
2023-06-15,364.6099853515625,371.7699890136719,363.9800109863281,370.260009765625,364.26556396484375,71138800.0
2023-06-16,372.7200012207031,372.8500061035156,367.4800109863281,367.92999267578125,361.9732971191406,80932000.0
2023-06-20,365.95001220703125,368.32000732421875,363.8900146484375,366.8999938964844,361.45501708984375,49204700.0
2023-06-21,365.739990234375,366.17999267578125,360.9599914550781,361.8999938964844,356.529296875,53378300.0
2023-06-22,360.6300048828125,366.3299865722656,360.2200012207031,366.1700134277344,360.73590087890625,47603000.0
2023-06-23,362.2099914550781,364.8800048828125,360.82000732421875,362.5400085449219,357.15985107421875,48922900.0
2023-06-26,362.0,364.8399963378906,357.5899963378906,357.67999267578125,352.3718566894531,52685500.0
2023-06-27,359.25,364.57000732421875,358.510009765625,363.8299865722656,358.43060302734375,49428100.0
2023-06-28,361.9800109863281,366.5199890136719,361.8999938964844,364.5400085449219,359.1300354003906,46498000.0
2023-06-29,364.239990234375,364.8900146484375,362.1400146484375,363.80999755859375,358.4109191894531,46151000.0
2023-06-30,367.54998779296875,370.489990234375,367.2300109863281,369.4200134277344,363.93768310546875,58712500.0
2023-07-03,370.07000732421875,370.92999267578125,368.9700012207031,370.2900085449219,364.7947692871094,19432900.0
2023-07-05,368.70001220703125,372.010009765625,368.6600036621094,370.2799987792969,364.7848815917969,34460900.0
2023-07-06,366.510009765625,367.9100036621094,364.5199890136719,367.4599914550781,362.0067443847656,49374700.0
2023-07-07,367.2300109863281,370.4800109863281,366.010009765625,366.239990234375,360.8048400878906,47133700.0
2023-07-10,365.9599914550781,367.04998779296875,363.4100036621094,366.3599853515625,360.9230651855469,48498800.0
2023-07-11,366.7900085449219,368.6300048828125,364.6199951171875,368.1700134277344,362.7061767578125,38214100.0
2023-07-12,372.3399963378906,374.19000244140625,370.29998779296875,372.82000732421875,367.2872009277344,61975400.0
2023-07-13,376.04998779296875,379.989990234375,375.4599914550781,379.1499938964844,373.52325439453125,46960000.0
2023-07-14,379.5899963378906,382.8599853515625,378.17999267578125,379.07000732421875,373.4444580078125,55148500.0
2023-07-17,379.79998779296875,383.5,379.30999755859375,382.6099853515625,376.931884765625,40868900.0
2023-07-18,381.9599914550781,387.1300048828125,380.0,385.739990234375,380.0154724121094,55262000.0
2023-07-19,386.82000732421875,387.9800109863281,384.29998779296875,385.6499938964844,379.9267578125,54093000.0
2023-07-20,382.6099853515625,384.1000061035156,375.7200012207031,376.760009765625,371.1687316894531,71941700.0
2023-07-21,379.17999267578125,379.9200134277344,375.19000244140625,375.6300048828125,370.0555114746094,60499600.0
2023-07-24,376.6199951171875,377.5799865722656,374.3399963378906,376.2300109863281,370.6466064453125,40380100.0
2023-07-25,376.95001220703125,380.4700012207031,376.92999267578125,378.7799987792969,373.15875244140625,38894400.0
2023-07-26,377.7200012207031,379.239990234375,375.17999267578125,377.5199890136719,371.9173889160156,47075700.0
2023-07-27,383.07000732421875,384.7099914550781,375.30999755859375,376.6199951171875,371.0307922363281,63940200.0
2023-07-28,380.739990234375,384.5199890136719,380.2200012207031,383.4800109863281,377.78900146484375,56902900.0
2023-07-31,383.7900085449219,384.8800048828125,382.3399963378906,383.67999267578125,377.98602294921875,44019900.0
2023-08-01,382.30999755859375,383.55999755859375,380.69000244140625,382.7900085449219,377.1092224121094,41060600.0
2023-08-02,379.260009765625,379.260009765625,373.1300048828125,374.3900146484375,368.8338928222656,72687100.0
2023-08-03,371.94000244140625,375.95001220703125,371.7699890136719,373.7900085449219,368.2428283691406,47666400.0
2023-08-04,375.75,378.1000061035156,371.5299987792969,372.0400085449219,366.51873779296875,61702800.0
2023-08-07,373.8800048828125,375.2900085449219,371.510009765625,375.19000244140625,369.6220397949219,37230400.0
2023-08-08,372.6400146484375,372.6600036621094,368.82000732421875,372.0,366.4793395996094,44726500.0
2023-08-09,372.2900085449219,372.45001220703125,367.1400146484375,367.9100036621094,362.4500427246094,51150900.0
2023-08-10,370.9700012207031,374.3599853515625,367.0400085449219,368.5899963378906,363.1199951171875,72035300.0
2023-08-11,365.989990234375,368.0,364.69000244140625,366.239990234375,360.8048400878906,48707200.0
2023-08-14,365.42999267578125,370.4700012207031,364.70001220703125,370.3500061035156,364.8538513183594,42130800.0
2023-08-15,369.3599853515625,370.1700134277344,365.739990234375,366.4200134277344,360.9821472167969,45539900.0
2023-08-16,365.8699951171875,367.42999267578125,362.44000244140625,362.5400085449219,357.15985107421875,53190500.0
2023-08-17,363.9599914550781,364.30999755859375,358.1600036621094,358.5799865722656,353.2585144042969,62604300.0
2023-08-18,355.260009765625,359.4100036621094,354.7099914550781,358.1300048828125,352.8152160644531,61191400.0
2023-08-21,359.6199951171875,364.5899963378906,359.1499938964844,363.8999938964844,358.4995422363281,50696500.0
2023-08-22,366.54998779296875,366.55999755859375,362.67999267578125,363.3800048828125,357.9872741699219,44530200.0
2023-08-23,364.5799865722656,370.2200012207031,364.3599853515625,369.1099853515625,363.63226318359375,51770600.0
2023-08-24,372.6400146484375,372.739990234375,361.010009765625,361.2200012207031,355.85931396484375,66842500.0
2023-08-25,362.07000732421875,365.739990234375,358.5799865722656,364.0199890136719,358.6177978515625,69960500.0
2023-08-28,366.989990234375,367.7099914550781,364.25,366.760009765625,361.317138671875,40910000.0
2023-08-29,366.55999755859375,375.1300048828125,366.2300109863281,374.7699890136719,369.2082824707031,58492400.0
2023-08-30,374.8800048828125,377.45001220703125,373.8599853515625,376.8599853515625,371.2671813964844,41731500.0
2023-08-31,376.94000244140625,379.7200012207031,376.8699951171875,377.989990234375,372.3804626464844,35730700.0
2023-09-01,380.3999938964844,380.8299865722656,376.0799865722656,377.5899963378906,371.9864196777344,39801200.0
2023-09-05,376.7699890136719,379.30999755859375,375.8299865722656,378.07000732421875,372.4593200683594,32344200.0
2023-09-06,377.2799987792969,377.6300048828125,372.70001220703125,374.739990234375,369.17864990234375,42998700.0
2023-09-07,370.2099914550781,372.8500061035156,369.1499938964844,372.05999755859375,366.5384521484375,52060700.0
2023-09-08,372.010009765625,374.8500061035156,371.6000061035156,372.5799865722656,367.05072021484375,35800100.0
2023-09-11,375.6600036621094,377.489990234375,373.6600036621094,376.9700012207031,371.37554931640625,39936600.0
2023-09-12,375.2699890136719,376.95001220703125,372.5,372.7900085449219,367.25762939453125,41391000.0
2023-09-13,373.0299987792969,375.8399963378906,371.8800048828125,374.2099914550781,368.6565246582031,46300700.0
2023-09-14,375.989990234375,378.2699890136719,373.8900146484375,377.2699890136719,371.6711730957031,48039400.0
2023-09-15,375.9100036621094,376.32000732421875,369.8599853515625,370.80999755859375,365.3069763183594,69811200.0
2023-09-18,369.32000732421875,371.7900085449219,369.0299987792969,370.6600036621094,365.6878356933594,36903500.0
2023-09-19,369.32000732421875,370.67999267578125,366.79998779296875,369.8699951171875,364.9084777832031,37621700.0
2023-09-20,370.95001220703125,371.30999755859375,364.4599914550781,364.5400085449219,359.6499328613281,45514200.0
2023-09-21,360.79998779296875,361.6000061035156,357.69000244140625,357.8599853515625,353.05950927734375,69734800.0
2023-09-22,359.6300048828125,361.79998779296875,357.5899963378906,357.9100036621094,353.10888671875,51589700.0
2023-09-25,356.92999267578125,359.70001220703125,355.92999267578125,359.6099853515625,354.7860107421875,39168000.0
2023-09-26,356.989990234375,357.5400085449219,353.2099914550781,354.2099914550781,349.45843505859375,53657700.0
2023-09-27,355.3800048828125,356.9800109863281,351.3599853515625,355.0400085449219,350.2774353027344,56066000.0
2023-09-28,354.1099853515625,360.1700134277344,353.239990234375,358.010009765625,353.20758056640625,56453300.0
2023-09-29,361.5400085449219,362.95001220703125,357.0199890136719,358.2699890136719,353.4640808105469,64829600.0
2023-10-02,358.5400085449219,362.67999267578125,357.9200134277344,361.260009765625,356.4139709472656,51625100.0
2023-10-03,358.7799987792969,361.010009765625,353.2799987792969,354.9200134277344,350.15899658203125,60478500.0
2023-10-04,355.7699890136719,360.6099853515625,355.29998779296875,359.75,354.9242248535156,54786700.0
2023-10-05,359.739990234375,360.1499938964844,355.1400146484375,358.69000244140625,353.8783874511719,45897400.0
2023-10-06,355.6499938964844,365.9100036621094,354.8500061035156,364.70001220703125,359.8078308105469,75049100.0
2023-10-09,362.29998779296875,367.1099853515625,360.7799987792969,366.55999755859375,361.642822265625,45304800.0
2023-10-10,366.8999938964844,371.2799987792969,366.3900146484375,368.5899963378906,363.6455993652344,46968800.0
2023-10-11,369.94000244140625,371.4100036621094,368.19000244140625,371.2200012207031,366.2403564453125,38215100.0
2023-10-12,371.7300109863281,373.739990234375,367.5,369.92999267578125,364.96759033203125,49587900.0
2023-10-13,370.57000732421875,371.1600036621094,363.8599853515625,365.2799987792969,360.3800354003906,52469900.0
2023-10-16,366.6199951171875,370.4800109863281,366.4700012207031,369.4100036621094,364.45465087890625,44201100.0
2023-10-17,365.80999755859375,369.9200134277344,363.6600036621094,368.20001220703125,363.2608642578125,50999100.0
2023-10-18,365.6700134277344,367.9100036621094,362.0199890136719,363.3699951171875,358.4956359863281,54280500.0
2023-10-19,364.80999755859375,366.0199890136719,359.1600036621094,359.9700012207031,355.1412048339844,72274200.0
2023-10-20,359.4599914550781,360.0400085449219,354.3699951171875,354.6000061035156,349.8432922363281,72559700.0
2023-10-23,353.260009765625,359.260009765625,351.1199951171875,355.6700134277344,350.8989562988281,60665200.0
2023-10-24,357.510009765625,359.9100036621094,355.7900085449219,359.1300048828125,354.3125305175781,47082100.0
2023-10-25,356.70001220703125,356.8800048828125,349.75,350.3399963378906,345.6404113769531,71190500.0
2023-10-26,349.1199951171875,350.07000732421875,342.3500061035156,343.6600036621094,339.0500793457031,78621400.0
2023-10-27,346.42999267578125,348.8399963378906,344.0799865722656,345.30999755859375,340.6778869628906,63476700.0
2023-10-30,347.8299865722656,350.5400085449219,346.45001220703125,349.20001220703125,344.5157165527344,55298500.0
2023-10-31,349.2300109863281,351.25,346.6199951171875,350.8699951171875,346.16326904296875,47671900.0
2023-11-01,351.7200012207031,357.5299987792969,351.6199951171875,356.9599914550781,352.171630859375,58992700.0
2023-11-02,361.5400085449219,363.67999267578125,360.29998779296875,363.44000244140625,358.564697265625,58162400.0
2023-11-03,364.75,369.0199890136719,364.5199890136719,367.7099914550781,362.7774353027344,53280500.0
2023-11-06,368.489990234375,369.7799987792969,366.9100036621094,369.2099914550781,364.2572937011719,38848700.0
2023-11-07,370.2699890136719,373.5799865722656,369.04998779296875,372.70001220703125,367.70050048828125,50777400.0
2023-11-08,373.0799865722656,373.7900085449219,370.6199951171875,372.94000244140625,367.937255859375,35663400.0
2023-11-09,373.6400146484375,374.79998779296875,369.57000732421875,370.07000732421875,365.1057434082031,53859400.0
2023-11-10,371.82000732421875,378.5400085449219,371.2799987792969,378.3900146484375,373.314208984375,58309800.0
2023-11-13,376.7900085449219,378.2799987792969,375.239990234375,377.2099914550781,372.14996337890625,40733500.0
2023-11-14,383.7099914550781,386.260009765625,383.17999267578125,385.3299865722656,380.1610412597656,67792600.0
2023-11-15,387.25,387.75,384.239990234375,385.6199951171875,380.4471740722656,54141400.0
2023-11-16,384.8399963378906,386.19000244140625,383.55999755859375,385.95001220703125,380.7727355957031,45343500.0
2023-11-17,385.2099914550781,387.07000732421875,384.2900085449219,386.0400085449219,380.8614807128906,46571900.0
2023-11-20,386.04998779296875,391.4100036621094,386.04998779296875,390.739990234375,385.4985046386719,44429600.0
2023-11-21,389.010009765625,389.2300109863281,386.70001220703125,388.4700012207031,383.259033203125,43337000.0
2023-11-22,390.57000732421875,393.07000732421875,389.0400085449219,390.05999755859375,384.82763671875,44121000.0
2023-11-24,389.6499938964844,390.25,388.5,389.510009765625,384.2850036621094,15718800.0
2023-11-27,389.010009765625,391.1499938964844,388.2799987792969,389.1700134277344,383.94952392578125,34139700.0
2023-11-28,388.4100036621094,390.7799987792969,388.04998779296875,390.19000244140625,384.95587158203125,35491100.0
2023-11-29,392.69000244140625,394.1400146484375,389.4599914550781,389.80999755859375,384.58099365234375,38811700.0
2023-11-30,390.0799865722656,390.54998779296875,385.82000732421875,388.8299865722656,383.61407470703125,52834400.0
2023-12-01,387.75,390.5400085449219,386.07000732421875,389.94000244140625,384.7091979980469,40490100.0
2023-12-04,386.0899963378906,386.6000061035156,382.6600036621094,386.32000732421875,381.1377868652344,51186900.0
2023-12-05,384.3900146484375,388.5,384.2099914550781,387.2900085449219,382.0947265625,42933000.0
2023-12-06,390.2699890136719,390.3699951171875,384.70001220703125,385.04998779296875,379.8847961425781,41994100.0
2023-12-07,388.07000732421875,391.2699890136719,386.9599914550781,390.42999267578125,385.1926574707031,49593500.0
2023-12-08,388.6700134277344,392.6199951171875,388.4800109863281,392.1700134277344,386.9093322753906,46687500.0
2023-12-11,391.739990234375,395.7900085449219,391.5299987792969,395.5199890136719,390.21435546875,41198000.0
2023-12-12,395.55999755859375,398.7900085449219,394.4100036621094,398.6700134277344,393.3221130371094,39221200.0
2023-12-13,399.6199951171875,404.3599853515625,398.8399963378906,403.739990234375,398.3241271972656,55408100.0
2023-12-14,404.9800109863281,406.29998779296875,400.3399963378906,403.3900146484375,397.97882080078125,55447800.0
2023-12-15,404.17999267578125,406.5400085449219,403.57000732421875,405.3399963378906,399.9026184082031,62896600.0
2023-12-18,404.92999267578125,407.989990234375,404.6000061035156,407.0799865722656,402.4215087890625,46610000.0
2023-12-19,407.5400085449219,409.2799987792969,407.3500061035156,409.1600036621094,404.4776916503906,35711900.0
2023-12-20,408.3500061035156,410.4700012207031,402.8999938964844,403.0799865722656,398.4672546386719,54042400.0
2023-12-21,407.05999755859375,408.1400146484375,404.4700012207031,407.7699890136719,403.1036071777344,45568900.0
2023-12-22,409.0,409.9700012207031,406.4800109863281,408.3800048828125,403.7066345214844,34314000.0
2023-12-26,409.25,411.55999755859375,409.1499938964844,410.8800048828125,406.1780090332031,22722500.0
2023-12-27,410.95001220703125,411.7900085449219,410.0799865722656,411.5,407.0048828125,31980500.0
2023-12-28,412.6700134277344,412.9200134277344,410.94000244140625,411.29998779296875,406.80706787109375,27029200.0
2023-12-29,411.2799987792969,411.6400146484375,407.5799865722656,409.5199890136719,405.0464782714844,42662100.0
2024-01-02,405.8399963378906,406.0899963378906,400.239990234375,402.5899963378906,398.1921691894531,58026900.0
2024-01-03,399.92999267578125,401.0,397.8900146484375,398.3299865722656,393.9787292480469,47002800.0
2024-01-04,396.44000244140625,399.5899963378906,396.05999755859375,396.2799987792969,391.95111083984375,39432800.0
2024-01-05,396.45001220703125,399.55999755859375,395.3399963378906,396.75,392.41595458984375,44922800.0
2024-01-08,397.989990234375,405.239990234375,397.8399963378906,404.95001220703125,400.5264587402344,42473800.0
2024-01-09,401.9100036621094,406.69000244140625,401.7099914550781,405.75,401.3177185058594,39132900.0
2024-01-10,406.07000732421875,409.5199890136719,405.1700134277344,408.5,404.0376281738281,33962800.0
2024-01-11,409.7900085449219,411.20001220703125,404.239990234375,409.3500061035156,404.8783874511719,54536200.0
2024-01-12,410.3999938964844,411.25,408.1499938964844,409.55999755859375,405.0860595703125,39595000.0
2024-01-16,408.30999755859375,411.1199951171875,406.8299865722656,409.5199890136719,405.0464782714844,43903000.0
2024-01-17,406.1700134277344,407.5899963378906,402.9200134277344,407.2099914550781,402.76177978515625,54386000.0
2024-01-18,410.5199890136719,413.5799865722656,409.1600036621094,412.989990234375,408.4786071777344,59562500.0
2024-01-19,415.2200012207031,421.3399963378906,414.6300048828125,421.17999267578125,416.5791015625,70325100.0
2024-01-22,423.4100036621094,424.7300109863281,421.1199951171875,421.7300109863281,417.1231384277344,44880600.0
2024-01-23,422.42999267578125,423.70001220703125,420.57000732421875,423.4800109863281,418.85400390625,33003800.0
2024-01-24,427.44000244140625,429.8500061035156,425.3299865722656,425.8299865722656,421.1783142089844,46948000.0
2024-01-25,428.3599853515625,429.0400085449219,423.9800109863281,426.3500061035156,421.6926574707031,44367200.0
2024-01-26,424.44000244140625,426.2099914550781,423.1499938964844,423.80999755859375,419.1803894042969,37137000.0
2024-01-29,424.2699890136719,428.3500061035156,423.6099853515625,428.1499938964844,423.47296142578125,38694700.0
2024-01-30,427.1000061035156,427.67999267578125,424.3800048828125,425.29998779296875,420.65411376953125,36739000.0
2024-01-31,420.8500061035156,422.8699951171875,416.7900085449219,416.9700012207031,412.4151306152344,64010600.0
2024-02-01,418.7900085449219,422.3800048828125,417.80999755859375,421.8800048828125,417.27154541015625,51008600.0
2024-02-02,423.79998779296875,430.239990234375,422.7900085449219,429.010009765625,424.3235778808594,59602400.0
2024-02-05,429.07000732421875,429.6099853515625,425.0,428.45001220703125,423.7697448730469,39889200.0
2024-02-06,429.6099853515625,430.2200012207031,425.2200012207031,427.5899963378906,422.9190979003906,35846100.0
2024-02-07,430.4100036621094,432.8299865722656,429.0899963378906,431.989990234375,427.2710266113281,37712700.0
2024-02-08,432.1099853515625,433.55999755859375,431.4200134277344,432.7900085449219,428.06231689453125,29889900.0
2024-02-09,433.94000244140625,437.8500061035156,433.1400146484375,437.04998779296875,432.2757568359375,36943900.0
2024-02-12,436.94000244140625,439.1400146484375,434.6499938964844,435.3399963378906,430.5844421386719,33203300.0
2024-02-13,427.2799987792969,431.2699890136719,425.3299865722656,428.54998779296875,423.8686218261719,64491700.0
2024-02-14,431.260009765625,433.6499938964844,428.8800048828125,433.2200012207031,428.48760986328125,45092700.0
2024-02-15,433.9200134277344,434.9800109863281,431.3299865722656,434.510009765625,429.7635192871094,38796100.0
2024-02-16,434.8900146484375,434.989990234375,429.8500061035156,430.57000732421875,425.8665466308594,53716500.0
2024-02-20,428.54998779296875,430.0799865722656,423.5,427.32000732421875,422.65203857421875,53999500.0
2024-02-21,424.54998779296875,425.70001220703125,421.6300048828125,425.6099853515625,420.96075439453125,49779000.0
2024-02-22,434.489990234375,439.1199951171875,433.7099914550781,438.07000732421875,433.28466796875,53887800.0
2024-02-23,439.6499938964844,440.5899963378906,435.7900085449219,436.7799987792969,432.00872802734375,39853900.0
2024-02-26,437.6000061035156,438.6000061035156,436.3599853515625,436.54998779296875,431.7812194824219,33043200.0
2024-02-27,437.6700134277344,437.989990234375,435.0299987792969,437.6000061035156,432.8197937011719,33713200.0
2024-02-28,435.42999267578125,436.6700134277344,434.29998779296875,435.2699890136719,430.51519775390625,32938800.0
2024-02-29,438.2300109863281,440.0899963378906,435.0199890136719,439.0,434.2044677734375,42495200.0
2024-03-01,439.8999938964844,446.5799865722656,439.8399963378906,445.6099853515625,440.74224853515625,43853000.0
2024-03-04,445.6099853515625,446.0400085449219,443.7699890136719,444.0199890136719,439.16961669921875,34325700.0
2024-03-05,440.94000244140625,440.95001220703125,433.6499938964844,436.04998779296875,431.28668212890625,57917100.0
2024-03-06,440.32000732421875,441.989990234375,436.8900146484375,438.7900085449219,433.996826171875,46234500.0
2024-03-07,442.4200134277344,446.7200012207031,440.8599853515625,445.45001220703125,440.5840148925781,44526700.0
2024-03-08,445.80999755859375,448.6400146484375,438.3399963378906,439.0199890136719,434.2242126464844,72096000.0
2024-03-11,437.510009765625,438.6600036621094,435.44000244140625,437.3900146484375,432.6120300292969,45860000.0
2024-03-12,439.7300109863281,444.0199890136719,436.4599914550781,443.6600036621094,438.81353759765625,55300900.0
2024-03-13,442.6499938964844,442.6700134277344,439.1199951171875,440.25,435.4407958984375,37928700.0
2024-03-14,441.5,442.0299987792969,436.3900146484375,439.1400146484375,434.3429870605469,52195200.0
2024-03-15,436.07000732421875,438.8699951171875,432.739990234375,433.9200134277344,429.17999267578125,73069800.0
2024-03-18,438.7300109863281,441.0400085449219,437.239990234375,437.4800109863281,433.27325439453125,47323800.0
2024-03-19,435.45001220703125,438.9800109863281,433.3299865722656,438.57000732421875,434.35272216796875,43004100.0
2024-03-20,439.7799987792969,444.1099853515625,438.05999755859375,443.7699890136719,439.502685546875,43653500.0
2024-03-21,448.8800048828125,449.3399963378906,445.6700134277344,445.8699951171875,441.58251953125,39345700.0
2024-03-22,445.3500061035156,447.489990234375,444.489990234375,446.3800048828125,442.0876770019531,28253900.0
2024-03-25,443.54998779296875,446.260009765625,442.5400085449219,444.760009765625,440.4832458496094,27789200.0
2024-03-26,446.29998779296875,447.2300109863281,443.0899963378906,443.32000732421875,439.0570983886719,34142000.0
2024-03-27,446.44000244140625,446.5400085449219,441.92999267578125,444.8299865722656,440.55255126953125,41359200.0
2024-03-28,444.7799987792969,445.6400146484375,443.6499938964844,444.010009765625,439.7404479980469,36839600.0
2024-04-01,444.9700012207031,447.5299987792969,443.0199890136719,444.95001220703125,440.6714172363281,38729000.0
2024-04-02,440.0799865722656,441.42999267578125,438.0299987792969,441.1099853515625,436.86834716796875,44259700.0
2024-04-03,438.9599914550781,444.0,438.95001220703125,442.1000061035156,437.84881591796875,39949800.0
2024-04-04,446.3299865722656,446.95001220703125,435.1099853515625,435.3399963378906,431.15380859375,57267700.0
2024-04-05,436.7799987792969,443.1700134277344,435.9599914550781,440.4700012207031,436.2344665527344,54744600.0
2024-04-08,441.4100036621094,442.5,439.20001220703125,440.6000061035156,436.3632507324219,28144900.0
2024-04-09,442.9599914550781,443.239990234375,437.44000244140625,442.2300109863281,437.9775695800781,39443600.0
2024-04-10,437.0,439.239990234375,436.2799987792969,438.3699951171875,434.1546630859375,61502200.0
2024-04-11,440.260009765625,446.3299865722656,437.9599914550781,445.3699951171875,441.0873718261719,45474600.0
2024-04-12,441.1000061035156,442.239990234375,436.8800048828125,438.2699890136719,434.0556335449219,53665000.0
2024-04-15,442.05999755859375,442.1499938964844,430.2099914550781,431.05999755859375,426.91497802734375,63453600.0
2024-04-16,430.8999938964844,433.760009765625,429.70001220703125,431.1000061035156,426.9545593261719,47619000.0
2024-04-17,433.1000061035156,433.1199951171875,424.8999938964844,425.8399963378906,421.74517822265625,56880500.0
2024-04-18,426.489990234375,428.239990234375,422.8299865722656,423.4100036621094,419.3385314941406,46549400.0
2024-04-19,422.2200012207031,422.75,413.07000732421875,414.6499938964844,410.66278076171875,75231000.0
2024-04-22,417.30999755859375,421.17999267578125,413.94000244140625,418.82000732421875,414.79266357421875,47807700.0
2024-04-23,420.7699890136719,426.2799987792969,418.8699951171875,425.07000732421875,420.9825439453125,44384700.0
2024-04-24,428.20001220703125,429.7300109863281,424.20001220703125,426.510009765625,422.4087219238281,48440300.0
2024-04-25,419.239990234375,425.32000732421875,418.1400146484375,424.45001220703125,420.3685302734375,57392200.0
2024-04-26,427.6199951171875,432.54998779296875,426.9200134277344,431.0,426.85552978515625,41874900.0
2024-04-29,433.1300048828125,433.760009765625,429.9800109863281,432.75,428.5887451171875,30022200.0
2024-04-30,431.1499938964844,432.55999755859375,424.510009765625,424.5899963378906,420.5072021484375,43665900.0
2024-05-01,423.1499938964844,430.1400146484375,420.6600036621094,421.5199890136719,417.4666748046875,52251700.0
2024-05-02,425.29998779296875,427.80999755859375,420.6300048828125,426.8999938964844,422.79498291015625,36559000.0
2024-05-03,434.44000244140625,436.4800109863281,432.6199951171875,435.4800109863281,431.2924499511719,48515300.0
2024-05-06,437.29998779296875,440.3399963378906,436.5199890136719,440.25,436.0166015625,30227200.0
2024-05-07,440.70001220703125,441.9700012207031,439.5799865722656,440.32000732421875,436.0859375,30996100.0
2024-05-08,437.6700134277344,441.4800109863281,437.54998779296875,440.05999755859375,435.8283996582031,24896700.0
2024-05-09,440.3299865722656,441.6000061035156,438.4599914550781,441.0199890136719,436.7792053222656,24580100.0
2024-05-10,442.5400085449219,444.30999755859375,440.5,442.05999755859375,437.8091735839844,27116600.0
2024-05-13,443.989990234375,444.0899963378906,441.6499938964844,443.0799865722656,438.81939697265625,22994200.0
2024-05-14,442.6499938964844,446.4700012207031,442.4599914550781,445.92999267578125,441.6419982910156,34478300.0
2024-05-15,448.42999267578125,453.1499938964844,446.8999938964844,452.8999938964844,448.5449523925781,41464700.0
2024-05-16,452.7099914550781,454.69000244140625,451.80999755859375,451.9800109863281,447.6338195800781,34780400.0
2024-05-17,452.1099853515625,452.7200012207031,449.5400085449219,451.760009765625,447.4159240722656,35803700.0
2024-05-20,451.9800109863281,455.5799865722656,451.7900085449219,454.9100036621094,450.5356140136719,24474200.0
2024-05-21,453.0400085449219,455.989990234375,452.8399963378906,455.79998779296875,451.4170837402344,23167700.0
2024-05-22,456.05999755859375,456.82000732421875,453.0799865722656,455.7099914550781,451.32794189453125,25120000.0
2024-05-23,460.54998779296875,460.5799865722656,451.8500061035156,453.6600036621094,449.29766845703125,40899200.0
2024-05-24,455.2900085449219,459.2300109863281,453.57000732421875,457.95001220703125,453.5464172363281,29669500.0
2024-05-28,459.17999267578125,459.739990234375,456.69000244140625,459.67999267578125,455.259765625,26216800.0
2024-05-29,455.4800109863281,458.239990234375,455.3399963378906,456.44000244140625,452.05096435546875,29739200.0
2024-05-30,455.5,455.6400146484375,450.2099914550781,451.54998779296875,447.2079162597656,30536800.0
2024-05-31,451.7799987792969,452.4800109863281,443.05999755859375,450.7099914550781,446.3760070800781,55941300.0
2024-06-03,454.57000732421875,455.5799865722656,447.8999938964844,453.1300048828125,448.7727355957031,32997500.0
2024-06-04,452.8699951171875,455.5799865722656,451.1300048828125,454.3699951171875,450.0008239746094,23767400.0
2024-06-05,457.9800109863281,463.6099853515625,454.4100036621094,463.5299987792969,459.07275390625,33817400.0
2024-06-06,464.2200012207031,464.5400085449219,462.19000244140625,463.3699951171875,458.91424560546875,21966800.0
2024-06-07,463.0,465.739990234375,461.8399963378906,462.9599914550781,458.50823974609375,25829700.0
2024-06-10,461.82000732421875,465.19000244140625,461.5299987792969,464.8299865722656,460.3602294921875,20660800.0
2024-06-11,463.5400085449219,468.1400146484375,462.0299987792969,468.0199890136719,463.51953125,22053300.0
2024-06-12,471.989990234375,476.5,471.2900085449219,474.1499938964844,469.59063720703125,34532600.0
2024-06-13,477.7200012207031,478.3900146484375,474.4200134277344,476.7200012207031,472.13592529296875,25859000.0
2024-06-14,476.5199890136719,479.260009765625,476.04998779296875,479.19000244140625,474.5821533203125,23372600.0
2024-06-17,479.4599914550781,486.8599853515625,478.1400146484375,485.05999755859375,480.3957214355469,37054500.0
2024-06-18,485.010009765625,485.8999938964844,483.42999267578125,485.2099914550781,480.54425048828125,24438600.0
2024-06-20,486.4200134277344,486.8399963378906,479.6199951171875,481.4700012207031,476.8402404785156,33918700.0
2024-06-21,481.19000244140625,482.5400085449219,478.6700134277344,480.17999267578125,475.5626525878906,37456800.0
2024-06-24,478.17999267578125,479.92999267578125,473.82000732421875,473.9599914550781,470.1485290527344,37751000.0
2024-06-25,476.07000732421875,479.67999267578125,475.1199951171875,479.3800048828125,475.5249328613281,29014700.0
2024-06-26,478.54998779296875,480.9200134277344,478.1300048828125,480.3699951171875,476.5069580078125,22737100.0
2024-06-27,480.1199951171875,483.1000061035156,479.29998779296875,481.6099853515625,477.7369689941406,26222100.0
2024-06-28,482.4100036621094,487.20001220703125,478.4599914550781,479.1099853515625,475.25714111328125,34881600.0
2024-07-01,480.0400085449219,482.489990234375,476.260009765625,481.9200134277344,478.0445251464844,24898300.0
2024-07-02,480.4100036621094,487.0400085449219,480.2799987792969,486.9800109863281,483.0638122558594,26723600.0
2024-07-03,486.2200012207031,491.1700134277344,486.2200012207031,491.0400085449219,487.0912170410156,18064900.0
2024-07-05,491.8900146484375,496.6000061035156,491.5899963378906,496.1600036621094,492.1700134277344,28495900.0
2024-07-08,496.5299987792969,497.8999938964844,495.5,497.3399963378906,493.3405456542969,22109400.0
2024-07-09,498.8699951171875,500.0,496.239990234375,497.7699890136719,493.76702880859375,25614500.0
2024-07-10,499.7099914550781,503.5199890136719,498.3900146484375,502.9599914550781,498.9153137207031,28046900.0
2024-07-11,503.07000732421875,503.2799987792969,490.7300109863281,491.92999267578125,487.9739990234375,49966600.0
2024-07-12,492.510009765625,499.6199951171875,492.0400085449219,494.82000732421875,490.84075927734375,37109400.0
2024-07-15,496.6099853515625,501.010009765625,494.0899963378906,496.1499938964844,492.1600646972656,31151400.0
2024-07-16,497.6199951171875,498.44000244140625,493.1499938964844,496.3399963378906,492.3485412597656,25950600.0
2024-07-17,488.2799987792969,488.79998779296875,481.70001220703125,481.7699890136719,477.89569091796875,56268800.0
2024-07-18,485.5299987792969,485.7099914550781,476.2699890136719,479.489990234375,475.634033203125,49347400.0
2024-07-19,479.1499938964844,481.69000244140625,473.94000244140625,475.239990234375,471.4182434082031,42042900.0
2024-07-22,481.1600036621094,483.3500061035156,477.7099914550781,482.32000732421875,478.4412536621094,40300000.0
2024-07-23,481.4100036621094,484.42999267578125,480.1400146484375,480.6199951171875,476.7549743652344,23282500.0
2024-07-24,473.82000732421875,474.19000244140625,462.510009765625,463.3800048828125,459.6535949707031,58818600.0
2024-07-25,463.7200012207031,467.94000244140625,455.6300048828125,458.2699890136719,454.58465576171875,59256800.0
2024-07-26,462.6499938964844,465.92999267578125,459.7699890136719,462.9700012207031,459.2469177246094,39992100.0
2024-07-29,465.7099914550781,467.9100036621094,461.6199951171875,463.8999938964844,460.16943359375,28218500.0
2024-07-30,465.8500061035156,466.55999755859375,454.1499938964844,457.5299987792969,453.85064697265625,41317200.0
2024-07-31,467.8699951171875,472.7900085449219,466.4100036621094,471.07000732421875,467.2818298339844,44552100.0
2024-08-01,471.760009765625,475.54998779296875,455.9800109863281,459.6600036621094,455.9635314941406,56653900.0
2024-08-02,450.8900146484375,453.57000732421875,444.4700012207031,448.75,445.1412658691406,66323200.0
2024-08-05,424.7099914550781,442.2900085449219,423.45001220703125,435.3699951171875,431.86883544921875,87483500.0
2024-08-06,437.2300109863281,447.07000732421875,434.55999755859375,439.5299987792969,435.9954528808594,63164400.0
2024-08-07,446.489990234375,449.0,434.3699951171875,434.7699890136719,431.273681640625,54929200.0
2024-08-08,441.05999755859375,448.989990234375,437.1499938964844,448.07000732421875,444.4667663574219,47890100.0
2024-08-09,446.739990234375,452.05999755859375,445.6099853515625,450.4100036621094,446.78790283203125,33574000.0
2024-08-12,451.3900146484375,454.3699951171875,448.54998779296875,451.3800048828125,447.7500915527344,27795000.0
2024-08-13,455.82000732421875,462.8500061035156,455.67999267578125,462.5799865722656,458.8600158691406,40084500.0
2024-08-14,463.510009765625,465.1099853515625,458.3999938964844,462.7300109863281,459.0088195800781,34733700.0
2024-08-15,468.760009765625,474.82000732421875,468.3800048828125,474.4200134277344,470.6048583984375,38280600.0
2024-08-16,472.6199951171875,476.4100036621094,471.6499938964844,475.0299987792969,471.2099304199219,38383600.0
2024-08-19,475.1700134277344,481.30999755859375,473.3699951171875,481.2699890136719,477.3997497558594,23737700.0
2024-08-20,480.3500061035156,482.94000244140625,478.54998779296875,480.260009765625,476.3978576660156,29209300.0
2024-08-21,481.04998779296875,484.3699951171875,479.32000732421875,482.5,478.6199035644531,25658800.0
2024-08-22,484.8399963378906,485.5400085449219,473.80999755859375,474.8500061035156,471.0313415527344,37739600.0
2024-08-23,479.239990234375,482.739990234375,475.2799987792969,480.0,476.13995361328125,36061500.0
2024-08-26,479.45001220703125,480.3800048828125,473.239990234375,475.3399963378906,471.5174255371094,27452600.0
2024-08-27,473.69000244140625,477.8399963378906,471.7099914550781,476.760009765625,472.926025390625,27510000.0
2024-08-28,476.2900085449219,477.0199890136719,467.8900146484375,471.3500061035156,467.55950927734375,37372400.0
2024-08-29,473.2799987792969,477.92999267578125,469.3699951171875,470.6600036621094,466.8750915527344,41081500.0
2024-08-30,475.0400085449219,476.8999938964844,470.510009765625,476.2699890136719,472.4399719238281,33466500.0
2024-09-03,473.20001220703125,473.3299865722656,459.4100036621094,461.80999755859375,458.09625244140625,44985200.0
2024-09-04,458.6700134277344,464.45001220703125,457.7300109863281,460.6099853515625,456.9058837890625,32505100.0
2024-09-05,458.9700012207031,465.3599853515625,457.94000244140625,461.0400085449219,457.3324279785156,34452400.0
2024-09-06,460.3299865722656,461.2200012207031,448.19000244140625,448.69000244140625,445.0816955566406,50624400.0
2024-09-09,453.05999755859375,455.4599914550781,449.82000732421875,454.4599914550781,450.8052978515625,32981200.0
2024-09-10,456.239990234375,459.1700134277344,452.2300109863281,458.6600036621094,454.9715881347656,29680300.0
2024-09-11,459.9100036621094,469.3699951171875,451.2799987792969,468.6199951171875,464.8514404296875,57843000.0
2024-09-12,468.6499938964844,474.0400085449219,466.8500061035156,473.2200012207031,469.41448974609375,40067800.0
2024-09-13,472.4800109863281,476.5299987792969,472.25,475.3399963378906,471.5174255371094,29111800.0
2024-09-16,473.19000244140625,473.8599853515625,469.8900146484375,473.239990234375,469.434326171875,22585600.0
2024-09-17,476.2900085449219,477.6000061035156,470.9700012207031,473.489990234375,469.6823425292969,30084400.0
2024-09-18,474.70001220703125,478.8299865722656,470.8299865722656,471.44000244140625,467.6488037109375,39909200.0
2024-09-19,482.6099853515625,486.2300109863281,480.489990234375,483.3599853515625,479.47296142578125,52782500.0
2024-09-20,482.489990234375,483.69000244140625,478.29998779296875,482.44000244140625,478.56036376953125,34577700.0
2024-09-23,482.95001220703125,484.1400146484375,481.6000061035156,483.0400085449219,479.8288269042969,24843000.0
2024-09-24,484.4599914550781,486.3299865722656,480.1700134277344,485.3699951171875,482.1433410644531,25952600.0
2024-09-25,484.739990234375,487.7900085449219,484.55999755859375,485.82000732421875,482.5903625488281,26549900.0
2024-09-26,493.3699951171875,493.70001220703125,485.79998779296875,489.4700012207031,486.2160949707031,32020200.0
2024-09-27,490.5,490.6400146484375,485.55999755859375,486.75,483.51422119140625,22851100.0
2024-09-30,485.7799987792969,488.4100036621094,482.9200134277344,488.07000732421875,484.82537841796875,30281100.0
2024-10-01,487.70001220703125,488.0,477.3999938964844,481.2699890136719,478.07061767578125,42735400.0
2024-10-02,480.3599853515625,483.8800048828125,477.7200012207031,481.95001220703125,478.74609375,23744000.0
2024-10-03,479.739990234375,484.54998779296875,478.989990234375,481.5899963378906,478.3884582519531,25337200.0
2024-10-04,487.45001220703125,487.8800048828125,482.3900146484375,487.32000732421875,484.0804138183594,30686600.0
2024-10-07,485.3900146484375,486.57000732421875,480.8699951171875,482.1000061035156,478.8951110839844,24975100.0
2024-10-08,484.6600036621094,489.989990234375,483.8500061035156,489.29998779296875,486.0472106933594,28272000.0
2024-10-09,489.0,493.7300109863281,487.95001220703125,493.1499938964844,489.87164306640625,24995000.0
2024-10-10,490.8500061035156,494.4700012207031,489.5299987792969,492.5899963378906,489.3153381347656,25750400.0
2024-10-11,490.739990234375,494.3900146484375,490.1700134277344,493.3599853515625,490.0802307128906,20644500.0
2024-10-14,495.7699890136719,498.8299865722656,495.260009765625,497.5,494.1927185058594,26060100.0
2024-10-15,497.8299865722656,498.5,488.67999267578125,490.8500061035156,487.5869445800781,34784500.0
2024-10-16,491.17999267578125,491.69000244140625,487.57000732421875,490.9100036621094,487.6465148925781,22996800.0
2024-10-17,496.44000244140625,496.489990234375,491.19000244140625,491.25,487.9842529296875,27210700.0
2024-10-18,494.05999755859375,495.57000732421875,493.29998779296875,494.4700012207031,491.1828308105469,25335000.0
2024-10-21,493.25,496.2300109863281,491.30999755859375,495.4200134277344,492.1265563964844,30336500.0
2024-10-22,492.7300109863281,497.45001220703125,491.9700012207031,495.9599914550781,492.6629333496094,26685800.0
2024-10-23,493.5899963378906,494.25,485.04998779296875,488.3599853515625,485.11346435546875,39346600.0
2024-10-24,492.1099853515625,493.0,489.44000244140625,492.32000732421875,489.0471496582031,22024900.0
2024-10-25,495.1400146484375,500.2799987792969,494.42999267578125,495.32000732421875,492.0272216796875,38762100.0
2024-10-28,498.4599914550781,498.5199890136719,495.1000061035156,495.3999938964844,492.106689453125,20477800.0
2024-10-29,495.7200012207031,501.3500061035156,493.8500061035156,500.1600036621094,496.83502197265625,28014100.0
2024-10-30,499.3900146484375,500.3500061035156,495.8900146484375,496.3800048828125,493.0801696777344,29756000.0
2024-10-31,492.3800048828125,492.42999267578125,483.75,483.8500061035156,480.63348388671875,41245200.0
2024-11-01,485.5,490.75,485.20001220703125,487.42999267578125,484.18963623046875,33655800.0
2024-11-04,486.82000732421875,489.3800048828125,484.25,486.010009765625,482.77911376953125,23291600.0
2024-11-05,487.6099853515625,492.8800048828125,487.5199890136719,492.2099914550781,488.9378967285156,24353600.0
2024-11-06,500.55999755859375,506.4100036621094,499.6000061035156,505.5799865722656,502.218994140625,43082200.0
2024-11-07,508.3999938964844,514.3300170898438,508.3399963378906,513.5399780273438,510.1260986328125,32853100.0
2024-11-08,513.0399780273438,514.9199829101562,512.4099731445312,514.1400146484375,510.72210693359375,22924500.0
2024-11-11,515.3699951171875,515.5800170898438,510.9200134277344,513.8400268554688,510.4241027832031,24167500.0
2024-11-12,513.77001953125,514.6599731445312,509.8299865722656,512.9099731445312,509.5002746582031,25835300.0
2024-11-13,512.4000244140625,514.97998046875,509.95001220703125,512.25,508.8446350097656,24567400.0
2024-11-14,511.9100036621094,512.7899780273438,507.7699890136719,508.69000244140625,505.308349609375,28679500.0
2024-11-15,502.94000244140625,503.3299865722656,494.489990234375,496.57000732421875,493.2689208984375,51461100.0
2024-11-18,498.1300048828125,502.1400146484375,496.7300109863281,500.0199890136719,496.6959228515625,27080800.0
2024-11-19,497.4200134277344,503.95001220703125,497.0799865722656,503.4599914550781,500.1130676269531,24523000.0
2024-11-20,503.1600036621094,503.4800109863281,496.55999755859375,503.1700134277344,499.82501220703125,29565500.0
2024-11-21,506.239990234375,506.9599914550781,497.55999755859375,504.9800109863281,501.6230163574219,34526700.0
2024-11-22,504.4200134277344,506.5299987792969,502.7799987792969,505.7900085449219,502.4276123046875,23826600.0
2024-11-25,509.8999938964844,511.45001220703125,504.260009765625,506.5899963378906,503.2222900390625,26375200.0
2024-11-26,508.0799865722656,510.1400146484375,507.2300109863281,509.30999755859375,505.9241638183594,26557100.0
2024-11-27,508.1700134277344,508.239990234375,501.92999267578125,505.29998779296875,501.94085693359375,24957400.0
2024-11-29,505.92999267578125,510.3399963378906,505.30999755859375,509.739990234375,506.351318359375,15334000.0
2024-12-02,511.010009765625,516.260009765625,510.6199951171875,515.2899780273438,511.86444091796875,25147200.0
2024-12-03,513.9500122070312,517.1500244140625,513.3699951171875,516.8699951171875,513.433837890625,18597900.0
2024-12-04,520.3200073242188,523.52001953125,519.5999755859375,523.260009765625,519.7815551757812,26086200.0
2024-12-05,523.3099975585938,524.0399780273438,521.4199829101562,521.8099975585938,518.3411254882812,18169600.0
2024-12-06,522.47998046875,526.719970703125,522.3499755859375,526.47998046875,522.9800415039062,23762600.0
2024-12-09,525.5499877929688,526.3499755859375,521.219970703125,522.3800048828125,518.9072875976562,20674400.0
2024-12-10,523.6199951171875,525.3800048828125,519.1599731445312,520.5999755859375,517.13916015625,24350000.0
2024-12-11,525.0,530.6099853515625,524.5900268554688,529.9199829101562,526.3971557617188,32168600.0
2024-12-12,527.6799926757812,528.9600219726562,526.02001953125,526.5,522.9999389648438,23577500.0
2024-12-13,530.4600219726562,533.1699829101562,527.2999877929688,530.530029296875,527.003173828125,28780400.0
2024-12-16,533.0800170898438,539.1500244140625,533.0,538.1699829101562,534.59228515625,31979900.0
2024-12-17,536.3599853515625,537.47998046875,534.1300048828125,535.7999877929688,532.2380981445312,28579100.0
2024-12-18,535.1500244140625,536.8800048828125,515.010009765625,516.469970703125,513.03662109375,54703200.0
2024-12-19,521.1900024414062,521.760009765625,513.8300170898438,514.1699829101562,510.7518615722656,46441800.0
2024-12-20,510.44000244140625,524.8200073242188,509.2900085449219,518.6599731445312,515.2120361328125,60530000.0
2024-12-23,519.5499877929688,523.25,516.1300048828125,522.8699951171875,520.2315673828125,29672800.0
2024-12-24,524.8300170898438,530.0499877929688,524.1900024414062,529.9600219726562,527.2857666015625,17558200.0
2024-12-26,528.3200073242188,531.239990234375,526.3099975585938,529.5999755859375,526.9276123046875,19090500.0
2024-12-27,526.010009765625,526.4500122070312,517.8599853515625,522.5599975585938,519.9231567382812,33839600.0
2024-12-30,515.510009765625,519.3599853515625,511.8299865722656,515.6099853515625,513.0081787109375,34584000.0
2024-12-31,516.9000244140625,517.6599731445312,510.260009765625,511.2300109863281,508.65032958984375,29117000.0
2025-01-02,514.2999877929688,516.6400146484375,505.7099914550781,510.2300109863281,507.6553955078125,36389800.0
2025-01-03,513.3499755859375,519.6500244140625,512.530029296875,518.5800170898438,515.9632568359375,29059500.0
2025-01-06,524.02001953125,527.9199829101562,522.030029296875,524.5399780273438,521.8931884765625,36109700.0
2025-01-07,525.5900268554688,525.989990234375,513.280029296875,515.1799926757812,512.5803833007812,36690300.0
2025-01-08,515.0800170898438,516.9199829101562,510.57000732421875,515.27001953125,512.6699829101562,30777800.0
2025-01-10,511.4800109863281,511.5799865722656,503.9200134277344,507.19000244140625,504.6307373046875,40532500.0
2025-01-13,501.20001220703125,506.0199890136719,499.70001220703125,505.55999755859375,503.0089416503906,31694200.0
2025-01-14,508.739990234375,510.1600036621094,501.5899963378906,505.0799865722656,502.5313415527344,33737200.0
2025-01-15,513.030029296875,517.8499755859375,511.4599914550781,516.7000122070312,514.0927124023438,34957600.0
2025-01-16,518.97998046875,519.0599975585938,512.9500122070312,513.0800170898438,510.49102783203125,28229000.0
2025-01-17,522.8499755859375,524.0700073242188,513.1099853515625,521.739990234375,519.1072998046875,51837900.0
2025-01-21,524.47998046875,525.969970703125,520.0599975585938,524.7999877929688,522.1517944335938,23628000.0
2025-01-22,529.5700073242188,533.8200073242188,529.260009765625,531.510009765625,528.8280639648438,33593000.0
2025-01-23,529.0399780273438,532.760009765625,528.4500122070312,532.6400146484375,529.9522705078125,23096600.0
2025-01-24,533.02001953125,533.7899780273438,528.1500244140625,529.6300048828125,526.9574584960938,19878300.0
2025-01-27,511.0,517.989990234375,510.1499938964844,514.2100219726562,511.6152648925781,60771700.0
2025-01-28,515.219970703125,523.0,511.7799987792969,521.8099975585938,519.1769409179688,33194200.0
2025-01-29,522.4600219726562,522.5900268554688,516.9000244140625,520.8300170898438,518.201904296875,26649000.0
2025-01-30,523.7100219726562,526.0999755859375,518.2100219726562,523.0499877929688,520.41064453125,27431300.0
2025-01-31,526.9199829101562,531.52001953125,521.1900024414062,522.2899780273438,519.6544799804688,38755200.0
2025-02-03,513.469970703125,520.8499755859375,511.04998779296875,518.1099853515625,515.49560546875,40580800.0
2025-02-04,518.6300048828125,525.1099853515625,518.22998046875,524.469970703125,521.823486328125,26046800.0
2025-02-05,521.8200073242188,527.010009765625,520.6199951171875,526.8499755859375,524.1914672851562,21134100.0
2025-02-06,527.3599853515625,529.8099975585938,525.739990234375,529.5999755859375,526.9276123046875,19434500.0
2025-02-07,530.1400146484375,532.0999755859375,522.1900024414062,522.9199829101562,520.2813110351562,29605500.0
2025-02-10,527.219970703125,530.3599853515625,526.75,529.25,526.579345703125,20852800.0
2025-02-11,525.9600219726562,529.9199829101562,525.8300170898438,527.989990234375,525.3257446289062,19325500.0
2025-02-12,522.2999877929688,529.1900024414062,521.9500122070312,528.2999877929688,525.6341552734375,25009400.0
2025-02-13,529.97998046875,536.219970703125,529.1900024414062,535.9000244140625,533.1959228515625,28714800.0
2025-02-14,536.010009765625,538.8400268554688,535.6699829101562,538.1500244140625,535.4345092773438,17862600.0
2025-02-18,539.72998046875,540.0,536.0399780273438,539.3699951171875,536.6483154296875,20565000.0
2025-02-19,538.5700073242188,540.8099975585938,536.4600219726562,539.52001953125,536.797607421875,19666900.0
2025-02-20,538.72998046875,539.0999755859375,532.4600219726562,537.22998046875,534.5191040039062,26550800.0
2025-02-21,538.3800048828125,538.4000244140625,525.7100219726562,526.0800170898438,523.4254150390625,47093800.0
2025-02-24,527.8800048828125,529.0700073242188,519.530029296875,519.8699951171875,517.2467041015625,39268400.0
2025-02-25,519.239990234375,519.3200073242188,509.44000244140625,513.3200073242188,510.72979736328125,48940000.0
2025-02-26,515.530029296875,519.6599731445312,511.3699951171875,514.5599975585938,511.96356201171875,34457600.0
2025-02-27,518.1300048828125,519.0700073242188,500.04998779296875,500.2699890136719,497.7456359863281,52448000.0
2025-02-28,500.1300048828125,508.7799987792969,496.92999267578125,508.1700134277344,505.60577392578125,47654000.0
2025-03-03,511.5199890136719,513.0399780273438,493.5799865722656,497.04998779296875,494.5418701171875,44587200.0
2025-03-04,494.17999267578125,503.739990234375,487.739990234375,495.54998779296875,493.0494384765625,67875400.0
2025-03-05,496.20001220703125,503.6300048828125,491.260009765625,502.010009765625,499.4768371582031,46323700.0
2025-03-06,493.69000244140625,498.5799865722656,486.20001220703125,488.20001220703125,485.736572265625,57574300.0
2025-03-07,487.1600036621094,493.2799987792969,480.5299987792969,491.7900085449219,489.30841064453125,54714700.0
2025-03-10,483.45001220703125,483.9700012207031,468.6600036621094,472.7300109863281,470.3446350097656,76668000.0
2025-03-11,472.3500061035156,478.80999755859375,467.010009765625,471.6000061035156,469.2203063964844,68760800.0
2025-03-12,479.1600036621094,481.05999755859375,471.7900085449219,476.9200134277344,474.5134582519531,46971100.0
2025-03-13,476.25,476.2799987792969,466.42999267578125,468.3399963378906,465.9767761230469,46563300.0
2025-03-14,473.7300109863281,480.55999755859375,473.1199951171875,479.6600036621094,477.2396545410156,43563000.0
2025-03-17,479.6099853515625,485.8399963378906,477.79998779296875,482.7699890136719,480.33392333984375,41744400.0
2025-03-18,479.4100036621094,479.6099853515625,472.4100036621094,474.5400085449219,472.14544677734375,39072300.0
2025-03-19,476.80999755859375,485.3299865722656,474.8699951171875,480.8900146484375,478.46343994140625,40430300.0
2025-03-20,476.8800048828125,484.54998779296875,476.17999267578125,479.260009765625,476.8416442871094,36780500.0
2025-03-21,474.0799865722656,481.6099853515625,472.9100036621094,480.8399963378906,478.4136657714844,42234900.0
2025-03-24,487.739990234375,491.510009765625,484.3999938964844,490.6600036621094,488.91217041015625,34567200.0
2025-03-25,491.3900146484375,493.6199951171875,490.4200134277344,493.4599914550781,491.7021789550781,26035200.0
2025-03-26,492.29998779296875,493.1600036621094,482.82000732421875,484.3800048828125,482.6545104980469,34627100.0
2025-03-27,482.4100036621094,486.5799865722656,480.25,481.6199951171875,479.90435791015625,33469800.0
2025-03-28,479.80999755859375,480.5199890136719,468.04998779296875,468.94000244140625,467.26953125,46363800.0
2025-03-31,461.9200134277344,469.8599853515625,457.3299865722656,468.9200134277344,467.24957275390625,53000300.0
2025-04-01,467.29998779296875,473.6300048828125,464.4200134277344,472.70001220703125,471.01611328125,41156200.0
2025-04-02,466.1199951171875,479.55999755859375,465.8599853515625,476.1499938964844,474.4538269042969,49894500.0
2025-04-03,456.44000244140625,460.07000732421875,450.1400146484375,450.6600036621094,449.05462646484375,70456300.0
2025-04-04,438.1400146484375,440.3699951171875,422.6700134277344,422.6700134277344,421.16436767578125,117088400.0
2025-04-07,408.6600036621094,443.1400146484375,402.3900146484375,423.69000244140625,422.1806945800781,161557000.0
2025-04-08,438.1600036621094,443.1400146484375,409.7900085449219,416.05999755859375,414.5778503417969,101248100.0
2025-04-09,415.57000732421875,467.8299865722656,415.42999267578125,466.0,464.3399963378906,142876900.0
2025-04-10,453.55999755859375,455.5899963378906,432.6300048828125,446.17999267578125,444.590576171875,108384100.0
2025-04-11,444.6499938964844,455.7900085449219,441.3299865722656,454.3999938964844,452.78131103515625,52483800.0
2025-04-14,464.4599914550781,465.04998779296875,452.6300048828125,457.4800109863281,455.850341796875,43941200.0
2025-04-15,458.5400085449219,462.3800048828125,456.1499938964844,457.989990234375,456.3584899902344,35404200.0
2025-04-16,449.0299987792969,452.6199951171875,437.760009765625,444.17999267578125,442.59771728515625,48980600.0
2025-04-17,447.1700134277344,447.75,441.3599853515625,444.1000061035156,442.51800537109375,44837000.0
2025-04-21,438.2300109863281,439.0799865722656,427.92999267578125,433.1099853515625,431.5671081542969,44149300.0
2025-04-22,438.82000732421875,447.5799865722656,437.6199951171875,444.4800109863281,442.89666748046875,52304400.0
2025-04-23,458.1700134277344,463.3800048828125,452.8800048828125,454.55999755859375,452.94073486328125,55801100.0
2025-04-24,456.4800109863281,467.6600036621094,455.8299865722656,467.3500061035156,465.6851806640625,45956100.0
2025-04-25,466.9700012207031,473.0899963378906,465.3900146484375,472.55999755859375,470.8766174316406,38697100.0
2025-04-28,473.0299987792969,474.80999755859375,466.0299987792969,472.4100036621094,470.7271423339844,33550800.0
2025-04-29,470.1700134277344,476.4200134277344,469.5899963378906,475.5299987792969,473.8360290527344,30613100.0
2025-04-30,467.1300048828125,477.20001220703125,462.42999267578125,475.4700012207031,473.7762145996094,46810600.0
2025-05-01,483.4100036621094,487.17999267578125,480.739990234375,481.67999267578125,479.9640808105469,43316500.0
2025-05-02,486.5400085449219,490.9100036621094,484.8299865722656,488.8299865722656,487.0886535644531,39218100.0
2025-05-05,484.6000061035156,489.0299987792969,484.1000061035156,485.92999267578125,484.198974609375,28309500.0
2025-05-06,479.55999755859375,485.04998779296875,478.19000244140625,481.4100036621094,479.6950988769531,32786300.0
2025-05-07,482.0799865722656,485.79998779296875,476.7799987792969,483.29998779296875,481.5783386230469,38006300.0
2025-05-08,488.5299987792969,492.70001220703125,484.1700134277344,488.2900085449219,486.55059814453125,39577600.0
2025-05-09,490.2099914550781,491.5400085449219,486.20001220703125,487.9700012207031,486.231689453125,27767400.0
2025-05-12,506.989990234375,507.8900146484375,501.4800109863281,507.8500061035156,506.0409240722656,45090600.0
2025-05-13,509.1600036621094,517.3900146484375,508.4200134277344,515.5900268554688,513.7533569335938,53269600.0
2025-05-14,516.77001953125,519.22998046875,515.75,518.6799926757812,516.832275390625,47014500.0
2025-05-15,516.52001953125,521.9299926757812,515.1699829101562,519.25,517.4003295898438,50153300.0
2025-05-16,520.6599731445312,521.7000122070312,517.0999755859375,521.510009765625,519.6522827148438,48394600.0
2025-05-19,514.239990234375,522.530029296875,514.239990234375,522.010009765625,520.1504516601562,52536200.0
2025-05-20,519.469970703125,520.9299926757812,516.6599731445312,520.27001953125,518.4166870117188,42517600.0
2025-05-21,516.27001953125,523.0,511.239990234375,513.0399780273438,511.2123718261719,71292800.0
2025-05-22,513.6599731445312,517.7100219726562,512.2999877929688,514.0,512.1690063476562,55607200.0
2025-05-23,506.17999267578125,511.8399963378906,505.5799865722656,509.239990234375,507.4259338378906,58368100.0
2025-05-27,516.1500244140625,521.7100219726562,514.5900268554688,521.219970703125,519.3632202148438,47226300.0
2025-05-28,522.1799926757812,523.6799926757812,518.3900146484375,518.9099731445312,517.0614624023438,46637200.0
2025-05-29,526.3300170898438,526.47998046875,517.3200073242188,519.9299926757812,518.077880859375,58513300.0
2025-05-30,519.4400024414062,520.6799926757812,511.92999267578125,519.1099853515625,517.2607421875,67662800.0
2025-06-02,517.239990234375,523.4500122070312,515.969970703125,523.2100219726562,521.3462524414062,44762800.0
2025-06-03,523.5599975585938,528.739990234375,522.6900024414062,527.2999877929688,525.4215698242188,44070300.0
2025-06-04,528.010009765625,529.8400268554688,525.969970703125,528.77001953125,526.8863525390625,41359300.0
2025-06-05,530.1799926757812,533.0499877929688,522.6599731445312,524.7899780273438,522.9205322265625,61031200.0
2025-06-06,530.0,531.7999877929688,528.2100219726562,529.9199829101562,528.0322875976562,42467000.0
2025-06-09,530.1400146484375,532.3499755859375,529.010009765625,530.7000122070312,528.8095092773438,33688700.0
2025-06-10,531.1699829101562,534.9000244140625,528.8900146484375,534.2100219726562,532.3070678710938,40664800.0
2025-06-11,535.6199951171875,536.780029296875,530.1099853515625,532.4099731445312,530.513427734375,53701000.0
2025-06-12,531.0900268554688,534.6400146484375,530.8400268554688,533.6599731445312,531.7589111328125,34104900.0
2025-06-13,527.6799926757812,531.8699951171875,525.72998046875,526.9600219726562,525.0828857421875,55814400.0
2025-06-16,530.5,535.3699951171875,530.4500122070312,534.2899780273438,532.3866577148438,37622100.0
2025-06-17,531.7100219726562,533.3300170898438,527.9099731445312,529.0800170898438,527.1953125,42180900.0
2025-06-18,530.0999755859375,532.5499877929688,527.4000244140625,528.989990234375,527.1055908203125,43983500.0
2025-06-20,532.260009765625,533.5599975585938,524.8800048828125,526.8300170898438,524.9532470703125,61643500.0
2025-06-23,526.8099975585938,532.1699829101562,523.6500244140625,531.6500244140625,530.3511352539062,50666100.0
2025-06-24,536.8900146484375,540.7000122070312,536.27001953125,539.780029296875,538.4612426757812,45442000.0
2025-06-25,542.0599975585938,543.3099975585938,539.3800048828125,541.1599731445312,539.8377685546875,44804200.0
2025-06-26,543.3499755859375,546.6699829101562,541.52001953125,546.219970703125,544.885498046875,43811400.0
2025-06-27,547.260009765625,549.989990234375,544.5399780273438,548.0900268554688,546.7509155273438,57577100.0
2025-06-30,551.260009765625,552.7999877929688,549.010009765625,551.6400146484375,550.292236328125,45548700.0
2025-07-01,549.72998046875,550.7100219726562,544.6599731445312,546.989990234375,545.653564453125,56166700.0
2025-07-02,546.1599731445312,551.0,546.1199951171875,550.7999877929688,549.4542846679688,36538300.0
2025-07-03,553.1799926757812,557.2000122070312,553.1799926757812,556.219970703125,554.8610229492188,26443500.0
2025-07-07,553.52001953125,554.3400268554688,549.5800170898438,552.030029296875,550.6813354492188,45349300.0
2025-07-08,553.3800048828125,554.010009765625,551.0999755859375,552.3400268554688,550.9906005859375,36153300.0
2025-07-09,554.47998046875,557.6300048828125,553.0999755859375,556.25,554.8909912109375,43045500.0
2025-07-10,556.8900146484375,557.2999877929688,552.75,555.4500122070312,554.0929565429688,34710900.0
2025-07-11,553.2999877929688,555.7899780273438,552.0499877929688,554.2000122070312,552.845947265625,39618600.0
2025-07-14,553.989990234375,556.9500122070312,551.6300048828125,556.2100219726562,554.85107421875,36453300.0
2025-07-15,560.25,560.7999877929688,556.6599731445312,556.719970703125,555.3598022460938,43277700.0
2025-07-16,557.280029296875,560.2100219726562,551.5599975585938,557.2899780273438,555.9284057617188,52314700.0
2025-07-17,558.02001953125,562.3099975585938,557.2100219726562,561.7999877929688,560.4273681640625,40423800.0
2025-07-18,563.1199951171875,564.72998046875,559.97998046875,561.260009765625,559.8887329101562,50484700.0
2025-07-21,562.0900268554688,566.0599975585938,562.0599975585938,564.1699829101562,562.7916259765625,39595200.0
2025-07-22,564.2999877929688,564.3499755859375,558.6099853515625,561.25,559.8787841796875,43270600.0
2025-07-23,562.3400268554688,563.8499755859375,559.5800170898438,563.8099975585938,562.4324951171875,40215300.0
2025-07-24,565.1300048828125,566.239990234375,563.2899780273438,565.010009765625,563.6295776367188,42275500.0
2025-07-25,564.9299926757812,567.7000122070312,564.27001953125,566.3699951171875,564.9862670898438,30630800.0
2025-07-28,567.739990234375,569.0399780273438,566.8699951171875,568.1400146484375,566.7518920898438,31498700.0
2025-07-29,570.760009765625,572.1099853515625,566.530029296875,567.260009765625,565.8740844726562,45463300.0
2025-07-30,568.1799926757812,570.6199951171875,565.0499877929688,568.02001953125,566.6322631835938,43433800.0
2025-07-31,574.5399780273438,574.6300048828125,563.8699951171875,565.010009765625,563.6295776367188,64613600.0
2025-08-01,558.8300170898438,559.02001953125,551.6799926757812,553.8800048828125,552.5267333984375,69400800.0
2025-08-04,559.0499877929688,564.3200073242188,558.9500122070312,564.0999755859375,562.7218017578125,47669800.0
2025-08-05,565.3900146484375,566.5599975585938,559.72998046875,560.27001953125,558.901123046875,48666600.0
2025-08-06,561.1099853515625,567.760009765625,560.6300048828125,567.3200073242188,565.9339599609375,41823700.0
2025-08-07,571.6699829101562,573.3200073242188,565.1099853515625,569.239990234375,567.8491821289062,44463000.0
2025-08-08,570.4500122070312,574.77001953125,570.1500244140625,574.5499877929688,573.146240234375,35255500.0
2025-08-11,574.6900024414062,576.7999877929688,571.5700073242188,572.8499755859375,571.4503784179688,33112900.0
2025-08-12,575.1599731445312,580.3499755859375,572.489990234375,580.0499877929688,578.6328125,42143300.0
2025-08-13,582.760009765625,583.3200073242188,578.9400024414062,580.3400268554688,578.922119140625,41209300.0
2025-08-14,578.280029296875,581.8800048828125,577.9099731445312,579.8900146484375,578.4732666015625,45425000.0
2025-08-15,579.7999877929688,579.8400268554688,575.5700073242188,577.3400268554688,575.929443359375,49480200.0
2025-08-18,576.4400024414062,577.77001953125,575.239990234375,577.1099853515625,575.699951171875,29831000.0
2025-08-19,576.3900146484375,576.5599975585938,568.25,569.280029296875,567.88916015625,53752600.0
2025-08-20,568.3300170898438,568.4500122070312,558.8400268554688,565.9000244140625,564.5174560546875,76781100.0
2025-08-21,564.3499755859375,566.489990234375,560.97998046875,563.280029296875,561.90380859375,46436900.0
2025-08-22,564.6699829101562,573.989990234375,563.27001953125,571.969970703125,570.5725708007812,51502100.0
2025-08-25,570.4000244140625,573.2899780273438,569.1599731445312,570.3200073242188,568.9265747070312,34044700.0
2025-08-26,569.8300170898438,572.9199829101562,568.7999877929688,572.6099853515625,571.2109985351562,34103000.0
2025-08-27,571.5900268554688,574.4099731445312,570.3699951171875,573.489990234375,572.0888671875,36927100.0
2025-08-28,574.1099853515625,578.0,572.4600219726562,577.0800170898438,575.6701049804688,46787900.0
2025-08-29,574.6599731445312,575.030029296875,568.5399780273438,570.4000244140625,569.0064086914062,56030400.0
2025-09-02,561.3099975585938,565.969970703125,559.5399780273438,565.6199951171875,564.2380981445312,65876800.0
2025-09-03,569.22998046875,571.7000122070312,566.72998046875,570.0700073242188,568.67724609375,54230200.0
2025-09-04,570.739990234375,575.5999755859375,569.030029296875,575.22998046875,573.8245849609375,47526300.0
2025-09-05,580.489990234375,581.1199951171875,571.530029296875,576.0599975585938,574.6525268554688,68342500.0
2025-09-08,578.3699951171875,580.8400268554688,577.77001953125,578.8699951171875,577.4556884765625,46371400.0
2025-09-09,579.6699829101562,580.9400024414062,577.0399780273438,580.510009765625,579.0917358398438,44007600.0
2025-09-10,583.739990234375,583.77001953125,578.5499877929688,580.7000122070312,579.28125,49308000.0
2025-09-11,583.239990234375,584.8800048828125,581.6199951171875,584.0800170898438,582.6529541015625,44745800.0
2025-09-12,585.0399780273438,587.8599853515625,584.0999755859375,586.6599731445312,585.2266235351562,50745900.0
2025-09-15,588.4400024414062,591.7899780273438,588.2899780273438,591.6799926757812,590.234375,44360300.0
2025-09-16,592.6099853515625,592.8599853515625,590.489990234375,591.1799926757812,589.7356567382812,36942100.0
2025-09-17,591.0999755859375,591.75,584.3699951171875,590.0,588.5585327148438,69384800.0
2025-09-18,594.9099731445312,598.1400146484375,592.9600219726562,595.3200073242188,593.865478515625,61069300.0
2025-09-19,597.3300170898438,600.0499877929688,595.8499755859375,599.3499755859375,597.8856201171875,58196100.0
2025-09-22,597.739990234375,602.8699951171875,597.719970703125,602.2000122070312,601.4251098632812,57154800.0
2025-09-23,602.3699951171875,602.5700073242188,596.97998046875,598.2000122070312,597.4302978515625,64635500.0
2025-09-24,599.5800170898438,599.9000244140625,593.3599853515625,596.0999755859375,595.3329467773438,49850300.0
2025-09-25,592.2000122070312,595.1199951171875,588.5,593.530029296875,592.7662963867188,70920200.0
2025-09-26,594.3499755859375,596.2999877929688,591.0599975585938,595.969970703125,595.203125,54337400.0
2025-09-29,599.1099853515625,602.0499877929688,597.4099731445312,598.72998046875,597.9595947265625,48332900.0
2025-09-30,598.4299926757812,600.7100219726562,596.0999755859375,600.3699951171875,599.5974731445312,46533800.0
2025-10-01,597.1699829101562,603.7899780273438,596.3400268554688,603.25,602.4737548828125,46899600.0
2025-10-02,607.0599975585938,607.1599731445312,602.9299926757812,605.72998046875,604.9505615234375,43765400.0
2025-10-03,606.510009765625,607.3300170898438,601.3900146484375,603.1799926757812,602.4038696289062,46482100.0
2025-10-06,608.4500122070312,609.3599853515625,605.969970703125,607.7100219726562,606.9280395507812,41962100.0
2025-10-07,609.02001953125,609.7100219726562,603.030029296875,604.510009765625,603.732177734375,58209500.0
2025-10-08,605.4099731445312,611.75,605.260009765625,611.4400024414062,610.6532592773438,50629800.0
2025-10-09,611.47998046875,611.6099853515625,607.47998046875,610.7000122070312,609.9141845703125,45551000.0
2025-10-10,611.4000244140625,613.1799926757812,589.0499877929688,589.5,588.741455078125,97614800.0
2025-10-13,599.6799926757812,602.9500122070312,597.22998046875,602.010009765625,601.2353515625,65872600.0
2025-10-14,595.3099975585938,602.6900024414062,590.1300048828125,598.0,597.2305297851562,69203200.0
2025-10-15,604.010009765625,606.7000122070312,595.9299926757812,602.219970703125,601.445068359375,62805500.0
2025-10-16,605.1099853515625,608.3099975585938,595.5,599.989990234375,599.2179565429688,70982000.0
2025-10-17,597.9500122070312,605.510009765625,596.3699951171875,603.9299926757812,603.1528930664062,72024900.0
2025-10-20,607.1400146484375,612.7999877929688,607.0700073242188,611.5399780273438,610.7530517578125,45761700.0
2025-10-21,611.6400146484375,612.719970703125,609.3200073242188,611.3800048828125,610.5933227539062,44538200.0
2025-10-22,610.8200073242188,611.4099731445312,599.739990234375,605.489990234375,604.7108764648438,61478800.0
2025-10-23,604.9099731445312,611.3699951171875,604.52001953125,610.5800170898438,609.7943725585938,42844300.0
2025-10-24,615.989990234375,618.4199829101562,615.1300048828125,617.0999755859375,616.305908203125,47632500.0
2025-10-27,624.52001953125,628.5499877929688,624.030029296875,628.0900268554688,627.2818603515625,54098600.0
2025-10-28,630.3599853515625,634.6799926757812,629.25,632.9199829101562,632.1055908203125,61195700.0
2025-10-29,635.5900268554688,637.010009765625,630.25,635.77001953125,634.9519653320312,67422800.0
2025-10-30,632.1699829101562,633.5,625.9400024414062,626.0499877929688,625.2444458007812,61628600.0
2025-10-31,634.1699829101562,634.2000122070312,626.6900024414062,629.0700073242188,628.2605590820312,66305100.0
2025-11-03,635.1099853515625,635.8200073242188,629.8499755859375,632.0800170898438,631.2666625976562,37154300.0
2025-11-04,623.280029296875,626.9500122070312,618.4600219726562,619.25,618.4531860351562,63830800.0
2025-11-05,618.489990234375,626.5999755859375,617.2100219726562,623.280029296875,622.47802734375,48688500.0
2025-11-06,621.7899780273438,622.0399780273438,610.2999877929688,611.6699829101562,610.8829345703125,72115100.0
2025-11-07,608.3099975585938,609.9500122070312,598.6699829101562,609.739990234375,608.9553833007812,81835400.0
2025-11-10,618.9199829101562,624.3099975585938,616.8900146484375,623.22998046875,622.4280395507812,55919900.0
2025-11-11,620.5700073242188,622.719970703125,617.52001953125,621.5700073242188,620.7702026367188,44868800.0
2025-11-12,624.8400268554688,624.8599853515625,617.8099975585938,621.0800170898438,620.2808227539062,47444400.0
2025-11-13,617.5399780273438,618.1199951171875,606.0800170898438,608.4000244140625,607.6171875,71333600.0
2025-11-14,599.5499877929688,613.3499755859375,597.1699829101562,608.8599853515625,608.0765380859375,80087300.0
2025-11-17,606.2999877929688,612.47998046875,599.8699951171875,603.6599731445312,602.8832397460938,63850400.0
2025-11-18,599.6199951171875,602.3099975585938,591.3400268554688,596.3099975585938,595.542724609375,83327300.0
2025-11-19,597.0700073242188,606.1599731445312,594.5900268554688,599.8699951171875,599.09814453125,73111500.0
2025-11-20,611.6199951171875,614.030029296875,584.75,585.6699829101562,584.9163818359375,117743200.0
2025-11-21,587.469970703125,596.97998046875,580.739990234375,590.0700073242188,589.3107299804688,103344200.0
2025-11-24,595.280029296875,606.6799926757812,595.1599731445312,605.1599731445312,604.3812866210938,60168100.0
2025-11-25,603.510009765625,610.260009765625,597.3200073242188,608.8900146484375,608.1065063476562,57560900.0
2025-11-26,612.510009765625,616.1900024414062,610.3900146484375,614.27001953125,613.4796142578125,42393600.0
2025-11-28,616.1099853515625,619.3200073242188,615.4199829101562,619.25,618.4531860351562,23034400.0
2025-12-01,613.6300048828125,619.4400024414062,612.52001953125,617.1699829101562,616.3758544921875,40957600.0
2025-12-02,619.4600219726562,623.75,617.5900268554688,622.0,621.1996459960938,54541800.0
2025-12-03,619.6199951171875,624.219970703125,618.030029296875,623.52001953125,622.7177124023438,47841600.0
2025-12-04,624.9299926757812,624.9400024414062,619.5399780273438,622.9400024414062,622.138427734375,47067800.0
2025-12-05,624.3800048828125,628.9199829101562,623.7100219726562,625.47998046875,624.6751708984375,53614200.0
2025-12-08,627.2100219726562,628.8400268554688,621.6900024414062,624.280029296875,623.4767456054688,43462400.0
2025-12-09,623.010009765625,625.8699951171875,621.0,625.0499877929688,624.2457275390625,37156000.0
2025-12-10,623.8499755859375,629.2100219726562,620.989990234375,627.6099853515625,626.8024291992188,55031400.0
2025-12-11,623.8200073242188,625.780029296875,617.719970703125,625.5800170898438,624.7750854492188,58272800.0
2025-12-12,622.0800170898438,623.5399780273438,611.3599853515625,613.6199951171875,612.8304443359375,75158700.0
2025-12-15,618.3699951171875,618.4199829101562,609.3200073242188,610.5399780273438,609.75439453125,49538200.0
2025-12-16,608.260009765625,613.510009765625,606.9099731445312,611.75,610.9628295898438,55152800.0
2025-12-17,613.0599975585938,613.6500244140625,600.280029296875,600.4099731445312,599.6373901367188,70654300.0
2025-12-18,609.7999877929688,612.9299926757812,606.9199829101562,609.1099853515625,608.3262329101562,78875800.0
2025-12-19,611.9500122070312,617.6199951171875,611.8699951171875,617.0499877929688,616.2559814453125,60369800.0
2025-12-22,621.3499755859375,621.6500244140625,617.77001953125,619.2100219726562,619.2100219726562,43703100.0
2025-12-23,618.2000122070312,622.4099731445312,617.780029296875,622.1099853515625,622.1099853515625,41120400.0
2025-12-24,621.989990234375,624.280029296875,621.719970703125,623.9299926757812,623.9299926757812,18468700.0
2025-12-26,624.6599731445312,625.52001953125,623.1400146484375,623.8900146484375,623.8900146484375,28959800.0
2025-12-29,620.0999755859375,622.780029296875,618.72998046875,620.8699951171875,620.8699951171875,32458300.0
2025-12-30,619.8400268554688,622.1799926757812,619.219970703125,619.4299926757812,619.4299926757812,31226800.0
2025-12-31,619.6500244140625,619.9600219726562,614.0499877929688,614.3099975585938,614.3099975585938,40746500.0
2026-01-02,620.0599975585938,622.8499755859375,610.1500244140625,613.1199951171875,613.1199951171875,61859200.0
2026-01-05,619.3200073242188,620.8099975585938,616.719970703125,617.989990234375,617.989990234375,46828400.0
2026-01-06,619.22998046875,624.02001953125,618.5399780273438,623.4199829101562,623.4199829101562,43137500.0
2026-01-07,623.0399780273438,627.9400024414062,622.5599975585938,624.02001953125,624.02001953125,44880300.0
2026-01-08,623.030029296875,623.4199829101562,617.7999877929688,620.469970703125,620.469970703125,50435900.0
2026-01-09,621.4099731445312,627.8900146484375,619.0599975585938,626.6500244140625,626.6500244140625,49688700.0
2026-01-12,622.3099975585938,628.8499755859375,622.260009765625,627.1699829101562,627.1699829101562,37388700.0
2026-01-13,627.27001953125,629.469970703125,623.7000122070312,626.239990234375,626.239990234375,44481400.0
2026-01-14,622.239990234375,623.4500122070312,614.5599975585938,619.5499877929688,619.5499877929688,72598700.0
2026-01-15,626.5999755859375,630.0,620.75,621.780029296875,621.780029296875,53934900.0
2026-01-16,625.5,626.0800170898438,618.8800048828125,621.260009765625,621.260009765625,61058100.0
2026-01-20,610.530029296875,615.0599975585938,607.0499877929688,608.0599975585938,608.0599975585938,81988900.0
2026-01-21,609.469970703125,620.4199829101562,607.8599853515625,616.280029296875,616.280029296875,79837900.0
2026-01-22,622.3499755859375,622.4600219726562,617.780029296875,620.760009765625,620.760009765625,42254800.0
2026-01-23,619.72998046875,625.4000244140625,618.6500244140625,622.719970703125,622.719970703125,43645800.0
2026-01-26,623.2100219726562,627.6099853515625,622.1199951171875,625.4600219726562,625.4600219726562,35983000.0
2026-01-27,628.9099731445312,632.0399780273438,627.3400268554688,631.1300048828125,631.1300048828125,38997200.0
2026-01-28,635.4600219726562,636.5999755859375,631.8099975585938,633.219970703125,633.219970703125,50691700.0
2026-01-29,632.6500244140625,633.6699829101562,618.27001953125,629.4299926757812,629.4299926757812,79944000.0
2026-01-30,625.7100219726562,628.260009765625,619.2999877929688,621.8699951171875,621.8699951171875,65650700.0
2026-02-02,618.7000122070312,628.489990234375,618.6599731445312,626.1400146484375,626.1400146484375,49020300.0
2026-02-03,628.2999877929688,629.97998046875,610.9600219726562,616.52001953125,616.52001953125,81234000.0
2026-02-04,615.02001953125,615.0999755859375,600.469970703125,605.75,605.75,81850700.0
2026-02-05,600.2100219726562,604.8099975585938,594.760009765625,597.030029296875,597.030029296875,89354500.0
2026-02-06,600.1900024414062,611.4099731445312,598.77001953125,609.6500244140625,609.6500244140625,78019300.0
2026-02-09,607.5399780273438,616.4600219726562,605.0700073242188,614.3200073242188,614.3200073242188,56797600.0
2026-02-10,615.3099975585938,617.02001953125,611.010009765625,611.469970703125,611.469970703125,53938900.0
2026-02-11,616.3800048828125,617.52001953125,607.6900024414062,613.1099853515625,613.1099853515625,58575100.0
2026-02-12,614.7100219726562,615.8099975585938,599.5700073242188,600.6400146484375,600.6400146484375,81378900.0
2026-02-13,600.4299926757812,606.47998046875,596.4199829101562,601.9199829101562,601.9199829101562,69237500.0
2026-02-17,598.3800048828125,603.9500122070312,593.3400268554688,601.2999877929688,601.2999877929688,69013800.0
2026-02-18,602.1099853515625,609.77001953125,600.719970703125,605.7899780273438,605.7899780273438,64250700.0
2026-02-19,602.8099975585938,605.8200073242188,600.75,603.469970703125,603.469970703125,60960800.0
2026-02-20,600.1199951171875,610.3499755859375,599.22998046875,608.8099975585938,608.8099975585938,74127300.0
2026-02-23,606.6099853515625,608.010009765625,599.0499877929688,601.4099731445312,601.4099731445312,63859100.0
2026-02-24,602.4000244140625,608.989990234375,599.72998046875,607.8699951171875,607.8699951171875,55023700.0
2026-02-25,611.0700073242188,616.8300170898438,611.0,616.6799926757812,616.6799926757812,55710700.0
2026-02-26,615.5900268554688,615.5900268554688,603.97998046875,609.239990234375,609.239990234375,96178900.0
2026-02-27,602.97998046875,608.3200073242188,602.1900024414062,607.2899780273438,607.2899780273438,68125200.0
2026-03-02,598.8599853515625,609.9199829101562,597.989990234375,608.0900268554688,608.0900268554688,75264600.0
2026-03-03,596.3300170898438,603.9600219726562,591.8699951171875,601.5800170898438,601.5800170898438,97015500.0
2026-03-04,604.1599731445312,612.8800048828125,603.4299926757812,610.75,610.75,70943900.0
2026-03-05,607.4000244140625,612.760009765625,602.260009765625,608.9099731445312,608.9099731445312,89602400.0
2026-03-06,600.3099975585938,606.0,598.3300170898438,599.75,599.75,86221800.0
2026-03-09,,,,,,
