Date,Open,High,Low,Close,Adj Close,Volume
2015-01-02,206.3800048828125,206.8800048828125,204.17999267578125,205.42999267578125,170.58963012695312,121465900.0
2015-01-05,204.1699981689453,204.3699951171875,201.35000610351562,201.72000122070312,167.5088348388672,169632600.0
2015-01-06,202.08999633789062,202.72000122070312,198.86000061035156,199.82000732421875,165.9310760498047,209151400.0
2015-01-07,201.4199981689453,202.72000122070312,200.8800048828125,202.30999755859375,167.99879455566406,125346700.0
2015-01-08,204.00999450683594,206.16000366210938,203.99000549316406,205.89999389648438,170.97987365722656,147217800.0
2015-01-09,206.39999389648438,206.4199981689453,203.50999450683594,204.25,169.6097412109375,158567300.0
2015-01-12,204.41000366210938,204.60000610351562,201.9199981689453,202.64999389648438,168.2810516357422,144396100.0
2015-01-13,204.1199951171875,205.47999572753906,200.50999450683594,202.0800018310547,167.80775451660156,214553300.0
2015-01-14,199.64999389648438,201.10000610351562,198.57000732421875,200.86000061035156,166.79466247558594,192991100.0
2015-01-15,201.6300048828125,202.00999450683594,198.8800048828125,199.02000427246094,165.26669311523438,176613900.0
2015-01-16,198.77000427246094,201.82000732421875,198.5500030517578,201.6300048828125,167.43411254882812,211879600.0
2015-01-20,202.39999389648438,202.72000122070312,200.1699981689453,202.05999755859375,167.79119873046875,130991100.0
2015-01-21,201.5,203.66000366210938,200.94000244140625,203.0800018310547,168.63812255859375,122942700.0
2015-01-22,203.99000549316406,206.25999450683594,202.3300018310547,206.10000610351562,171.14596557617188,174356000.0
2015-01-23,205.7899932861328,206.10000610351562,204.80999755859375,204.97000122070312,170.20761108398438,117516800.0
2015-01-26,204.7100067138672,205.55999755859375,203.85000610351562,205.4499969482422,170.606201171875,92009700.0
2015-01-27,202.97000122070312,204.1199951171875,201.74000549316406,202.74000549316406,168.35581970214844,134044600.0
2015-01-28,204.1699981689453,204.2899932861328,199.91000366210938,200.13999938964844,166.19677734375,168514300.0
2015-01-29,200.3800048828125,202.3000030517578,198.67999267578125,201.99000549316406,167.7330322265625,173585400.0
2015-01-30,200.57000732421875,202.1699981689453,199.1300048828125,199.4499969482422,165.6238250732422,197729700.0
2015-02-02,200.0500030517578,202.02999877929688,197.86000061035156,201.9199981689453,167.6749267578125,163107000.0
2015-02-03,203.0,204.85000610351562,202.5500030517578,204.83999633789062,170.0996856689453,124212900.0
2015-02-04,203.9199981689453,205.3800048828125,203.50999450683594,204.05999755859375,169.45201110839844,134306700.0
2015-02-05,204.86000061035156,206.3000030517578,204.77000427246094,206.1199951171875,171.16256713867188,97953200.0
2015-02-06,206.55999755859375,207.24000549316406,204.9199981689453,205.5500030517578,170.6892547607422,125672000.0
2015-02-09,204.77000427246094,205.63999938964844,204.13999938964844,204.6300048828125,169.92527770996094,87219000.0
2015-02-10,205.8800048828125,207.1199951171875,204.67999267578125,206.80999755859375,171.735595703125,96164200.0
2015-02-11,206.61000061035156,207.4499969482422,205.8300018310547,206.92999267578125,171.83523559570312,91087800.0
2015-02-12,207.88999938964844,208.99000549316406,206.97000122070312,208.9199981689453,173.4877471923828,97545900.0
2015-02-13,209.07000732421875,209.83999633789062,208.75999450683594,209.77999877929688,174.20188903808594,93670400.0
2015-02-17,209.39999389648438,210.32000732421875,209.10000610351562,210.11000061035156,174.47586059570312,76968200.0
2015-02-18,209.66000366210938,210.22000122070312,209.33999633789062,210.1300048828125,174.49249267578125,80652900.0
2015-02-19,209.41000366210938,210.4199981689453,209.24000549316406,209.97999572753906,174.367919921875,91462500.0
2015-02-20,209.47999572753906,211.3300018310547,208.72999572753906,211.24000549316406,175.4142303466797,140896400.0
2015-02-23,210.94000244140625,211.2100067138672,210.47999572753906,211.2100067138672,175.38929748535156,74411100.0
2015-02-24,211.1199951171875,212.0500030517578,210.75999450683594,211.80999755859375,175.88755798339844,72472300.0
2015-02-25,211.66000366210938,212.24000549316406,211.22000122070312,211.6300048828125,175.7381591796875,73061700.0
2015-02-26,211.52000427246094,211.7100067138672,210.64999389648438,211.3800048828125,175.5305633544922,72697900.0
2015-02-27,211.25999450683594,211.5800018310547,210.60000610351562,210.66000366210938,174.93258666992188,108076000.0
2015-03-02,210.77999877929688,212.05999755859375,210.72000122070312,211.99000549316406,176.03704833984375,87491400.0
2015-03-03,211.47000122070312,212.0500030517578,210.0800018310547,211.1199951171875,175.31463623046875,110325800.0
2015-03-04,210.39999389648438,210.49000549316406,209.05999755859375,210.22999572753906,174.57554626464844,114497200.0
2015-03-05,210.6199951171875,210.8000030517578,209.85000610351562,210.4600067138672,174.76658630371094,76873000.0
2015-03-06,209.4199981689453,209.94000244140625,207.10000610351562,207.5,172.30853271484375,188128000.0
2015-03-09,207.74000549316406,208.7899932861328,207.5500030517578,208.36000061035156,173.02268981933594,89818900.0
2015-03-10,206.7100067138672,206.80999755859375,204.92999267578125,204.97999572753906,170.2159423828125,157121300.0
2015-03-11,205.2899932861328,205.5,204.39999389648438,204.5,169.81736755371094,110145700.0
2015-03-12,205.25999450683594,207.17999267578125,205.1999969482422,207.10000610351562,171.9763946533203,93993500.0
2015-03-13,206.77000427246094,207.92999267578125,204.5800018310547,205.8300018310547,170.9217529296875,162410900.0
2015-03-16,206.7100067138672,208.69000244140625,205.86000061035156,208.5800018310547,173.2053680419922,136099200.0
2015-03-17,207.69000244140625,208.4199981689453,206.97999572753906,207.9600067138672,172.69052124023438,94510400.0
2015-03-18,207.38999938964844,211.27000427246094,206.6199951171875,210.4600067138672,174.76658630371094,228808500.0
2015-03-19,209.9600067138672,210.47000122070312,209.02999877929688,209.5,173.96932983398438,117917300.0
2015-03-20,209.7100067138672,211.02000427246094,209.49000549316406,210.41000366210938,175.5050048828125,177715100.0
2015-03-23,210.4199981689453,211.11000061035156,210.0,210.0,175.16299438476562,71784500.0
2015-03-24,209.85000610351562,210.39999389648438,208.74000549316406,208.82000732421875,174.1787567138672,77805300.0
2015-03-25,209.07000732421875,209.35000610351562,205.7100067138672,205.75999450683594,171.62632751464844,159521700.0
2015-03-26,204.9600067138672,206.3699951171875,204.1199951171875,205.27000427246094,171.21763610839844,153067200.0
2015-03-27,205.1300048828125,205.9499969482422,204.89999389648438,205.74000549316406,171.60968017578125,118939000.0
2015-03-30,206.97999572753906,208.61000061035156,206.9600067138672,208.25,173.7032928466797,96180400.0
2015-03-31,207.25999450683594,208.10000610351562,206.36000061035156,206.42999267578125,172.18521118164062,126768700.0
2015-04-01,206.38999938964844,206.4199981689453,204.50999450683594,205.6999969482422,171.57630920410156,137303600.0
2015-04-02,205.6199951171875,206.97999572753906,205.39999389648438,206.44000244140625,172.19346618652344,86900900.0
2015-04-06,205.3699951171875,208.4499969482422,205.2100067138672,207.8300018310547,173.3529815673828,114368200.0
2015-04-07,207.86000061035156,208.75999450683594,207.24000549316406,207.27999877929688,172.8942108154297,81236300.0
2015-04-08,207.5500030517578,208.50999450683594,207.0800018310547,207.97999572753906,173.47804260253906,89351900.0
2015-04-09,207.77999877929688,209.17999267578125,207.19000244140625,208.89999389648438,174.24542236328125,85548900.0
2015-04-10,209.1999969482422,210.08999633789062,208.9600067138672,210.0399932861328,175.1963348388672,72722900.0
2015-04-13,209.8699951171875,210.6300048828125,209.02999877929688,209.08999633789062,174.40394592285156,74436600.0
2015-04-14,208.85000610351562,209.7100067138672,208.10000610351562,209.49000549316406,174.73764038085938,75099900.0
2015-04-15,210.0500030517578,211.0399932861328,209.9499969482422,210.42999267578125,175.5216064453125,99529300.0
2015-04-16,210.02999877929688,210.97999572753906,209.7899932861328,210.3699951171875,175.47157287597656,68934900.0
2015-04-17,208.94000244140625,209.22999572753906,207.00999450683594,207.9499969482422,173.45306396484375,191113200.0
2015-04-20,209.05999755859375,210.25,208.9600067138672,209.85000610351562,175.03787231445312,92189500.0
2015-04-21,210.6699981689453,210.86000061035156,209.24000549316406,209.60000610351562,174.829345703125,72559800.0
2015-04-22,210.00999450683594,210.85000610351562,208.89999389648438,210.6300048828125,175.6884765625,78264600.0
2015-04-23,210.14999389648438,211.94000244140625,210.00999450683594,211.16000366210938,176.13050842285156,102585900.0
2015-04-24,211.66000366210938,211.97000122070312,211.11000061035156,211.64999389648438,176.5392608642578,61327400.0
2015-04-27,212.3300018310547,212.47999572753906,210.5399932861328,210.77000427246094,175.8052215576172,79358100.0
2015-04-28,210.74000549316406,211.5,209.3300018310547,211.44000244140625,176.3640899658203,86863500.0
2015-04-29,210.3699951171875,211.2899932861328,209.60000610351562,210.57000732421875,175.63841247558594,125684900.0
2015-04-30,209.8800048828125,210.35000610351562,207.6199951171875,208.4600067138672,173.87841796875,161304900.0
2015-05-01,209.39999389648438,210.77000427246094,209.27999877929688,210.72000122070312,175.76351928710938,103399700.0
2015-05-04,211.22999572753906,212.02000427246094,211.10000610351562,211.32000732421875,176.26397705078125,70927200.0
2015-05-05,211.02999877929688,211.4600067138672,208.72999572753906,208.89999389648438,174.24542236328125,113326200.0
2015-05-06,209.55999755859375,209.92999267578125,206.75999450683594,208.0399932861328,173.52813720703125,135060200.0
2015-05-07,207.9199981689453,209.3800048828125,207.52000427246094,208.8699951171875,174.22039794921875,88244900.0
2015-05-08,210.8800048828125,211.86000061035156,210.77999877929688,211.6199951171875,176.5142364501953,155877300.0
2015-05-11,211.57000732421875,211.88999938964844,210.52000427246094,210.61000061035156,175.67176818847656,75708100.0
2015-05-12,209.61000061035156,210.6300048828125,208.6199951171875,209.97999572753906,175.14627075195312,119727600.0
2015-05-13,210.47000122070312,211.22000122070312,209.74000549316406,210.02000427246094,175.17965698242188,94667900.0
2015-05-14,211.24000549316406,212.32000732421875,210.91000366210938,212.2100067138672,177.00637817382812,95934000.0
2015-05-15,212.44000244140625,212.61000061035156,211.86000061035156,212.44000244140625,177.19822692871094,76510100.0
2015-05-18,212.24000549316406,213.39999389648438,212.16000366210938,213.10000610351562,177.74867248535156,74549700.0
2015-05-19,213.24000549316406,213.57000732421875,212.69000244140625,213.02999877929688,177.6903839111328,72114600.0
2015-05-20,213.14999389648438,213.77999877929688,212.5,212.8800048828125,177.5652313232422,76857500.0
2015-05-21,212.7100067138672,213.75,212.50999450683594,213.5,178.08230590820312,64764600.0
2015-05-22,213.0399932861328,213.5399932861328,212.91000366210938,212.99000549316406,177.65696716308594,57433500.0
2015-05-26,212.39999389648438,212.91000366210938,210.1999969482422,210.6999969482422,175.74685668945312,124308600.0
2015-05-27,211.25,212.97999572753906,210.75999450683594,212.6999969482422,177.41505432128906,93214000.0
2015-05-28,212.3300018310547,212.58999633789062,211.6300048828125,212.4600067138672,177.21490478515625,74974600.0
2015-05-29,212.3800048828125,212.42999267578125,210.82000732421875,211.13999938964844,176.11387634277344,124919600.0
2015-06-01,211.94000244140625,212.33999633789062,210.6199951171875,211.57000732421875,176.47254943847656,93338800.0
2015-06-02,211.02000427246094,212.19000244140625,210.27000427246094,211.36000061035156,176.29734802246094,91531000.0
2015-06-03,212.0,212.6699981689453,211.3300018310547,211.9199981689453,176.7644805908203,87820900.0
2015-06-04,211.07000732421875,211.86000061035156,209.75,210.1300048828125,175.27139282226562,151882800.0
2015-06-05,209.9499969482422,210.5800018310547,208.97999572753906,209.77000427246094,174.97117614746094,121704700.0
2015-06-08,209.63999938964844,209.82000732421875,208.38999938964844,208.47999572753906,173.8950958251953,89063300.0
2015-06-09,208.4499969482422,209.10000610351562,207.69000244140625,208.4499969482422,173.8700714111328,105034700.0
2015-06-10,209.3699951171875,211.41000366210938,209.3000030517578,210.9499969482422,175.95538330078125,134551300.0
2015-06-11,211.47999572753906,212.08999633789062,211.1999969482422,211.6300048828125,176.52259826660156,73876400.0
2015-06-12,210.63999938964844,211.47999572753906,209.67999267578125,210.00999450683594,175.17132568359375,135382400.0
2015-06-15,208.63999938964844,209.4499969482422,207.7899932861328,209.11000061035156,174.42063903808594,124384200.0
2015-06-16,208.92999267578125,210.35000610351562,208.72000122070312,210.25,175.3715362548828,85308200.0
2015-06-17,210.58999633789062,211.32000732421875,209.36000061035156,210.58999633789062,175.6550750732422,126708600.0
2015-06-18,211.30999755859375,213.33999633789062,210.6300048828125,212.77999877929688,177.48184204101562,165867900.0
2015-06-19,211.4600067138672,211.5500030517578,210.36000061035156,210.80999755859375,176.6939239501953,130478700.0
2015-06-22,211.91000366210938,212.58999633789062,211.63999938964844,211.88999938964844,177.59913635253906,70696000.0
2015-06-23,212.13999938964844,212.44000244140625,211.57000732421875,212.0399932861328,177.72483825683594,68476800.0
2015-06-24,211.72000122070312,212.1699981689453,210.47000122070312,210.5,176.43411254882812,92307300.0
2015-06-25,211.10000610351562,211.25,209.77000427246094,209.86000061035156,175.89768981933594,97107400.0
2015-06-26,210.2899932861328,210.5800018310547,209.16000366210938,209.82000732421875,175.8641357421875,104174800.0
2015-06-29,208.0500030517578,209.8300018310547,205.3300018310547,205.4199981689453,172.1761474609375,202621300.0
2015-06-30,207.25999450683594,207.32000732421875,205.27999877929688,205.85000610351562,172.53663635253906,182925100.0
2015-07-01,207.72999572753906,208.02999877929688,206.55999755859375,207.5,173.91961669921875,135979900.0
2015-07-02,208.07000732421875,208.27000427246094,206.80999755859375,207.30999755859375,173.76034545898438,104373700.0
2015-07-06,205.77000427246094,207.64999389648438,205.52999877929688,206.72000122070312,173.26580810546875,117975400.0
2015-07-07,206.9600067138672,208.1699981689453,204.11000061035156,208.02000427246094,174.35549926757812,173820200.0
2015-07-08,206.4199981689453,206.75999450683594,204.25,204.52999877929688,171.43023681640625,164020100.0
2015-07-09,207.0399932861328,207.35000610351562,204.77000427246094,204.89999389648438,171.74037170410156,144113100.0
2015-07-10,207.2899932861328,207.97999572753906,204.9499969482422,207.47999572753906,173.9027862548828,129456900.0
2015-07-13,208.99000549316406,209.89999389648438,208.94000244140625,209.77000427246094,175.82225036621094,106069400.0
2015-07-14,209.72000122070312,211.0500030517578,209.64999389648438,210.67999267578125,176.58497619628906,81709600.0
2015-07-15,210.72999572753906,211.27999877929688,210.0399932861328,210.61000061035156,176.52627563476562,97914100.0
2015-07-16,211.8699951171875,212.3000030517578,211.5800018310547,212.3000030517578,177.9427947998047,106683300.0
2015-07-17,212.2899932861328,212.5500030517578,211.8000030517578,212.47999572753906,178.09365844726562,89030000.0
2015-07-20,212.75,213.17999267578125,212.2100067138672,212.58999633789062,178.18582153320312,70446800.0
2015-07-21,212.42999267578125,212.74000549316406,211.38999938964844,211.75,177.48179626464844,77965000.0
2015-07-22,210.92999267578125,211.77000427246094,210.88999938964844,211.3699951171875,177.16326904296875,88667900.0
2015-07-23,211.52999877929688,211.64999389648438,209.75,210.17999267578125,176.1658935546875,90509100.0
2015-07-24,210.3000030517578,210.3699951171875,207.60000610351562,208.0,174.33860778808594,117755000.0
2015-07-27,206.94000244140625,207.5500030517578,206.25999450683594,206.7899932861328,173.32443237304688,132361100.0
2015-07-28,207.7899932861328,209.5,206.8000030517578,209.3300018310547,175.45346069335938,123544800.0
2015-07-29,209.47999572753906,211.0399932861328,209.30999755859375,210.77000427246094,176.66036987304688,105791300.0
2015-07-30,210.16000366210938,211.02000427246094,209.4199981689453,210.82000732421875,176.70233154296875,91304400.0
2015-07-31,211.4199981689453,211.4499969482422,210.16000366210938,210.5,176.43411254882812,103266900.0
2015-08-03,210.4600067138672,210.52999877929688,208.64999389648438,209.7899932861328,175.83897399902344,113965700.0
2015-08-04,209.6999969482422,210.25,208.8000030517578,209.3800048828125,175.495361328125,81820800.0
2015-08-05,210.4499969482422,211.30999755859375,209.72999572753906,210.07000732421875,176.07369995117188,85786800.0
2015-08-06,210.2899932861328,210.4199981689453,207.64999389648438,208.35000610351562,174.6320037841797,116030800.0
2015-08-07,208.16000366210938,208.33999633789062,206.8699951171875,207.9499969482422,174.29678344726562,117858000.0
2015-08-10,209.27999877929688,210.6699981689453,209.27999877929688,210.57000732421875,176.49278259277344,80270700.0
2015-08-11,208.97000122070312,209.47000122070312,207.75999450683594,208.6699981689453,174.90023803710938,126081400.0
2015-08-12,207.11000061035156,209.13999938964844,205.36000061035156,208.9199981689453,175.1097869873047,172123700.0
2015-08-13,208.72999572753906,209.5500030517578,208.00999450683594,208.66000366210938,174.89186096191406,89383300.0
2015-08-14,208.42999267578125,209.50999450683594,208.25999450683594,209.4199981689453,175.5288543701172,72786500.0
2015-08-17,208.7100067138672,210.58999633789062,208.16000366210938,210.58999633789062,176.509521484375,79072600.0
2015-08-18,210.25999450683594,210.67999267578125,209.6999969482422,209.97999572753906,175.9982452392578,71692700.0
2015-08-19,209.08999633789062,210.00999450683594,207.35000610351562,208.32000732421875,174.60687255859375,172946000.0
2015-08-20,206.50999450683594,208.2899932861328,203.89999389648438,203.97000122070312,170.96084594726562,194327900.0
2015-08-21,201.72999572753906,203.94000244140625,197.52000427246094,197.8300018310547,165.81451416015625,346588500.0
2015-08-24,187.49000549316406,197.47999572753906,182.39999389648438,189.5,158.8325653076172,507244300.0
2015-08-25,195.42999267578125,195.4499969482422,186.9199981689453,187.27000427246094,156.96347045898438,369833100.0
2015-08-26,192.0800018310547,194.7899932861328,188.3699951171875,194.4600067138672,162.98992919921875,339257000.0
2015-08-27,197.02000427246094,199.4199981689453,195.2100067138672,199.27000427246094,167.021484375,274143900.0
2015-08-28,198.5,199.83999633789062,197.9199981689453,199.27999877929688,167.02987670898438,160414400.0
2015-08-31,198.11000061035156,199.1300048828125,197.00999450683594,197.6699981689453,165.680419921875,163298800.0
2015-09-01,193.1199951171875,194.77000427246094,190.72999572753906,191.77000427246094,160.7352294921875,256000400.0
2015-09-02,194.6199951171875,195.4600067138672,192.4199981689453,195.41000366210938,163.78616333007812,160269300.0
2015-09-03,196.25999450683594,198.0500030517578,194.9600067138672,195.5500030517578,163.9035186767578,152087800.0
2015-09-04,192.85000610351562,193.86000061035156,191.61000061035156,192.58999633789062,161.42250061035156,207081000.0
2015-09-08,195.94000244140625,197.61000061035156,195.1699981689453,197.42999267578125,165.479248046875,116025700.0
2015-09-09,199.32000732421875,199.47000122070312,194.35000610351562,194.7899932861328,163.2664794921875,149347700.0
2015-09-10,194.55999755859375,197.22000122070312,194.25,195.85000610351562,164.1549530029297,158611100.0
2015-09-11,195.3800048828125,196.82000732421875,194.52999877929688,196.74000549316406,164.9009246826172,119691200.0
2015-09-14,196.9499969482422,197.00999450683594,195.42999267578125,196.00999450683594,164.28909301757812,79452000.0
2015-09-15,196.61000061035156,198.99000549316406,195.9600067138672,198.4600067138672,166.3426055908203,113806200.0
2015-09-16,198.82000732421875,200.41000366210938,198.41000366210938,200.17999267578125,167.78421020507812,99581600.0
2015-09-17,200.02000427246094,202.88999938964844,199.27999877929688,199.72999572753906,167.40704345703125,276046600.0
2015-09-18,195.7100067138672,198.67999267578125,194.9600067138672,195.4499969482422,164.67129516601562,223657500.0
2015-09-21,196.44000244140625,197.67999267578125,195.2100067138672,196.4600067138672,165.52232360839844,105726200.0
2015-09-22,193.8800048828125,194.4600067138672,192.55999755859375,193.91000366210938,163.37387084960938,153890900.0
2015-09-23,194.11000061035156,194.6699981689453,192.91000366210938,193.60000610351562,163.11273193359375,92790600.0
2015-09-24,192.14999389648438,193.4499969482422,190.55999755859375,192.89999389648438,162.5229034423828,159378800.0
2015-09-25,194.63999938964844,195.0,191.80999755859375,192.85000610351562,162.4807891845703,155054800.0
2015-09-28,191.77999877929688,191.91000366210938,187.63999938964844,188.00999450683594,158.40296936035156,178515900.0
2015-09-29,188.27000427246094,189.74000549316406,186.92999267578125,188.1199951171875,158.49560546875,159045600.0
2015-09-30,190.3699951171875,191.8300018310547,189.44000244140625,191.6300048828125,161.45289611816406,163452000.0
2015-10-01,192.0800018310547,192.49000549316406,189.82000732421875,192.1300048828125,161.87417602539062,131079000.0
2015-10-02,189.77000427246094,195.02999877929688,189.1199951171875,195.0,164.29222106933594,211003300.0
2015-10-05,196.4600067138672,198.74000549316406,196.3300018310547,198.47000122070312,167.2157440185547,126320800.0
2015-10-06,198.30999755859375,198.97999572753906,197.0,197.7899932861328,166.642822265625,110274500.0
2015-10-07,198.89999389648438,199.8300018310547,197.47999572753906,199.41000366210938,168.0077362060547,124307300.0
2015-10-08,198.9499969482422,201.5500030517578,198.58999633789062,201.2100067138672,169.52432250976562,153055200.0
2015-10-09,201.3800048828125,201.89999389648438,200.5800018310547,201.3300018310547,169.62539672851562,107069200.0
2015-10-12,201.4199981689453,201.75999450683594,200.91000366210938,201.52000427246094,169.78550720214844,56395600.0
2015-10-13,200.64999389648438,202.16000366210938,200.0500030517578,200.25,168.71546936035156,88038700.0
2015-10-14,200.17999267578125,200.8699951171875,198.94000244140625,199.2899932861328,167.90664672851562,99106200.0
2015-10-15,200.0800018310547,202.36000061035156,199.63999938964844,202.35000610351562,170.48475646972656,134142200.0
2015-10-16,202.8300018310547,203.2899932861328,201.9199981689453,203.27000427246094,171.25990295410156,114580100.0
2015-10-19,202.5,203.3699951171875,202.1300048828125,203.3699951171875,171.3441162109375,76523900.0
2015-10-20,202.85000610351562,203.83999633789062,202.5500030517578,203.11000061035156,171.12506103515625,78448500.0
2015-10-21,203.61000061035156,203.7899932861328,201.64999389648438,201.85000610351562,170.0635528564453,102038000.0
2015-10-22,202.97999572753906,205.50999450683594,201.85000610351562,205.25999450683594,172.9365234375,174911700.0
2015-10-23,207.25,207.9499969482422,206.3000030517578,207.50999450683594,174.8322296142578,144442300.0
2015-10-26,207.3000030517578,207.3699951171875,206.55999755859375,207.0,174.40248107910156,69033000.0
2015-10-27,206.1999969482422,207.0,205.7899932861328,206.60000610351562,174.0655059814453,77905800.0
2015-10-28,207.0,208.97999572753906,206.2100067138672,208.9499969482422,176.0454559326172,135906700.0
2015-10-29,208.35000610351562,209.27000427246094,208.2100067138672,208.8300018310547,175.94427490234375,90525500.0
2015-10-30,209.05999755859375,209.44000244140625,207.74000549316406,207.92999267578125,175.18609619140625,131076900.0
2015-11-02,208.32000732421875,210.6199951171875,208.1699981689453,210.38999938964844,177.25869750976562,86270800.0
2015-11-03,209.97000122070312,211.66000366210938,209.6999969482422,211.0,177.7726287841797,95246100.0
2015-11-04,211.35000610351562,211.5,209.72000122070312,210.36000061035156,177.2333984375,96224500.0
2015-11-05,210.42999267578125,210.97999572753906,209.08999633789062,210.14999389648438,177.0564422607422,78408700.0
2015-11-06,209.74000549316406,210.32000732421875,208.4600067138672,210.0399932861328,176.9637908935547,110471500.0
2015-11-09,209.30999755859375,209.49000549316406,206.9499969482422,208.0800018310547,175.31243896484375,131008700.0
2015-11-10,207.50999450683594,208.60000610351562,207.19000244140625,208.55999755859375,175.71685791015625,75874600.0
2015-11-11,208.8800048828125,208.94000244140625,207.66000366210938,207.74000549316406,175.02598571777344,67846000.0
2015-11-12,206.5,207.05999755859375,204.82000732421875,204.83999633789062,172.58265686035156,121315200.0
2015-11-13,204.35000610351562,204.6699981689453,202.44000244140625,202.5399932861328,170.64483642578125,153577100.0
2015-11-16,202.32000732421875,205.69000244140625,202.17999267578125,205.6199951171875,173.2398223876953,117645200.0
2015-11-17,205.99000549316406,207.0399932861328,204.8800048828125,205.47000122070312,173.11346435546875,121123700.0
2015-11-18,206.0399932861328,208.89999389648438,205.99000549316406,208.72999572753906,175.8600311279297,121342500.0
2015-11-19,208.58999633789062,209.0500030517578,208.1999969482422,208.5500030517578,175.70843505859375,88220500.0
2015-11-20,209.4499969482422,210.1199951171875,208.86000061035156,209.30999755859375,176.3487548828125,94011500.0
2015-11-23,209.3800048828125,209.97999572753906,208.52000427246094,209.07000732421875,176.14651489257812,64931200.0
2015-11-24,207.8699951171875,209.8300018310547,207.41000366210938,209.35000610351562,176.3824462890625,98874400.0
2015-11-25,209.5,209.74000549316406,209.00999450683594,209.32000732421875,176.35716247558594,51980100.0
2015-11-27,209.42999267578125,209.8000030517578,208.86000061035156,209.55999755859375,176.55935668945312,37317800.0
2015-11-30,209.75,209.88999938964844,208.55999755859375,208.69000244140625,175.82635498046875,112822700.0
2015-12-01,209.44000244140625,210.82000732421875,209.11000061035156,210.67999267578125,177.5030059814453,97858400.0
2015-12-02,210.6199951171875,211.0,208.22999572753906,208.52999877929688,175.6915740966797,108441300.0
2015-12-03,208.8300018310547,209.14999389648438,204.75,205.61000061035156,173.23143005371094,166224200.0
2015-12-04,205.61000061035156,209.97000122070312,205.61000061035156,209.6199951171875,176.6099395751953,192913900.0
2015-12-07,209.22999572753906,209.72999572753906,207.1999969482422,208.35000610351562,175.5399169921875,102027100.0
2015-12-08,206.49000549316406,208.2899932861328,205.77999877929688,206.9499969482422,174.3603973388672,103372400.0
2015-12-09,206.19000244140625,208.67999267578125,204.17999267578125,205.33999633789062,173.00384521484375,162401500.0
2015-12-10,205.4199981689453,207.42999267578125,205.13999938964844,205.8699951171875,173.45046997070312,116128900.0
2015-12-11,203.35000610351562,204.13999938964844,201.50999450683594,201.8800048828125,170.0887451171875,211173300.0
2015-12-14,202.07000732421875,203.0500030517578,199.9499969482422,202.89999389648438,170.94815063476562,182385200.0
2015-12-15,204.6999969482422,206.11000061035156,202.8699951171875,205.02999877929688,172.74273681640625,154069600.0
2015-12-16,206.3699951171875,208.38999938964844,204.8000030517578,208.02999877929688,175.27027893066406,197017000.0
2015-12-17,208.39999389648438,208.47999572753906,204.83999633789062,204.86000061035156,172.59951782226562,173092500.0
2015-12-18,202.77000427246094,202.92999267578125,199.8300018310547,200.02000427246094,169.52462768554688,251393500.0
2015-12-21,201.41000366210938,201.8800048828125,200.08999633789062,201.6699981689453,170.92306518554688,99094300.0
2015-12-22,202.72000122070312,203.85000610351562,201.5500030517578,203.5,172.4740447998047,111026200.0
2015-12-23,204.69000244140625,206.07000732421875,204.5800018310547,206.02000427246094,174.60984802246094,110987200.0
2015-12-24,205.72000122070312,206.3300018310547,205.4199981689453,205.67999267578125,174.32168579101562,48539600.0
2015-12-28,204.86000061035156,205.25999450683594,203.94000244140625,205.2100067138672,173.92337036132812,65899900.0
2015-12-29,206.50999450683594,207.7899932861328,206.47000122070312,207.39999389648438,175.7794647216797,92640700.0
2015-12-30,207.11000061035156,207.2100067138672,205.75999450683594,205.92999267578125,174.53363037109375,63317700.0
2015-12-31,205.1300048828125,205.88999938964844,203.8699951171875,203.8699951171875,172.78765869140625,114877900.0
2016-01-04,200.49000549316406,201.02999877929688,198.58999633789062,201.02000427246094,170.37217712402344,222353500.0
2016-01-05,201.39999389648438,201.89999389648438,200.0500030517578,201.36000061035156,170.66030883789062,110845800.0
2016-01-06,198.33999633789062,200.05999755859375,197.60000610351562,198.82000732421875,168.50758361816406,152112600.0
2016-01-07,195.3300018310547,197.44000244140625,193.58999633789062,194.0500030517578,164.46482849121094,213436100.0
2016-01-08,195.19000244140625,195.85000610351562,191.5800018310547,191.9199981689453,162.65951538085938,209817200.0
2016-01-11,193.00999450683594,193.41000366210938,189.82000732421875,192.11000061035156,162.82054138183594,187941300.0
2016-01-12,193.82000732421875,194.5500030517578,191.13999938964844,193.66000366210938,164.13433837890625,172330500.0
2016-01-13,194.4499969482422,194.86000061035156,188.3800048828125,188.8300018310547,160.04066467285156,221168900.0
2016-01-14,189.5500030517578,193.25999450683594,187.66000366210938,191.92999267578125,162.66802978515625,240795600.0
2016-01-15,186.77000427246094,188.75999450683594,185.52000427246094,187.80999755859375,159.17616271972656,324846400.0
2016-01-19,189.9600067138672,190.11000061035156,186.1999969482422,188.05999755859375,159.38804626464844,195244400.0
2016-01-20,185.02999877929688,187.5,181.02000427246094,185.64999389648438,157.345458984375,286547800.0
2016-01-21,186.2100067138672,188.8699951171875,184.63999938964844,186.69000244140625,158.22695922851562,195772900.0
2016-01-22,189.77999877929688,190.75999450683594,188.8800048828125,190.52000427246094,161.47305297851562,168319600.0
2016-01-25,189.9199981689453,190.14999389648438,187.41000366210938,187.63999938964844,159.03207397460938,130371700.0
2016-01-26,188.4199981689453,190.52999877929688,188.02000427246094,190.1999969482422,161.20179748535156,141036800.0
2016-01-27,189.5800018310547,191.55999755859375,187.05999755859375,188.1300048828125,159.4473876953125,185681700.0
2016-01-28,189.9600067138672,190.1999969482422,187.16000366210938,189.11000061035156,160.2779998779297,143798800.0
2016-01-29,190.02000427246094,193.8800048828125,189.8800048828125,193.72000122070312,164.18515014648438,210529300.0
2016-02-01,192.52999877929688,194.5800018310547,191.83999633789062,193.64999389648438,164.12582397460938,136061600.0
2016-02-02,191.9600067138672,191.97000122070312,189.5399932861328,190.16000366210938,161.16786193847656,182564900.0
2016-02-03,191.41000366210938,191.77999877929688,187.10000610351562,191.3000030517578,162.13414001464844,205054900.0
2016-02-04,190.7100067138672,192.75,189.9600067138672,191.60000610351562,162.3883819580078,139531800.0
2016-02-05,190.99000549316406,191.6699981689453,187.1999969482422,187.9499969482422,159.29486083984375,180788300.0
2016-02-08,185.77000427246094,186.1199951171875,182.8000030517578,185.4199981689453,157.1505889892578,191526700.0
2016-02-09,183.36000061035156,186.94000244140625,183.1999969482422,185.42999267578125,157.1590576171875,184513100.0
2016-02-10,186.41000366210938,188.33999633789062,185.1199951171875,185.27000427246094,157.0234375,148214100.0
2016-02-11,182.33999633789062,184.10000610351562,181.08999633789062,182.86000061035156,154.98086547851562,219058900.0
2016-02-12,184.9600067138672,186.64999389648438,183.9600067138672,186.6300048828125,158.17608642578125,127632400.0
2016-02-16,188.77000427246094,189.80999755859375,187.6300048828125,189.77999877929688,160.84584045410156,120250700.0
2016-02-17,191.16000366210938,193.32000732421875,191.00999450683594,192.8800048828125,163.47323608398438,136009500.0
2016-02-18,193.1999969482422,193.27000427246094,191.72000122070312,192.08999633789062,162.8036651611328,102343000.0
2016-02-19,191.1699981689453,192.17999267578125,190.4499969482422,192.0,162.72735595703125,114793000.0
2016-02-22,193.8699951171875,194.9499969482422,193.7899932861328,194.77999877929688,165.08351135253906,103640300.0
2016-02-23,194.0,194.32000732421875,192.17999267578125,192.32000732421875,162.9986114501953,111455300.0
2016-02-24,190.6300048828125,193.52999877929688,189.32000732421875,193.1999969482422,163.74441528320312,150812200.0
2016-02-25,193.72999572753906,195.5500030517578,192.8300018310547,195.5399932861328,165.72764587402344,110728300.0
2016-02-26,196.57000732421875,196.67999267578125,194.89999389648438,195.08999633789062,165.34625244140625,129833700.0
2016-02-29,195.11000061035156,196.22999572753906,193.3300018310547,193.55999755859375,164.0495147705078,125918100.0
2016-03-01,195.00999450683594,198.2100067138672,194.4499969482422,198.11000061035156,167.9058837890625,141799700.0
2016-03-02,197.74000549316406,199.05999755859375,197.25,199.0,168.66015625,102415000.0
2016-03-03,198.7899932861328,199.8000030517578,198.11000061035156,199.77999877929688,169.32119750976562,95172200.0
2016-03-04,200.00999450683594,201.35000610351562,199.02999877929688,200.42999267578125,169.87213134765625,129293600.0
2016-03-07,199.33999633789062,201.07000732421875,199.25,200.58999633789062,170.00772094726562,100219000.0
2016-03-08,199.32000732421875,199.9199981689453,198.2100067138672,198.39999389648438,168.15159606933594,123974900.0
2016-03-09,199.36000061035156,199.7899932861328,198.42999267578125,199.3800048828125,168.9822540283203,94801200.0
2016-03-10,199.9600067138672,201.07000732421875,197.3800048828125,199.5399932861328,169.11781311035156,156838700.0
2016-03-11,201.25999450683594,202.80999755859375,199.52000427246094,202.75999450683594,171.84683227539062,137964500.0
2016-03-14,202.16000366210938,203.0399932861328,201.77000427246094,202.5,171.62655639648438,73612000.0
2016-03-15,201.36000061035156,202.52999877929688,201.0500030517578,202.1699981689453,171.34683227539062,93169100.0
2016-03-16,201.60000610351562,203.82000732421875,201.5500030517578,203.33999633789062,172.33847045898438,129303200.0
2016-03-17,203.24000549316406,205.22999572753906,202.77000427246094,204.6300048828125,173.43173217773438,134278500.0
2016-03-18,204.1699981689453,204.77999877929688,203.8000030517578,204.3800048828125,174.11337280273438,138372400.0
2016-03-21,204.07000732421875,204.94000244140625,203.8000030517578,204.6699981689453,174.3603515625,72926700.0
2016-03-22,203.75999450683594,205.22999572753906,203.57000732421875,204.55999755859375,174.2666778564453,97471900.0
2016-03-23,204.11000061035156,204.3300018310547,203.00999450683594,203.2100067138672,173.11656188964844,81052500.0
2016-03-24,202.0,203.16000366210938,201.74000549316406,203.1199951171875,173.03990173339844,84360900.0
2016-03-28,203.61000061035156,203.86000061035156,202.7100067138672,203.24000549316406,173.14215087890625,62408200.0
2016-03-29,202.75999450683594,205.25,202.39999389648438,205.1199951171875,174.7436981201172,92922900.0
2016-03-30,206.3000030517578,206.8699951171875,205.58999633789062,206.02000427246094,175.5104217529297,86365300.0
2016-03-31,205.91000366210938,206.41000366210938,205.3300018310547,205.52000427246094,175.08450317382812,94584100.0
2016-04-01,204.35000610351562,207.13999938964844,203.97999572753906,206.9199981689453,176.2771453857422,114423500.0
2016-04-04,206.8300018310547,207.07000732421875,205.88999938964844,206.25,175.70639038085938,63497000.0
2016-04-05,204.6699981689453,206.25999450683594,203.88999938964844,204.19000244140625,173.951416015625,99662200.0
2016-04-06,204.19000244140625,206.49000549316406,203.97999572753906,206.4199981689453,175.8511505126953,91839800.0
2016-04-07,205.13999938964844,205.55999755859375,203.08999633789062,203.9499969482422,173.7469940185547,113859000.0
2016-04-08,205.33999633789062,205.85000610351562,203.8699951171875,204.5,174.21551513671875,95040600.0
2016-04-11,205.25,206.07000732421875,203.91000366210938,204.02000427246094,173.80667114257812,83757500.0
2016-04-12,204.22000122070312,206.25,203.6999969482422,205.9199981689453,175.42527770996094,115350600.0
2016-04-13,207.0,208.10000610351562,206.83999633789062,208.0,177.19717407226562,96336400.0
2016-04-14,208.07000732421875,208.60000610351562,207.60000610351562,208.00999450683594,177.20574951171875,65212900.0
2016-04-15,208.00999450683594,208.1699981689453,207.39999389648438,207.77999877929688,177.00975036621094,75761600.0
2016-04-18,207.77999877929688,209.27999877929688,207.0,209.24000549316406,178.2536163330078,82531000.0
2016-04-19,209.74000549316406,210.1999969482422,208.94000244140625,209.89999389648438,178.8158721923828,88316100.0
2016-04-20,209.9499969482422,210.9199981689453,209.38999938964844,210.10000610351562,178.9862518310547,81100300.0
2016-04-21,210.1199951171875,210.25,208.64999389648438,208.97000122070312,178.0235595703125,85695000.0
2016-04-22,208.5500030517578,209.2899932861328,207.91000366210938,208.97000122070312,178.0235595703125,99251700.0
2016-04-25,208.25999450683594,208.66000366210938,207.5399932861328,208.61000061035156,177.71688842773438,66166500.0
2016-04-26,209.0399932861328,209.52000427246094,208.36000061035156,208.9199981689453,177.9810028076172,75864200.0
2016-04-27,208.47000122070312,209.80999755859375,208.0500030517578,209.35000610351562,178.34730529785156,77329400.0
2016-04-28,208.4600067138672,209.75999450683594,206.9600067138672,207.4499969482422,176.72866821289062,97216200.0
2016-04-29,206.72000122070312,207.1300048828125,205.02999877929688,206.3300018310547,175.7745361328125,142424100.0
2016-05-02,206.9199981689453,208.17999267578125,206.41000366210938,207.97000122070312,177.17172241210938,62188000.0
2016-05-03,206.52000427246094,206.8000030517578,205.27999877929688,206.16000366210938,175.6297149658203,106422100.0
2016-05-04,204.99000549316406,205.85000610351562,204.4199981689453,205.00999450683594,174.64999389648438,92243800.0
2016-05-05,205.55999755859375,205.97999572753906,204.47000122070312,204.97000122070312,174.6158905029297,67619200.0
2016-05-06,204.05999755859375,205.77000427246094,203.8800048828125,205.72000122070312,175.25486755371094,89315000.0
2016-05-09,205.57000732421875,206.39999389648438,205.36000061035156,205.88999938964844,175.39967346191406,74374900.0
2016-05-10,206.72000122070312,208.47000122070312,206.63999938964844,208.4499969482422,177.58058166503906,77472200.0
2016-05-11,207.91000366210938,208.5399932861328,206.5,206.5,175.9193878173828,81727000.0
2016-05-12,207.2899932861328,207.49000549316406,205.3699951171875,206.55999755859375,175.9705047607422,89586300.0
2016-05-13,206.2100067138672,206.86000061035156,204.3800048828125,204.75999450683594,174.43707275390625,96474600.0
2016-05-16,204.9600067138672,207.33999633789062,204.88999938964844,206.77999877929688,176.1579132080078,77486800.0
2016-05-17,206.4600067138672,206.8000030517578,204.22999572753906,204.85000610351562,174.51368713378906,114924900.0
2016-05-18,204.44000244140625,206.3000030517578,203.6300048828125,204.91000366210938,174.56480407714844,120062100.0
2016-05-19,204.05999755859375,204.5399932861328,202.77999877929688,204.1999969482422,173.95994567871094,115430500.0
2016-05-20,204.9199981689453,206.10000610351562,204.86000061035156,205.49000549316406,175.0589599609375,104990400.0
2016-05-23,205.50999450683594,205.83999633789062,204.99000549316406,205.2100067138672,174.82041931152344,58682600.0
2016-05-24,206.1699981689453,208.24000549316406,206.13999938964844,207.8699951171875,177.0864715576172,93537800.0
2016-05-25,208.6699981689453,209.77000427246094,207.8699951171875,209.27999877929688,178.2877197265625,76621400.0
2016-05-26,209.44000244140625,209.7100067138672,208.97000122070312,209.33999633789062,178.3387908935547,55280700.0
2016-05-27,209.52999877929688,210.25,209.47000122070312,210.24000549316406,179.1055450439453,64211200.0
2016-05-31,210.55999755859375,210.69000244140625,209.17999267578125,209.83999633789062,178.76473999023438,109879400.0
2016-06-01,209.1199951171875,210.47999572753906,208.88999938964844,210.27000427246094,179.131103515625,69936200.0
2016-06-02,209.8000030517578,210.92999267578125,209.24000549316406,210.91000366210938,179.67626953125,63044700.0
2016-06-03,210.25,210.69000244140625,208.86000061035156,210.27999877929688,179.13961791992188,101757100.0
2016-06-06,210.6999969482422,211.77000427246094,210.50999450683594,211.35000610351562,180.0511016845703,64887000.0
2016-06-07,211.52999877929688,212.33999633789062,211.5,211.67999267578125,180.33226013183594,60974800.0
2016-06-08,211.83999633789062,212.52000427246094,211.69000244140625,212.3699951171875,180.9200439453125,66170900.0
2016-06-09,211.50999450683594,212.22000122070312,211.19000244140625,212.0800018310547,180.6729736328125,73786900.0
2016-06-10,210.4600067138672,210.86000061035156,209.42999267578125,210.07000732421875,178.96063232421875,113829200.0
2016-06-13,209.36000061035156,210.3699951171875,208.35000610351562,208.4499969482422,177.58058166503906,117751200.0
2016-06-14,208.0,208.74000549316406,206.9199981689453,208.0399932861328,177.23126220703125,125059300.0
2016-06-15,208.0399932861328,209.36000061035156,207.52999877929688,207.75,176.9842529296875,109124500.0
2016-06-16,207.75,208.57000732421875,205.58999633789062,208.3699951171875,177.51239013671875,149533100.0
2016-06-17,207.1699981689453,207.1999969482422,205.75,206.52000427246094,176.851318359375,117055700.0
2016-06-20,208.82000732421875,209.61000061035156,207.75,207.85000610351562,177.9902801513672,82789600.0
2016-06-21,208.3000030517578,208.9199981689453,207.77999877929688,208.44000244140625,178.4955291748047,72461700.0
2016-06-22,208.64999389648438,209.5,207.92999267578125,208.10000610351562,178.204345703125,95560500.0
2016-06-23,209.80999755859375,210.8699951171875,209.27000427246094,210.80999755859375,180.52503967285156,102731400.0
2016-06-24,203.6300048828125,210.85000610351562,202.72000122070312,203.24000549316406,174.04249572753906,333444400.0
2016-06-27,201.58999633789062,201.60000610351562,198.64999389648438,199.60000610351562,170.9254913330078,230775800.0
2016-06-28,201.47999572753906,203.22999572753906,201.1199951171875,203.1999969482422,174.00828552246094,159382400.0
2016-06-29,204.83999633789062,206.92999267578125,204.72000122070312,206.66000366210938,176.9712677001953,137328600.0
2016-06-30,207.2100067138672,209.5399932861328,206.55999755859375,209.47999572753906,179.38609313964844,165021900.0
2016-07-01,209.47999572753906,210.49000549316406,209.2899932861328,209.9199981689453,179.76290893554688,106055300.0
2016-07-05,208.9499969482422,209.0800018310547,207.7100067138672,208.41000366210938,178.46981811523438,109803700.0
2016-07-06,207.8300018310547,209.8000030517578,207.05999755859375,209.66000366210938,179.5402374267578,96021500.0
2016-07-07,209.8699951171875,210.64999389648438,208.6300048828125,209.52999877929688,179.428955078125,85593800.0
2016-07-08,211.0500030517578,212.94000244140625,210.77999877929688,212.64999389648438,182.10067749023438,133971000.0
2016-07-11,213.19000244140625,214.07000732421875,212.9499969482422,213.39999389648438,182.74293518066406,73633900.0
2016-07-12,214.52999877929688,215.3000030517578,213.42999267578125,214.9499969482422,184.0703125,101275600.0
2016-07-13,215.44000244140625,215.4499969482422,214.35000610351562,214.9199981689453,184.04457092285156,87324100.0
2016-07-14,216.39999389648438,216.6699981689453,215.66000366210938,216.1199951171875,185.07217407226562,91230900.0
2016-07-15,216.77999877929688,217.00999450683594,215.30999755859375,215.8300018310547,184.8238525390625,107155400.0
2016-07-18,215.97000122070312,216.60000610351562,215.6699981689453,216.41000366210938,185.320556640625,58725900.0
2016-07-19,215.9199981689453,216.22999572753906,215.6300048828125,216.19000244140625,185.13217163085938,54345700.0
2016-07-20,216.19000244140625,217.3699951171875,216.19000244140625,217.08999633789062,185.90284729003906,58159500.0
2016-07-21,216.9600067138672,217.22000122070312,215.75,216.27000427246094,185.20065307617188,67777300.0
2016-07-22,216.41000366210938,217.3000030517578,216.10000610351562,217.24000549316406,186.03134155273438,62787500.0
2016-07-25,217.0,217.05999755859375,215.97000122070312,216.64999389648438,185.52603149414062,55873100.0
2016-07-26,216.52999877929688,217.1699981689453,215.75999450683594,216.75,185.61166381835938,70080500.0
2016-07-27,217.19000244140625,217.27000427246094,215.6199951171875,216.52000427246094,185.41476440429688,84083900.0
2016-07-28,216.2899932861328,217.11000061035156,215.75,216.77000427246094,185.62889099121094,65035700.0
2016-07-29,216.4600067138672,217.5399932861328,216.1300048828125,217.1199951171875,185.92852783203125,79519400.0
2016-08-01,217.19000244140625,217.64999389648438,216.41000366210938,216.94000244140625,185.77439880371094,73311400.0
2016-08-02,216.64999389648438,216.8300018310547,214.57000732421875,215.5500030517578,184.58409118652344,92295500.0
2016-08-03,215.47999572753906,216.25,215.1300048828125,216.17999267578125,185.12364196777344,53993600.0
2016-08-04,216.30999755859375,216.77999877929688,214.25,216.41000366210938,185.320556640625,46585500.0
2016-08-05,216.41000366210938,218.22999572753906,216.41000366210938,218.17999267578125,186.8362579345703,71892200.0
2016-08-08,218.39999389648438,218.52000427246094,217.74000549316406,218.0500030517578,186.72494506835938,39906500.0
2016-08-09,218.1300048828125,218.75999450683594,217.8000030517578,218.17999267578125,186.8362579345703,51251700.0
2016-08-10,218.30999755859375,218.39999389648438,217.22999572753906,217.63999938964844,186.3738250732422,57941100.0
2016-08-11,218.25999450683594,218.94000244140625,217.9499969482422,218.64999389648438,187.2387237548828,72504300.0
2016-08-12,218.2899932861328,218.7100067138672,217.99000549316406,218.4600067138672,187.07603454589844,61313500.0
2016-08-15,218.88999938964844,219.5,218.8800048828125,219.08999633789062,187.61550903320312,49813500.0
2016-08-16,218.60000610351562,218.67999267578125,217.9600067138672,217.9600067138672,186.64791870117188,53213600.0
2016-08-17,218.0,218.52999877929688,217.02000427246094,218.3699951171875,186.99893188476562,75134300.0
2016-08-18,218.33999633789062,218.89999389648438,218.2100067138672,218.86000061035156,187.41851806640625,52989300.0
2016-08-19,218.30999755859375,218.75,217.74000549316406,218.5399932861328,187.14453125,75443000.0
2016-08-22,218.25999450683594,218.8000030517578,217.8300018310547,218.52999877929688,187.13595581054688,61368800.0
2016-08-23,219.25,219.60000610351562,218.89999389648438,218.97000122070312,187.5127716064453,53399200.0
2016-08-24,218.8000030517578,218.91000366210938,217.36000061035156,217.85000610351562,186.55368041992188,71728900.0
2016-08-25,217.39999389648438,218.19000244140625,217.22000122070312,217.6999969482422,186.4251708984375,69224800.0
2016-08-26,217.9199981689453,219.1199951171875,216.25,217.2899932861328,186.07415771484375,122506300.0
2016-08-29,217.44000244140625,218.6699981689453,217.39999389648438,218.36000061035156,186.99037170410156,70502200.0
2016-08-30,218.25999450683594,218.58999633789062,217.35000610351562,218.0,186.68211364746094,58114500.0
2016-08-31,217.61000061035156,217.75,216.47000122070312,217.3800048828125,186.15122985839844,85269500.0
2016-09-01,217.3699951171875,217.72999572753906,216.02999877929688,217.38999938964844,186.15977478027344,97844200.0
2016-09-02,218.38999938964844,218.8699951171875,217.6999969482422,218.3699951171875,186.99893188476562,79293900.0
2016-09-06,218.6999969482422,219.1199951171875,217.86000061035156,219.02999877929688,187.5641632080078,56702100.0
2016-09-07,218.83999633789062,219.22000122070312,218.3000030517578,219.00999450683594,187.5470428466797,76554900.0
2016-09-08,218.6199951171875,218.94000244140625,218.14999389648438,218.50999450683594,187.118896484375,74102900.0
2016-09-09,216.97000122070312,217.02999877929688,213.25,213.27999877929688,182.6402130126953,221589100.0
2016-09-12,212.38999938964844,216.80999755859375,212.30999755859375,216.33999633789062,185.26055908203125,168110900.0
2016-09-13,214.83999633789062,215.14999389648438,212.5,213.22999572753906,182.59739685058594,182828800.0
2016-09-14,213.2899932861328,214.6999969482422,212.5,213.14999389648438,182.52883911132812,134185500.0
2016-09-15,212.9600067138672,215.72999572753906,212.75,215.27999877929688,184.3529052734375,134427900.0
2016-09-16,213.47999572753906,213.69000244140625,212.57000732421875,213.3699951171875,183.64022827148438,155236400.0
2016-09-19,214.1300048828125,214.8800048828125,213.02999877929688,213.41000366210938,183.67462158203125,80250500.0
2016-09-20,214.41000366210938,214.58999633789062,213.3800048828125,213.4199981689453,183.68324279785156,69665300.0
2016-09-21,214.24000549316406,216.02999877929688,213.44000244140625,215.82000732421875,185.74888610839844,110284400.0
2016-09-22,217.0,217.52999877929688,216.7100067138672,217.17999267578125,186.9193572998047,76678700.0
2016-09-23,216.72000122070312,216.8800048828125,215.8800048828125,215.99000549316406,185.89520263671875,73630900.0
2016-09-26,215.02000427246094,215.22999572753906,214.00999450683594,214.24000549316406,184.38900756835938,89827300.0
2016-09-27,214.0500030517578,215.67999267578125,213.6199951171875,215.57000732421875,185.5337371826172,78494800.0
2016-09-28,215.8300018310547,216.82000732421875,214.7100067138672,216.63999938964844,186.45462036132812,87411000.0
2016-09-29,216.39999389648438,216.8699951171875,214.0399932861328,214.67999267578125,184.76773071289062,128070600.0
2016-09-30,215.64999389648438,217.1199951171875,215.36000061035156,216.3000030517578,186.1619873046875,117202900.0
2016-10-03,215.82000732421875,216.0399932861328,215.0399932861328,215.77999877929688,185.71446228027344,83512100.0
2016-10-04,215.91000366210938,216.1699981689453,213.99000549316406,214.67999267578125,184.76773071289062,119948100.0
2016-10-05,215.41000366210938,216.1300048828125,215.3300018310547,215.6300048828125,185.58538818359375,72816000.0
2016-10-06,215.3699951171875,216.0399932861328,214.74000549316406,215.77999877929688,185.71446228027344,62927400.0
2016-10-07,216.10000610351562,216.3000030517578,214.19000244140625,215.0399932861328,185.07757568359375,89788300.0
2016-10-10,216.16000366210938,216.6999969482422,215.99000549316406,216.16000366210938,186.04153442382812,51855000.0
2016-10-11,215.66000366210938,215.74000549316406,212.5800018310547,213.42999267578125,183.69186401367188,130367400.0
2016-10-12,213.58999633789062,214.32000732421875,213.00999450683594,213.7100067138672,183.932861328125,73866100.0
2016-10-13,212.16000366210938,213.58999633789062,211.2100067138672,213.00999450683594,183.3303680419922,101357000.0
2016-10-14,214.14999389648438,214.69000244140625,213.02999877929688,213.1199951171875,183.425048828125,93346200.0
2016-10-17,213.08999633789062,213.38999938964844,212.1699981689453,212.3800048828125,182.78814697265625,58275700.0
2016-10-18,214.24000549316406,214.30999755859375,213.27000427246094,213.7100067138672,183.932861328125,76869700.0
2016-10-19,214.02000427246094,214.63999938964844,213.60000610351562,214.27999877929688,184.4234619140625,66519200.0
2016-10-20,213.8699951171875,214.52999877929688,213.11000061035156,213.8800048828125,184.0791473388672,73639800.0
2016-10-21,213.8800048828125,214.0800018310547,212.75999450683594,213.97999572753906,184.16526794433594,89089100.0
2016-10-24,215.0,215.32000732421875,214.47999572753906,214.88999938964844,184.9484405517578,60146600.0
2016-10-25,214.67999267578125,214.97999572753906,213.97999572753906,214.1699981689453,184.32872009277344,66542300.0
2016-10-26,213.2100067138672,214.4199981689453,212.92999267578125,213.74000549316406,183.95872497558594,75705500.0
2016-10-27,214.5800018310547,214.6199951171875,213.0800018310547,213.1699981689453,183.4681396484375,77220200.0
2016-10-28,213.13999938964844,213.92999267578125,211.7100067138672,212.5399932861328,182.92588806152344,140623200.0
2016-10-31,212.92999267578125,213.19000244140625,212.36000061035156,212.5500030517578,182.93450927734375,61272500.0
2016-11-01,212.92999267578125,212.99000549316406,209.60000610351562,211.00999450683594,181.6090545654297,122781800.0
2016-11-02,210.64999389648438,211.10000610351562,209.22999572753906,209.74000549316406,180.51600646972656,103330800.0
2016-11-03,209.99000549316406,210.24000549316406,208.4600067138672,208.77999877929688,179.68983459472656,88939300.0
2016-11-04,208.91000366210938,209.88999938964844,208.3800048828125,208.5500030517578,179.49180603027344,109122100.0
2016-11-07,208.5500030517578,213.19000244140625,208.5500030517578,213.14999389648438,183.4508514404297,109794900.0
2016-11-08,212.69000244140625,214.77000427246094,212.3800048828125,214.11000061035156,184.27716064453125,106772100.0
2016-11-09,212.3699951171875,217.10000610351562,212.33999633789062,216.3800048828125,186.23085021972656,258429000.0
2016-11-10,217.3000030517578,218.30999755859375,215.22000122070312,216.9199981689453,186.6956329345703,172113300.0
2016-11-11,216.0800018310547,216.6999969482422,215.32000732421875,216.4199981689453,186.26522827148438,100552700.0
2016-11-14,217.02999877929688,217.27000427246094,215.72000122070312,216.58999633789062,186.4115447998047,94580000.0
2016-11-15,217.0399932861328,218.27999877929688,216.8000030517578,218.27999877929688,187.86611938476562,91652600.0
2016-11-16,217.55999755859375,218.13999938964844,217.4199981689453,217.8699951171875,187.5132293701172,65617700.0
2016-11-17,218.0500030517578,219.05999755859375,217.9199981689453,218.99000549316406,188.47718811035156,69797200.0
2016-11-18,219.07000732421875,219.27000427246094,218.2899932861328,218.5,188.0554656982422,86265800.0
2016-11-21,219.1699981689453,220.17999267578125,219.0,220.14999389648438,189.47552490234375,72402600.0
2016-11-22,220.50999450683594,220.7899932861328,219.72999572753906,220.5800018310547,189.84564208984375,67429000.0
2016-11-23,219.97999572753906,220.75999450683594,219.75,220.6999969482422,189.94888305664062,56620200.0
2016-11-25,221.10000610351562,221.55999755859375,221.00999450683594,221.52000427246094,190.65467834472656,37872300.0
2016-11-28,221.16000366210938,221.47999572753906,220.36000061035156,220.47999572753906,189.75958251953125,76572500.0
2016-11-29,220.52000427246094,221.44000244140625,220.1699981689453,220.91000366210938,190.1296844482422,69886700.0
2016-11-30,221.6300048828125,221.82000732421875,220.30999755859375,220.3800048828125,189.67349243164062,113291800.0
2016-12-01,220.72999572753906,220.72999572753906,219.14999389648438,219.57000732421875,188.97640991210938,79040500.0
2016-12-02,219.6699981689453,220.25,219.25999450683594,219.67999267578125,189.0709991455078,74840300.0
2016-12-05,220.64999389648438,221.39999389648438,220.4199981689453,221.0,190.20712280273438,67837800.0
2016-12-06,221.22000122070312,221.74000549316406,220.66000366210938,221.6999969482422,190.80958557128906,59877400.0
2016-12-07,221.52000427246094,224.6699981689453,221.3800048828125,224.60000610351562,193.30555725097656,110738100.0
2016-12-08,224.57000732421875,225.6999969482422,224.25999450683594,225.14999389648438,193.77886962890625,99714400.0
2016-12-09,225.41000366210938,226.52999877929688,225.3699951171875,226.50999450683594,194.94937133789062,88005800.0
2016-12-12,226.39999389648438,226.9600067138672,225.75999450683594,226.25,194.72561645507812,102016100.0
2016-12-13,227.02000427246094,228.33999633789062,227.0,227.75999450683594,196.02525329589844,110477500.0
2016-12-14,227.41000366210938,228.22999572753906,225.3699951171875,225.8800048828125,194.4071807861328,142501800.0
2016-12-15,226.16000366210938,227.80999755859375,225.88999938964844,226.80999755859375,195.20765686035156,124972600.0
2016-12-16,226.00999450683594,226.0800018310547,224.6699981689453,225.0399932861328,194.8258056640625,156420200.0
2016-12-19,225.25,226.02000427246094,225.0800018310547,225.52999877929688,195.25003051757812,90341100.0
2016-12-20,226.14999389648438,226.57000732421875,225.8800048828125,226.39999389648438,196.00318908691406,89838800.0
2016-12-21,226.25,226.4499969482422,225.77000427246094,225.77000427246094,195.4578094482422,67909000.0
2016-12-22,225.60000610351562,225.74000549316406,224.9199981689453,225.3800048828125,195.1201629638672,56219100.0
2016-12-23,225.42999267578125,225.72000122070312,225.2100067138672,225.7100067138672,195.4058380126953,36697800.0
2016-12-27,226.02000427246094,226.72999572753906,226.0,226.27000427246094,195.89065551757812,42672500.0
2016-12-28,226.57000732421875,226.58999633789062,224.27000427246094,224.39999389648438,194.27171325683594,64095000.0
2016-12-29,224.47999572753906,224.88999938964844,223.83999633789062,224.35000610351562,194.22845458984375,48696100.0
2016-12-30,224.72999572753906,224.8300018310547,222.72999572753906,223.52999877929688,193.51853942871094,108998300.0
2017-01-03,225.0399932861328,225.8300018310547,223.8800048828125,225.24000549316406,194.99899291992188,91366500.0
2017-01-04,225.6199951171875,226.75,225.61000061035156,226.5800018310547,196.15902709960938,78744400.0
2017-01-05,226.27000427246094,226.5800018310547,225.47999572753906,226.39999389648438,196.00318908691406,78379000.0
2017-01-06,226.52999877929688,227.75,225.89999389648438,227.2100067138672,196.7044677734375,71559900.0
2017-01-09,226.91000366210938,227.07000732421875,226.4199981689453,226.4600067138672,196.05516052246094,46939700.0
2017-01-10,226.47999572753906,227.4499969482422,226.00999450683594,226.4600067138672,196.05516052246094,63771900.0
2017-01-11,226.36000061035156,227.10000610351562,225.58999633789062,227.10000610351562,196.60926818847656,74650000.0
2017-01-12,226.5,226.75,224.9600067138672,226.52999877929688,196.11570739746094,72113200.0
2017-01-13,226.72999572753906,227.39999389648438,226.69000244140625,227.0500030517578,196.56590270996094,62717900.0
2017-01-17,226.30999755859375,226.77999877929688,225.8000030517578,226.25,195.87330627441406,61240800.0
2017-01-18,226.5399932861328,226.8000030517578,225.89999389648438,226.75,196.3062286376953,54793300.0
2017-01-19,226.83999633789062,227.0,225.41000366210938,225.91000366210938,195.57896423339844,66608800.0
2017-01-20,226.6999969482422,227.30999755859375,225.97000122070312,226.74000549316406,196.29759216308594,129168600.0
2017-01-23,226.74000549316406,226.80999755859375,225.27000427246094,226.14999389648438,195.78675842285156,75061600.0
2017-01-24,226.39999389648438,228.0800018310547,226.27000427246094,227.60000610351562,197.0421142578125,95555300.0
2017-01-25,228.6999969482422,229.57000732421875,228.50999450683594,229.57000732421875,198.7476043701172,84437700.0
2017-01-26,229.39999389648438,229.7100067138672,229.00999450683594,229.3300018310547,198.539794921875,59970700.0
2017-01-27,229.4199981689453,229.58999633789062,228.75999450683594,228.97000122070312,198.22813415527344,59711100.0
2017-01-30,228.1699981689453,228.1999969482422,226.41000366210938,227.5500030517578,196.998779296875,79737300.0
2017-01-31,226.97999572753906,227.60000610351562,226.32000732421875,227.52999877929688,196.98153686523438,75880800.0
2017-02-01,227.52999877929688,228.58999633789062,226.94000244140625,227.6199951171875,197.05943298339844,79117700.0
2017-02-02,227.6199951171875,228.10000610351562,226.82000732421875,227.77000427246094,197.1892547607422,69657600.0
2017-02-03,228.82000732421875,229.5500030517578,228.4600067138672,229.33999633789062,198.54849243164062,80563200.0
2017-02-06,228.8699951171875,229.3300018310547,228.5399932861328,228.92999267578125,198.1934814453125,57790100.0
2017-02-07,229.3800048828125,229.66000366210938,228.72000122070312,228.94000244140625,198.2021942138672,57931200.0
2017-02-08,228.94000244140625,229.38999938964844,228.30999755859375,229.24000549316406,198.46189880371094,51566200.0
2017-02-09,229.24000549316406,230.9499969482422,229.24000549316406,230.60000610351562,199.63929748535156,65955200.0
2017-02-10,231.0,231.77000427246094,230.6199951171875,231.50999450683594,200.42710876464844,66015900.0
2017-02-13,232.0800018310547,233.07000732421875,232.0500030517578,232.77000427246094,201.51795959472656,55182100.0
2017-02-14,232.55999755859375,233.7100067138672,232.16000366210938,233.6999969482422,202.3230438232422,71109000.0
2017-02-15,233.4499969482422,235.13999938964844,233.38999938964844,234.9199981689453,203.3793182373047,86785800.0
2017-02-16,234.9499969482422,235.16000366210938,233.85000610351562,234.72000122070312,203.20611572265625,84722400.0
2017-02-17,233.9499969482422,235.08999633789062,233.92999267578125,235.08999633789062,203.52645874023438,77204100.0
2017-02-21,235.52000427246094,236.69000244140625,235.50999450683594,236.49000549316406,204.7384796142578,88946100.0
2017-02-22,236.02000427246094,236.5399932861328,235.8300018310547,236.27999877929688,204.55665588378906,62115200.0
2017-02-23,236.8800048828125,236.89999389648438,235.55999755859375,236.44000244140625,204.69522094726562,74615900.0
2017-02-24,235.4600067138672,236.7899932861328,235.41000366210938,236.74000549316406,204.95494079589844,82381600.0
2017-02-27,236.63999938964844,237.30999755859375,236.35000610351562,237.11000061035156,205.27528381347656,56515400.0
2017-02-28,236.6699981689453,236.9499969482422,236.02000427246094,236.47000122070312,204.72122192382812,96961900.0
2017-03-01,238.38999938964844,240.32000732421875,238.3699951171875,239.77999877929688,207.58680725097656,149158200.0
2017-03-02,239.55999755859375,239.57000732421875,238.2100067138672,238.27000427246094,206.27952575683594,70246000.0
2017-03-03,238.1699981689453,238.61000061035156,237.72999572753906,238.4199981689453,206.4093780517578,81974300.0
2017-03-06,237.5,238.1199951171875,237.00999450683594,237.7100067138672,205.794677734375,55391500.0
2017-03-07,237.36000061035156,237.77000427246094,236.75999450683594,237.0,205.18002319335938,65103700.0
2017-03-08,237.33999633789062,237.63999938964844,236.39999389648438,236.55999755859375,204.79908752441406,78168800.0
2017-03-09,236.6999969482422,237.24000549316406,235.74000549316406,236.86000061035156,205.05886840820312,90683900.0
2017-03-10,237.97000122070312,238.02000427246094,236.58999633789062,237.69000244140625,205.77737426757812,81991700.0
2017-03-13,237.6199951171875,237.86000061035156,237.24000549316406,237.80999755859375,205.8812713623047,57256800.0
2017-03-14,237.17999267578125,237.24000549316406,236.19000244140625,236.89999389648438,205.09344482421875,59880800.0
2017-03-15,237.55999755859375,239.44000244140625,237.2899932861328,238.9499969482422,206.8682098388672,96081800.0
2017-03-16,239.11000061035156,239.1999969482422,238.10000610351562,238.47999572753906,206.46133422851562,78344000.0
2017-03-17,237.75,237.97000122070312,237.02999877929688,237.02999877929688,206.0987548828125,89002100.0
2017-03-20,237.02999877929688,237.36000061035156,236.32000732421875,236.77000427246094,205.87265014648438,52537000.0
2017-03-21,237.47000122070312,237.61000061035156,233.5800018310547,233.72999572753906,203.2293701171875,131809300.0
2017-03-22,233.77000427246094,234.61000061035156,233.0500030517578,234.27999877929688,203.70762634277344,97569200.0
2017-03-23,234.27999877929688,235.33999633789062,233.60000610351562,234.02999877929688,203.490234375,100410300.0
2017-03-24,234.3800048828125,235.0399932861328,232.9600067138672,233.86000061035156,203.34243774414062,112504900.0
2017-03-27,231.92999267578125,233.9199981689453,231.61000061035156,233.6199951171875,203.1337432861328,87454500.0
2017-03-28,233.27000427246094,235.80999755859375,233.13999938964844,235.32000732421875,204.6118621826172,93483900.0
2017-03-29,234.99000549316406,235.80999755859375,234.72999572753906,235.5399932861328,204.80316162109375,61950400.0
2017-03-30,235.47000122070312,236.52000427246094,235.27000427246094,236.2899932861328,205.45529174804688,56737900.0
2017-03-31,235.89999389648438,236.50999450683594,235.67999267578125,235.74000549316406,204.97711181640625,73733100.0
2017-04-03,235.8000030517578,236.02999877929688,233.91000366210938,235.3300018310547,204.62054443359375,85546500.0
2017-04-04,235.0,235.5800018310547,234.55999755859375,235.47999572753906,204.75099182128906,56466200.0
2017-04-05,236.25999450683594,237.38999938964844,234.5399932861328,234.77999877929688,204.14236450195312,108800600.0
2017-04-06,234.94000244140625,236.0399932861328,234.42999267578125,235.44000244140625,204.7161865234375,69135800.0
2017-04-07,235.14999389648438,236.0,234.63999938964844,235.1999969482422,204.507568359375,74412300.0
2017-04-10,235.36000061035156,236.25999450683594,234.72999572753906,235.33999633789062,204.62924194335938,67615300.0
2017-04-11,234.89999389648438,235.17999267578125,233.33999633789062,235.05999755859375,204.3858184814453,88045300.0
2017-04-12,234.74000549316406,234.9600067138672,233.77000427246094,234.02999877929688,203.490234375,81864400.0
2017-04-13,233.63999938964844,234.49000549316406,232.50999450683594,232.50999450683594,202.1685333251953,92880400.0
2017-04-17,233.11000061035156,234.57000732421875,232.8800048828125,234.57000732421875,203.9597625732422,68405400.0
2017-04-18,233.72000122070312,234.49000549316406,233.0800018310547,233.8699951171875,203.35113525390625,83225800.0
2017-04-19,234.52000427246094,234.9499969482422,233.17999267578125,233.44000244140625,202.97718811035156,68699900.0
2017-04-20,234.14999389648438,235.85000610351562,233.77999877929688,235.33999633789062,204.62924194335938,92572200.0
2017-04-21,235.25,235.30999755859375,234.1300048828125,234.58999633789062,203.97711181640625,110389800.0
2017-04-24,237.17999267578125,237.41000366210938,234.55999755859375,237.1699981689453,206.22048950195312,119209900.0
2017-04-25,237.91000366210938,238.9499969482422,237.80999755859375,238.5500030517578,207.42039489746094,76698300.0
2017-04-26,238.50999450683594,239.52999877929688,238.35000610351562,238.39999389648438,207.29000854492188,84702500.0
2017-04-27,238.77000427246094,238.9499969482422,237.97999572753906,238.60000610351562,207.46383666992188,57410300.0
2017-04-28,238.89999389648438,238.92999267578125,237.92999267578125,238.0800018310547,207.0117645263672,63532800.0
2017-05-01,238.67999267578125,239.1699981689453,238.1999969482422,238.67999267578125,207.5334014892578,66882500.0
2017-05-02,238.83999633789062,238.97999572753906,238.3000030517578,238.77000427246094,207.61170959472656,57375700.0
2017-05-03,238.77000427246094,238.8800048828125,237.6999969482422,238.47999572753906,207.35952758789062,73137700.0
2017-05-04,238.8300018310547,238.9199981689453,237.77999877929688,238.75999450683594,207.60296630859375,61462700.0
2017-05-05,239.19000244140625,239.72000122070312,238.67999267578125,239.6999969482422,208.42031860351562,62001300.0
2017-05-08,239.75,239.9199981689453,239.1699981689453,239.66000366210938,208.3855438232422,48385700.0
2017-05-09,239.9600067138672,240.19000244140625,239.0399932861328,239.44000244140625,208.19427490234375,51363200.0
2017-05-10,239.38999938964844,239.8699951171875,239.14999389648438,239.8699951171875,208.56809997558594,54293800.0
2017-05-11,239.35000610351562,239.57000732421875,238.1300048828125,239.3800048828125,208.14208984375,62358300.0
2017-05-12,239.08999633789062,239.42999267578125,238.6699981689453,238.97999572753906,207.7942352294922,53912700.0
2017-05-15,239.47000122070312,240.44000244140625,239.4499969482422,240.3000030517578,208.9420166015625,61918900.0
2017-05-16,240.63999938964844,240.6699981689453,239.6300048828125,240.0800018310547,208.75071716308594,51241800.0
2017-05-17,240.0800018310547,240.0800018310547,235.75,235.82000732421875,205.04664611816406,172174100.0
2017-05-18,235.72999572753906,237.75,235.42999267578125,236.77000427246094,205.87265014648438,107047700.0
2017-05-19,237.3300018310547,239.0800018310547,237.27000427246094,238.30999755859375,207.211669921875,115011400.0
2017-05-22,238.89999389648438,239.7100067138672,238.82000732421875,239.52000427246094,208.26382446289062,61010600.0
2017-05-23,239.9499969482422,240.24000549316406,239.50999450683594,240.0500030517578,208.7246551513672,48341700.0
2017-05-24,240.32000732421875,240.72999572753906,239.92999267578125,240.61000061035156,209.21160888671875,46927700.0
2017-05-25,241.1999969482422,242.0800018310547,240.9600067138672,241.75999450683594,210.2114715576172,64071700.0
2017-05-26,241.5399932861328,241.89999389648438,241.4499969482422,241.7100067138672,210.1680145263672,46629900.0
2017-05-30,241.33999633789062,241.7899932861328,241.16000366210938,241.5,209.9854278564453,35201900.0
2017-05-31,241.83999633789062,241.8800048828125,240.63999938964844,241.44000244140625,209.93324279785156,91796000.0
2017-06-01,241.97000122070312,243.3800048828125,241.63999938964844,243.36000061035156,211.60272216796875,68962000.0
2017-06-02,243.4199981689453,244.35000610351562,243.0800018310547,244.1699981689453,212.30697631835938,88666100.0
2017-06-05,243.97000122070312,244.3000030517578,243.75999450683594,243.99000549316406,212.1505126953125,44698800.0
2017-06-06,243.33999633789062,243.97999572753906,243.1199951171875,243.2100067138672,211.47232055664062,50375400.0
2017-06-07,243.60000610351562,243.9199981689453,242.8300018310547,243.66000366210938,211.8635711669922,54144300.0
2017-06-08,243.77000427246094,244.3300018310547,243.1699981689453,243.77999877929688,211.96791076660156,65950700.0
2017-06-09,244.08999633789062,245.00999450683594,241.9499969482422,243.41000366210938,211.6461639404297,132256400.0
2017-06-12,243.1300048828125,243.4199981689453,242.3800048828125,243.36000061035156,211.60272216796875,86108100.0
2017-06-13,243.97999572753906,244.61000061035156,243.5800018310547,244.5500030517578,212.63746643066406,60067000.0
2017-06-14,244.86000061035156,244.8699951171875,243.2899932861328,244.24000549316406,212.36782836914062,78602300.0
2017-06-15,242.67999267578125,243.91000366210938,242.36000061035156,243.77000427246094,211.959228515625,66464900.0
2017-06-16,242.77000427246094,242.8300018310547,241.6300048828125,242.63999938964844,212.00550842285156,84553100.0
2017-06-19,243.58999633789062,244.72999572753906,243.47999572753906,244.66000366210938,213.77047729492188,65123800.0
2017-06-20,244.25,244.25999450683594,242.99000549316406,243.00999450683594,212.32876586914062,56906400.0
2017-06-21,243.4600067138672,243.58999633789062,242.41000366210938,242.9499969482422,212.27635192871094,55977600.0
2017-06-22,242.9600067138672,243.52999877929688,242.63999938964844,242.83999633789062,212.18028259277344,44148100.0
2017-06-23,242.91000366210938,243.50999450683594,242.47000122070312,243.1300048828125,212.43365478515625,66986800.0
2017-06-26,243.89999389648438,244.3800048828125,243.0500030517578,243.2899932861328,212.573486328125,56700500.0
2017-06-27,243.0399932861328,243.3800048828125,241.30999755859375,241.3300018310547,210.8609161376953,82247700.0
2017-06-28,242.5,243.72000122070312,242.22999572753906,243.49000549316406,212.7482147216797,70042600.0
2017-06-29,243.66000366210938,243.72000122070312,239.9600067138672,241.35000610351562,210.87835693359375,106949700.0
2017-06-30,242.27999877929688,242.7100067138672,241.5800018310547,241.8000030517578,211.27157592773438,86820700.0
2017-07-03,242.8800048828125,243.3800048828125,242.2100067138672,242.2100067138672,211.6298065185547,39153800.0
2017-07-05,242.6300048828125,243.00999450683594,241.6999969482422,242.77000427246094,212.11911010742188,54427600.0
2017-07-06,241.88999938964844,242.02999877929688,240.33999633789062,240.5500030517578,210.1793975830078,65400800.0
2017-07-07,241.2100067138672,242.27999877929688,240.55999755859375,242.11000061035156,211.5424346923828,57972300.0
2017-07-10,242.11000061035156,242.8000030517578,241.75999450683594,242.3699951171875,211.76959228515625,36663300.0
2017-07-11,242.3699951171875,242.5500030517578,240.85000610351562,242.19000244140625,211.6123504638672,50354600.0
2017-07-12,243.3000030517578,244.1999969482422,243.3000030517578,244.00999450683594,213.20252990722656,59610400.0
2017-07-13,244.02000427246094,244.5500030517578,243.75999450683594,244.4199981689453,213.56080627441406,39471600.0
2017-07-14,244.4199981689453,245.97000122070312,244.30999755859375,245.55999755859375,214.5568084716797,60262700.0
2017-07-17,245.47000122070312,245.91000366210938,245.3300018310547,245.52999877929688,214.5306396484375,33531900.0
2017-07-18,245.05999755859375,245.72000122070312,244.6699981689453,245.66000366210938,214.64425659179688,42742500.0
2017-07-19,246.02000427246094,247.0,246.00999450683594,246.99000549316406,215.80630493164062,51034300.0
2017-07-20,247.27999877929688,247.4199981689453,246.47000122070312,247.10000610351562,215.9024200439453,47135200.0
2017-07-21,246.44000244140625,246.91000366210938,246.17999267578125,246.8800048828125,215.71018981933594,82340800.0
2017-07-24,246.7899932861328,246.97999572753906,246.27999877929688,246.82000732421875,215.65777587890625,46622300.0
2017-07-25,247.67999267578125,247.8000030517578,247.16000366210938,247.4199981689453,216.1820068359375,54915600.0
2017-07-26,247.75,247.7899932861328,247.1300048828125,247.42999267578125,216.1907196044922,47575400.0
2017-07-27,247.9600067138672,248.0,245.67999267578125,247.1999969482422,215.9897918701172,70766600.0
2017-07-28,246.64999389648438,247.05999755859375,246.1300048828125,246.91000366210938,215.73641967773438,50088400.0
2017-07-31,247.3699951171875,247.47999572753906,246.52999877929688,246.77000427246094,215.61407470703125,65838700.0
2017-08-01,247.4600067138672,247.5,246.72000122070312,247.32000732421875,216.09458923339844,55050400.0
2017-08-02,247.47000122070312,247.60000610351562,246.3699951171875,247.44000244140625,216.19947814941406,47211200.0
2017-08-03,247.30999755859375,247.33999633789062,246.63999938964844,246.9600067138672,215.78009033203125,40856000.0
2017-08-04,247.52000427246094,247.7899932861328,246.97000122070312,247.41000366210938,216.17324829101562,60191800.0
2017-08-07,247.49000549316406,247.8699951171875,247.3699951171875,247.8699951171875,216.57522583007812,31995000.0
2017-08-08,247.50999450683594,248.91000366210938,246.8300018310547,247.25999450683594,216.04225158691406,61719400.0
2017-08-09,246.47000122070312,247.30999755859375,246.05999755859375,247.25,216.03350830078125,62632600.0
2017-08-10,246.2899932861328,246.44000244140625,243.6999969482422,243.75999450683594,212.98414611816406,120479500.0
2017-08-11,244.02000427246094,244.8000030517578,243.75,244.1199951171875,213.29864501953125,74869900.0
2017-08-14,245.58999633789062,246.7899932861328,245.5500030517578,246.5399932861328,215.41311645507812,73291900.0
2017-08-15,246.97999572753906,247.0,246.16000366210938,246.50999450683594,215.38690185546875,55242700.0
2017-08-16,247.11000061035156,247.57000732421875,246.4499969482422,246.94000244140625,215.76260375976562,56715500.0
2017-08-17,246.24000549316406,246.60000610351562,243.08999633789062,243.08999633789062,212.398681640625,128490400.0
2017-08-18,242.89999389648438,244.19000244140625,242.1999969482422,242.7100067138672,212.066650390625,136748000.0
2017-08-21,242.63999938964844,243.1999969482422,241.8300018310547,242.89999389648438,212.232666015625,65469700.0
2017-08-22,243.57000732421875,245.6199951171875,243.5500030517578,245.44000244140625,214.45204162597656,63140100.0
2017-08-23,244.3300018310547,245.0500030517578,244.16000366210938,244.55999755859375,213.68309020996094,50203800.0
2017-08-24,245.0,245.17999267578125,243.75,243.99000549316406,213.18505859375,50741700.0
2017-08-25,244.89999389648438,245.61000061035156,244.38999938964844,244.55999755859375,213.68309020996094,64445900.0
2017-08-28,245.1699981689453,245.1999969482422,244.08999633789062,244.57000732421875,213.69186401367188,40565600.0
2017-08-29,243.05999755859375,245.14999389648438,242.92999267578125,244.85000610351562,213.93650817871094,51135700.0
2017-08-30,244.8300018310547,246.32000732421875,244.6199951171875,246.00999450683594,214.9500732421875,62030800.0
2017-08-31,246.72000122070312,247.77000427246094,246.0500030517578,247.49000549316406,216.24317932128906,103803900.0
2017-09-01,247.9199981689453,248.3300018310547,247.6699981689453,247.83999633789062,216.5489959716797,62007000.0
2017-09-05,247.25999450683594,247.52000427246094,244.9499969482422,246.05999755859375,214.99371337890625,91398800.0
2017-09-06,246.83999633789062,247.27999877929688,246.22999572753906,246.89999389648438,215.7276611328125,57916900.0
2017-09-07,247.25,247.27000427246094,246.39999389648438,246.8699951171875,215.70147705078125,58034700.0
2017-09-08,246.5399932861328,247.11000061035156,246.3000030517578,246.5800018310547,215.4480743408203,63832800.0
2017-09-11,248.0399932861328,249.3000030517578,248.02000427246094,249.2100067138672,217.74607849121094,71364800.0
2017-09-12,249.6300048828125,250.08999633789062,249.4199981689453,250.0500030517578,218.47998046875,56896000.0
2017-09-13,249.72000122070312,250.2100067138672,249.58999633789062,250.1699981689453,218.58482360839844,59228000.0
2017-09-14,249.8000030517578,250.32000732421875,249.60000610351562,250.08999633789062,218.51487731933594,95446300.0
2017-09-15,248.69000244140625,249.2899932861328,248.57000732421875,249.19000244140625,218.80908203125,95432400.0
2017-09-18,249.61000061035156,250.1199951171875,249.27999877929688,249.72000122070312,219.2744903564453,46235200.0
2017-09-19,250.0,250.07000732421875,249.60000610351562,249.97000122070312,219.4939727783203,47108100.0
2017-09-20,250.07000732421875,250.19000244140625,248.9199981689453,250.05999755859375,219.57302856445312,59574100.0
2017-09-21,249.8800048828125,249.97999572753906,249.19000244140625,249.38999938964844,218.98468017578125,48211400.0
2017-09-22,249.0500030517578,249.6300048828125,249.02000427246094,249.44000244140625,219.02859497070312,51214000.0
2017-09-25,249.14999389648438,249.5500030517578,248.0800018310547,248.92999267578125,218.58074951171875,57064400.0
2017-09-26,249.4199981689453,249.6999969482422,248.80999755859375,249.0800018310547,218.71253967285156,54082000.0
2017-09-27,249.8800048828125,250.49000549316406,248.8699951171875,250.0500030517578,219.56417846679688,81001400.0
2017-09-28,249.72999572753906,250.44000244140625,249.6300048828125,250.35000610351562,219.82765197753906,44778800.0
2017-09-29,250.33999633789062,251.32000732421875,250.1300048828125,251.22999572753906,220.60037231445312,85578000.0
2017-10-02,251.49000549316406,252.32000732421875,251.2899932861328,252.32000732421875,221.5574951171875,59023000.0
2017-10-03,252.32000732421875,252.88999938964844,252.22999572753906,252.86000061035156,222.03163146972656,66810200.0
2017-10-04,252.69000244140625,253.44000244140625,252.55999755859375,253.16000366210938,222.2950897216797,55953600.0
2017-10-05,253.5399932861328,254.67999267578125,253.1999969482422,254.66000366210938,223.61216735839844,63522800.0
2017-10-06,254.14999389648438,254.6999969482422,253.85000610351562,254.3699951171875,223.3575439453125,80646000.0
2017-10-09,254.6300048828125,254.6999969482422,253.64999389648438,253.9499969482422,222.9887237548828,35803100.0
2017-10-10,254.60000610351562,255.0500030517578,253.97999572753906,254.6199951171875,223.5770721435547,43057400.0
2017-10-11,254.50999450683594,255.02000427246094,254.32000732421875,255.02000427246094,223.9282989501953,47674300.0
2017-10-12,254.66000366210938,255.05999755859375,254.3699951171875,254.63999938964844,223.59461975097656,47065100.0
2017-10-13,255.13999938964844,255.27000427246094,254.63999938964844,254.9499969482422,223.8668212890625,54800400.0
2017-10-16,255.2100067138672,255.50999450683594,254.82000732421875,255.2899932861328,224.16534423828125,38221700.0
2017-10-17,255.22999572753906,255.52000427246094,254.97999572753906,255.47000122070312,224.3234405517578,31561000.0
2017-10-18,255.89999389648438,255.9499969482422,255.5,255.72000122070312,224.54295349121094,40888300.0
2017-10-19,254.8300018310547,255.8300018310547,254.35000610351562,255.7899932861328,224.60443115234375,61903800.0
2017-10-20,256.70001220703125,257.1400146484375,255.77000427246094,257.1099853515625,225.76348876953125,89176400.0
2017-10-23,257.4800109863281,257.510009765625,256.0199890136719,256.1099853515625,224.88539123535156,63915300.0
2017-10-24,256.6000061035156,256.8299865722656,256.1499938964844,256.55999755859375,225.280517578125,66935900.0
2017-10-25,256.17999267578125,256.30999755859375,254.0,255.2899932861328,224.16534423828125,103715300.0
2017-10-26,255.99000549316406,256.29998779296875,255.47999572753906,255.6199951171875,224.4551239013672,69798000.0
2017-10-27,256.4700012207031,257.8900146484375,255.6300048828125,257.7099914550781,226.2903594970703,85562500.0
2017-10-30,256.4700012207031,257.6000061035156,256.4100036621094,256.75,225.44737243652344,54285700.0
2017-10-31,257.17999267578125,257.44000244140625,256.80999755859375,257.1499938964844,225.79859924316406,60304800.0
2017-11-01,258.0400085449219,258.42999267578125,257.07000732421875,257.489990234375,226.0970916748047,54202700.0
2017-11-02,257.4100036621094,257.75,256.19000244140625,257.5899963378906,226.1850128173828,56449500.0
2017-11-03,257.7699890136719,258.5,257.29998779296875,258.45001220703125,226.9401397705078,59589700.0
2017-11-06,258.29998779296875,259.0,258.2200012207031,258.8500061035156,227.29132080078125,49652600.0
2017-11-07,258.9700012207031,259.3500061035156,258.0899963378906,258.6700134277344,227.13333129882812,57502200.0
2017-11-08,258.4700012207031,259.2200012207031,258.1499938964844,259.1099853515625,227.51962280273438,50469600.0
2017-11-09,257.7300109863281,258.3900146484375,256.3599853515625,258.1700134277344,226.6942138671875,95085500.0
2017-11-10,257.7300109863281,258.2900085449219,257.3699951171875,258.0899963378906,226.62400817871094,59984700.0
2017-11-13,257.30999755859375,258.5899963378906,257.2699890136719,258.3299865722656,226.834716796875,50228600.0
2017-11-14,257.4100036621094,257.8500061035156,256.5199890136719,257.7300109863281,226.307861328125,61315200.0
2017-11-15,256.6199951171875,257.2200012207031,255.6300048828125,256.44000244140625,225.17515563964844,80811500.0
2017-11-16,257.5199890136719,259.0400085449219,257.4700012207031,258.6199951171875,227.0894317626953,67777000.0
2017-11-17,258.2200012207031,258.5899963378906,257.7699890136719,257.8599853515625,226.4220428466797,75756800.0
2017-11-20,258.1400146484375,258.5199890136719,257.8599853515625,258.29998779296875,226.80833435058594,48075500.0
2017-11-21,259.17999267578125,260.20001220703125,258.260009765625,259.989990234375,228.2923583984375,69176800.0
2017-11-22,260.0,260.1499938964844,259.57000732421875,259.760009765625,228.0904083251953,45033400.0
2017-11-24,260.32000732421875,260.4800109863281,260.1600036621094,260.3599853515625,228.6172332763672,27856500.0
2017-11-27,260.4100036621094,260.75,260.0,260.2300109863281,228.50308227539062,52274900.0
2017-11-28,260.760009765625,262.8999938964844,260.6499938964844,262.8699951171875,230.8212127685547,98971700.0
2017-11-29,263.0199890136719,263.6300048828125,262.20001220703125,262.7099914550781,230.68072509765625,77512100.0
2017-11-30,263.760009765625,266.04998779296875,263.6700134277344,265.010009765625,232.7003173828125,127894400.0
2017-12-01,264.760009765625,265.30999755859375,260.760009765625,264.4599914550781,232.2173309326172,164390900.0
2017-12-04,266.30999755859375,266.79998779296875,264.0799865722656,264.1400146484375,231.93643188476562,94040600.0
2017-12-05,263.19000244140625,265.1499938964844,263.0400085449219,263.19000244140625,231.1022186279297,77994500.0
2017-12-06,263.29998779296875,263.7300109863281,262.7099914550781,263.239990234375,231.1461181640625,75898600.0
2017-12-07,264.07000732421875,264.42999267578125,262.94000244140625,264.07000732421875,231.87496948242188,77218600.0
2017-12-08,265.1600036621094,265.5199890136719,264.0299987792969,265.510009765625,233.1393280029297,76563900.0
2017-12-11,266.30999755859375,266.3800048828125,265.4800109863281,266.30999755859375,233.84185791015625,83077500.0
2017-12-12,267.2099914550781,267.32000732421875,266.3500061035156,266.7799987792969,234.2545623779297,85195800.0
2017-12-13,267.05999755859375,267.55999755859375,266.6499938964844,266.75,234.2282257080078,102905400.0
2017-12-14,267.0899963378906,267.2200012207031,265.6000061035156,265.6600036621094,233.2710418701172,100666700.0
2017-12-15,265.45001220703125,267.0400085449219,265.3900146484375,266.510009765625,235.21365356445312,144610300.0
2017-12-18,268.1000061035156,268.6000061035156,267.9800109863281,268.20001220703125,236.7051544189453,83653600.0
2017-12-19,268.4800109863281,268.5299987792969,267.0899963378906,267.1700134277344,235.79605102539062,82382900.0
2017-12-20,268.2699890136719,268.3299865722656,266.69000244140625,267.0299987792969,235.67250061035156,76751500.0
2017-12-21,267.739990234375,268.3900146484375,267.29998779296875,267.5799865722656,236.1578826904297,67032300.0
2017-12-22,267.6000061035156,267.6400146484375,266.8999938964844,267.510009765625,236.09616088867188,78720900.0
2017-12-26,267.04998779296875,267.44000244140625,266.8900146484375,267.19000244140625,235.81373596191406,45244400.0
2017-12-27,267.3800048828125,267.7300109863281,267.010009765625,267.32000732421875,235.92857360839844,57751000.0
2017-12-28,267.8900146484375,267.9200134277344,267.45001220703125,267.8699951171875,236.4138946533203,45116100.0
2017-12-29,268.5299987792969,268.54998779296875,266.6400146484375,266.8599853515625,235.52252197265625,96007400.0
2018-01-02,267.8399963378906,268.80999755859375,267.3999938964844,268.7699890136719,237.20826721191406,86655700.0
2018-01-03,268.9599914550781,270.6400146484375,268.9599914550781,270.4700012207031,238.70858764648438,90070400.0
2018-01-04,271.20001220703125,272.1600036621094,270.5400085449219,271.6099853515625,239.7146759033203,80636400.0
2018-01-05,272.510009765625,273.55999755859375,271.95001220703125,273.4200134277344,241.31214904785156,83524000.0
2018-01-08,273.30999755859375,274.1000061035156,272.9800109863281,273.9200134277344,241.7534637451172,57319200.0
2018-01-09,274.3999938964844,275.25,274.0799865722656,274.5400085449219,242.30068969726562,57254000.0
2018-01-10,273.67999267578125,274.4200134277344,272.9200134277344,274.1199951171875,241.9299774169922,69574300.0
2018-01-11,274.75,276.1199951171875,274.55999755859375,276.1199951171875,243.6951141357422,62361500.0
2018-01-12,276.4200134277344,278.1099853515625,276.0799865722656,277.9200134277344,245.28379821777344,90816100.0
2018-01-16,279.3500061035156,280.0899963378906,276.17999267578125,276.9700012207031,244.44528198242188,106555100.0
2018-01-17,278.0299987792969,280.04998779296875,276.9700012207031,279.6099853515625,246.77525329589844,113258800.0
2018-01-18,279.4800109863281,279.9599914550781,278.5799865722656,279.1400146484375,246.3604736328125,100728000.0
2018-01-19,279.79998779296875,280.4100036621094,279.1400146484375,280.4100036621094,247.48130798339844,140920100.0
2018-01-22,280.1700134277344,282.69000244140625,280.1099853515625,282.69000244140625,249.49356079101562,91322400.0
2018-01-23,282.739990234375,283.6199951171875,282.3699951171875,283.2900085449219,250.0231475830078,97084700.0
2018-01-24,284.0199890136719,284.70001220703125,281.8399963378906,283.17999267578125,249.9259796142578,134816100.0
2018-01-25,284.1600036621094,284.2699890136719,282.3999938964844,283.29998779296875,250.03192138671875,84587300.0
2018-01-26,284.25,286.6300048828125,283.9599914550781,286.5799865722656,252.92674255371094,107743100.0
2018-01-29,285.92999267578125,286.42999267578125,284.5,284.67999267578125,251.2499542236328,90118300.0
2018-01-30,282.6000061035156,284.739990234375,281.2200012207031,281.760009765625,248.67282104492188,131796400.0
2018-01-31,282.7300109863281,283.29998779296875,280.67999267578125,281.8999938964844,248.79638671875,108364800.0
2018-02-01,281.07000732421875,283.05999755859375,280.67999267578125,281.5799865722656,248.513916015625,90102500.0
2018-02-02,280.0799865722656,280.2300109863281,275.4100036621094,275.45001220703125,243.103759765625,173174800.0
2018-02-05,273.45001220703125,275.8500061035156,263.30999755859375,263.92999267578125,232.93658447265625,294681800.0
2018-02-06,259.94000244140625,269.70001220703125,258.70001220703125,269.1300048828125,237.5259552001953,355026800.0
2018-02-07,268.5,272.3599853515625,267.5799865722656,267.6700134277344,236.2373809814453,167376100.0
2018-02-08,268.010009765625,268.1700134277344,257.5899963378906,257.6300048828125,227.37640380859375,246449500.0
2018-02-09,260.79998779296875,263.6099853515625,252.9199981689453,261.5,230.79193115234375,283565300.0
2018-02-12,263.8299865722656,267.010009765625,261.6600036621094,265.3399963378906,234.1810302734375,143736000.0
2018-02-13,263.9700012207031,266.6199951171875,263.30999755859375,266.0,234.7635040283203,81223600.0
2018-02-14,264.30999755859375,270.0,264.29998779296875,269.5899963378906,237.9319305419922,120735700.0
2018-02-15,271.57000732421875,273.0400085449219,268.7699890136719,273.0299987792969,240.96791076660156,111200300.0
2018-02-16,272.32000732421875,275.32000732421875,272.2699890136719,273.1099853515625,241.0385284423828,160420100.0
2018-02-20,272.0299987792969,273.6700134277344,270.5,271.3999938964844,239.52935791015625,86369700.0
2018-02-21,271.8999938964844,274.7200012207031,269.94000244140625,270.04998779296875,238.33792114257812,98883700.0
2018-02-22,271.1000061035156,273.04998779296875,269.6400146484375,270.3999938964844,238.6468505859375,110511300.0
2018-02-23,271.7900085449219,274.7099914550781,271.25,274.7099914550781,242.45066833496094,92766400.0
2018-02-26,275.92999267578125,278.010009765625,275.260009765625,277.8999938964844,245.2661590576172,86491400.0
2018-02-27,278.1099853515625,278.9200134277344,274.3599853515625,274.42999267578125,242.20355224609375,99099200.0
2018-02-28,275.67999267578125,276.19000244140625,271.2900085449219,271.6499938964844,239.7499237060547,121907800.0
2018-03-01,271.4100036621094,273.1700134277344,266.0,267.70001220703125,236.26385498046875,176855100.0
2018-03-02,265.79998779296875,269.7200012207031,264.82000732421875,269.0799865722656,237.48179626464844,139083200.0
2018-03-05,267.7300109863281,272.8900146484375,267.6099853515625,272.19000244140625,240.22659301757812,97307400.0
2018-03-06,273.29998779296875,273.3900146484375,271.17999267578125,272.8800048828125,240.8356170654297,79213200.0
2018-03-07,270.4200134277344,273.17999267578125,270.20001220703125,272.7799987792969,240.74729919433594,87063500.0
2018-03-08,273.54998779296875,274.239990234375,272.4200134277344,274.1000061035156,241.912353515625,66901200.0
2018-03-09,275.70001220703125,278.8699951171875,275.3399963378906,278.8699951171875,246.1221466064453,113625300.0
2018-03-12,279.20001220703125,279.9100036621094,278.0799865722656,278.5199890136719,245.8133087158203,71924800.0
2018-03-13,279.8399963378906,280.4100036621094,276.0299987792969,276.7200012207031,244.2246551513672,91968900.0
2018-03-14,277.80999755859375,278.0199890136719,274.6700134277344,275.29998779296875,242.9713897705078,105895100.0
2018-03-15,275.8800048828125,276.6099853515625,274.42999267578125,275.0,242.7065887451172,83433000.0
2018-03-16,274.5,275.3900146484375,274.1400146484375,274.20001220703125,242.96983337402344,100343700.0
2018-03-19,273.3500061035156,274.3999938964844,268.6199951171875,270.489990234375,239.68240356445312,109208400.0
2018-03-20,270.94000244140625,271.6700134277344,270.17999267578125,270.95001220703125,240.08993530273438,59757300.0
2018-03-21,270.8999938964844,273.2699890136719,270.19000244140625,270.42999267578125,239.62918090820312,78709600.0
2018-03-22,267.9100036621094,268.8699951171875,263.3599853515625,263.6700134277344,233.6391143798828,148785900.0
2018-03-23,264.1700134277344,264.5400085449219,257.8299865722656,258.04998779296875,228.65924072265625,183534800.0
2018-03-26,262.1300048828125,265.42999267578125,259.4100036621094,265.1099853515625,234.9151153564453,141956100.0
2018-03-27,266.1700134277344,266.7699890136719,258.8399963378906,260.6000061035156,230.9187774658203,129941400.0
2018-03-28,260.75,262.6400146484375,258.5799865722656,259.8299865722656,230.23646545410156,146452300.0
2018-03-29,261.1199951171875,265.260009765625,259.8399963378906,263.1499938964844,233.17840576171875,111601600.0
2018-04-02,262.54998779296875,263.1300048828125,254.6699981689453,257.4700012207031,228.1453094482422,186286300.0
2018-04-03,258.8699951171875,261.30999755859375,256.8399963378906,260.7699890136719,231.0694580078125,119956900.0
2018-04-04,256.75,264.3599853515625,256.6000061035156,263.55999755859375,233.5416717529297,123715300.0
2018-04-05,265.54998779296875,266.6400146484375,264.32000732421875,265.6400146484375,235.3847198486328,82652600.0
2018-04-06,263.4200134277344,265.1099853515625,258.0,259.7200012207031,230.13905334472656,179521200.0
2018-04-09,261.3699951171875,264.8399963378906,259.94000244140625,261.0,231.27320861816406,105442900.0
2018-04-10,264.2699890136719,266.0400085449219,262.9800109863281,265.1499938964844,234.9505615234375,103529000.0
2018-04-11,263.4700012207031,265.6400146484375,263.3900146484375,263.760009765625,233.71890258789062,91140200.0
2018-04-12,265.260009765625,267.0,265.05999755859375,265.92999267578125,235.64173889160156,68890500.0
2018-04-13,267.4100036621094,267.5400085449219,264.010009765625,265.1499938964844,234.9505615234375,85079200.0
2018-04-16,267.0,268.20001220703125,266.07000732421875,267.3299865722656,236.8822479248047,63405300.0
2018-04-17,269.3299865722656,270.8699951171875,268.75,270.19000244140625,239.41656494140625,64682000.0
2018-04-18,270.69000244140625,271.29998779296875,269.8699951171875,270.3900146484375,239.59381103515625,57303900.0
2018-04-19,269.6499938964844,269.8800048828125,267.7200012207031,268.8900146484375,238.2645263671875,77655900.0
2018-04-20,268.80999755859375,269.05999755859375,265.6099853515625,266.6099853515625,236.24427795410156,99953100.0
2018-04-23,267.260009765625,267.8900146484375,265.3500061035156,266.57000732421875,236.20884704589844,65558000.0
2018-04-24,267.7300109863281,267.9800109863281,261.2799987792969,262.9800109863281,233.02769470214844,112885500.0
2018-04-25,262.9100036621094,264.1300048828125,260.8500061035156,263.6300048828125,233.6036834716797,103840900.0
2018-04-26,264.7900085449219,267.25,264.2900085449219,266.30999755859375,235.97845458984375,67731900.0
2018-04-27,267.0,267.3399963378906,265.5,266.55999755859375,236.1999969482422,57053600.0
2018-04-30,267.260009765625,267.8900146484375,264.42999267578125,264.510009765625,234.38351440429688,82182300.0
2018-05-01,263.8699951171875,265.1000061035156,262.1099853515625,264.9800109863281,234.79998779296875,74203400.0
2018-05-02,264.760009765625,265.67999267578125,262.760009765625,263.20001220703125,233.22267150878906,86368900.0
2018-05-03,262.260009765625,263.3599853515625,259.04998779296875,262.6199951171875,232.70870971679688,136311500.0
2018-05-04,261.5199890136719,266.7900085449219,261.1499938964844,266.0199890136719,235.72146606445312,91222100.0
2018-05-07,266.8900146484375,268.0199890136719,266.1099853515625,266.9200134277344,236.5189666748047,55304900.0
2018-05-08,266.5,267.3299865722656,265.1499938964844,266.9200134277344,236.5189666748047,67499200.0
2018-05-09,267.67999267578125,269.8699951171875,267.0899963378906,269.5,238.80514526367188,59666100.0
2018-05-10,270.3399963378906,272.3900146484375,270.2200012207031,272.0199890136719,241.03811645507812,72063900.0
2018-05-11,272.1600036621094,273.1499938964844,271.5799865722656,272.8500061035156,241.77357482910156,59871500.0
2018-05-14,273.3399963378906,274.0799865722656,272.3599853515625,272.9800109863281,241.88880920410156,54790600.0
2018-05-15,271.5899963378906,271.6099853515625,270.0299987792969,271.1000061035156,240.22288513183594,87036100.0
2018-05-16,271.1400146484375,272.760009765625,271.1099853515625,272.239990234375,241.23304748535156,53942600.0
2018-05-17,271.94000244140625,273.2300109863281,271.1300048828125,272.010009765625,241.02920532226562,56536400.0
2018-05-18,271.6199951171875,272.0299987792969,270.92999267578125,271.3299865722656,240.4266815185547,64368000.0
2018-05-21,273.010009765625,273.9800109863281,272.57000732421875,273.3699951171875,242.234375,58025900.0
2018-05-22,273.9599914550781,274.25,272.239990234375,272.6099853515625,241.56089782714844,52966400.0
2018-05-23,271.1700134277344,273.3900146484375,270.989990234375,273.3599853515625,242.2254638671875,64694200.0
2018-05-24,272.9100036621094,273.2200012207031,270.7799987792969,272.79998779296875,241.72923278808594,76043800.0
2018-05-25,272.1499938964844,272.8599853515625,271.5799865722656,272.1499938964844,241.15335083007812,56374800.0
2018-05-29,270.30999755859375,271.1700134277344,267.760009765625,269.0199890136719,238.37977600097656,115908600.0
2018-05-30,270.5,273.1099853515625,270.4200134277344,272.6099853515625,241.56089782714844,69678400.0
2018-05-31,272.1499938964844,272.489990234375,270.260009765625,270.94000244140625,240.0811004638672,93519900.0
2018-06-01,272.4100036621094,273.94000244140625,272.3299865722656,273.6000061035156,242.4381866455078,71258400.0
2018-06-04,274.5299987792969,275.19000244140625,274.260009765625,274.8999938964844,243.59005737304688,45385200.0
2018-06-05,275.04998779296875,275.5299987792969,274.17999267578125,275.1000061035156,243.76730346679688,51135000.0
2018-06-06,275.7900085449219,277.5199890136719,275.0899963378906,277.3999938964844,245.80528259277344,62732200.0
2018-06-07,277.95001220703125,278.2799987792969,276.3399963378906,277.3699951171875,245.7787322998047,72969400.0
2018-06-08,276.8500061035156,278.25,276.6600036621094,278.19000244140625,246.50535583496094,72139700.0
2018-06-11,278.44000244140625,279.3699951171875,278.30999755859375,278.55999755859375,246.83323669433594,58892500.0
2018-06-12,279.0299987792969,279.3299865722656,278.19000244140625,278.9200134277344,247.15220642089844,72329000.0
2018-06-13,279.19000244140625,279.4800109863281,277.79998779296875,278.0299987792969,246.3636474609375,79070600.0
2018-06-14,279.010009765625,279.3299865722656,278.05999755859375,278.7300109863281,246.98388671875,77097600.0
2018-06-15,276.6000061035156,277.510009765625,275.3500061035156,277.1300048828125,246.66879272460938,120041600.0
2018-06-18,275.489990234375,276.70001220703125,274.95001220703125,276.55999755859375,246.16140747070312,52917600.0
2018-06-19,274.0,275.75,273.5299987792969,275.5,245.2179412841797,97531500.0
2018-06-20,276.2699890136719,276.7200012207031,275.5899963378906,275.9700012207031,245.6363067626953,53785500.0
2018-06-21,275.9599914550781,275.9800109863281,273.67999267578125,274.239990234375,244.096435546875,71061400.0
2018-06-22,275.6600036621094,275.7900085449219,274.489990234375,274.739990234375,244.54139709472656,54898500.0
2018-06-25,273.44000244140625,273.6199951171875,269.1000061035156,271.0,241.2126007080078,137854200.0
2018-06-26,271.6400146484375,272.55999755859375,270.7900085449219,271.6000061035156,241.74664306640625,68547400.0
2018-06-27,272.260009765625,273.8699951171875,269.17999267578125,269.3500061035156,239.74392700195312,105110700.0
2018-06-28,269.2900085449219,271.75,268.489990234375,270.8900146484375,241.11465454101562,76650500.0
2018-06-29,272.1199951171875,273.6600036621094,271.1499938964844,271.2799987792969,241.46188354492188,97592500.0
2018-07-02,269.510009765625,272.0400085449219,269.239990234375,271.8599853515625,241.9780731201172,63554800.0
2018-07-03,272.8699951171875,272.9800109863281,270.4200134277344,270.8999938964844,241.1235809326172,42187100.0
2018-07-05,272.1700134277344,273.17999267578125,270.9599914550781,273.1099853515625,243.09060668945312,56925900.0
2018-07-06,273.1400146484375,275.8399963378906,272.7099914550781,275.4200134277344,245.14674377441406,66493700.0
2018-07-09,276.54998779296875,277.9599914550781,276.5,277.8999938964844,247.35418701171875,50550400.0
2018-07-10,278.4100036621094,279.010009765625,278.0799865722656,278.8999938964844,248.24420166015625,51966800.0
2018-07-11,277.1499938964844,278.0400085449219,276.5199890136719,276.8599853515625,246.42843627929688,77054700.0
2018-07-12,278.2799987792969,279.42999267578125,277.6000061035156,279.3699951171875,248.6625518798828,60124700.0
2018-07-13,279.1700134277344,279.92999267578125,278.6600036621094,279.5899963378906,248.85838317871094,48216000.0
2018-07-16,279.6400146484375,279.79998779296875,278.8399963378906,279.3399963378906,248.6358642578125,48201000.0
2018-07-17,278.4700012207031,280.9100036621094,278.4100036621094,280.4700012207031,249.64170837402344,52315500.0
2018-07-18,280.55999755859375,281.17999267578125,280.05999755859375,281.05999755859375,250.16680908203125,44593500.0
2018-07-19,280.30999755859375,280.739990234375,279.4599914550781,280.0,249.22329711914062,61412100.0
2018-07-20,279.7699890136719,280.4800109863281,279.5,279.67999267578125,248.93844604492188,82337700.0
2018-07-23,279.45001220703125,280.42999267578125,279.05999755859375,280.20001220703125,249.40133666992188,47047600.0
2018-07-24,281.7900085449219,282.55999755859375,280.6300048828125,281.6099853515625,250.65634155273438,68026900.0
2018-07-25,281.3299865722656,284.3699951171875,281.2799987792969,284.010009765625,252.79258728027344,78882900.0
2018-07-26,283.20001220703125,284.1099853515625,283.0899963378906,283.3399963378906,252.1961212158203,57919500.0
2018-07-27,283.7099914550781,283.82000732421875,280.3800048828125,281.4200134277344,250.48728942871094,76768700.0
2018-07-30,281.510009765625,281.69000244140625,279.3599853515625,279.95001220703125,249.17880249023438,63742500.0
2018-07-31,280.80999755859375,282.0199890136719,280.3800048828125,281.3299865722656,250.40701293945312,68570500.0
2018-08-01,281.55999755859375,282.1300048828125,280.1300048828125,280.8599853515625,249.98880004882812,53853300.0
2018-08-02,279.3900146484375,282.5799865722656,279.1600036621094,282.3900146484375,251.3506317138672,63426400.0
2018-08-03,282.5299987792969,283.6600036621094,282.3299865722656,283.6000061035156,252.42755126953125,53935400.0
2018-08-06,283.6400146484375,284.989990234375,283.20001220703125,284.6400146484375,253.35333251953125,39400900.0
2018-08-07,285.3900146484375,286.010009765625,285.239990234375,285.5799865722656,254.18991088867188,43196600.0
2018-08-08,285.3900146484375,285.9100036621094,284.94000244140625,285.4599914550781,254.0831756591797,42114600.0
2018-08-09,285.5299987792969,285.9700012207031,284.9200134277344,285.07000732421875,253.73597717285156,35717000.0
2018-08-10,283.45001220703125,284.05999755859375,282.3599853515625,283.1600036621094,252.03598022460938,77076000.0
2018-08-13,283.4700012207031,284.1600036621094,281.7699890136719,282.1000061035156,251.092529296875,65732900.0
2018-08-14,282.9200134277344,284.1700134277344,282.4800109863281,283.8999938964844,252.69464111328125,43842000.0
2018-08-15,282.3800048828125,282.5400085449219,280.1600036621094,281.7799987792969,250.80764770507812,102925400.0
2018-08-16,283.3999938964844,285.0400085449219,283.3599853515625,284.05999755859375,252.83700561523438,69967900.0
2018-08-17,283.8299865722656,285.55999755859375,283.3699951171875,285.05999755859375,253.72711181640625,65618500.0
2018-08-20,285.57000732421875,285.9700012207031,285.05999755859375,285.6700134277344,254.27005004882812,39807500.0
2018-08-21,286.25,287.30999755859375,285.7099914550781,286.3399963378906,254.8665008544922,67272000.0
2018-08-22,285.8800048828125,286.760009765625,285.5799865722656,286.1700134277344,254.71514892578125,44993300.0
2018-08-23,285.9700012207031,286.94000244140625,285.42999267578125,285.7900085449219,254.37686157226562,49204900.0
2018-08-24,286.44000244140625,287.6700134277344,286.3800048828125,287.510009765625,255.9078369140625,57487400.0
2018-08-27,288.8599853515625,289.8999938964844,288.67999267578125,289.7799987792969,257.92828369140625,57072400.0
2018-08-28,290.29998779296875,290.4200134277344,289.3999938964844,289.9200134277344,258.0530090332031,46943500.0
2018-08-29,290.1600036621094,291.739990234375,289.8900146484375,291.4800109863281,259.44146728515625,61485500.0
2018-08-30,290.94000244140625,291.3599853515625,289.6300048828125,290.29998779296875,258.39117431640625,61229500.0
2018-08-31,289.8399963378906,290.80999755859375,289.2900085449219,290.30999755859375,258.4000549316406,66140800.0
2018-09-04,289.8399963378906,290.2099914550781,288.67999267578125,289.80999755859375,257.95501708984375,57594400.0
2018-09-05,289.4100036621094,289.6400146484375,287.8900146484375,289.0299987792969,257.2607421875,72452400.0
2018-09-06,289.1499938964844,289.489990234375,287.0,288.1600036621094,256.4863586425781,65909900.0
2018-09-07,286.9800109863281,288.70001220703125,286.7099914550781,287.6000061035156,255.98797607421875,73524800.0
2018-09-10,288.739990234375,289.0400085449219,287.8800048828125,288.1000061035156,256.4329528808594,50210900.0
2018-09-11,287.3699951171875,289.54998779296875,286.9800109863281,289.04998779296875,257.278564453125,50530500.0
2018-09-12,289.05999755859375,289.79998779296875,288.2300109863281,289.1199951171875,257.3408203125,59810800.0
2018-09-13,290.32000732421875,291.0400085449219,290.0,290.8299865722656,258.8629150390625,51034200.0
2018-09-14,291.05999755859375,291.2699890136719,290.0,290.8800048828125,258.9073791503906,55079900.0
2018-09-17,290.82000732421875,290.8599853515625,289.0299987792969,289.3399963378906,257.5367736816406,68244000.0
2018-09-18,289.5799865722656,291.5799865722656,289.54998779296875,290.9100036621094,258.93414306640625,61930400.0
2018-09-19,290.9700012207031,291.69000244140625,290.8299865722656,291.2200012207031,259.2100524902344,49080600.0
2018-09-20,292.6400146484375,293.94000244140625,291.239990234375,293.5799865722656,261.3105773925781,100360600.0
2018-09-21,293.0899963378906,293.2200012207031,291.80999755859375,291.989990234375,261.0718994140625,105479700.0
2018-09-24,291.3399963378906,291.5,290.3699951171875,291.0199890136719,260.20458984375,53409600.0
2018-09-25,291.5299987792969,291.6499938964844,290.4800109863281,290.75,259.9632263183594,44370000.0
2018-09-26,290.9100036621094,292.239990234375,289.4100036621094,289.8800048828125,259.185302734375,79739700.0
2018-09-27,290.4100036621094,291.9100036621094,290.1000061035156,290.69000244140625,259.9095764160156,59249500.0
2018-09-28,289.989990234375,291.2799987792969,289.95001220703125,290.7200012207031,259.9363708496094,70091400.0
2018-10-01,292.1099853515625,292.92999267578125,290.9800109863281,291.7300109863281,260.8393859863281,62078900.0
2018-10-02,291.55999755859375,292.3599853515625,291.1400146484375,291.55999755859375,260.6874694824219,47258200.0
2018-10-03,292.739990234375,293.2099914550781,291.32000732421875,291.7200012207031,260.8304748535156,64694600.0
2018-10-04,291.17999267578125,291.239990234375,287.6600036621094,289.44000244140625,258.7919921875,111545900.0
2018-10-05,289.69000244140625,290.2699890136719,286.2200012207031,287.82000732421875,257.343505859375,105951700.0
2018-10-08,287.04998779296875,288.2200012207031,285.5,287.82000732421875,257.343505859375,87742200.0
2018-10-09,287.3900146484375,288.8599853515625,286.7699890136719,287.3999938964844,256.9678955078125,74339000.0
2018-10-10,286.8299865722656,286.9100036621094,277.8800048828125,278.29998779296875,248.83152770996094,214731000.0
2018-10-11,277.0799865722656,278.8999938964844,270.3599853515625,272.1700134277344,243.3506622314453,274840500.0
2018-10-12,276.7699890136719,277.0899963378906,272.3699951171875,275.95001220703125,246.73040771484375,183186500.0
2018-10-15,275.54998779296875,277.0400085449219,274.29998779296875,274.3999938964844,245.34445190429688,102263700.0
2018-10-16,276.6000061035156,280.82000732421875,276.07000732421875,280.3999938964844,250.70909118652344,118255800.0
2018-10-17,280.44000244140625,281.1499938964844,277.55999755859375,280.45001220703125,250.7538604736328,110626000.0
2018-10-18,279.3999938964844,280.07000732421875,274.9700012207031,276.3999938964844,247.13272094726562,134557500.0
2018-10-19,277.1300048828125,279.29998779296875,275.4700012207031,276.25,246.99856567382812,139901600.0
2018-10-22,277.0,277.3599853515625,274.4100036621094,275.010009765625,245.88995361328125,82415800.0
2018-10-23,270.95001220703125,274.8699951171875,268.6099853515625,273.6099853515625,244.63812255859375,146352700.0
2018-10-24,273.3299865722656,273.760009765625,264.70001220703125,265.32000732421875,237.22592163085938,177806700.0
2018-10-25,267.3800048828125,271.80999755859375,266.2300109863281,270.0799865722656,241.48187255859375,138061500.0
2018-10-26,265.9200134277344,271.0,262.2900085449219,265.3299865722656,237.23483276367188,201574600.0
2018-10-29,268.79998779296875,270.25,259.8500061035156,263.8599853515625,235.92051696777344,160749100.0
2018-10-30,263.6700134277344,268.1199951171875,263.1199951171875,267.7699890136719,239.41650390625,157116000.0
2018-10-31,270.6499938964844,273.2300109863281,270.1199951171875,270.6300048828125,241.97366333007812,128296300.0
2018-11-01,271.6000061035156,273.7300109863281,270.3800048828125,273.510009765625,244.5487518310547,99495000.0
2018-11-02,274.75,275.2300109863281,269.5899963378906,271.8900146484375,243.10031127929688,122634100.0
2018-11-05,272.44000244140625,274.010009765625,271.3500061035156,273.3900146484375,244.4414520263672,65622500.0
2018-11-06,273.32000732421875,275.29998779296875,273.25,275.1199951171875,245.98825073242188,60085900.0
2018-11-07,277.55999755859375,281.1000061035156,277.0799865722656,281.010009765625,251.25453186035156,102752100.0
2018-11-08,280.1099853515625,281.2200012207031,279.2200012207031,280.5,250.79852294921875,65584900.0
2018-11-09,279.0299987792969,279.239990234375,276.17999267578125,277.760009765625,248.34869384765625,98812600.0
2018-11-12,277.19000244140625,277.4599914550781,271.989990234375,272.57000732421875,243.70826721191406,99673600.0
2018-11-13,273.0899963378906,275.3299865722656,271.25,272.05999755859375,243.2522735595703,98176600.0
2018-11-14,274.1600036621094,274.6099853515625,268.45001220703125,270.20001220703125,241.58920288085938,125335900.0
2018-11-15,268.7799987792969,273.5400085449219,267.010009765625,273.0199890136719,244.11058044433594,135101400.0
2018-11-16,271.7900085449219,274.75,271.2099914550781,273.7300109863281,244.74537658691406,126668000.0
2018-11-19,273.04998779296875,273.3800048828125,268.07000732421875,269.1000061035156,240.60568237304688,103061700.0
2018-11-20,265.3599853515625,267.0,263.1499938964844,264.1199951171875,236.1529541015625,136021300.0
2018-11-21,265.8599853515625,267.1499938964844,265.010009765625,265.0199890136719,236.95773315429688,75563700.0
2018-11-23,263.17999267578125,264.82000732421875,263.07000732421875,263.25,235.3751220703125,42807900.0
2018-11-26,265.7799987792969,267.75,265.3399963378906,267.5,239.1750946044922,79981400.0
2018-11-27,266.3399963378906,268.3999938964844,265.6600036621094,268.3999938964844,239.9797821044922,75502400.0
2018-11-28,269.6000061035156,274.5799865722656,268.3299865722656,274.5799865722656,245.50538635253906,127629600.0
2018-11-29,273.7099914550781,275.54998779296875,272.42999267578125,273.9800109863281,244.96893310546875,82346400.0
2018-11-30,273.80999755859375,276.2799987792969,273.45001220703125,275.6499938964844,246.46212768554688,98204200.0
2018-12-03,280.2799987792969,280.3999938964844,277.510009765625,279.29998779296875,249.72557067871094,103176300.0
2018-12-04,278.3699951171875,278.8500061035156,269.8999938964844,270.25,241.6339111328125,177986000.0
2018-12-06,265.9200134277344,269.9700012207031,262.44000244140625,269.8399963378906,241.26730346679688,204185400.0
2018-12-07,269.4599914550781,271.2200012207031,262.6300048828125,263.57000732421875,235.66119384765625,161018900.0
2018-12-10,263.3699951171875,265.1600036621094,258.6199951171875,264.07000732421875,236.10830688476562,151445900.0
2018-12-11,267.6600036621094,267.8699951171875,262.4800109863281,264.1300048828125,236.1619415283203,121504400.0
2018-12-12,267.4700012207031,269.0,265.3699951171875,265.4599914550781,237.35107421875,97976700.0
2018-12-13,266.5199890136719,267.489990234375,264.1199951171875,265.3699951171875,237.27064514160156,96662700.0
2018-12-14,262.9599914550781,264.0299987792969,259.8500061035156,260.4700012207031,232.88949584960938,116961100.0
2018-12-17,259.3999938964844,260.6499938964844,253.52999877929688,255.36000061035156,228.32061767578125,165492300.0
2018-12-18,257.20001220703125,257.95001220703125,253.27999877929688,255.0800018310547,228.0702362060547,134515100.0
2018-12-19,255.1699981689453,259.3999938964844,249.35000610351562,251.25999450683594,224.65469360351562,214992800.0
2018-12-20,249.86000061035156,251.6199951171875,244.64999389648438,247.1699981689453,220.99781799316406,252053400.0
2018-12-21,246.74000549316406,249.7100067138672,239.97999572753906,240.6999969482422,216.4696502685547,255345600.0
2018-12-24,239.0399932861328,240.83999633789062,234.27000427246094,234.33999633789062,210.74986267089844,147311600.0
2018-12-26,235.97000122070312,246.17999267578125,233.75999450683594,246.17999267578125,221.3979949951172,218485400.0
2018-12-27,242.57000732421875,248.2899932861328,238.9600067138672,248.07000732421875,223.09774780273438,186267300.0
2018-12-28,249.5800018310547,251.39999389648438,246.4499969482422,247.75,222.80990600585938,153100200.0
2018-12-31,249.55999755859375,250.19000244140625,247.47000122070312,249.9199981689453,224.76150512695312,144299400.0
2019-01-02,245.97999572753906,251.2100067138672,245.9499969482422,250.17999267578125,224.99534606933594,126925200.0
2019-01-03,248.22999572753906,248.57000732421875,243.6699981689453,244.2100067138672,219.62628173828125,144140700.0
2019-01-04,247.58999633789062,253.11000061035156,247.1699981689453,252.38999938964844,226.9828338623047,142628800.0
2019-01-07,252.69000244140625,255.9499969482422,251.69000244140625,254.3800048828125,228.7725372314453,103139100.0
2019-01-08,256.82000732421875,257.30999755859375,254.0,256.7699890136719,230.92193603515625,102512600.0
2019-01-09,257.55999755859375,258.9100036621094,256.19000244140625,257.9700012207031,232.0011749267578,95006600.0
2019-01-10,256.260009765625,259.1600036621094,255.5,258.8800048828125,232.81951904296875,96823900.0
2019-01-11,257.67999267578125,259.010009765625,257.0299987792969,258.9800109863281,232.90948486328125,73858100.0
2019-01-14,256.8599853515625,258.29998779296875,256.4100036621094,257.3999938964844,231.48849487304688,70908200.0
2019-01-15,257.82000732421875,260.70001220703125,257.80999755859375,260.3500061035156,234.1415557861328,85208300.0
2019-01-16,260.8299865722656,261.9700012207031,260.6000061035156,260.9800109863281,234.70816040039062,77636700.0
2019-01-17,260.010009765625,263.9200134277344,259.9599914550781,262.9599914550781,236.48878479003906,96118400.0
2019-01-18,264.9800109863281,266.9800109863281,263.0,266.4599914550781,239.63648986816406,127900300.0
2019-01-22,264.82000732421875,265.05999755859375,261.05999755859375,262.8599853515625,236.39886474609375,115531200.0
2019-01-23,264.010009765625,264.7900085449219,260.6600036621094,263.4100036621094,236.89349365234375,86030300.0
2019-01-24,263.2099914550781,264.20001220703125,262.0799865722656,263.54998779296875,237.0194091796875,59204100.0
2019-01-25,265.6099853515625,266.70001220703125,263.6600036621094,265.7799987792969,239.02496337890625,96883400.0
2019-01-28,263.3900146484375,263.8299865722656,261.7900085449219,263.760009765625,237.20834350585938,85613700.0
2019-01-29,263.9200134277344,264.54998779296875,262.4800109863281,263.4100036621094,236.89349365234375,66136300.0
2019-01-30,265.1000061035156,268.5199890136719,264.25,267.5799865722656,240.6436767578125,92473700.0
2019-01-31,267.510009765625,270.4700012207031,267.2699890136719,269.92999267578125,242.75717163085938,104012100.0
2019-02-01,270.1499938964844,271.20001220703125,269.17999267578125,270.05999755859375,242.8740234375,85782500.0
2019-02-04,270.1099853515625,272.0299987792969,269.3599853515625,271.9599914550781,244.58285522460938,60744800.0
2019-02-05,272.44000244140625,273.44000244140625,271.8800048828125,273.1000061035156,245.6081085205078,79552800.0
2019-02-06,272.7900085449219,273.3399963378906,271.9200134277344,272.739990234375,245.28431701660156,58347800.0
2019-02-07,270.94000244140625,271.54998779296875,268.2900085449219,270.1400146484375,242.94602966308594,95482000.0
2019-02-08,268.75,270.5799865722656,267.8299865722656,270.4700012207031,243.24281311035156,75788900.0
2019-02-11,271.20001220703125,271.489990234375,270.0299987792969,270.6199951171875,243.37774658203125,68021400.0
2019-02-12,272.4200134277344,274.5199890136719,272.3399963378906,274.1000061035156,246.5074462890625,72270200.0
2019-02-13,275.0299987792969,275.92999267578125,274.55999755859375,274.989990234375,247.30780029296875,65277200.0
2019-02-14,273.7799987792969,275.6400146484375,272.8699951171875,274.3800048828125,246.75921630859375,83234400.0
2019-02-15,276.3599853515625,277.4100036621094,276.1300048828125,277.3699951171875,249.4481964111328,97088700.0
2019-02-19,276.4800109863281,278.5799865722656,276.4700012207031,277.8500061035156,249.87989807128906,59120800.0
2019-02-20,277.80999755859375,278.9200134277344,277.25,278.4100036621094,250.38352966308594,76610800.0
2019-02-21,277.70001220703125,278.1000061035156,276.3500061035156,277.4200134277344,249.49322509765625,64214700.0
2019-02-22,278.1099853515625,279.3599853515625,277.3999938964844,279.1400146484375,251.04005432128906,78114600.0
2019-02-25,280.7300109863281,281.30999755859375,279.42999267578125,279.5199890136719,251.3817901611328,69030700.0
2019-02-26,279.1300048828125,280.29998779296875,278.8999938964844,279.32000732421875,251.20188903808594,56844100.0
2019-02-27,278.5199890136719,279.5899963378906,277.4800109863281,279.20001220703125,251.09397888183594,56921600.0
2019-02-28,278.9599914550781,279.45001220703125,278.32000732421875,278.67999267578125,250.62643432617188,69268300.0
2019-03-01,280.44000244140625,280.8800048828125,278.82000732421875,280.4200134277344,252.19117736816406,78880500.0
2019-03-04,281.6000061035156,281.8699951171875,276.8399963378906,279.3999938964844,251.27383422851562,106494600.0
2019-03-05,279.5400085449219,279.760009765625,278.4100036621094,279.0199890136719,250.93209838867188,59114600.0
2019-03-06,279.1499938964844,279.1600036621094,276.9700012207031,277.3299865722656,249.41220092773438,75039800.0
2019-03-07,276.8299865722656,276.989990234375,274.07000732421875,275.010009765625,247.32586669921875,94885100.0
2019-03-08,272.94000244140625,274.6499938964844,272.4200134277344,274.4599914550781,246.8311309814453,85795800.0
2019-03-11,275.260009765625,278.6199951171875,275.2300109863281,278.44000244140625,250.41049194335938,65098900.0
2019-03-12,279.05999755859375,280.07000732421875,278.8500061035156,279.489990234375,251.3547821044922,79667500.0
2019-03-13,280.4800109863281,282.3800048828125,280.29998779296875,281.3399963378906,253.0185546875,80639200.0
2019-03-14,281.3699951171875,281.8399963378906,280.6700134277344,281.1600036621094,252.856689453125,67518400.0
2019-03-15,280.5400085449219,282.2099914550781,280.3299865722656,281.30999755859375,254.1058807373047,81309000.0
2019-03-18,281.54998779296875,282.6600036621094,281.29998779296875,282.3299865722656,255.02734375,62199800.0
2019-03-19,283.510009765625,284.3599853515625,281.4100036621094,282.3999938964844,255.09048461914062,90268100.0
2019-03-20,282.1600036621094,283.5,280.32000732421875,281.54998779296875,254.32278442382812,84609200.0
2019-03-21,280.6400146484375,285.17999267578125,280.5899963378906,284.7300109863281,257.1952209472656,79550400.0
2019-03-22,283.2200012207031,283.79998779296875,279.17999267578125,279.25,252.24514770507812,122659300.0
2019-03-25,278.8699951171875,280.19000244140625,277.6400146484375,279.0400085449219,252.055419921875,85575200.0
2019-03-26,280.989990234375,282.17999267578125,279.55999755859375,281.1199951171875,253.93429565429688,68125900.0
2019-03-27,281.1099853515625,281.760009765625,277.92999267578125,279.6499938964844,252.60650634765625,72224700.0
2019-03-28,280.3500061035156,281.2099914550781,279.07000732421875,280.7099914550781,253.56398010253906,56238500.0
2019-03-29,282.3900146484375,282.8399963378906,281.1400146484375,282.4800109863281,255.16282653808594,82186800.0
2019-04-01,284.70001220703125,286.1600036621094,284.3999938964844,285.8299865722656,258.1887512207031,77617900.0
2019-04-02,286.0400085449219,286.2300109863281,285.0899963378906,285.9700012207031,258.3152770996094,40070400.0
2019-04-03,287.32000732421875,287.760009765625,285.75,286.4200134277344,258.7218017578125,68243200.0
2019-04-04,286.7799987792969,287.4599914550781,286.010009765625,287.17999267578125,259.4082336425781,48997500.0
2019-04-05,287.9200134277344,288.6300048828125,287.6000061035156,288.57000732421875,260.66387939453125,58621700.0
2019-04-08,288.1000061035156,288.9100036621094,287.3699951171875,288.7900085449219,260.862548828125,53566300.0
2019-04-09,287.7200012207031,288.0799865722656,286.70001220703125,287.30999755859375,259.52569580078125,66142300.0
2019-04-10,287.7699890136719,288.3900146484375,287.30999755859375,288.2900085449219,260.4109802246094,52601500.0
2019-04-11,288.8299865722656,288.8399963378906,287.5799865722656,288.2099914550781,260.3387145996094,55093100.0
2019-04-12,290.0,290.4700012207031,288.260009765625,290.1600036621094,262.10009765625,69727800.0
2019-04-15,290.239990234375,290.3500061035156,289.0799865722656,289.9700012207031,261.92852783203125,49596700.0
2019-04-16,290.95001220703125,291.010009765625,289.5,290.1600036621094,262.10009765625,52153200.0
2019-04-17,291.3999938964844,291.42999267578125,288.989990234375,289.45001220703125,261.458740234375,58268300.0
2019-04-18,290.1000061035156,290.32000732421875,288.6600036621094,290.0199890136719,261.97357177734375,68708500.0
2019-04-22,289.1700134277344,290.44000244140625,289.07000732421875,290.2699890136719,262.199462890625,40160100.0
2019-04-23,290.67999267578125,293.1400146484375,290.4200134277344,292.8800048828125,264.55712890625,52246600.0
2019-04-24,292.7900085449219,293.1600036621094,292.07000732421875,292.2300109863281,263.9700622558594,50392900.0
2019-04-25,292.1199951171875,292.7799987792969,290.7300109863281,292.04998779296875,263.8072204589844,57770900.0
2019-04-26,292.1000061035156,293.489990234375,291.239990234375,293.4100036621094,265.035888671875,50916400.0
2019-04-29,293.510009765625,294.45001220703125,293.4100036621094,293.8699951171875,265.4513854980469,57197700.0
2019-04-30,293.489990234375,294.3399963378906,291.9200134277344,294.0199890136719,265.58685302734375,81111700.0
2019-05-01,294.7200012207031,294.95001220703125,291.79998779296875,291.80999755859375,263.59051513671875,71671900.0
2019-05-02,291.67999267578125,292.70001220703125,289.5199890136719,291.17999267578125,263.0213928222656,65030200.0
2019-05-03,292.82000732421875,294.3399963378906,291.29998779296875,294.0299987792969,265.5957946777344,56543700.0
2019-05-06,289.25,293.30999755859375,288.8999938964844,292.82000732421875,264.50286865234375,107198100.0
2019-05-07,290.1499938964844,290.80999755859375,285.80999755859375,287.92999267578125,260.08575439453125,144729900.0
2019-05-08,287.5299987792969,289.42999267578125,286.8699951171875,287.5299987792969,259.7244873046875,91568300.0
2019-05-09,285.2300109863281,287.3299865722656,283.29998779296875,286.6600036621094,258.9385986328125,103471100.0
2019-05-10,285.6199951171875,288.94000244140625,282.29998779296875,288.1000061035156,260.2393493652344,112429300.0
2019-05-13,282.4200134277344,283.489990234375,279.92999267578125,280.8599853515625,253.699462890625,127290500.0
2019-05-14,281.989990234375,285.1000061035156,281.8500061035156,283.3999938964844,255.9938507080078,77003200.0
2019-05-15,281.5899963378906,285.7699890136719,281.3599853515625,285.05999755859375,257.4932861328125,73956400.0
2019-05-16,285.8399963378906,289.2099914550781,285.760009765625,287.70001220703125,259.8780212402344,76749600.0
2019-05-17,285.1400146484375,288.6000061035156,285.1199951171875,285.8399963378906,258.1978454589844,100353000.0
2019-05-20,284.05999755859375,285.9599914550781,283.1199951171875,283.95001220703125,256.49066162109375,62877600.0
2019-05-21,285.8299865722656,286.92999267578125,285.54998779296875,286.510009765625,258.8030700683594,46847100.0
2019-05-22,285.45001220703125,286.69000244140625,285.1000061035156,285.6300048828125,258.0081787109375,49482500.0
2019-05-23,283.1600036621094,283.2099914550781,280.57000732421875,282.1400146484375,254.85572814941406,98733800.0
2019-05-24,283.739990234375,284.20001220703125,282.0899963378906,282.7799987792969,255.4337615966797,55268100.0
2019-05-28,283.0899963378906,284.1499938964844,280.1300048828125,280.1499938964844,253.05816650390625,70029400.0
2019-05-29,278.9100036621094,279.3599853515625,276.7099914550781,278.2699890136719,251.3599090576172,104972900.0
2019-05-30,279.1099853515625,280.0400085449219,277.80999755859375,279.0299987792969,252.04638671875,62523800.0
2019-05-31,276.20001220703125,277.1199951171875,275.239990234375,275.2699890136719,248.65003967285156,86862800.0
2019-06-03,275.30999755859375,276.54998779296875,273.0899963378906,274.57000732421875,248.01771545410156,96428000.0
2019-06-04,277.1199951171875,280.67999267578125,276.6199951171875,280.5299987792969,253.40138244628906,77231900.0
2019-06-05,282.3299865722656,282.989990234375,280.32000732421875,282.9599914550781,255.59629821777344,71169700.0
2019-06-06,283.2900085449219,285.54998779296875,282.57000732421875,284.79998779296875,257.25836181640625,69430400.0
2019-06-07,285.92999267578125,288.8500061035156,285.739990234375,287.6499938964844,259.8328552246094,74272200.0
2019-06-10,289.3699951171875,290.82000732421875,288.8699951171875,288.9700012207031,261.02520751953125,60799100.0
2019-06-11,290.989990234375,291.3999938964844,288.17999267578125,288.8999938964844,260.96197509765625,58641300.0
2019-06-12,288.6400146484375,289.260009765625,287.82000732421875,288.3900146484375,260.5013122558594,47096300.0
2019-06-13,289.3999938964844,289.9800109863281,288.6199951171875,289.5799865722656,261.57623291015625,48945200.0
2019-06-14,289.260009765625,289.92999267578125,288.4100036621094,289.260009765625,261.2871398925781,52324700.0
2019-06-17,289.5199890136719,290.2200012207031,289.17999267578125,289.3699951171875,261.38653564453125,39205700.0
2019-06-18,291.3900146484375,293.57000732421875,290.989990234375,292.3999938964844,264.1235046386719,85434800.0
2019-06-19,292.54998779296875,293.6499938964844,291.4700012207031,293.05999755859375,264.7197265625,78674400.0
2019-06-20,296.0400085449219,296.30999755859375,293.1300048828125,295.8599853515625,267.2489318847656,116570000.0
2019-06-21,294.1300048828125,295.5199890136719,293.760009765625,294.0,266.8603820800781,83309500.0
2019-06-24,294.2300109863281,294.5799865722656,293.4700012207031,293.6400146484375,266.53363037109375,47582700.0
2019-06-25,293.70001220703125,293.7300109863281,290.6400146484375,290.760009765625,263.9194641113281,82028700.0
2019-06-26,291.75,292.30999755859375,290.3500061035156,290.4700012207031,263.6562805175781,51584900.0
2019-06-27,291.30999755859375,292.05999755859375,290.8900146484375,291.5,264.59124755859375,40355200.0
2019-06-28,292.5799865722656,293.54998779296875,292.010009765625,293.0,265.95269775390625,59350900.0
2019-07-01,296.67999267578125,296.9200134277344,294.3299865722656,295.6600036621094,268.36712646484375,78705600.0
2019-07-02,295.6099853515625,296.489990234375,294.67999267578125,296.42999267578125,269.0660705566406,61504500.0
2019-07-03,297.17999267578125,298.82000732421875,297.0199890136719,298.79998779296875,271.21728515625,40898900.0
2019-07-05,297.44000244140625,298.6400146484375,296.010009765625,298.4599914550781,270.9086608886719,51677300.0
2019-07-08,297.010009765625,298.260009765625,296.2200012207031,296.82000732421875,269.420166015625,45841800.0
2019-07-09,295.5400085449219,297.5199890136719,295.4800109863281,297.19000244140625,269.7558898925781,41101300.0
2019-07-10,298.3699951171875,299.6600036621094,297.7799987792969,298.6099853515625,271.0448303222656,58448500.0
2019-07-11,299.32000732421875,299.5799865722656,298.20001220703125,299.30999755859375,271.6802062988281,50826100.0
2019-07-12,299.8500061035156,300.7300109863281,299.510009765625,300.6499938964844,272.8966064453125,40326000.0
2019-07-15,301.1300048828125,301.1300048828125,300.19000244140625,300.75,272.9872741699219,33900000.0
2019-07-16,300.6499938964844,300.8800048828125,299.44000244140625,299.7799987792969,272.10687255859375,36650100.0
2019-07-17,299.75,299.92999267578125,297.739990234375,297.739990234375,270.255126953125,36036300.0
2019-07-18,297.19000244140625,299.25,296.70001220703125,298.8299865722656,271.2445068359375,51392600.0
2019-07-19,300.0400085449219,300.07000732421875,296.9800109863281,297.1700134277344,269.73779296875,58678600.0
2019-07-22,297.6099853515625,298.5,297.0400085449219,297.8999938964844,270.4004211425781,43638100.0
2019-07-23,299.1400146484375,300.0299987792969,298.2200012207031,300.0299987792969,272.3337097167969,44564500.0
2019-07-24,299.19000244140625,301.44000244140625,299.0899963378906,301.44000244140625,273.6136779785156,47213200.0
2019-07-25,300.94000244140625,301.0,299.1099853515625,300.0,272.3065185546875,55394100.0
2019-07-26,300.760009765625,302.2300109863281,300.6199951171875,302.010009765625,274.1310119628906,45084100.0
2019-07-29,301.8800048828125,302.010009765625,300.8500061035156,301.4599914550781,273.63177490234375,38126500.0
2019-07-30,299.9100036621094,301.1700134277344,299.489990234375,300.7200012207031,272.96002197265625,45849000.0
2019-07-31,300.989990234375,301.20001220703125,295.20001220703125,297.42999267578125,269.9737548828125,104245200.0
2019-08-01,297.6000061035156,300.8699951171875,293.9599914550781,294.8399963378906,267.6228942871094,142646600.0
2019-08-02,293.8500061035156,294.1199951171875,290.8999938964844,292.6199951171875,265.60772705078125,116749700.0
2019-08-05,288.0899963378906,288.2099914550781,281.7200012207031,283.82000732421875,257.62017822265625,178745400.0
2019-08-06,285.9100036621094,288.0400085449219,284.2799987792969,287.79998779296875,261.23284912109375,120711700.0
2019-08-07,284.3999938964844,288.82000732421875,282.0400085449219,287.9700012207031,261.3870849609375,140572300.0
2019-08-08,289.6199951171875,293.6199951171875,289.010009765625,293.6199951171875,266.5155029296875,87713900.0
2019-08-09,292.5799865722656,293.239990234375,289.6499938964844,291.6199951171875,264.7001037597656,93730000.0
2019-08-12,289.9599914550781,291.6099853515625,287.0199890136719,288.07000732421875,261.4778137207031,65527600.0
2019-08-13,287.739990234375,294.1499938964844,287.3599853515625,292.54998779296875,265.5442199707031,94299800.0
2019-08-14,288.07000732421875,288.739990234375,283.760009765625,283.8999938964844,257.6927185058594,135622100.0
2019-08-15,284.8800048828125,285.6400146484375,282.3900146484375,284.6499938964844,258.3735046386719,99556600.0
2019-08-16,286.4800109863281,289.3299865722656,284.7099914550781,288.8500061035156,262.1858215332031,83018300.0
2019-08-19,292.19000244140625,293.0799865722656,291.44000244140625,292.3299865722656,265.3445739746094,53571800.0
2019-08-20,291.7699890136719,292.3599853515625,289.95001220703125,290.0899963378906,263.3114013671875,51596400.0
2019-08-21,292.4800109863281,292.8599853515625,291.7200012207031,292.45001220703125,265.4534912109375,49524700.0
2019-08-22,293.2300109863281,293.92999267578125,290.3999938964844,292.3599853515625,265.3717346191406,51666400.0
2019-08-23,290.9200134277344,292.760009765625,283.4700012207031,284.8500061035156,258.5550842285156,149161500.0
2019-08-26,287.2699890136719,288.0,285.5799865722656,288.0,261.4142761230469,72423800.0
2019-08-27,289.5400085449219,289.95001220703125,286.0299987792969,286.8699951171875,260.38861083984375,66668900.0
2019-08-28,286.1400146484375,289.07000732421875,285.25,288.8900146484375,262.2221374511719,59696700.0
2019-08-29,291.7200012207031,293.1600036621094,290.6099853515625,292.5799865722656,265.57147216796875,57899400.0
2019-08-30,294.2200012207031,294.239990234375,291.4200134277344,292.45001220703125,265.4534912109375,62901200.0
2019-09-03,290.57000732421875,291.5799865722656,289.2699890136719,290.739990234375,263.90130615234375,69101400.0
2019-09-04,293.1400146484375,294.05999755859375,292.30999755859375,294.0400085449219,266.896728515625,46887300.0
2019-09-05,296.7900085449219,298.8299865722656,294.0,297.82000732421875,270.32769775390625,83258100.0
2019-09-06,298.1700134277344,298.760009765625,297.4200134277344,298.04998779296875,270.5365295410156,49584300.0
2019-09-09,299.1400146484375,299.239990234375,297.1600036621094,298.20001220703125,270.67279052734375,51260300.0
2019-09-10,297.3599853515625,298.20001220703125,295.9700012207031,298.1300048828125,270.6091003417969,57947100.0
2019-09-11,298.4700012207031,300.3399963378906,297.75,300.25,272.5334167480469,68821100.0
2019-09-12,301.25,302.4599914550781,300.4100036621094,301.2900085449219,273.47747802734375,72908700.0
2019-09-13,301.7799987792969,302.1700134277344,300.67999267578125,301.0899963378906,273.29583740234375,62104800.0
2019-09-16,299.8399963378906,301.1400146484375,299.45001220703125,300.1600036621094,272.4516906738281,58191200.0
2019-09-17,299.94000244140625,301.0199890136719,299.75,300.9200134277344,273.1415710449219,41475500.0
2019-09-18,300.489990234375,301.2200012207031,298.239990234375,301.1000061035156,273.3050537109375,73375800.0
2019-09-19,301.5299987792969,302.6300048828125,300.7099914550781,301.0799865722656,273.2867736816406,76560500.0
2019-09-20,300.3599853515625,300.6700134277344,297.4100036621094,298.2799987792969,271.99554443359375,89565000.0
2019-09-23,297.54998779296875,299.0,297.2699890136719,298.2099914550781,271.93182373046875,43476800.0
2019-09-24,299.4100036621094,299.8399963378906,294.80999755859375,295.8699951171875,269.7980041503906,94869400.0
2019-09-25,295.9599914550781,298.1099853515625,294.3299865722656,297.6199951171875,271.39373779296875,71854000.0
2019-09-26,297.6300048828125,297.8599853515625,295.45001220703125,297.0,270.828369140625,56179700.0
2019-09-27,297.8299865722656,297.95001220703125,293.69000244140625,295.3999938964844,269.36932373046875,84746600.0
2019-09-30,295.9700012207031,297.54998779296875,295.9200134277344,296.7699890136719,270.61859130859375,51662400.0
2019-10-01,297.739990234375,298.4599914550781,293.0,293.239990234375,267.3997497558594,88242400.0
2019-10-02,291.5,291.510009765625,286.6400146484375,288.05999755859375,262.6762390136719,122539500.0
2019-10-03,287.80999755859375,290.45001220703125,284.82000732421875,290.4200134277344,264.8282165527344,85278800.0
2019-10-04,291.1400146484375,294.6300048828125,291.0799865722656,294.3500061035156,268.4118347167969,65091200.0
2019-10-07,293.4700012207031,295.260009765625,292.7699890136719,293.0799865722656,267.25384521484375,59610500.0
2019-10-08,291.0400085449219,291.8500061035156,288.489990234375,288.5299987792969,263.1047668457031,95708100.0
2019-10-09,290.75,292.29998779296875,290.05999755859375,291.2699890136719,265.6033630371094,62359400.0
2019-10-10,291.17999267578125,294.2099914550781,291.0,293.239990234375,267.3997497558594,55296300.0
2019-10-11,296.2699890136719,298.739990234375,296.1400146484375,296.2799987792969,270.17181396484375,98720400.0
2019-10-14,295.92999267578125,296.6700134277344,295.57000732421875,295.95001220703125,269.8710021972656,40394800.0
2019-10-15,297.1000061035156,299.70001220703125,296.9700012207031,298.8800048828125,272.542724609375,46754500.0
2019-10-16,298.3699951171875,299.1600036621094,297.9200134277344,298.3999938964844,272.1050720214844,48928200.0
2019-10-17,299.67999267578125,300.239990234375,298.5199890136719,299.2799987792969,272.9074401855469,45736600.0
2019-10-18,298.69000244140625,299.3999938964844,297.0299987792969,297.9700012207031,271.7129821777344,64304000.0
2019-10-21,299.4200134277344,300.2099914550781,298.94000244140625,299.989990234375,273.5549011230469,39048600.0
2019-10-22,300.5799865722656,300.8999938964844,298.9100036621094,299.010009765625,272.6612854003906,48594700.0
2019-10-23,298.7300109863281,299.94000244140625,298.5,299.8800048828125,273.4544982910156,34352200.0
2019-10-24,300.9100036621094,301.07000732421875,299.4599914550781,300.3699951171875,273.9015197753906,35453100.0
2019-10-25,299.739990234375,302.20001220703125,299.67999267578125,301.6000061035156,275.0231018066406,45205400.0
2019-10-28,302.94000244140625,303.8500061035156,302.9100036621094,303.29998779296875,276.5732727050781,42147000.0
2019-10-29,303.0,304.2300109863281,302.8599853515625,303.2099914550781,276.4911804199219,44284900.0
2019-10-30,303.42999267578125,304.54998779296875,301.989990234375,304.1400146484375,277.33917236328125,49643900.0
2019-10-31,304.1300048828125,304.1300048828125,301.7300109863281,303.3299865722656,276.6005554199219,69053800.0
2019-11-01,304.9200134277344,306.19000244140625,304.739990234375,306.1400146484375,279.16302490234375,71141500.0
2019-11-04,307.8500061035156,308.0,306.9599914550781,307.3699951171875,280.2846374511719,60606900.0
2019-11-05,307.5899963378906,307.9200134277344,306.7099914550781,307.0299987792969,279.97454833984375,42933200.0
2019-11-06,307.0299987792969,307.3999938964844,306.05999755859375,307.1000061035156,280.0383605957031,46487100.0
2019-11-07,308.57000732421875,309.6499938964844,307.6600036621094,308.17999267578125,281.0232238769531,54272300.0
2019-11-08,307.79998779296875,309.0,307.0299987792969,308.94000244140625,281.71624755859375,49032100.0
2019-11-11,307.4200134277344,308.5400085449219,307.2699890136719,308.3500061035156,281.1783142089844,35797300.0
2019-11-12,308.75,309.989990234375,308.1499938964844,309.0,281.7709655761719,46484600.0
2019-11-13,307.9100036621094,309.5400085449219,307.6600036621094,309.1000061035156,281.86212158203125,53917700.0
2019-11-14,308.7900085449219,309.6400146484375,308.0899963378906,309.54998779296875,282.2724609375,51219900.0
2019-11-15,311.0199890136719,311.8399963378906,310.260009765625,311.7900085449219,284.31512451171875,62023600.0
2019-11-18,311.5299987792969,312.2799987792969,311.0299987792969,312.0199890136719,284.52484130859375,49228000.0
2019-11-19,312.67999267578125,312.69000244140625,311.2200012207031,311.92999267578125,284.4427185058594,67804700.0
2019-11-20,311.2799987792969,311.8500061035156,309.05999755859375,310.7699890136719,283.385009765625,79406200.0
2019-11-21,310.8900146484375,311.010009765625,309.3900146484375,310.2699890136719,282.92901611328125,54664700.0
2019-11-22,311.0899963378906,311.239990234375,309.8500061035156,310.9599914550781,283.5582275390625,44850200.0
2019-11-25,311.9800109863281,313.3699951171875,311.9800109863281,313.3699951171875,285.755859375,48647200.0
2019-11-26,313.4100036621094,314.2799987792969,313.05999755859375,314.0799865722656,286.4032897949219,37569000.0
2019-11-27,314.6099853515625,315.4800109863281,314.3699951171875,315.4800109863281,287.6799621582031,44444600.0
2019-11-29,314.8599853515625,315.1300048828125,314.05999755859375,314.30999755859375,286.6130676269531,36592700.0
2019-12-02,314.5899963378906,314.6600036621094,311.1700134277344,311.6400146484375,284.1783142089844,75767800.0
2019-12-03,308.6499938964844,309.6400146484375,307.1300048828125,309.54998779296875,282.2724609375,73941700.0
2019-12-04,310.70001220703125,312.1199951171875,310.32000732421875,311.4599914550781,284.01422119140625,49080000.0
2019-12-05,312.2300109863281,312.25,310.5799865722656,312.0199890136719,284.52484130859375,40709000.0
2019-12-06,314.1199951171875,315.30999755859375,314.1099853515625,314.8699951171875,287.1236877441406,48927000.0
2019-12-09,314.44000244140625,315.17999267578125,313.79998779296875,313.8800048828125,286.220947265625,34838500.0
2019-12-10,313.82000732421875,314.54998779296875,312.80999755859375,313.5299987792969,285.9017639160156,52649800.0
2019-12-11,314.0299987792969,314.70001220703125,313.44000244140625,314.4200134277344,286.71337890625,53429100.0
2019-12-12,314.42999267578125,317.989990234375,314.1700134277344,317.1300048828125,289.1845703125,96389600.0
2019-12-13,316.8699951171875,318.6700134277344,316.0199890136719,317.32000732421875,289.3578186035156,81503900.0
2019-12-16,319.2200012207031,320.1499938964844,317.25,319.5,291.3456726074219,82749700.0
2019-12-17,319.9200134277344,320.25,319.4800109863281,319.57000732421875,291.4095764160156,61097700.0
2019-12-18,320.0,320.25,319.5299987792969,319.5899963378906,291.42779541015625,48133000.0
2019-12-19,319.79998779296875,320.9800109863281,319.5199890136719,320.8999938964844,292.622314453125,85310500.0
2019-12-20,320.4599914550781,321.9700012207031,319.3900146484375,320.7300109863281,293.9052429199219,147142100.0
2019-12-23,321.5899963378906,321.6499938964844,321.05999755859375,321.2200012207031,294.35430908203125,52990000.0
2019-12-24,321.4700012207031,321.5199890136719,320.8999938964844,321.2300109863281,294.36346435546875,20270000.0
2019-12-26,321.6499938964844,322.95001220703125,321.6400146484375,322.94000244140625,295.93035888671875,30911200.0
2019-12-27,323.739990234375,323.79998779296875,322.2799987792969,322.8599853515625,295.85711669921875,42528800.0
2019-12-30,322.95001220703125,323.1000061035156,320.54998779296875,321.0799865722656,294.2259826660156,49729100.0
2019-12-31,320.5299987792969,322.1300048828125,320.1499938964844,321.8599853515625,294.9407653808594,57077300.0
2020-01-02,323.5400085449219,324.8900146484375,322.5299987792969,324.8699951171875,297.6989440917969,59151200.0
2020-01-03,321.1600036621094,323.6400146484375,321.1000061035156,322.4100036621094,295.44476318359375,77709700.0
2020-01-06,320.489990234375,323.7300109863281,320.3599853515625,323.6400146484375,296.5718688964844,55653900.0
2020-01-07,323.0199890136719,323.5400085449219,322.239990234375,322.7300109863281,295.7379150390625,40496400.0
2020-01-08,322.94000244140625,325.7799987792969,322.6700134277344,324.45001220703125,297.3140869140625,68296000.0
2020-01-09,326.1600036621094,326.7300109863281,325.5199890136719,326.6499938964844,299.3301086425781,48473300.0
2020-01-10,327.2900085449219,327.4599914550781,325.20001220703125,325.7099914550781,298.46868896484375,53029300.0
2020-01-13,326.3900146484375,327.9599914550781,325.9200134277344,327.95001220703125,300.5213928222656,47086800.0
2020-01-14,327.4700012207031,328.6199951171875,326.8399963378906,327.45001220703125,300.063232421875,62832800.0
2020-01-15,327.3500061035156,329.0199890136719,327.260009765625,328.19000244140625,300.7413635253906,72056600.0
2020-01-16,329.70001220703125,330.9200134277344,329.45001220703125,330.9200134277344,303.2430114746094,54050300.0
2020-01-17,331.70001220703125,332.17999267578125,330.8500061035156,331.95001220703125,304.18682861328125,95846000.0
2020-01-21,330.8999938964844,332.17999267578125,330.82000732421875,331.29998779296875,303.5911865234375,77742400.0
2020-01-22,332.239990234375,332.95001220703125,331.1700134277344,331.3399963378906,303.6278381347656,48914900.0
2020-01-23,330.6300048828125,332.1700134277344,329.4100036621094,331.7200012207031,303.9760437011719,51963000.0
2020-01-24,332.44000244140625,332.5299987792969,327.3599853515625,328.7699890136719,301.2728576660156,87578400.0
2020-01-27,323.0299987792969,325.1199951171875,322.6600036621094,323.5,296.4435729980469,84062500.0
2020-01-28,325.05999755859375,327.8500061035156,323.6000061035156,326.8900146484375,299.550048828125,63834000.0
2020-01-29,328.3800048828125,328.6300048828125,326.3999938964844,326.6199951171875,299.3026428222656,53888900.0
2020-01-30,324.3599853515625,327.9100036621094,323.5400085449219,327.67999267578125,300.2739562988281,75491800.0
2020-01-31,327.0,327.1700134277344,320.7300109863281,321.7300109863281,294.8217468261719,113845600.0
2020-02-03,323.3500061035156,326.1600036621094,323.2200012207031,324.1199951171875,297.01165771484375,69083000.0
2020-02-04,328.07000732421875,330.010009765625,327.7200012207031,329.05999755859375,301.53851318359375,62573200.0
2020-02-05,332.2699890136719,333.0899963378906,330.6700134277344,332.8599853515625,305.020751953125,65951100.0
2020-02-06,333.9100036621094,334.19000244140625,332.79998779296875,333.9800109863281,306.047119140625,50359700.0
2020-02-07,332.82000732421875,333.989990234375,331.6000061035156,332.20001220703125,304.41595458984375,64139400.0
2020-02-10,331.2300109863281,334.75,331.19000244140625,334.67999267578125,306.6885070800781,42070000.0
2020-02-11,336.1600036621094,337.0199890136719,334.67999267578125,335.260009765625,307.2200927734375,54864500.0
2020-02-12,336.8299865722656,337.6499938964844,336.42999267578125,337.4200134277344,309.1994323730469,43992700.0
2020-02-13,335.8599853515625,338.1199951171875,335.55999755859375,337.05999755859375,308.8694152832031,54501900.0
2020-02-14,337.510009765625,337.7300109863281,336.20001220703125,337.6000061035156,309.3643493652344,64582200.0
2020-02-18,336.510009765625,337.6700134277344,335.2099914550781,336.7300109863281,308.5670471191406,57226200.0
2020-02-19,337.7900085449219,339.0799865722656,337.4800109863281,338.3399963378906,310.0424499511719,48814700.0
2020-02-20,337.739990234375,338.6400146484375,333.67999267578125,336.95001220703125,308.7686462402344,74163400.0
2020-02-21,335.4700012207031,335.80999755859375,332.5799865722656,333.4800109863281,305.5888977050781,113788200.0
2020-02-24,323.1400146484375,333.55999755859375,321.239990234375,322.4200134277344,295.4538879394531,161088400.0
2020-02-25,323.94000244140625,324.6099853515625,311.69000244140625,312.6499938964844,286.5010681152344,218913200.0
2020-02-26,314.17999267578125,318.1099853515625,310.70001220703125,311.5,285.447265625,194773800.0
2020-02-27,305.4599914550781,311.55999755859375,297.510009765625,297.510009765625,272.6273498535156,284353500.0
2020-02-28,288.70001220703125,297.8900146484375,285.5400085449219,296.260009765625,271.4818420410156,384975800.0
2020-03-02,298.2099914550781,309.1600036621094,294.4599914550781,309.0899963378906,283.2388610839844,238703600.0
2020-03-03,309.5,313.8399963378906,297.57000732421875,300.239990234375,275.12896728515625,300139100.0
2020-03-04,306.1199951171875,313.1000061035156,303.3299865722656,312.8599853515625,286.6934814453125,176613400.0
2020-03-05,304.9800109863281,308.4700012207031,300.010009765625,302.4599914550781,277.1632385253906,186366800.0
2020-03-06,293.1499938964844,298.7799987792969,290.2300109863281,297.4599914550781,272.5814514160156,228667200.0
2020-03-09,275.29998779296875,284.19000244140625,273.45001220703125,274.2300109863281,251.2943572998047,309417300.0
2020-03-10,284.6400146484375,288.5199890136719,273.5,288.4200134277344,264.2975769042969,276444100.0
2020-03-11,280.70001220703125,281.94000244140625,270.8800048828125,274.3599853515625,251.4134521484375,255316300.0
2020-03-12,256.0,266.6600036621094,247.67999267578125,248.11000061035156,227.35894775390625,392220700.0
2020-03-13,263.0899963378906,271.4800109863281,248.52000427246094,269.32000732421875,246.7949981689453,329566100.0
2020-03-16,241.17999267578125,256.8999938964844,237.36000061035156,239.85000610351562,219.78976440429688,297240000.0
2020-03-17,245.0399932861328,256.1700134277344,237.07000732421875,252.8000030517578,231.65667724609375,262070500.0
2020-03-18,236.25,248.3699951171875,228.02000427246094,240.0,219.92721557617188,327597100.0
2020-03-19,239.25,247.3800048828125,232.22000122070312,240.50999450683594,220.39459228515625,289322000.0
2020-03-20,242.52999877929688,244.47000122070312,228.5,228.8000030517578,210.89683532714844,347158800.0
2020-03-23,228.19000244140625,229.67999267578125,218.25999450683594,222.9499969482422,205.50457763671875,326025200.0
2020-03-24,234.4199981689453,244.10000610351562,233.8000030517578,243.14999389648438,224.1239776611328,235494500.0
2020-03-25,244.8699951171875,256.3500061035156,239.75,246.7899932861328,227.47915649414062,299430300.0
2020-03-26,249.52000427246094,262.79998779296875,249.0500030517578,261.20001220703125,240.76161193847656,257632800.0
2020-03-27,253.27000427246094,260.80999755859375,251.0500030517578,253.4199981689453,233.59034729003906,224341200.0
2020-03-30,255.6999969482422,262.42999267578125,253.52999877929688,261.6499938964844,241.17636108398438,171369500.0
2020-03-31,260.55999755859375,263.3299865722656,256.2200012207031,257.75,237.58155822753906,194881100.0
2020-04-01,247.97999572753906,257.6600036621094,243.89999389648438,246.14999389648438,226.8892059326172,189554600.0
2020-04-02,245.19000244140625,252.67999267578125,244.58999633789062,251.8300018310547,232.124755859375,177660400.0
2020-04-03,250.75999450683594,253.32000732421875,245.22000122070312,248.19000244140625,228.76959228515625,135561200.0
2020-04-06,257.8399963378906,267.0,248.1699981689453,264.8599853515625,244.13519287109375,188061200.0
2020-04-07,274.2099914550781,275.0299987792969,264.8900146484375,265.1300048828125,244.38412475585938,201427200.0
2020-04-08,267.9599914550781,276.0,265.25,274.0299987792969,252.58770751953125,153774500.0
2020-04-09,277.5799865722656,281.20001220703125,275.4700012207031,278.20001220703125,256.43133544921875,189999200.0
2020-04-13,277.1400146484375,277.510009765625,271.4100036621094,275.6600036621094,254.09017944335938,114839100.0
2020-04-14,280.9800109863281,284.8999938964844,275.510009765625,283.7900085449219,261.583984375,134143400.0
2020-04-15,277.57000732421875,283.94000244140625,275.4599914550781,277.760009765625,256.02581787109375,121775000.0
2020-04-16,279.1499938964844,280.0299987792969,275.760009765625,279.1000061035156,257.260986328125,131798300.0
2020-04-17,285.3800048828125,287.29998779296875,282.3999938964844,286.6400146484375,264.21099853515625,146684800.0
2020-04-20,282.6099853515625,286.7900085449219,281.3500061035156,281.5899963378906,259.55609130859375,100109300.0
2020-04-21,276.7300109863281,278.0400085449219,272.0199890136719,273.0400085449219,251.67515563964844,126385700.0
2020-04-22,278.3500061035156,281.0,276.9100036621094,279.1000061035156,257.260986328125,92951600.0
2020-04-23,280.489990234375,283.94000244140625,278.75,279.0799865722656,257.2425231933594,104709700.0
2020-04-24,280.7300109863281,283.70001220703125,278.5,282.9700012207031,260.8281555175781,85063200.0
2020-04-27,285.1199951171875,288.2699890136719,284.6199951171875,287.04998779296875,264.58880615234375,77896600.0
2020-04-28,291.0199890136719,291.3999938964844,285.3999938964844,285.7300109863281,263.3721008300781,105270000.0
2020-04-29,291.5299987792969,294.8800048828125,290.4100036621094,293.2099914550781,270.2668762207031,118745600.0
2020-04-30,291.7099914550781,293.32000732421875,288.5899963378906,290.4800109863281,267.75048828125,122901700.0
2020-05-01,285.30999755859375,290.6600036621094,281.5199890136719,282.7900085449219,260.6623229980469,125180000.0
2020-05-04,280.739990234375,283.8999938964844,279.1300048828125,283.57000732421875,261.3811340332031,80873200.0
2020-05-05,286.6400146484375,289.25,283.7099914550781,286.19000244140625,263.796142578125,79569900.0
2020-05-06,288.0400085449219,288.4599914550781,283.7799987792969,284.25,262.0079650878906,73632600.0
2020-05-07,287.75,289.7799987792969,287.1300048828125,287.67999267578125,265.1695556640625,75250400.0
2020-05-08,291.0899963378906,292.95001220703125,289.8599853515625,292.44000244140625,269.55718994140625,76452400.0
2020-05-11,290.3399963378906,294.0,289.8800048828125,292.5,269.6123352050781,79514200.0
2020-05-12,293.7900085449219,294.239990234375,286.5199890136719,286.6700134277344,264.2386169433594,95870800.0
2020-05-13,286.05999755859375,287.19000244140625,278.9599914550781,281.6000061035156,259.5653381347656,144721100.0
2020-05-14,278.95001220703125,285.1099853515625,272.989990234375,284.9700012207031,262.6716003417969,121977900.0
2020-05-15,282.3699951171875,286.3299865722656,281.3399963378906,286.2799987792969,263.8791809082031,111146300.0
2020-05-18,293.04998779296875,296.75,292.70001220703125,295.0,271.9168395996094,119703800.0
2020-05-19,294.3500061035156,296.2099914550781,291.95001220703125,291.9700012207031,269.1238708496094,95189300.0
2020-05-20,295.82000732421875,297.8699951171875,295.57000732421875,296.92999267578125,273.6958312988281,85861700.0
2020-05-21,296.7900085449219,297.6700134277344,293.69000244140625,294.8800048828125,271.8061218261719,78293900.0
2020-05-22,294.57000732421875,295.6300048828125,293.2200012207031,295.44000244140625,272.3223876953125,63958200.0
2020-05-26,301.92999267578125,302.19000244140625,295.4599914550781,299.0799865722656,275.6776123046875,88951400.0
2020-05-27,302.1199951171875,303.57000732421875,296.8699951171875,303.5299987792969,279.7793884277344,104817400.0
2020-05-28,304.6499938964844,306.8399963378906,302.239990234375,302.9700012207031,279.2631530761719,90405200.0
2020-05-29,302.4599914550781,304.9599914550781,299.4700012207031,304.32000732421875,280.5075378417969,119090800.0
2020-06-01,303.6199951171875,306.2099914550781,303.05999755859375,305.54998779296875,281.6412353515625,55758300.0
2020-06-02,306.54998779296875,308.1300048828125,305.1000061035156,308.0799865722656,283.97332763671875,74267200.0
2020-06-03,310.239990234375,313.2200012207031,309.94000244140625,312.17999267578125,287.75244140625,92567600.0
2020-06-04,311.1099853515625,313.0,309.0799865722656,311.3599853515625,286.9966735839844,75794400.0
2020-06-05,317.2300109863281,321.2699890136719,317.1600036621094,319.3399963378906,294.3522033691406,150524700.0
2020-06-08,320.2200012207031,323.4100036621094,319.6300048828125,323.20001220703125,297.9102478027344,73641200.0
2020-06-09,320.29998779296875,323.2799987792969,319.3599853515625,320.7900085449219,295.6888427734375,77479200.0
2020-06-10,321.4200134277344,322.3900146484375,318.2200012207031,319.0,294.03887939453125,95000800.0
2020-06-11,311.4599914550781,312.1499938964844,300.010009765625,300.6099853515625,277.0877990722656,209243600.0
2020-06-12,308.239990234375,309.0799865722656,298.6000061035156,304.2099914550781,280.4061279296875,194678900.0
2020-06-15,298.0199890136719,308.2799987792969,296.739990234375,307.04998779296875,283.02392578125,135782700.0
2020-06-16,315.4800109863281,315.6400146484375,307.6700134277344,312.9599914550781,288.47149658203125,137627500.0
2020-06-17,314.07000732421875,314.3900146484375,310.8599853515625,311.6600036621094,287.2731628417969,83398900.0
2020-06-18,310.010009765625,312.29998779296875,309.510009765625,311.7799987792969,287.3837585449219,80828700.0
2020-06-19,314.1700134277344,314.3800048828125,306.5299987792969,308.6400146484375,285.7414245605469,135549600.0
2020-06-22,307.989990234375,311.04998779296875,306.75,310.6199951171875,287.57452392578125,74649400.0
2020-06-23,313.489990234375,314.5,311.6099853515625,312.04998779296875,288.8984375,68471200.0
2020-06-24,309.8399963378906,310.510009765625,302.1000061035156,304.0899963378906,281.5289611816406,132813500.0
2020-06-25,303.4700012207031,307.6400146484375,301.2799987792969,307.3500061035156,284.54718017578125,89468000.0
2020-06-26,306.1600036621094,306.3900146484375,299.4200134277344,300.04998779296875,277.7886657714844,127961000.0
2020-06-29,301.4100036621094,304.6099853515625,298.92999267578125,304.4599914550781,281.8714904785156,79773300.0
2020-06-30,303.989990234375,310.20001220703125,303.82000732421875,308.3599853515625,285.4821472167969,113394800.0
2020-07-01,309.57000732421875,311.8900146484375,309.07000732421875,310.5199890136719,287.48187255859375,72396500.0
2020-07-02,314.239990234375,315.70001220703125,311.510009765625,312.2300109863281,289.0650939941406,69344200.0
2020-07-06,316.3699951171875,317.67999267578125,315.55999755859375,317.04998779296875,293.5274353027344,61713800.0
2020-07-07,315.3800048828125,317.5199890136719,313.3699951171875,313.7799987792969,290.5001220703125,82910000.0
2020-07-08,314.6099853515625,316.29998779296875,312.70001220703125,316.17999267578125,292.7220458984375,54638600.0
2020-07-09,316.8399963378906,317.1000061035156,310.67999267578125,314.3800048828125,291.0555725097656,83354200.0
2020-07-10,314.30999755859375,317.8800048828125,312.760009765625,317.5899963378906,294.0274353027344,57550400.0
2020-07-13,320.1300048828125,322.7099914550781,314.1300048828125,314.8399963378906,291.4814453125,102997500.0
2020-07-14,313.29998779296875,319.760009765625,312.0,318.9200134277344,295.2587585449219,93657000.0
2020-07-15,322.4100036621094,323.0400085449219,319.2699890136719,321.8500061035156,297.9713439941406,87196500.0
2020-07-16,319.7900085449219,321.2799987792969,319.0899963378906,320.7900085449219,296.9900207519531,54622500.0
2020-07-17,321.8800048828125,322.57000732421875,319.739990234375,321.7200012207031,297.85101318359375,62774900.0
2020-07-20,321.42999267578125,325.1300048828125,320.6199951171875,324.32000732421875,300.2581481933594,56308800.0
2020-07-21,326.45001220703125,326.92999267578125,323.94000244140625,325.010009765625,300.89697265625,57292200.0
2020-07-22,324.6199951171875,327.20001220703125,324.5,326.8599853515625,302.6096496582031,57792900.0
2020-07-23,326.4700012207031,327.2300109863281,321.4800109863281,322.9599914550781,298.9990539550781,75738000.0
2020-07-24,320.95001220703125,321.989990234375,319.25,320.8800048828125,297.0733947753906,73766600.0
2020-07-27,321.6300048828125,323.4100036621094,320.7699890136719,323.2200012207031,299.2397766113281,48293000.0
2020-07-28,322.42999267578125,323.6400146484375,320.8500061035156,321.1700134277344,297.341796875,57495000.0
2020-07-29,322.1199951171875,325.7300109863281,322.0799865722656,325.1199951171875,300.9987487792969,48454200.0
2020-07-30,321.8999938964844,324.4100036621094,319.6400146484375,323.9599914550781,299.9247741699219,61861700.0
2020-07-31,325.8999938964844,326.6300048828125,321.3299865722656,326.5199890136719,302.2948913574219,84986800.0
2020-08-03,328.32000732421875,329.6199951171875,327.7300109863281,328.7900085449219,304.3965148925781,53077900.0
2020-08-04,327.8599853515625,330.05999755859375,327.8599853515625,330.05999755859375,305.57220458984375,41917900.0
2020-08-05,331.4700012207031,332.3900146484375,331.17999267578125,332.1099853515625,307.4701843261719,42697700.0
2020-08-06,331.4800109863281,334.4599914550781,331.1300048828125,334.3299865722656,309.52545166015625,43679400.0
2020-08-07,333.2799987792969,334.8800048828125,332.29998779296875,334.57000732421875,309.74761962890625,57308300.0
2020-08-10,335.05999755859375,335.7699890136719,332.9599914550781,335.57000732421875,310.6734924316406,44282100.0
2020-08-11,336.8500061035156,337.5400085449219,332.010009765625,332.79998779296875,308.10894775390625,69601100.0
2020-08-12,335.44000244140625,338.2799987792969,335.4100036621094,337.44000244140625,312.4047546386719,53774400.0
2020-08-13,336.6099853515625,338.25,335.8299865722656,336.8299865722656,311.8399658203125,41816100.0
2020-08-14,336.4100036621094,337.4200134277344,335.6199951171875,336.8399963378906,311.84918212890625,47260400.0
2020-08-17,337.94000244140625,338.3399963378906,336.8500061035156,337.9100036621094,312.8398132324219,35481000.0
2020-08-18,338.3399963378906,339.1000061035156,336.6099853515625,338.6400146484375,313.5156555175781,38733900.0
2020-08-19,339.04998779296875,339.6099853515625,336.6199951171875,337.2300109863281,312.2102966308594,68054200.0
2020-08-20,335.3599853515625,338.79998779296875,335.2200012207031,338.2799987792969,313.182373046875,42207800.0
2020-08-21,337.9200134277344,339.7200012207031,337.54998779296875,339.4800109863281,314.2933654785156,55106600.0
2020-08-24,342.1199951171875,343.0,339.45001220703125,342.9200134277344,317.47821044921875,48588700.0
2020-08-25,343.5299987792969,344.2099914550781,342.2699890136719,344.1199951171875,318.5890808105469,38463400.0
2020-08-26,344.760009765625,347.8599853515625,344.1700134277344,347.57000732421875,321.78314208984375,50790200.0
2020-08-27,348.510009765625,349.8999938964844,346.5299987792969,348.3299865722656,322.48675537109375,58034100.0
2020-08-28,349.44000244140625,350.7200012207031,348.1499938964844,350.5799865722656,324.5698547363281,48588900.0
2020-08-31,350.3500061035156,351.29998779296875,349.05999755859375,349.30999755859375,323.3940124511719,66099200.0
2020-09-01,350.2099914550781,352.7099914550781,349.239990234375,352.6000061035156,326.4399108886719,54908700.0
2020-09-02,354.6700134277344,358.75,353.42999267578125,357.70001220703125,331.16162109375,69540000.0
2020-09-03,355.8699951171875,356.3800048828125,342.5899963378906,345.3900146484375,319.764892578125,148011100.0
2020-09-04,346.1300048828125,347.8299865722656,334.8699951171875,342.57000732421875,317.154052734375,139156300.0
2020-09-08,336.7099914550781,342.6400146484375,332.8800048828125,333.2099914550781,308.4884948730469,114465300.0
2020-09-09,337.54998779296875,342.4599914550781,336.6099853515625,339.7900085449219,314.580322265625,91462300.0
2020-09-10,341.82000732421875,342.5299987792969,332.8500061035156,333.8900146484375,309.1180725097656,90569500.0
2020-09-11,335.82000732421875,336.9700012207031,331.0,334.05999755859375,309.2754821777344,84680200.0
2020-09-14,337.489990234375,340.3800048828125,334.2200012207031,338.4599914550781,313.3490295410156,65605700.0
2020-09-15,341.1199951171875,342.0199890136719,338.4700012207031,340.1700134277344,314.9321594238281,52920900.0
2020-09-16,341.510009765625,343.05999755859375,338.5199890136719,338.82000732421875,313.68231201171875,82096000.0
2020-09-17,333.55999755859375,337.70001220703125,332.989990234375,335.8399963378906,310.9234924316406,91523300.0
2020-09-18,335.3699951171875,335.489990234375,327.9700012207031,330.6499938964844,307.3438415527344,105877900.0
2020-09-21,325.70001220703125,327.1300048828125,321.7300109863281,326.9700012207031,303.9231872558594,99450800.0
2020-09-22,328.57000732421875,330.8999938964844,325.8599853515625,330.29998779296875,307.01849365234375,63612100.0
2020-09-23,330.8999938964844,331.20001220703125,322.1000061035156,322.6400146484375,299.8984069824219,93112200.0
2020-09-24,321.2200012207031,326.79998779296875,319.79998779296875,323.5,300.6977844238281,76681300.0
2020-09-25,322.5799865722656,329.5799865722656,321.6400146484375,328.7300109863281,305.55926513671875,71069400.0
2020-09-28,333.2200012207031,334.9599914550781,332.1499938964844,334.19000244140625,310.6343688964844,64584600.0
2020-09-29,333.9700012207031,334.7699890136719,331.6199951171875,332.3699951171875,308.9425964355469,51304000.0
2020-09-30,333.0899963378906,338.2900085449219,332.8800048828125,334.8900146484375,311.2850036621094,104081100.0
2020-10-01,337.69000244140625,338.739990234375,335.010009765625,337.0400085449219,313.283447265625,88698700.0
2020-10-02,331.70001220703125,337.010009765625,331.19000244140625,333.8399963378906,310.3089904785156,89431100.0
2020-10-05,336.05999755859375,339.9599914550781,336.010009765625,339.760009765625,315.8117980957031,45713100.0
2020-10-06,339.9100036621094,342.1700134277344,334.3800048828125,334.92999267578125,311.3221740722656,90128900.0
2020-10-07,338.1199951171875,341.6300048828125,338.0899963378906,340.760009765625,316.7413024902344,56999600.0
2020-10-08,342.8500061035156,343.8500061035156,341.8599853515625,343.7799987792969,319.54833984375,45242500.0
2020-10-09,345.55999755859375,347.3500061035156,344.8900146484375,346.8500061035156,322.40203857421875,59528600.0
2020-10-12,349.5899963378906,354.0199890136719,349.05999755859375,352.42999267578125,327.5886535644531,80388500.0
2020-10-13,352.2799987792969,352.4700012207031,349.0899963378906,350.1300048828125,325.45074462890625,73255500.0
2020-10-14,350.75,351.92999267578125,347.1400146484375,347.92999267578125,323.4058532714844,57727900.0
2020-10-15,343.7099914550781,348.0199890136719,343.1300048828125,347.5,323.00616455078125,60357700.0
2020-10-16,348.9599914550781,350.75,347.1000061035156,347.2900085449219,322.8110046386719,89501900.0
2020-10-19,348.6499938964844,349.3299865722656,341.0400085449219,342.010009765625,317.9031982421875,68425600.0
2020-10-20,343.4599914550781,346.8800048828125,342.6400146484375,343.3800048828125,319.1766357421875,60051900.0
2020-10-21,343.3299865722656,345.6700134277344,342.3999938964844,342.7300109863281,318.57244873046875,63575000.0
2020-10-22,342.9599914550781,345.239990234375,340.6499938964844,344.6099853515625,320.3198547363281,55399300.0
2020-10-23,345.92999267578125,345.989990234375,343.1300048828125,345.7799987792969,321.4073791503906,49143900.0
2020-10-26,342.1300048828125,342.9800109863281,335.6199951171875,339.3900146484375,315.4678039550781,91473000.0
2020-10-27,339.760009765625,340.1199951171875,337.989990234375,338.2200012207031,314.3802490234375,65994100.0
2020-10-28,332.1000061035156,338.25,326.1300048828125,326.6600036621094,303.6351623535156,127094300.0
2020-10-29,326.9100036621094,333.3999938964844,325.0899963378906,329.9800109863281,306.72113037109375,90597700.0
2020-10-30,328.2799987792969,329.69000244140625,322.6000061035156,326.5400085449219,303.5235290527344,120287300.0
2020-11-02,330.20001220703125,332.3599853515625,327.239990234375,330.20001220703125,306.9255676269531,86068300.0
2020-11-03,333.69000244140625,338.25,330.2900085449219,336.0299987792969,312.3446044921875,93294200.0
2020-11-04,340.8599853515625,347.94000244140625,339.5899963378906,343.5400085449219,319.3252868652344,126959700.0
2020-11-05,349.239990234375,352.19000244140625,348.8599853515625,350.239990234375,325.55303955078125,82039700.0
2020-11-06,349.92999267578125,351.510009765625,347.6499938964844,350.1600036621094,325.47869873046875,74973000.0
2020-11-09,363.9700012207031,364.3800048828125,354.05999755859375,354.55999755859375,329.5685119628906,172304200.0
2020-11-10,353.489990234375,355.17999267578125,350.510009765625,354.0400085449219,329.0851745605469,85552000.0
2020-11-11,356.3999938964844,357.55999755859375,355.05999755859375,356.6700134277344,331.5298156738281,58649000.0
2020-11-12,355.5799865722656,356.7200012207031,351.260009765625,353.2099914550781,328.31365966796875,67546200.0
2020-11-13,355.2699890136719,358.8999938964844,354.7099914550781,358.1000061035156,332.8589782714844,62892200.0
2020-11-16,360.9800109863281,362.7799987792969,359.5899963378906,362.57000732421875,337.01397705078125,74541100.0
2020-11-17,359.9700012207031,361.9200134277344,358.3399963378906,360.6199951171875,335.20135498046875,66111000.0
2020-11-18,360.9100036621094,361.5,356.239990234375,356.2799987792969,331.16729736328125,70591300.0
2020-11-19,355.6000061035156,358.17999267578125,354.1499938964844,357.7799987792969,332.5615539550781,59940900.0
2020-11-20,357.5,357.7200012207031,355.25,355.3299865722656,330.2843017578125,70417300.0
2020-11-23,357.2799987792969,358.82000732421875,354.8699951171875,357.4599914550781,332.26416015625,63230600.0
2020-11-24,360.2099914550781,363.80999755859375,359.2900085449219,363.2200012207031,337.6181640625,62415900.0
2020-11-25,363.1300048828125,363.1600036621094,361.4800109863281,362.6600036621094,337.0975646972656,45330900.0
2020-11-27,363.8399963378906,364.17999267578125,362.5799865722656,363.6700134277344,338.0364074707031,28514100.0
2020-11-30,362.8299865722656,363.1199951171875,359.1700134277344,362.05999755859375,336.5399169921875,83872700.0
2020-12-01,365.57000732421875,367.67999267578125,364.92999267578125,366.0199890136719,340.220703125,74231400.0
2020-12-02,364.82000732421875,366.9599914550781,364.20001220703125,366.7900085449219,340.9365539550781,45927000.0
2020-12-03,366.67999267578125,368.19000244140625,365.5,366.69000244140625,340.8435363769531,62882000.0
2020-12-04,367.32000732421875,369.8500061035156,367.2200012207031,369.8500061035156,343.78082275390625,50749900.0
2020-12-07,369.0199890136719,369.6199951171875,367.7200012207031,369.0899963378906,343.07440185546875,48944300.0
2020-12-08,367.7200012207031,370.7799987792969,367.6700134277344,370.1700134277344,344.0782775878906,42458900.0
2020-12-09,370.8800048828125,371.04998779296875,365.95001220703125,366.8500061035156,340.99224853515625,74098300.0
2020-12-10,365.3699951171875,367.8599853515625,364.42999267578125,366.7300109863281,340.8807373046875,57735400.0
2020-12-11,364.8999938964844,366.739990234375,363.260009765625,366.29998779296875,340.48101806640625,57698600.0
2020-12-14,368.6400146484375,369.79998779296875,364.4700012207031,364.6600036621094,338.9566955566406,69216200.0
2020-12-15,367.3999938964844,369.5899963378906,365.9200134277344,369.5899963378906,343.53912353515625,63865300.0
2020-12-16,369.82000732421875,371.1600036621094,368.8699951171875,370.1700134277344,344.0782775878906,58420500.0
2020-12-17,371.94000244140625,372.4599914550781,371.04998779296875,372.239990234375,346.0023498535156,64119500.0
2020-12-18,370.9700012207031,371.1499938964844,367.0199890136719,369.17999267578125,344.62078857421875,136542300.0
2020-12-21,364.9700012207031,378.4599914550781,362.0299987792969,367.8599853515625,343.3886413574219,96386700.0
2020-12-22,368.2099914550781,368.3299865722656,366.0299987792969,367.239990234375,342.80987548828125,47949000.0
2020-12-23,368.2799987792969,369.6199951171875,367.2200012207031,367.57000732421875,343.117919921875,46201400.0
2020-12-24,368.0799865722656,369.0299987792969,367.45001220703125,369.0,344.4527587890625,26457900.0
2020-12-28,371.739990234375,372.5899963378906,371.07000732421875,372.1700134277344,347.411865234375,39000400.0
2020-12-29,373.80999755859375,374.0,370.8299865722656,371.4599914550781,346.7491455078125,53680500.0
2020-12-30,372.3399963378906,373.1000061035156,371.57000732421875,371.989990234375,347.2438049316406,49455300.0
2020-12-31,371.7799987792969,374.6600036621094,371.2300109863281,373.8800048828125,349.0081787109375,78520700.0
2021-01-04,375.30999755859375,375.45001220703125,364.82000732421875,368.7900085449219,344.2567138671875,110210800.0
2021-01-05,368.1000061035156,372.5,368.04998779296875,371.3299865722656,346.6277160644531,66426200.0
2021-01-06,369.7099914550781,376.9800109863281,369.1199951171875,373.54998779296875,348.7001037597656,107997700.0
2021-01-07,376.1000061035156,379.8999938964844,375.9100036621094,379.1000061035156,353.880859375,68766800.0
2021-01-08,380.5899963378906,381.489990234375,377.1000061035156,381.260009765625,355.89715576171875,71677200.0
2021-01-11,377.8500061035156,380.5799865722656,377.7200012207031,378.69000244140625,353.4981689453125,51034700.0
2021-01-12,378.8900146484375,379.8599853515625,376.3599853515625,378.7699890136719,353.57281494140625,52547700.0
2021-01-13,378.69000244140625,380.8599853515625,377.8500061035156,379.7900085449219,354.5250244140625,45303600.0
2021-01-14,380.5899963378906,381.1300048828125,378.1000061035156,378.4599914550781,353.2833557128906,49989100.0
2021-01-15,376.7200012207031,377.5799865722656,373.70001220703125,375.70001220703125,350.70703125,107160000.0
2021-01-19,378.3399963378906,379.2300109863281,376.75,378.6499938964844,353.4608459472656,51233300.0
2021-01-20,381.1099853515625,384.7900085449219,380.69000244140625,383.8900146484375,358.3521728515625,61836100.0
2021-01-21,384.489990234375,384.95001220703125,383.25,384.239990234375,358.67889404296875,47840100.0
2021-01-22,382.25,384.1300048828125,381.8399963378906,382.8800048828125,357.4094543457031,52860500.0
2021-01-25,383.6700134277344,384.7699890136719,378.4599914550781,384.3900146484375,358.81903076171875,70402000.0
2021-01-26,385.4100036621094,385.8500061035156,383.5400085449219,383.7900085449219,358.2589111328125,42665300.0
2021-01-27,380.2200012207031,380.32000732421875,372.010009765625,374.4100036621094,349.5029296875,123351100.0
2021-01-28,376.3599853515625,381.92999267578125,375.8900146484375,377.6300048828125,352.5085754394531,94198100.0
2021-01-29,375.6300048828125,376.6700134277344,368.2699890136719,370.07000732421875,345.4515686035156,126765100.0
2021-02-01,373.7200012207031,377.3399963378906,370.3800048828125,376.2300109863281,351.2017822265625,75817600.0
2021-02-02,379.6499938964844,383.2200012207031,376.32000732421875,381.54998779296875,356.1678466796875,64450700.0
2021-02-03,382.44000244140625,383.70001220703125,380.4800109863281,381.8500061035156,356.4479675292969,52427100.0
2021-02-04,382.9599914550781,386.239990234375,381.9700012207031,386.19000244140625,360.4991760253906,47142600.0
2021-02-05,388.20001220703125,388.4700012207031,386.1400146484375,387.7099914550781,361.9181823730469,48669800.0
2021-02-08,389.2699890136719,390.55999755859375,388.3500061035156,390.510009765625,364.5318908691406,38365200.0
2021-02-09,389.6099853515625,390.8900146484375,389.1700134277344,390.25,364.2891540527344,35551100.0
2021-02-10,392.1199951171875,392.2799987792969,387.5,390.0799865722656,364.1304626464844,59154400.0
2021-02-11,391.239990234375,391.69000244140625,388.1000061035156,390.7099914550781,364.7185363769531,42913300.0
2021-02-12,389.8500061035156,392.8999938964844,389.7699890136719,392.6400146484375,366.5202331542969,50593300.0
2021-02-16,393.9599914550781,394.1700134277344,391.5299987792969,392.29998779296875,366.2027282714844,50972400.0
2021-02-17,390.4200134277344,392.6600036621094,389.3299865722656,392.3900146484375,366.28680419921875,52290600.0
2021-02-18,389.5899963378906,391.5199890136719,387.739990234375,390.7200012207031,364.7279052734375,59712800.0
2021-02-19,392.07000732421875,392.3800048828125,389.54998779296875,390.0299987792969,364.083740234375,83241000.0
2021-02-22,387.05999755859375,389.6199951171875,386.739990234375,387.0299987792969,361.2833557128906,67414200.0
2021-02-23,384.6600036621094,388.95001220703125,380.20001220703125,387.5,361.7220764160156,107284100.0
2021-02-24,386.3299865722656,392.2300109863281,385.2699890136719,391.7699890136719,365.7080383300781,72433900.0
2021-02-25,390.4100036621094,391.8800048828125,380.7799987792969,382.3299865722656,356.89599609375,146670500.0
2021-02-26,384.3500061035156,385.5799865722656,378.2300109863281,380.3599853515625,355.0569763183594,152701600.0
2021-03-01,385.5899963378906,390.9200134277344,380.57000732421875,389.5799865722656,363.6636962890625,105348800.0
2021-03-02,389.82000732421875,390.07000732421875,386.0,386.5400085449219,360.8259582519531,79595300.0
2021-03-03,385.7900085449219,386.8299865722656,381.30999755859375,381.4200134277344,356.0465393066406,119940200.0
2021-03-04,381.2200012207031,384.0,371.8800048828125,376.70001220703125,351.64056396484375,183433000.0
2021-03-05,380.4599914550781,384.760009765625,372.6400146484375,383.6300048828125,358.1094970703125,152039600.0
2021-03-08,384.6600036621094,387.67999267578125,381.4200134277344,381.7200012207031,356.32659912109375,123149200.0
2021-03-09,385.8500061035156,389.9100036621094,385.30999755859375,387.1700134277344,361.4140319824219,113633600.0
2021-03-10,389.69000244140625,391.3999938964844,388.1700134277344,389.5799865722656,363.6636962890625,109899400.0
2021-03-11,392.2300109863281,395.6499938964844,391.739990234375,393.5299987792969,367.3509826660156,86245000.0
2021-03-12,392.07000732421875,394.2099914550781,391.20001220703125,394.05999755859375,367.8455810546875,64653600.0
2021-03-15,394.3299865722656,396.69000244140625,392.0299987792969,396.4100036621094,370.039306640625,73427200.0
2021-03-16,397.07000732421875,397.8299865722656,395.0799865722656,395.9100036621094,369.5726013183594,73722500.0
2021-03-17,394.5299987792969,398.1199951171875,393.29998779296875,397.260009765625,370.83282470703125,97959300.0
2021-03-18,394.4800109863281,396.7200012207031,390.75,391.4800109863281,365.4373474121094,115349100.0
2021-03-19,389.8800048828125,391.57000732421875,387.1499938964844,389.4800109863281,364.7611389160156,113624500.0
2021-03-22,390.0299987792969,394.07000732421875,389.9700012207031,392.5899963378906,367.67376708984375,73778600.0
2021-03-23,391.9100036621094,393.4599914550781,388.6600036621094,389.5,364.7799072265625,90686600.0
2021-03-24,391.0,392.75,387.4700012207031,387.5199890136719,362.925537109375,97588600.0
2021-03-25,385.9800109863281,390.54998779296875,383.8999938964844,389.70001220703125,364.9671936035156,116128600.0
2021-03-26,390.92999267578125,396.4100036621094,390.2900085449219,395.9800109863281,370.8486022949219,114409100.0
2021-03-29,394.3999938964844,396.75,392.80999755859375,395.7799987792969,370.6613464355469,108107600.0
2021-03-30,394.4200134277344,395.45001220703125,393.0199890136719,394.7300109863281,369.6779479980469,76262200.0
2021-03-31,395.3399963378906,398.0,395.30999755859375,396.3299865722656,371.1763610839844,112734200.0
2021-04-01,398.3999938964844,400.6700134277344,398.17999267578125,400.6099853515625,375.184814453125,99682900.0
2021-04-05,403.4599914550781,406.94000244140625,403.3800048828125,406.3599853515625,380.56982421875,91684800.0
2021-04-06,405.760009765625,407.239990234375,405.3999938964844,406.1199951171875,380.3450622558594,62021000.0
2021-04-07,405.94000244140625,406.9599914550781,405.45001220703125,406.5899963378906,380.7852783203125,55836300.0
2021-04-08,407.92999267578125,408.5799865722656,406.92999267578125,408.5199890136719,382.59271240234375,57863100.0
2021-04-09,408.3900146484375,411.6700134277344,408.260009765625,411.489990234375,385.37420654296875,61104600.0
2021-04-12,410.8500061035156,411.92999267578125,410.20001220703125,411.6400146484375,385.51470947265625,56704900.0
2021-04-13,411.5299987792969,413.5299987792969,411.1199951171875,412.8599853515625,386.6572570800781,56551000.0
2021-04-14,412.8299865722656,413.9599914550781,410.8699951171875,411.45001220703125,385.3368225097656,61659900.0
2021-04-15,413.739990234375,416.1600036621094,413.69000244140625,415.8699951171875,389.4762268066406,60229800.0
2021-04-16,417.25,417.9100036621094,415.7300109863281,417.260009765625,390.77801513671875,82037300.0
2021-04-19,416.260009765625,416.739990234375,413.7900085449219,415.2099914550781,388.8581237792969,78498500.0
2021-04-20,413.9100036621094,415.0899963378906,410.5899963378906,412.1700134277344,386.01116943359375,81851800.0
2021-04-21,411.510009765625,416.2900085449219,411.3599853515625,416.07000732421875,389.6635437011719,66793000.0
2021-04-22,415.8900146484375,416.7799987792969,411.1300048828125,412.2699890136719,386.1047668457031,97582800.0
2021-04-23,412.8699951171875,418.25,412.7900085449219,416.739990234375,390.291015625,73209200.0
2021-04-26,417.44000244140625,418.2200012207031,416.80999755859375,417.6099853515625,391.1058654785156,52182400.0
2021-04-27,417.92999267578125,418.1400146484375,416.29998779296875,417.5199890136719,391.02154541015625,51303100.0
2021-04-28,417.80999755859375,419.010009765625,416.8999938964844,417.3999938964844,390.9091491699219,51238900.0
2021-04-29,420.32000732421875,420.7200012207031,416.44000244140625,420.05999755859375,393.40032958984375,78544300.0
2021-04-30,417.6300048828125,418.5400085449219,416.3399963378906,417.29998779296875,390.8154602050781,85527000.0
2021-05-03,419.42999267578125,419.8399963378906,417.6700134277344,418.20001220703125,391.6584777832031,68128300.0
2021-05-04,416.07000732421875,416.6000061035156,411.6700134277344,415.6199951171875,389.24212646484375,101591200.0
2021-05-05,417.3800048828125,417.6300048828125,415.1499938964844,415.75,389.36383056640625,60162200.0
2021-05-06,415.8299865722656,419.2099914550781,413.67999267578125,419.07000732421875,392.47314453125,74321400.0
2021-05-07,419.8900146484375,422.82000732421875,419.1600036621094,422.1199951171875,395.32952880859375,67733800.0
2021-05-10,422.5,422.739990234375,417.80999755859375,417.94000244140625,391.4149475097656,81852400.0
2021-05-11,413.1000061035156,415.2699890136719,410.05999755859375,414.2099914550781,387.9216003417969,116888000.0
2021-05-12,411.2300109863281,412.5899963378906,404.0,405.4100036621094,379.68011474609375,134811000.0
2021-05-13,407.07000732421875,412.3500061035156,407.0199890136719,410.2799987792969,384.2410583496094,106394000.0
2021-05-14,413.2099914550781,417.489990234375,413.17999267578125,416.5799865722656,390.14117431640625,82201600.0
2021-05-17,415.3900146484375,416.3900146484375,413.3599853515625,415.5199890136719,389.14849853515625,65129200.0
2021-05-18,415.79998779296875,416.05999755859375,411.7699890136719,411.94000244140625,385.7956848144531,59810200.0
2021-05-19,406.9200134277344,411.04998779296875,405.3299865722656,410.8599853515625,384.78424072265625,106467100.0
2021-05-20,411.79998779296875,416.6300048828125,411.6700134277344,415.2799987792969,388.9237060546875,78022200.0
2021-05-21,416.8699951171875,418.20001220703125,414.45001220703125,414.94000244140625,388.6052551269531,76578700.0
2021-05-24,417.3399963378906,420.32000732421875,417.0799865722656,419.1700134277344,392.5668640136719,51376700.0
2021-05-25,420.3299865722656,420.7099914550781,417.6199951171875,418.239990234375,391.6958923339844,57451400.0
2021-05-26,418.8699951171875,419.6099853515625,417.760009765625,419.07000732421875,392.47314453125,43088600.0
2021-05-27,420.1700134277344,420.7200012207031,418.989990234375,419.2900085449219,392.67919921875,56707700.0
2021-05-28,420.9700012207031,421.25,419.7900085449219,420.0400085449219,393.381591796875,58520200.0
2021-06-01,422.57000732421875,422.7200012207031,419.20001220703125,419.6700134277344,393.03509521484375,54216600.0
2021-06-02,420.3699951171875,421.2300109863281,419.2900085449219,420.3299865722656,393.6531982421875,49097100.0
2021-06-03,417.8500061035156,419.989990234375,416.2799987792969,418.7699890136719,392.19219970703125,58138800.0
2021-06-04,420.75,422.9200134277344,418.8399963378906,422.6000061035156,395.7791748046875,55938800.0
2021-06-07,422.5899963378906,422.7799987792969,421.19000244140625,422.19000244140625,395.3951721191406,51555000.0
2021-06-08,423.1099853515625,423.2099914550781,420.32000732421875,422.2799987792969,395.4794006347656,47134300.0
2021-06-09,423.17999267578125,423.260009765625,421.4100036621094,421.6499938964844,394.88946533203125,48436300.0
2021-06-10,422.9599914550781,424.6300048828125,421.54998779296875,423.6099853515625,396.7250061035156,51020100.0
2021-06-11,424.20001220703125,424.42999267578125,422.82000732421875,424.30999755859375,397.380615234375,45570800.0
2021-06-14,424.42999267578125,425.3699951171875,423.1000061035156,425.260009765625,398.27032470703125,42358500.0
2021-06-15,425.4200134277344,425.4599914550781,423.5400085449219,424.4800109863281,397.5399169921875,51508500.0
2021-06-16,424.6300048828125,424.8699951171875,419.9200134277344,422.1099853515625,395.3201904296875,80386100.0
2021-06-17,421.6700134277344,423.0199890136719,419.32000732421875,421.9700012207031,395.18914794921875,90949700.0
2021-06-18,417.0899963378906,417.8299865722656,414.70001220703125,414.9200134277344,389.8578796386719,118676300.0
2021-06-21,416.79998779296875,421.05999755859375,415.92999267578125,420.8599853515625,395.43902587890625,72822000.0
2021-06-22,420.8500061035156,424.0,420.0799865722656,423.1099853515625,397.55303955078125,57700300.0
2021-06-23,423.19000244140625,424.04998779296875,422.510009765625,422.6000061035156,397.0739440917969,49445400.0
2021-06-24,424.8900146484375,425.54998779296875,424.6199951171875,425.1000061035156,399.4230041503906,45110300.0
2021-06-25,425.8999938964844,427.0899963378906,425.54998779296875,426.6099853515625,400.84173583984375,58129500.0
2021-06-28,427.1700134277344,427.6499938964844,425.8900146484375,427.4700012207031,401.6497802734375,53159600.0
2021-06-29,427.8800048828125,428.55999755859375,427.1300048828125,427.70001220703125,401.8659362792969,35970500.0
2021-06-30,427.2099914550781,428.7799987792969,427.17999267578125,428.05999755859375,402.2041320800781,64827900.0
2021-07-01,428.8699951171875,430.6000061035156,428.79998779296875,430.42999267578125,404.4310607910156,53441000.0
2021-07-02,431.6700134277344,434.1000061035156,430.5199890136719,433.7200012207031,407.5222473144531,57697700.0
2021-07-06,433.7799987792969,434.010009765625,430.010009765625,432.92999267578125,406.780029296875,68710400.0
2021-07-07,433.6600036621094,434.760009765625,431.510009765625,434.4599914550781,408.2175598144531,63549500.0
2021-07-08,428.7799987792969,431.7300109863281,427.5199890136719,430.9200134277344,404.89141845703125,97595200.0
2021-07-09,432.5299987792969,435.8399963378906,430.7099914550781,435.5199890136719,409.2135925292969,76238600.0
2021-07-12,435.42999267578125,437.3500061035156,434.9700012207031,437.0799865722656,410.6793212890625,52889600.0
2021-07-13,436.239990234375,437.8399963378906,435.30999755859375,435.5899963378906,409.2793273925781,52911300.0
2021-07-14,437.3999938964844,437.9200134277344,434.9100036621094,436.239990234375,409.8900146484375,64130400.0
2021-07-15,434.80999755859375,435.5299987792969,432.7200012207031,434.75,408.4901123046875,55126400.0
2021-07-16,436.010009765625,436.05999755859375,430.9200134277344,431.3399963378906,405.2860412597656,75874700.0
2021-07-19,426.19000244140625,431.4100036621094,421.9700012207031,424.9700012207031,399.3008117675781,147987000.0
2021-07-20,425.67999267578125,432.4200134277344,424.8299865722656,431.05999755859375,405.0229187011719,99608200.0
2021-07-21,432.3399963378906,434.70001220703125,431.010009765625,434.54998779296875,408.3020935058594,64724400.0
2021-07-22,434.739990234375,435.7200012207031,433.69000244140625,435.4599914550781,409.1572265625,47878500.0
2021-07-23,437.5199890136719,440.29998779296875,436.7900085449219,439.94000244140625,413.3665466308594,63766600.0
2021-07-26,439.30999755859375,441.0299987792969,439.260009765625,441.0199890136719,414.38134765625,43719200.0
2021-07-27,439.9100036621094,439.94000244140625,435.989990234375,439.010009765625,412.4928283691406,67397100.0
2021-07-28,439.67999267578125,440.29998779296875,437.30999755859375,438.8299865722656,412.3235778808594,52472400.0
2021-07-29,439.82000732421875,441.79998779296875,439.80999755859375,440.6499938964844,414.0337219238281,47435300.0
2021-07-30,437.9100036621094,440.05999755859375,437.7699890136719,438.510009765625,412.02294921875,68951200.0
2021-08-02,440.3399963378906,440.92999267578125,437.2099914550781,437.5899963378906,411.1585388183594,58783300.0
2021-08-03,438.44000244140625,441.2799987792969,436.1000061035156,441.1499938964844,414.5035095214844,58053900.0
2021-08-04,439.7799987792969,441.1199951171875,438.7300109863281,438.9800109863281,412.464599609375,46732200.0
2021-08-05,440.2200012207031,441.8500061035156,439.8800048828125,441.760009765625,415.07666015625,38969700.0
2021-08-06,442.1000061035156,442.94000244140625,441.79998779296875,442.489990234375,415.76251220703125,46930000.0
2021-08-09,442.4599914550781,442.79998779296875,441.30999755859375,442.1300048828125,415.4243469238281,41222600.0
2021-08-10,442.6099853515625,443.44000244140625,441.8800048828125,442.67999267578125,415.9410400390625,43339300.0
2021-08-11,443.82000732421875,443.8800048828125,442.6199951171875,443.7799987792969,416.9747009277344,44034300.0
2021-08-12,443.6199951171875,445.260009765625,442.6600036621094,445.1099853515625,418.2242736816406,38909400.0
2021-08-13,445.5899963378906,445.94000244140625,445.07000732421875,445.9200134277344,418.98541259765625,39470300.0
2021-08-16,444.5299987792969,447.1099853515625,442.8699951171875,446.9700012207031,419.9719543457031,73740000.0
2021-08-17,444.239990234375,444.9599914550781,440.8500061035156,444.0400085449219,417.21893310546875,92673900.0
2021-08-18,442.9599914550781,444.6300048828125,438.9200134277344,439.17999267578125,412.6524963378906,89351900.0
2021-08-19,436.2699890136719,441.1400146484375,436.1199951171875,439.8599853515625,413.29144287109375,92812200.0
2021-08-20,440.2300109863281,443.7099914550781,439.7099914550781,443.3599853515625,416.580078125,72008700.0
2021-08-23,445.1600036621094,448.2300109863281,443.44000244140625,447.260009765625,420.2444763183594,54973000.0
2021-08-24,447.9700012207031,448.5400085449219,447.4200134277344,447.9700012207031,420.9115905761719,38744700.0
2021-08-25,448.1700134277344,449.4599914550781,447.7699890136719,448.9100036621094,421.7947998046875,40529700.0
2021-08-26,448.6099853515625,448.8599853515625,446.1600036621094,446.260009765625,419.3048095703125,57829600.0
2021-08-27,447.1199951171875,450.6499938964844,447.05999755859375,450.25,423.0538024902344,77235100.0
2021-08-30,450.9700012207031,453.07000732421875,450.7099914550781,452.2300109863281,424.91424560546875,48357400.0
2021-08-31,452.1300048828125,452.489990234375,450.9200134277344,451.55999755859375,424.2846984863281,59300200.0
2021-09-01,452.55999755859375,453.1099853515625,451.54998779296875,451.79998779296875,424.51025390625,48721400.0
2021-09-02,453.32000732421875,454.04998779296875,451.9100036621094,453.19000244140625,425.8163146972656,42501000.0
2021-09-03,451.9800109863281,453.6300048828125,451.54998779296875,453.0799865722656,425.7129211425781,47170500.0
2021-09-07,452.7099914550781,452.80999755859375,450.739990234375,451.4599914550781,424.190673828125,51671500.0
2021-09-08,450.8900146484375,451.6700134277344,448.8599853515625,450.9100036621094,423.6739501953125,56181900.0
2021-09-09,450.70001220703125,452.57000732421875,448.7200012207031,448.9800109863281,421.8605041503906,57970400.0
2021-09-10,451.0400085449219,451.489990234375,445.30999755859375,445.44000244140625,418.53436279296875,89948200.0
2021-09-13,448.6400146484375,448.9200134277344,444.1099853515625,446.5799865722656,419.6055603027344,83738600.0
2021-09-14,448.1199951171875,448.3399963378906,443.2200012207031,444.1700134277344,417.3411560058594,78197100.0
2021-09-15,444.6199951171875,448.4100036621094,443.44000244140625,447.8800048828125,420.8269958496094,78792200.0
2021-09-16,447.32000732421875,448.3599853515625,444.0199890136719,447.1700134277344,420.159912109375,77786700.0
2021-09-17,444.9200134277344,445.3699951171875,441.0199890136719,441.3999938964844,416.0670471191406,118425000.0
2021-09-20,434.8800048828125,436.55999755859375,428.8599853515625,434.0400085449219,409.12945556640625,166445500.0
2021-09-21,436.5299987792969,437.9100036621094,433.07000732421875,433.6300048828125,408.74298095703125,92526100.0
2021-09-22,436.04998779296875,440.0299987792969,433.75,437.8599853515625,412.7301940917969,102350100.0
2021-09-23,439.8500061035156,444.8900146484375,439.6000061035156,443.17999267578125,417.7449035644531,76396000.0
2021-09-24,441.44000244140625,444.6700134277344,441.2099914550781,443.9100036621094,418.4330749511719,62094800.0
2021-09-27,442.80999755859375,444.04998779296875,441.8999938964844,442.6400146484375,417.23590087890625,61371100.0
2021-09-28,439.69000244140625,440.0400085449219,432.94000244140625,433.7200012207031,408.8277893066406,130436300.0
2021-09-29,435.19000244140625,437.0400085449219,433.8500061035156,434.45001220703125,409.5159912109375,82329200.0
2021-09-30,436.0199890136719,436.7699890136719,428.7799987792969,429.1400146484375,404.51068115234375,140506000.0
2021-10-01,430.9800109863281,436.0299987792969,427.2300109863281,434.239990234375,409.3179626464844,129240100.0
2021-10-04,433.0,433.9599914550781,426.3599853515625,428.6400146484375,404.03948974609375,128570000.0
2021-10-05,430.239990234375,435.489990234375,429.3900146484375,433.1000061035156,408.24346923828125,90682500.0
2021-10-06,429.2699890136719,435.1199951171875,427.5400085449219,434.8999938964844,409.94012451171875,113032200.0
2021-10-07,438.3900146484375,441.67999267578125,438.20001220703125,438.6600036621094,413.4843444824219,72437500.0
2021-10-08,439.4800109863281,439.8900146484375,437.19000244140625,437.8599853515625,412.7301940917969,74557400.0
2021-10-11,437.1600036621094,440.260009765625,434.6199951171875,434.69000244140625,409.7421875,65233300.0
2021-10-12,435.6700134277344,436.1000061035156,432.7799987792969,433.6199951171875,408.7335510253906,71181200.0
2021-10-13,434.7099914550781,436.04998779296875,431.5400085449219,435.17999267578125,410.2040710449219,72974000.0
2021-10-14,439.0799865722656,442.6600036621094,438.5799865722656,442.5,417.1039733886719,70236800.0
2021-10-15,444.75,446.260009765625,444.0899963378906,445.8699951171875,420.280517578125,66260200.0
2021-10-18,443.9700012207031,447.54998779296875,443.2699890136719,447.19000244140625,421.5247802734375,62213200.0
2021-10-19,448.9200134277344,450.7099914550781,448.2699890136719,450.6400146484375,424.7767639160156,46996800.0
2021-10-20,451.1300048828125,452.7300109863281,451.010009765625,452.4100036621094,426.4451599121094,49571600.0
2021-10-21,451.7699890136719,453.8299865722656,451.30999755859375,453.5899963378906,427.5574645996094,41305400.0
2021-10-22,453.1300048828125,454.6700134277344,451.04998779296875,453.1199951171875,427.1144714355469,58845100.0
2021-10-25,454.2799987792969,455.8999938964844,452.3900146484375,455.54998779296875,429.4049072265625,45214500.0
2021-10-26,457.20001220703125,458.489990234375,455.55999755859375,455.9599914550781,429.7914123535156,56075100.0
2021-10-27,456.45001220703125,457.1600036621094,453.8599853515625,453.94000244140625,427.88739013671875,72438000.0
2021-10-28,455.4599914550781,458.3999938964844,455.45001220703125,458.32000732421875,432.01605224609375,51437900.0
2021-10-29,455.8699951171875,459.55999755859375,455.55999755859375,459.25,432.89263916015625,70162400.0
2021-11-01,460.29998779296875,460.70001220703125,458.20001220703125,460.0400085449219,433.63726806640625,48433600.0
2021-11-02,460.2200012207031,462.2300109863281,460.0799865722656,461.8999938964844,435.3905334472656,48908400.0
2021-11-03,461.29998779296875,465.1499938964844,460.8299865722656,464.7200012207031,438.0487365722656,52509800.0
2021-11-04,465.3599853515625,467.0,464.989990234375,466.9100036621094,440.11297607421875,52847100.0
2021-11-05,469.2799987792969,470.6499938964844,466.9200134277344,468.5299987792969,441.6400146484375,66390600.0
2021-11-08,469.70001220703125,470.2300109863281,468.20001220703125,468.92999267578125,442.0171203613281,50405200.0
2021-11-09,469.32000732421875,469.57000732421875,465.8800048828125,467.3800048828125,440.55596923828125,51149100.0
2021-11-10,465.5799865722656,467.3800048828125,462.0400085449219,463.6199951171875,437.0118408203125,69429700.0
2021-11-11,465.2099914550781,465.2900085449219,463.75,463.7699890136719,437.1531982421875,34848500.0
2021-11-12,465.1199951171875,467.8599853515625,464.1099853515625,467.2699890136719,440.4523620605469,53466700.0
2021-11-15,468.6400146484375,468.80999755859375,466.2300109863281,467.42999267578125,440.6032409667969,46980500.0
2021-11-16,467.1499938964844,470.489990234375,467.07000732421875,469.2799987792969,442.34698486328125,48857500.0
2021-11-17,469.0,469.19000244140625,467.4800109863281,468.1400146484375,441.2724304199219,47858300.0
2021-11-18,469.239990234375,470.010009765625,466.3399963378906,469.7300109863281,442.7711486816406,50625600.0
2021-11-19,469.6099853515625,470.94000244140625,468.5,468.8900146484375,441.97943115234375,57315600.0
2021-11-22,470.8900146484375,473.5400085449219,467.3500061035156,467.57000732421875,440.735107421875,72762000.0
2021-11-23,467.2200012207031,469.1000061035156,464.45001220703125,468.19000244140625,441.31951904296875,73206500.0
2021-11-24,466.05999755859375,469.57000732421875,465.19000244140625,469.44000244140625,442.497802734375,61858800.0
2021-11-26,462.3399963378906,463.8999938964844,457.7699890136719,458.9700012207031,432.62872314453125,112669600.0
2021-11-29,464.07000732421875,466.55999755859375,461.7300109863281,464.6000061035156,437.93560791015625,86268800.0
2021-11-30,462.0,464.0299987792969,455.29998779296875,455.55999755859375,429.41436767578125,148559600.0
2021-12-01,461.6400146484375,464.6700134277344,450.2900085449219,450.5,424.6448059082031,131939200.0
2021-12-02,450.7300109863281,459.07000732421875,450.30999755859375,457.3999938964844,431.1488037109375,127637800.0
2021-12-03,459.1700134277344,460.29998779296875,448.9200134277344,453.4200134277344,427.3972473144531,137331600.0
2021-12-06,456.1300048828125,460.7900085449219,453.55999755859375,458.7900085449219,432.4590148925781,98977500.0
2021-12-07,464.4100036621094,468.8800048828125,458.6499938964844,468.2799987792969,441.4044189453125,95484700.0
2021-12-08,468.70001220703125,470.0,466.8299865722656,469.5199890136719,442.5732421875,72238800.0
2021-12-09,468.1499938964844,469.6300048828125,466.1400146484375,466.3500061035156,439.58514404296875,61272600.0
2021-12-10,469.2300109863281,470.8999938964844,466.510009765625,470.739990234375,443.7232360839844,77159800.0
2021-12-13,470.19000244140625,470.55999755859375,466.2699890136719,466.57000732421875,439.79254150390625,87724700.0
2021-12-14,463.0899963378906,465.739990234375,460.25,463.3599853515625,436.7667236328125,97264100.0
2021-12-15,463.4200134277344,470.8599853515625,460.739990234375,470.6000061035156,443.5911865234375,116899300.0
2021-12-16,472.57000732421875,472.8699951171875,464.79998779296875,466.45001220703125,439.6794128417969,116568600.0
2021-12-17,461.54998779296875,464.739990234375,458.05999755859375,459.8699951171875,434.9999694824219,135511600.0
2021-12-20,454.4800109863281,455.3999938964844,451.1400146484375,454.9800109863281,430.3743896484375,107134800.0
2021-12-21,458.6099853515625,463.2099914550781,456.30999755859375,463.05999755859375,438.0174560546875,69806300.0
2021-12-22,462.7900085449219,467.80999755859375,462.5799865722656,467.69000244140625,442.39703369140625,58890200.0
2021-12-23,468.75,472.19000244140625,468.6400146484375,470.6000061035156,445.149658203125,56439700.0
2021-12-27,472.05999755859375,477.30999755859375,472.010009765625,477.260009765625,451.4494934082031,56808600.0
2021-12-28,477.7200012207031,478.80999755859375,476.05999755859375,476.8699951171875,451.08062744140625,47274600.0
2021-12-29,476.9800109863281,478.55999755859375,475.9200134277344,477.4800109863281,451.6575927734375,54503000.0
2021-12-30,477.92999267578125,479.0,475.6700134277344,476.1600036621094,450.4089660644531,55329000.0
2021-12-31,475.6400146484375,476.8599853515625,474.6700134277344,474.9599914550781,449.2738952636719,65237400.0
2022-01-03,476.29998779296875,477.8500061035156,473.8500061035156,477.7099914550781,451.8751220703125,72668200.0
2022-01-04,479.2200012207031,479.9800109863281,475.5799865722656,477.54998779296875,451.72381591796875,71178700.0
2022-01-05,477.1600036621094,477.9800109863281,468.2799987792969,468.3800048828125,443.04974365234375,104538900.0
2022-01-06,467.8900146484375,470.82000732421875,465.42999267578125,467.94000244140625,442.6335144042969,86858900.0
2022-01-07,467.95001220703125,469.20001220703125,464.6499938964844,466.0899963378906,440.8835144042969,85111600.0
2022-01-10,462.70001220703125,465.739990234375,456.6000061035156,465.510009765625,440.3349304199219,119362000.0
2022-01-11,465.2300109863281,469.8500061035156,462.04998779296875,469.75,444.3455810546875,74303100.0
2022-01-12,471.5899963378906,473.20001220703125,468.94000244140625,471.0199890136719,445.54693603515625,67605400.0
2022-01-13,472.19000244140625,472.8800048828125,463.44000244140625,464.5299987792969,439.4079284667969,91173100.0
2022-01-14,461.19000244140625,465.0899963378906,459.8999938964844,464.7200012207031,439.5876770019531,95890900.0
2022-01-18,459.739990234375,459.9599914550781,455.30999755859375,456.489990234375,431.8027038574219,109709100.0
2022-01-19,458.1300048828125,459.6099853515625,451.4599914550781,451.75,427.3190612792969,109357600.0
2022-01-20,453.75,458.739990234375,444.5,446.75,422.5894470214844,122379700.0
2022-01-21,445.55999755859375,448.05999755859375,437.95001220703125,437.9800109863281,414.2937927246094,202271200.0
2022-01-24,432.0299987792969,440.3800048828125,420.760009765625,439.8399963378906,416.05322265625,251783900.0
2022-01-25,433.05999755859375,439.7200012207031,427.1499938964844,434.4700012207031,410.9736328125,167997300.0
2022-01-26,440.7200012207031,444.0400085449219,428.8599853515625,433.3800048828125,409.9425354003906,186391100.0
2022-01-27,438.260009765625,441.5899963378906,429.45001220703125,431.239990234375,407.9183044433594,149878300.0
2022-01-28,432.67999267578125,442.0,427.82000732421875,441.95001220703125,418.04913330078125,164457400.0
2022-01-31,441.239990234375,450.2799987792969,439.80999755859375,449.9100036621094,425.57861328125,152251400.0
2022-02-01,450.67999267578125,453.6300048828125,446.94000244140625,452.95001220703125,428.4541931152344,123155400.0
2022-02-02,455.5,458.1199951171875,453.04998779296875,457.3500061035156,432.6162109375,117361000.0
2022-02-03,450.95001220703125,452.9700012207031,445.7099914550781,446.6000061035156,422.4476318359375,118024400.0
2022-02-04,446.3500061035156,452.7799987792969,443.8299865722656,448.70001220703125,424.4339904785156,118454400.0
2022-02-07,449.510009765625,450.989990234375,445.8500061035156,447.260009765625,423.0718994140625,84472900.0
2022-02-08,446.7300109863281,451.9200134277344,445.2200012207031,450.94000244140625,426.5529479980469,81012000.0
2022-02-09,455.2200012207031,457.8800048828125,455.010009765625,457.5400085449219,432.79595947265625,92589900.0
2022-02-10,451.3399963378906,457.7099914550781,447.20001220703125,449.32000732421875,425.02044677734375,140103700.0
2022-02-11,449.4100036621094,451.6099853515625,438.94000244140625,440.4599914550781,416.63958740234375,153214600.0
2022-02-14,439.9200134277344,441.6000061035156,435.3399963378906,439.0199890136719,415.2774963378906,123006300.0
2022-02-15,443.7300109863281,446.2799987792969,443.17999267578125,446.1000061035156,421.97467041015625,88482700.0
2022-02-16,443.92999267578125,448.05999755859375,441.94000244140625,446.6000061035156,422.4476318359375,84863600.0
2022-02-17,443.2200012207031,446.57000732421875,436.4200134277344,437.05999755859375,413.4234924316406,102259100.0
2022-02-18,437.3299865722656,438.6600036621094,431.82000732421875,434.2300109863281,410.74658203125,132642900.0
2022-02-22,431.8900146484375,435.5,425.8599853515625,429.57000732421875,406.33868408203125,124391800.0
2022-02-23,432.6600036621094,433.260009765625,421.3500061035156,421.95001220703125,399.1307373046875,132578000.0
2022-02-24,411.0199890136719,428.760009765625,410.6400146484375,428.29998779296875,405.13726806640625,213942900.0
2022-02-25,429.6099853515625,437.8399963378906,427.8599853515625,437.75,414.0762023925781,121804500.0
2022-02-28,432.0299987792969,438.20001220703125,430.70001220703125,436.6300048828125,413.0167236328125,145615000.0
2022-03-01,435.0400085449219,437.1700134277344,427.1099853515625,429.9800109863281,406.7264709472656,137785900.0
2022-03-02,432.3699951171875,439.7200012207031,431.57000732421875,437.8900146484375,414.20867919921875,117726500.0
2022-03-03,440.4700012207031,441.1099853515625,433.79998779296875,435.7099914550781,412.1465148925781,105501700.0
2022-03-04,431.75,433.3699951171875,427.8800048828125,432.1700134277344,408.7979736328125,113978200.0
2022-03-07,431.54998779296875,432.29998779296875,419.3599853515625,419.42999267578125,396.7469787597656,137896600.0
2022-03-08,419.6199951171875,427.2099914550781,415.1199951171875,416.25,393.73895263671875,164772700.0
2022-03-09,425.1400146484375,429.510009765625,422.82000732421875,427.4100036621094,404.2954406738281,116990800.0
2022-03-10,422.5199890136719,426.42999267578125,420.44000244140625,425.4800109863281,402.4697570800781,93972700.0
2022-03-11,428.1199951171875,428.7699890136719,419.5299987792969,420.07000732421875,397.3523864746094,95636300.0
2022-03-14,420.8900146484375,424.54998779296875,415.7900085449219,417.0,394.44842529296875,95729200.0
2022-03-15,419.7699890136719,426.8399963378906,418.4200134277344,426.1700134277344,403.1224365234375,106219100.0
2022-03-16,429.8900146484375,435.67999267578125,424.79998779296875,435.6199951171875,412.06134033203125,144954800.0
2022-03-17,433.5899963378906,441.07000732421875,433.19000244140625,441.07000732421875,417.21661376953125,102676900.0
2022-03-18,438.0,444.8599853515625,437.2200012207031,444.5199890136719,421.786376953125,106345500.0
2022-03-21,444.3399963378906,446.4599914550781,440.67999267578125,444.3900146484375,421.66302490234375,88349800.0
2022-03-22,445.8599853515625,450.5799865722656,445.8599853515625,449.5899963378906,426.5970153808594,74650400.0
2022-03-23,446.9100036621094,448.489990234375,443.7099914550781,443.79998779296875,421.10321044921875,79426100.0
2022-03-24,445.94000244140625,450.5,444.760009765625,450.489990234375,427.4510498046875,64736900.0
2022-03-25,451.1600036621094,452.9800109863281,448.42999267578125,452.69000244140625,429.53851318359375,77101300.0
2022-03-28,452.05999755859375,455.9100036621094,450.05999755859375,455.9100036621094,432.5938415527344,68529800.0
2022-03-29,460.0199890136719,462.07000732421875,457.17999267578125,461.54998779296875,437.9454345703125,86581500.0
2022-03-30,460.3399963378906,461.20001220703125,456.4700012207031,458.70001220703125,435.24114990234375,79666900.0
2022-03-31,457.8900146484375,458.760009765625,451.1600036621094,451.6400146484375,428.542236328125,121699900.0
2022-04-01,453.30999755859375,453.4599914550781,449.1400146484375,452.9200134277344,429.7568359375,89048800.0
2022-04-04,453.1300048828125,456.9100036621094,452.260009765625,456.79998779296875,433.4383850097656,59601000.0
2022-04-05,455.2200012207031,457.8299865722656,449.82000732421875,451.0299987792969,427.9634094238281,74214500.0
2022-04-06,446.8900146484375,448.92999267578125,443.4700012207031,446.5199890136719,423.6840515136719,106898000.0
2022-04-07,445.5899963378906,450.69000244140625,443.5299987792969,448.7699890136719,425.81903076171875,78097200.0
2022-04-08,447.9700012207031,450.6300048828125,445.94000244140625,447.57000732421875,424.6803283691406,79272700.0
2022-04-11,444.1099853515625,445.0,439.3900146484375,439.9200134277344,417.4216003417969,89770500.0
2022-04-12,443.0799865722656,445.75,436.6499938964844,438.2900085449219,415.8750305175781,84363600.0
2022-04-13,438.0299987792969,444.1099853515625,437.8399963378906,443.30999755859375,420.6382141113281,74070400.0
2022-04-14,443.54998779296875,444.7300109863281,437.67999267578125,437.7900085449219,415.4005432128906,97869500.0
2022-04-18,436.80999755859375,439.75,435.6099853515625,437.9700012207031,415.57135009765625,66002500.0
2022-04-19,437.8599853515625,445.79998779296875,437.67999267578125,445.0400085449219,422.2797546386719,77821000.0
2022-04-20,446.9200134277344,447.57000732421875,443.4800109863281,444.7099914550781,421.9666748046875,65224400.0
2022-04-21,448.5400085449219,450.010009765625,437.1000061035156,438.05999755859375,415.6567687988281,85417300.0
2022-04-22,436.9100036621094,438.0799865722656,425.44000244140625,426.0400085449219,404.25146484375,132471800.0
2022-04-25,423.6700134277344,428.69000244140625,418.8399963378906,428.510009765625,406.59515380859375,119647700.0
2022-04-26,425.8299865722656,426.0400085449219,416.07000732421875,416.1000061035156,394.8197937011719,103996300.0
2022-04-27,417.239990234375,422.9200134277344,415.010009765625,417.2699890136719,395.9299621582031,122030000.0
2022-04-28,422.2900085449219,429.6400146484375,417.6000061035156,427.80999755859375,405.9309387207031,105449100.0
2022-04-29,423.5899963378906,425.8699951171875,411.2099914550781,412.0,390.9294738769531,145491100.0
2022-05-02,412.07000732421875,415.9200134277344,405.0199890136719,414.4800109863281,393.2826843261719,158312500.0
2022-05-03,415.010009765625,418.92999267578125,413.3599853515625,416.3800048828125,395.08551025390625,100028200.0
2022-05-04,417.0799865722656,429.6600036621094,413.7099914550781,429.05999755859375,407.1170349121094,144247900.0
2022-05-05,424.54998779296875,425.0,409.44000244140625,413.80999755859375,392.64691162109375,172929100.0
2022-05-06,411.1000061035156,414.79998779296875,405.7300109863281,411.3399963378906,390.30322265625,151770800.0
2022-05-09,405.1000061035156,406.4100036621094,396.5,398.1700134277344,377.8068542480469,155586100.0
2022-05-10,404.489990234375,406.0799865722656,394.82000732421875,399.0899963378906,378.6797180175781,132497200.0
2022-05-11,398.07000732421875,404.0400085449219,391.9599914550781,392.75,372.6640319824219,142361000.0
2022-05-12,389.3699951171875,395.79998779296875,385.1499938964844,392.3399963378906,372.2749328613281,125090800.0
2022-05-13,396.7099914550781,403.17999267578125,395.6099853515625,401.7200012207031,381.1752624511719,104174400.0
2022-05-16,399.9800109863281,403.9700012207031,397.6000061035156,400.0899963378906,379.62860107421875,78622400.0
2022-05-17,406.5299987792969,408.57000732421875,402.5799865722656,408.32000732421875,387.4377136230469,83029700.0
2022-05-18,403.5,403.79998779296875,390.54998779296875,391.8599853515625,371.8194580078125,117674500.0
2022-05-19,388.6199951171875,394.1400146484375,387.1099853515625,389.4599914550781,369.5422058105469,98510700.0
2022-05-20,393.25,397.0299987792969,380.5400085449219,389.6300048828125,369.70355224609375,131432200.0
2022-05-23,392.8299865722656,397.7300109863281,390.3800048828125,396.9200134277344,376.6207580566406,76414900.0
2022-05-24,392.55999755859375,395.1499938964844,386.9599914550781,393.8900146484375,373.7456970214844,91448800.0
2022-05-25,392.30999755859375,399.45001220703125,391.8900146484375,397.3699951171875,377.04766845703125,91472900.0
2022-05-26,398.6700134277344,407.0400085449219,398.45001220703125,405.30999755859375,384.5816345214844,82168300.0
2022-05-27,407.9100036621094,415.3800048828125,407.70001220703125,415.260009765625,394.0227966308594,84768700.0
2022-05-31,413.54998779296875,416.4599914550781,410.0299987792969,412.92999267578125,391.81195068359375,95937000.0
2022-06-01,415.1700134277344,416.239990234375,406.92999267578125,409.5899963378906,388.6427307128906,86585800.0
2022-06-02,409.4200134277344,417.44000244140625,407.0400085449219,417.3900146484375,396.0438232421875,79609600.0
2022-06-03,412.3999938964844,414.0400085449219,409.510009765625,410.5400085449219,389.54412841796875,71874300.0
2022-06-06,414.7799987792969,416.6099853515625,410.54998779296875,411.7900085449219,390.730224609375,57508900.0
2022-06-07,408.1000061035156,416.2200012207031,407.6099853515625,415.739990234375,394.47821044921875,59272400.0
2022-06-08,413.92999267578125,415.82000732421875,410.3800048828125,411.2200012207031,390.1893615722656,64350000.0
2022-06-09,409.3399963378906,411.739990234375,401.44000244140625,401.44000244140625,380.9095764160156,86289800.0
2022-06-10,394.8800048828125,395.7799987792969,389.75,389.79998779296875,369.8648376464844,132893900.0
2022-06-13,379.8500061035156,381.80999755859375,373.29998779296875,375.0,355.8217468261719,170004900.0
2022-06-14,376.8500061035156,377.94000244140625,370.5899963378906,373.8699951171875,354.74957275390625,104011800.0
2022-06-15,377.3599853515625,383.8999938964844,372.1199951171875,379.20001220703125,359.8069763183594,125666800.0
2022-06-16,370.510009765625,370.94000244140625,364.0799865722656,366.6499938964844,347.89874267578125,134473300.0
2022-06-17,365.510009765625,369.3800048828125,362.1700134277344,365.8599853515625,348.6487731933594,111113900.0
2022-06-21,371.8900146484375,376.5299987792969,371.80999755859375,375.07000732421875,357.425537109375,76811900.0
2022-06-22,370.6199951171875,378.7200012207031,370.17999267578125,374.3900146484375,356.77752685546875,90059400.0
2022-06-23,376.6400146484375,378.8299865722656,372.8900146484375,378.05999755859375,360.2748718261719,79292100.0
2022-06-24,381.3999938964844,390.0899963378906,381.3699951171875,390.0799865722656,371.7294006347656,98050300.0
2022-06-27,391.04998779296875,391.3599853515625,387.44000244140625,388.5899963378906,370.3095397949219,66009600.0
2022-06-28,390.2300109863281,393.1600036621094,380.5299987792969,380.6499938964844,362.7430419921875,86548900.0
2022-06-29,381.2300109863281,382.2699890136719,378.4200134277344,380.3399963378906,362.44757080078125,65676000.0
2022-06-30,376.239990234375,380.6600036621094,372.55999755859375,377.25,359.5029602050781,112508300.0
2022-07-01,376.55999755859375,381.70001220703125,373.79998779296875,381.239990234375,363.3052673339844,74839700.0
2022-07-05,375.8800048828125,381.9800109863281,372.8999938964844,381.9599914550781,363.99139404296875,81438000.0
2022-07-06,382.1099853515625,385.8699951171875,379.6000061035156,383.25,365.2206726074219,70426200.0
2022-07-07,385.1199951171875,389.8299865722656,383.2699890136719,388.989990234375,370.6906433105469,64525900.0
2022-07-08,387.2699890136719,390.6400146484375,385.6600036621094,388.6700134277344,370.3857421875,72397800.0
2022-07-11,385.8500061035156,386.8699951171875,383.5,384.2300109863281,366.1545715332031,58366900.0
2022-07-12,383.6499938964844,386.1600036621094,378.989990234375,380.8299865722656,362.9145202636719,62219200.0
2022-07-13,375.1000061035156,381.9200134277344,374.6600036621094,378.8299865722656,361.0086364746094,84224600.0
2022-07-14,373.6099853515625,379.04998779296875,371.0400085449219,377.9100036621094,360.1318664550781,89704800.0
2022-07-15,382.54998779296875,385.25,380.5400085449219,385.1300048828125,367.0122375488281,79060400.0
2022-07-18,388.3800048828125,389.0899963378906,380.6600036621094,381.95001220703125,363.98187255859375,63203600.0
2022-07-19,386.0799865722656,392.8699951171875,385.3900146484375,392.2699890136719,373.8163757324219,78506000.0
2022-07-20,392.4700012207031,396.260009765625,391.0299987792969,394.7699890136719,376.19873046875,71843800.0
2022-07-21,394.1600036621094,398.8399963378906,391.6300048828125,398.7900085449219,380.0296325683594,64903900.0
2022-07-22,398.9200134277344,400.17999267578125,392.75,395.0899963378906,376.5036926269531,72197300.0
2022-07-25,395.75,396.4700012207031,393.2099914550781,395.57000732421875,376.9610595703125,53631500.0
2022-07-26,393.8399963378906,394.05999755859375,389.95001220703125,390.8900146484375,372.50128173828125,52946400.0
2022-07-27,394.3599853515625,402.8800048828125,394.04998779296875,401.0400085449219,382.173828125,82342100.0
2022-07-28,401.8900146484375,406.79998779296875,398.1499938964844,406.07000732421875,386.9671936035156,73966600.0
2022-07-29,407.5799865722656,413.0299987792969,406.7699890136719,411.989990234375,392.60870361328125,87003700.0
2022-08-01,409.1499938964844,413.4100036621094,408.3999938964844,410.7699890136719,391.4460754394531,69997500.0
2022-08-02,409.1199951171875,413.0,406.82000732421875,408.05999755859375,388.863525390625,63435400.0
2022-08-03,410.29998779296875,415.67999267578125,410.0,414.45001220703125,394.95294189453125,67820600.0
2022-08-04,414.3699951171875,415.0899963378906,412.44000244140625,414.1700134277344,394.6861877441406,45656600.0
2022-08-05,409.6600036621094,414.1499938964844,409.6000061035156,413.4700012207031,394.01904296875,56814900.0
2022-08-08,415.25,417.6199951171875,411.8299865722656,412.989990234375,393.56158447265625,53886100.0
2022-08-09,412.2200012207031,412.75,410.2200012207031,411.3500061035156,391.998779296875,44931800.0
2022-08-10,418.7799987792969,420.1400146484375,416.7200012207031,419.989990234375,400.23236083984375,68665700.0
2022-08-11,422.989990234375,424.95001220703125,419.2099914550781,419.989990234375,400.23236083984375,59489700.0
2022-08-12,422.0299987792969,427.2099914550781,421.0299987792969,427.1000061035156,407.0078125,61694500.0
2022-08-15,424.7699890136719,429.4100036621094,424.7099914550781,428.8599853515625,408.6850280761719,54048300.0
2022-08-16,427.7300109863281,431.7300109863281,426.8800048828125,429.70001220703125,409.48553466796875,59289000.0
2022-08-17,425.9100036621094,429.5,424.5400085449219,426.6499938964844,406.5789794921875,63563400.0
2022-08-18,426.8599853515625,428.6099853515625,425.5,427.8900146484375,407.7607421875,49023200.0
2022-08-19,424.9800109863281,425.260009765625,421.2200012207031,422.1400146484375,402.2811584472656,68016900.0
2022-08-22,417.04998779296875,417.2300109863281,412.3999938964844,413.3500061035156,393.9046936035156,77695600.0
2022-08-23,412.8999938964844,415.4200134277344,411.7699890136719,412.3500061035156,392.9517517089844,49105200.0
2022-08-24,412.1099853515625,415.1099853515625,411.3900146484375,413.6700134277344,394.20965576171875,49177800.0
2022-08-25,415.239990234375,419.55999755859375,414.0899963378906,419.510009765625,399.7749328613281,50942300.0
2022-08-26,419.3900146484375,419.9599914550781,405.25,405.30999755859375,386.2428894042969,103087000.0
2022-08-29,402.20001220703125,405.8399963378906,401.20001220703125,402.6300048828125,383.6889953613281,65370800.0
2022-08-30,403.8500061035156,404.1000061035156,396.0,398.2099914550781,379.47686767578125,85652400.0
2022-08-31,399.92999267578125,401.239990234375,395.0400085449219,395.17999267578125,376.5894775390625,76029700.0
2022-09-01,392.8900146484375,396.7799987792969,390.0400085449219,396.4200134277344,377.7711486816406,78740100.0
2022-09-02,400.2799987792969,401.55999755859375,390.3299865722656,392.239990234375,373.7877197265625,99632100.0
2022-09-06,393.1300048828125,394.1199951171875,388.4200134277344,390.760009765625,372.37744140625,76637400.0
2022-09-07,390.42999267578125,398.5899963378906,390.20001220703125,397.7799987792969,379.067138671875,70964200.0
2022-09-08,395.3900146484375,400.8599853515625,394.1199951171875,400.3800048828125,381.54486083984375,80821700.0
2022-09-09,402.739990234375,407.510009765625,402.4599914550781,406.6000061035156,387.47222900390625,76706900.0
2022-09-12,408.7799987792969,411.7300109863281,408.4599914550781,410.9700012207031,391.63671875,69256300.0
2022-09-13,401.8299865722656,403.1000061035156,391.9200134277344,393.1000061035156,374.6072998046875,122947100.0
2022-09-14,394.4700012207031,396.20001220703125,391.1199951171875,394.6000061035156,376.0367736816406,85023700.0
2022-09-15,392.9599914550781,395.9599914550781,388.7799987792969,390.1199951171875,371.7674865722656,87633800.0
2022-09-16,384.1400146484375,386.25,382.1099853515625,385.55999755859375,368.93133544921875,103084800.0
2022-09-19,382.260009765625,388.54998779296875,382.17999267578125,388.54998779296875,371.7923889160156,73278500.0
2022-09-20,385.05999755859375,386.1199951171875,381.20001220703125,384.0899963378906,367.5247802734375,77274900.0
2022-09-21,386.1099853515625,389.30999755859375,377.3800048828125,377.3900146484375,361.11370849609375,106746600.0
2022-09-22,376.5799865722656,378.29998779296875,373.44000244140625,374.2200012207031,358.0804138183594,89472600.0
2022-09-23,370.5799865722656,370.6199951171875,363.2900085449219,367.95001220703125,352.080810546875,122346900.0
2022-09-26,366.4100036621094,370.2099914550781,363.0299987792969,364.30999755859375,348.5978088378906,92581200.0
2022-09-27,368.0199890136719,370.3999938964844,360.8699951171875,363.3800048828125,347.70794677734375,108294100.0
2022-09-28,364.3800048828125,372.29998779296875,362.6000061035156,370.5299987792969,354.549560546875,110802200.0
2022-09-29,366.80999755859375,367.1099853515625,359.70001220703125,362.7900085449219,347.1434326171875,112952300.0
2022-09-30,361.79998779296875,365.9100036621094,357.0400085449219,357.17999267578125,341.7752990722656,153711200.0
2022-10-03,361.0799865722656,368.54998779296875,359.2099914550781,366.6099853515625,350.79864501953125,89756500.0
2022-10-04,372.3999938964844,378.0,366.57000732421875,377.9700012207031,361.6686706542969,103602800.0
2022-10-05,373.3900146484375,379.4599914550781,370.95001220703125,377.0899963378906,360.82659912109375,88065700.0
2022-10-06,375.6199951171875,378.7200012207031,372.67999267578125,373.20001220703125,357.10443115234375,82333500.0
2022-10-07,368.9700012207031,373.2900085449219,360.94000244140625,362.7900085449219,347.1434326171875,107789500.0
2022-10-10,363.9599914550781,364.2099914550781,357.6700134277344,360.0199890136719,344.4928283691406,76042800.0
2022-10-11,358.239990234375,363.0299987792969,355.7099914550781,357.739990234375,342.3111572265625,92482800.0
2022-10-12,358.1700134277344,359.82000732421875,356.29998779296875,356.55999755859375,341.1820373535156,76991800.0
2022-10-13,349.2099914550781,367.510009765625,348.1099853515625,365.9700012207031,350.1861877441406,147254500.0
2022-10-14,368.54998779296875,370.260009765625,356.9599914550781,357.6300048828125,342.2059020996094,123737000.0
2022-10-17,364.010009765625,367.9800109863281,357.2799987792969,366.82000732421875,350.9996032714844,93168200.0
2022-10-18,375.1300048828125,375.45001220703125,367.5199890136719,371.1300048828125,355.1236267089844,97162900.0
2022-10-19,368.989990234375,371.8500061035156,365.54998779296875,368.5,352.60711669921875,79746900.0
2022-10-20,368.0299987792969,372.6700134277344,364.6099853515625,365.4100036621094,349.6503601074219,88283100.0
2022-10-21,365.1199951171875,374.79998779296875,363.5400085449219,374.2900085449219,358.1473693847656,131038400.0
2022-10-24,375.8900146484375,380.05999755859375,373.1099853515625,378.8699951171875,362.5299072265625,85436900.0
2022-10-25,378.7900085449219,385.25,378.6700134277344,384.9200134277344,368.3189392089844,78846300.0
2022-10-26,381.6199951171875,387.5799865722656,381.3500061035156,382.0199890136719,365.5440673828125,104087300.0
2022-10-27,383.07000732421875,385.0,379.3299865722656,379.9800109863281,363.59197998046875,81971800.0
2022-10-28,379.8699951171875,389.5199890136719,379.67999267578125,389.0199890136719,372.2420654296875,100302000.0
2022-10-31,386.44000244140625,388.3999938964844,385.260009765625,386.2099914550781,369.55328369140625,96631300.0
2022-11-01,390.1400146484375,390.3900146484375,383.2900085449219,384.5199890136719,367.9361572265625,85407600.0
2022-11-02,383.8999938964844,388.6300048828125,374.760009765625,374.8699951171875,358.7023620605469,126990400.0
2022-11-03,371.4700012207031,374.20001220703125,368.7900085449219,371.010009765625,355.0088806152344,87100100.0
2022-11-04,377.0,378.8699951171875,370.0,376.3500061035156,360.1185607910156,103505200.0
2022-11-07,377.7099914550781,380.57000732421875,375.5299987792969,379.95001220703125,363.5633239746094,68286900.0
2022-11-08,381.1099853515625,385.1199951171875,377.7200012207031,382.0,365.52490234375,84641100.0
2022-11-09,379.92999267578125,381.1400146484375,373.6099853515625,374.1300048828125,357.99432373046875,78495500.0
2022-11-10,388.04998779296875,395.0400085449219,385.6400146484375,394.69000244140625,377.6675720214844,141455800.0
2022-11-11,395.5899963378906,399.3500061035156,393.6099853515625,398.510009765625,381.3228759765625,93839900.0
2022-11-14,396.6600036621094,400.17999267578125,394.8299865722656,395.1199951171875,378.07904052734375,71903500.0
2022-11-15,401.1499938964844,402.30999755859375,394.489990234375,398.489990234375,381.3037109375,93194500.0
2022-11-16,396.7799987792969,397.7799987792969,394.7900085449219,395.45001220703125,378.39483642578125,68508500.0
2022-11-17,390.4599914550781,394.95001220703125,390.1400146484375,394.239990234375,377.2369384765625,74496300.0
2022-11-18,397.739990234375,397.80999755859375,393.0400085449219,396.0299987792969,378.94976806640625,92922500.0
2022-11-21,394.6400146484375,395.82000732421875,392.6600036621094,394.5899963378906,377.5718994140625,51243200.0
2022-11-22,396.6300048828125,400.07000732421875,395.1499938964844,399.8999938964844,382.65289306640625,60429000.0
2022-11-23,399.54998779296875,402.92999267578125,399.30999755859375,402.4200134277344,385.064208984375,68261600.0
2022-11-25,401.8299865722656,402.9100036621094,401.5400085449219,402.3299865722656,384.97808837890625,30545400.0
2022-11-28,399.0899963378906,400.80999755859375,395.1099853515625,395.9100036621094,378.8349914550781,67881600.0
2022-11-29,396.04998779296875,397.29998779296875,393.29998779296875,395.2300109863281,378.18426513671875,52310000.0
2022-11-30,395.489990234375,407.67999267578125,393.4800109863281,407.67999267578125,390.09735107421875,144566700.0
2022-12-01,408.7699890136719,410.0,404.75,407.3800048828125,389.81024169921875,76398200.0
2022-12-02,402.25,407.8599853515625,402.1400146484375,406.9100036621094,389.3605041503906,85342700.0
2022-12-05,403.95001220703125,404.92999267578125,398.1700134277344,399.5899963378906,382.3562316894531,77289800.0
2022-12-06,399.4200134277344,399.989990234375,391.6400146484375,393.8299865722656,376.8446960449219,77972200.0
2022-12-07,392.94000244140625,395.6400146484375,391.9700012207031,393.1600036621094,376.2035217285156,65927900.0
2022-12-08,395.1400146484375,397.3599853515625,393.2699890136719,396.239990234375,379.1506652832031,60737900.0
2022-12-09,394.94000244140625,397.6199951171875,393.1499938964844,393.2799987792969,376.3183898925781,81447700.0
2022-12-12,394.1099853515625,398.95001220703125,393.4100036621094,398.95001220703125,381.7438049316406,75405800.0
2022-12-13,410.2200012207031,410.489990234375,399.07000732421875,401.9700012207031,384.6335754394531,123782500.0
2022-12-14,401.6099853515625,405.5,396.30999755859375,399.3999938964844,382.1744689941406,108111300.0
2022-12-15,394.29998779296875,395.25,387.8900146484375,389.6300048828125,372.8258056640625,117705900.0
2022-12-16,385.17999267578125,386.5799865722656,381.0400085449219,383.2699890136719,368.4241943359375,119858000.0
2022-12-19,383.4700012207031,383.82000732421875,378.2799987792969,380.0199890136719,365.29998779296875,79878100.0
2022-12-20,379.2300109863281,382.2300109863281,377.8500061035156,380.5400085449219,365.79998779296875,74427200.0
2022-12-21,383.25,387.4100036621094,382.69000244140625,386.2300109863281,371.2695617675781,78167400.0
2022-12-22,383.04998779296875,386.2099914550781,374.7699890136719,380.7200012207031,365.9729309082031,100120900.0
2022-12-23,379.6499938964844,383.05999755859375,378.0299987792969,382.9100036621094,368.078125,59857300.0
2022-12-27,382.7900085449219,383.1499938964844,379.6499938964844,381.3999938964844,366.6265563964844,51638200.0
2022-12-28,381.3299865722656,383.3900146484375,376.4200134277344,376.6600036621094,362.07025146484375,70911500.0
2022-12-29,379.6300048828125,384.3500061035156,379.0799865722656,383.44000244140625,368.5876159667969,66970900.0
2022-12-30,380.6400146484375,382.5799865722656,378.42999267578125,382.42999267578125,367.61669921875,84022200.0
2023-01-03,384.3699951171875,386.42999267578125,377.8299865722656,380.82000732421875,366.0690612792969,74850700.0
2023-01-04,383.17999267578125,385.8800048828125,380.0,383.760009765625,368.89520263671875,85934100.0
2023-01-05,381.7200012207031,381.8399963378906,378.760009765625,379.3800048828125,364.684814453125,76970500.0
2023-01-06,382.6099853515625,389.25,379.4100036621094,388.0799865722656,373.0478820800781,104189600.0
2023-01-09,390.3699951171875,393.70001220703125,387.6700134277344,387.8599853515625,372.8363952636719,73978100.0
2023-01-10,387.25,390.6499938964844,386.2699890136719,390.5799865722656,375.4510192871094,65358100.0
2023-01-11,392.2300109863281,395.6000061035156,391.3800048828125,395.5199890136719,380.19964599609375,68881100.0
2023-01-12,396.6700134277344,398.489990234375,392.4200134277344,396.9599914550781,381.5838928222656,90157700.0
2023-01-13,393.6199951171875,399.1000061035156,393.3399963378906,398.5,383.06427001953125,63903900.0
2023-01-17,398.4800109863281,400.2300109863281,397.05999755859375,397.7699890136719,382.36248779296875,62677300.0
2023-01-18,399.010009765625,400.1199951171875,391.2799987792969,391.489990234375,376.3258056640625,99632300.0
2023-01-19,389.3599853515625,391.0799865722656,387.260009765625,388.6400146484375,373.586181640625,86958900.0
2023-01-20,390.1000061035156,396.0400085449219,388.3800048828125,395.8800048828125,380.5457458496094,91806400.0
2023-01-23,396.7200012207031,402.6499938964844,395.7200012207031,400.6300048828125,385.1117248535156,84178800.0
2023-01-24,398.8800048828125,401.1499938964844,397.6400146484375,400.20001220703125,384.69842529296875,59524900.0
2023-01-25,395.95001220703125,400.70001220703125,393.55999755859375,400.3500061035156,384.842529296875,84800300.0
2023-01-26,403.1300048828125,404.9200134277344,400.0299987792969,404.75,389.0721435546875,72287400.0
2023-01-27,403.6600036621094,408.1600036621094,403.44000244140625,405.67999267578125,389.96612548828125,68346200.0
2023-01-30,402.79998779296875,405.1300048828125,400.2799987792969,400.5899963378906,385.0732727050781,74202000.0
2023-01-31,401.1300048828125,406.5299987792969,400.7699890136719,406.4800109863281,390.7351989746094,86811800.0
2023-02-01,405.2099914550781,413.6700134277344,402.3500061035156,410.79998779296875,394.8877868652344,101459200.0
2023-02-02,414.8599853515625,418.30999755859375,412.8800048828125,416.7799987792969,400.63616943359375,101654500.0
2023-02-03,411.5899963378906,416.9700012207031,411.0899963378906,412.3500061035156,396.3777770996094,94736800.0
2023-02-06,409.7900085449219,411.2900085449219,408.1000061035156,409.8299865722656,393.9554138183594,60295300.0
2023-02-07,408.8699951171875,416.489990234375,407.57000732421875,415.19000244140625,399.1076965332031,90990700.0
2023-02-08,413.1300048828125,414.5299987792969,409.92999267578125,410.6499938964844,394.74365234375,76227500.0
2023-02-09,414.4100036621094,414.57000732421875,405.80999755859375,407.0899963378906,391.3215637207031,78694900.0
2023-02-10,405.8599853515625,408.44000244140625,405.010009765625,408.0400085449219,392.23468017578125,70769700.0
2023-02-13,408.7200012207031,412.9700012207031,408.239990234375,412.8299865722656,396.839111328125,64913500.0
2023-02-14,411.239990234375,415.04998779296875,408.510009765625,412.6400146484375,396.6565856933594,88389300.0
2023-02-15,410.3500061035156,414.05999755859375,409.4700012207031,413.9800109863281,397.94464111328125,61555700.0
2023-02-16,408.7900085449219,412.9100036621094,408.1400146484375,408.2799987792969,392.4653625488281,76431500.0
2023-02-17,406.05999755859375,407.510009765625,404.04998779296875,407.260009765625,391.4849853515625,89257800.0
2023-02-21,403.05999755859375,404.1600036621094,398.82000732421875,399.0899963378906,383.6313781738281,82655900.0
2023-02-22,399.5199890136719,401.1300048828125,397.0199890136719,398.5400085449219,383.1027526855469,83742300.0
2023-02-23,401.55999755859375,402.20001220703125,396.25,400.6600036621094,385.1405944824219,96242400.0
2023-02-24,395.4200134277344,397.25,393.6400146484375,396.3800048828125,381.0263671875,108194400.0
2023-02-27,399.8699951171875,401.2900085449219,396.75,397.7300109863281,382.3240661621094,80444700.0
2023-02-28,397.2300109863281,399.2799987792969,396.1499938964844,396.260009765625,380.91094970703125,96438600.0
2023-03-01,395.4100036621094,396.69000244140625,393.3800048828125,394.739990234375,379.4498596191406,99706800.0
2023-03-02,392.67999267578125,398.69000244140625,392.3299865722656,397.80999755859375,382.40093994140625,85127800.0
2023-03-03,399.7099914550781,404.45001220703125,399.0299987792969,404.19000244140625,388.5338439941406,90120000.0
2023-03-06,405.04998779296875,407.45001220703125,404.010009765625,404.4700012207031,388.8029479980469,72795900.0
2023-03-07,404.4200134277344,404.6700134277344,397.6300048828125,398.2699890136719,382.8431091308594,108310600.0
2023-03-08,398.3900146484375,399.7099914550781,396.5899963378906,398.9200134277344,383.4679870605469,74746600.0
2023-03-09,399.739990234375,401.4800109863281,390.5299987792969,391.55999755859375,376.3930358886719,111945300.0
2023-03-10,390.989990234375,393.1600036621094,384.32000732421875,385.9100036621094,370.9619140625,189253000.0
2023-03-13,381.80999755859375,390.3900146484375,380.6499938964844,385.3599853515625,370.4331970214844,157790000.0
2023-03-14,390.5,393.45001220703125,387.04998779296875,391.7300109863281,376.5564880371094,149752400.0
2023-03-15,385.8900146484375,389.489990234375,383.7099914550781,389.2799987792969,374.2013854980469,172996900.0
2023-03-16,386.82000732421875,396.4700012207031,386.2900085449219,396.1099853515625,380.76678466796875,143254200.0
2023-03-17,393.2200012207031,394.3999938964844,388.54998779296875,389.989990234375,376.3146057128906,140553400.0
2023-03-20,390.79998779296875,394.1700134277344,390.07000732421875,393.739990234375,379.9330749511719,93055800.0
2023-03-21,397.239990234375,399.4100036621094,395.5799865722656,398.9100036621094,384.9218444824219,91524200.0
2023-03-22,398.7300109863281,402.489990234375,392.07000732421875,392.1099853515625,378.3602600097656,111746600.0
2023-03-23,395.0899963378906,399.2900085449219,390.3500061035156,393.1700134277344,379.3831787109375,119351300.0
2023-03-24,391.8399963378906,395.8399963378906,389.3999938964844,395.75,381.8726806640625,107682400.0
2023-03-27,398.1199951171875,398.9200134277344,395.55999755859375,396.489990234375,382.58673095703125,74010400.0
2023-03-28,395.7699890136719,396.489990234375,393.69000244140625,395.6000061035156,381.7279357910156,62871700.0
2023-03-29,399.92999267578125,401.6000061035156,398.67999267578125,401.3500061035156,387.2762451171875,77497900.0
2023-03-30,404.0899963378906,404.3500061035156,401.760009765625,403.70001220703125,389.5439147949219,69840000.0
2023-03-31,404.6600036621094,409.70001220703125,404.54998779296875,409.3900146484375,395.0343933105469,112062600.0
2023-04-03,408.8500061035156,411.3699951171875,408.44000244140625,410.95001220703125,396.53961181640625,67391100.0
2023-04-04,411.6199951171875,411.9200134277344,407.239990234375,408.6700134277344,394.339599609375,66601500.0
2023-04-05,407.9100036621094,408.70001220703125,405.8800048828125,407.6000061035156,393.3070983886719,65200200.0
2023-04-06,406.7699890136719,409.4800109863281,405.67999267578125,409.19000244140625,394.8413391113281,63743300.0
2023-04-10,406.6099853515625,409.69000244140625,405.9700012207031,409.6099853515625,395.2466735839844,63681000.0
2023-04-11,410.260009765625,411.17999267578125,408.9200134277344,409.7200012207031,395.3527526855469,59297900.0
2023-04-12,411.8699951171875,412.1700134277344,407.44000244140625,408.04998779296875,393.7413024902344,86420400.0
2023-04-13,409.17999267578125,413.8399963378906,407.989990234375,413.4700012207031,398.97125244140625,85814800.0
2023-04-14,412.80999755859375,415.0899963378906,410.05999755859375,412.4599914550781,397.9966735839844,78161500.0
2023-04-17,412.3699951171875,413.9599914550781,411.0899963378906,413.94000244140625,399.4248046875,66436400.0
2023-04-18,415.5799865722656,415.7200012207031,412.7799987792969,414.2099914550781,399.685302734375,63560000.0
2023-04-19,412.2200012207031,415.0799865722656,412.1600036621094,414.1400146484375,399.6177673339844,55227300.0
2023-04-20,411.2099914550781,413.70001220703125,410.2699890136719,411.8800048828125,397.43707275390625,75840400.0
2023-04-21,412.19000244140625,412.67999267578125,410.1700134277344,412.20001220703125,397.7457580566406,73457400.0
2023-04-24,411.989990234375,413.07000732421875,410.6000061035156,412.6300048828125,398.1606750488281,64332100.0
2023-04-25,410.5799865722656,411.1600036621094,406.0199890136719,406.0799865722656,391.84039306640625,97766700.0
2023-04-26,406.7200012207031,407.8399963378906,403.7799987792969,404.3599853515625,390.18072509765625,80447000.0
2023-04-27,407.0,412.69000244140625,406.739990234375,412.4100036621094,397.9484558105469,92968400.0
2023-04-28,411.489990234375,415.94000244140625,411.42999267578125,415.92999267578125,401.34503173828125,89433100.0
2023-05-01,415.4700012207031,417.6199951171875,415.2699890136719,415.510009765625,400.9397277832031,62122300.0
2023-05-02,414.7699890136719,414.82000732421875,407.82000732421875,410.8399963378906,396.4334716796875,103998500.0
2023-05-03,411.3599853515625,413.8699951171875,407.7699890136719,408.0199890136719,393.71240234375,91531800.0
2023-05-04,406.92999267578125,407.2699890136719,403.739990234375,405.1300048828125,390.92376708984375,94901900.0
2023-05-05,408.9100036621094,413.7200012207031,408.6400146484375,412.6300048828125,398.1606750488281,87891800.0
2023-05-08,412.9700012207031,413.239990234375,411.2799987792969,412.739990234375,398.2668762207031,50046800.0
2023-05-09,411.1300048828125,412.0899963378906,410.69000244140625,410.92999267578125,396.5202941894531,49220100.0
2023-05-10,413.8800048828125,414.5400085449219,408.8699951171875,412.8500061035156,398.37298583984375,96142900.0
2023-05-11,411.95001220703125,412.42999267578125,409.9700012207031,412.1300048828125,397.6782531738281,70157100.0
2023-05-12,413.4200134277344,413.6400146484375,409.07000732421875,411.5899963378906,397.1571960449219,70481500.0
2023-05-15,412.2200012207031,413.42999267578125,410.2300109863281,413.010009765625,398.5274658203125,54289400.0
2023-05-16,411.8599853515625,412.82000732421875,410.239990234375,410.25,395.8641357421875,57705500.0
2023-05-17,412.3500061035156,415.8599853515625,410.6400146484375,415.2300109863281,400.6695861816406,87287000.0
2023-05-18,414.8999938964844,419.6700134277344,414.6700134277344,419.2300109863281,404.5292663574219,97177200.0
2023-05-19,420.1700134277344,420.7200012207031,417.3500061035156,418.6199951171875,403.9407043457031,103793300.0
2023-05-22,418.6400146484375,420.3900146484375,417.3500061035156,418.7900085449219,404.1047058105469,60745400.0
2023-05-23,417.0799865722656,418.7200012207031,413.67999267578125,414.0899963378906,399.5694885253906,86383500.0
2023-05-24,412.4200134277344,412.82000732421875,409.8800048828125,411.0899963378906,396.6746826171875,89213700.0
2023-05-25,414.739990234375,416.1600036621094,412.4100036621094,414.6499938964844,400.1098937988281,90961600.0
2023-05-26,415.3299865722656,420.7699890136719,415.25,420.0199890136719,405.2916259765625,93830000.0
2023-05-30,422.0299987792969,422.5799865722656,418.739990234375,420.17999267578125,405.4459533691406,72216000.0
2023-05-31,418.2799987792969,419.2200012207031,416.2200012207031,417.8500061035156,403.1976623535156,110811800.0
2023-06-01,418.0899963378906,422.9200134277344,416.7900085449219,421.82000732421875,407.0284423828125,88865000.0
2023-06-02,424.5,428.739990234375,423.95001220703125,427.9200134277344,412.91461181640625,91426200.0
2023-06-05,428.2799987792969,429.6199951171875,426.3699951171875,427.1000061035156,412.123291015625,65460200.0
2023-06-06,426.6700134277344,428.5799865722656,425.989990234375,428.0299987792969,413.0207214355469,64022200.0
2023-06-07,428.44000244140625,429.6199951171875,426.1099853515625,426.54998779296875,411.59259033203125,85373300.0
2023-06-08,426.6199951171875,429.6000061035156,425.82000732421875,429.1300048828125,414.0821533203125,61952800.0
2023-06-09,429.9599914550781,431.989990234375,428.8699951171875,429.8999938964844,414.82513427734375,85742800.0
2023-06-12,430.9200134277344,433.8800048828125,430.1700134277344,433.79998779296875,418.5883483886719,76104300.0
2023-06-13,435.32000732421875,437.3299865722656,434.6300048828125,436.6600036621094,421.3481140136719,95899700.0
2023-06-14,437.010009765625,439.05999755859375,433.5899963378906,437.17999267578125,421.849853515625,100612100.0
2023-06-15,436.3299865722656,443.8999938964844,436.2300109863281,442.6000061035156,427.0798034667969,110303100.0
2023-06-16,443.0199890136719,443.6099853515625,438.9700012207031,439.4599914550781,425.6251220703125,114165800.0
2023-06-20,437.45001220703125,438.3699951171875,435.0299987792969,437.17999267578125,423.4168701171875,76160400.0
2023-06-21,436.1600036621094,436.989990234375,434.3299865722656,434.94000244140625,421.24737548828125,76982300.0
2023-06-22,433.95001220703125,436.6199951171875,433.6000061035156,436.510009765625,422.7679748535156,70637200.0
2023-06-23,432.92999267578125,435.05999755859375,432.4700012207031,433.2099914550781,419.5718078613281,92074500.0
2023-06-26,432.6199951171875,434.6099853515625,431.19000244140625,431.44000244140625,417.8575744628906,72823600.0
2023-06-27,432.3500061035156,436.80999755859375,431.8800048828125,436.1700134277344,422.4386901855469,72813700.0
2023-06-28,435.04998779296875,437.44000244140625,434.4100036621094,436.3900146484375,422.6517028808594,75636000.0
2023-06-29,435.9599914550781,438.2799987792969,435.5400085449219,438.1099853515625,424.3175354003906,67882300.0
2023-06-30,441.44000244140625,444.29998779296875,441.1099853515625,443.2799987792969,429.3248291015625,104964000.0
2023-07-03,442.9200134277344,444.0799865722656,442.6300048828125,443.7900085449219,429.8188171386719,32793400.0
2023-07-05,441.9100036621094,443.8900146484375,441.8999938964844,443.1300048828125,429.1795349121094,58418400.0
2023-07-06,439.4200134277344,440.1000061035156,437.05999755859375,439.6600036621094,425.8188171386719,80658300.0
2023-07-07,438.6300048828125,442.6400146484375,438.29998779296875,438.54998779296875,424.7437438964844,86134200.0
2023-07-10,438.17999267578125,439.8399963378906,437.5899963378906,439.6600036621094,425.8188171386719,62443500.0
2023-07-11,440.45001220703125,442.9700012207031,439.44000244140625,442.4599914550781,428.53057861328125,64463800.0
2023-07-12,446.3900146484375,447.4800109863281,444.9100036621094,446.0199890136719,431.97857666015625,91924500.0
2023-07-13,447.8999938964844,450.3800048828125,447.45001220703125,449.55999755859375,435.4071350097656,72425200.0
2023-07-14,450.4800109863281,451.3599853515625,448.489990234375,449.2799987792969,435.1359558105469,69815800.0
2023-07-17,449.1300048828125,451.92999267578125,449.0799865722656,450.8399963378906,436.6468505859375,52680200.0
2023-07-18,450.5,454.8599853515625,450.04998779296875,454.19000244140625,439.8913269042969,80668200.0
2023-07-19,455.010009765625,456.42999267578125,454.1099853515625,455.20001220703125,440.8695983886719,65891700.0
2023-07-20,454.1700134277344,455.1000061035156,451.44000244140625,452.17999267578125,437.9446105957031,70591600.0
2023-07-21,453.9599914550781,454.1700134277344,452.1700134277344,452.17999267578125,437.9446105957031,71275600.0
2023-07-24,453.3699951171875,455.0400085449219,452.29998779296875,454.20001220703125,439.9010314941406,54023400.0
2023-07-25,453.9200134277344,456.739990234375,453.8699951171875,455.44000244140625,441.1020202636719,55191200.0
2023-07-26,454.4700012207031,456.989990234375,453.3800048828125,455.510009765625,441.1698303222656,71052900.0
2023-07-27,459.0199890136719,459.44000244140625,451.54998779296875,452.489990234375,438.2448425292969,92194400.0
2023-07-28,455.8800048828125,457.7799987792969,452.489990234375,456.9200134277344,442.5354309082031,80011800.0
2023-07-31,457.4100036621094,458.1600036621094,456.04998779296875,457.7900085449219,443.3780212402344,62040400.0
2023-08-01,456.2699890136719,457.25,455.489990234375,456.4800109863281,442.1092529296875,55291500.0
2023-08-02,453.25,453.5199890136719,449.3500061035156,450.1300048828125,435.9591979980469,93933400.0
2023-08-03,448.0400085449219,450.7900085449219,447.3699951171875,448.8399963378906,434.70977783203125,64276100.0
2023-08-04,450.7200012207031,452.8999938964844,446.2699890136719,446.80999755859375,432.74371337890625,100128900.0
2023-08-07,448.7099914550781,450.8699951171875,447.989990234375,450.7099914550781,436.5209045410156,58357500.0
2023-08-08,448.0799865722656,450.70001220703125,445.2699890136719,448.75,434.6226501464844,71361300.0
2023-08-09,449.0299987792969,449.20001220703125,444.9599914550781,445.75,431.71710205078125,78789600.0
2023-08-10,448.19000244140625,451.70001220703125,444.70001220703125,445.9100036621094,431.8720397949219,93005500.0
2023-08-11,443.9700012207031,446.70001220703125,443.3500061035156,445.6499938964844,431.62017822265625,68690900.0
2023-08-14,444.70001220703125,448.1099853515625,444.3800048828125,448.1099853515625,434.0028076171875,47867400.0
2023-08-15,446.2699890136719,446.6400146484375,442.29998779296875,442.8900146484375,428.9471435546875,75707500.0
2023-08-16,442.4599914550781,444.17999267578125,439.5299987792969,439.6400146484375,425.7994384765625,80107200.0
2023-08-17,441.1600036621094,441.42999267578125,435.75,436.2900085449219,422.5549011230469,95711300.0
2023-08-18,433.3699951171875,437.57000732421875,433.010009765625,436.5,422.75830078125,98852000.0
2023-08-21,437.54998779296875,440.1099853515625,435.32000732421875,439.3399963378906,425.5088806152344,68719000.0
2023-08-22,441.17999267578125,441.17999267578125,437.57000732421875,438.1499938964844,424.3563232421875,64994200.0
2023-08-23,439.25,443.6700134277344,439.1000061035156,443.0299987792969,429.0826721191406,68441000.0
2023-08-24,444.69000244140625,445.2200012207031,436.8599853515625,436.8900146484375,423.1360168457031,88517300.0
2023-08-25,438.67999267578125,441.29998779296875,435.0,439.9700012207031,426.1189880371094,102325100.0
2023-08-28,442.239990234375,443.3999938964844,439.9700012207031,442.760009765625,428.82122802734375,61595400.0
2023-08-29,442.6499938964844,449.45001220703125,442.4599914550781,449.1600036621094,435.01971435546875,83081900.0
2023-08-30,449.510009765625,451.6700134277344,448.7799987792969,451.010009765625,436.8114929199219,69053900.0
2023-08-31,451.6499938964844,452.8299865722656,450.1600036621094,450.3500061035156,436.1722717285156,66084600.0
2023-09-01,453.1700134277344,453.6700134277344,449.67999267578125,451.19000244140625,436.9858093261719,58944100.0
2023-09-05,450.7300109863281,451.05999755859375,449.1700134277344,449.239990234375,435.09716796875,55166200.0
2023-09-06,448.3999938964844,448.510009765625,443.80999755859375,446.2200012207031,432.1722717285156,70758500.0
2023-09-07,443.1099853515625,445.54998779296875,442.75,444.8500061035156,430.8454284667969,70355400.0
2023-09-08,444.8999938964844,447.1099853515625,444.5299987792969,445.5199890136719,431.4942626953125,61659700.0
2023-09-11,448.239990234375,448.7699890136719,446.4700012207031,448.45001220703125,434.33209228515625,60180100.0
2023-09-12,446.95001220703125,448.5299987792969,445.3900146484375,445.989990234375,431.9494934082031,67565400.0
2023-09-13,446.2200012207031,447.7099914550781,445.0799865722656,446.510009765625,432.45318603515625,60199300.0
2023-09-14,449.07000732421875,451.0799865722656,447.7200012207031,450.3599853515625,436.1819152832031,83430800.0
2023-09-15,447.1400146484375,447.4800109863281,442.9200134277344,443.3699951171875,430.92669677734375,111848900.0
2023-09-18,443.04998779296875,444.9700012207031,442.55999755859375,443.6300048828125,431.17938232421875,55752200.0
2023-09-19,442.67999267578125,443.2900085449219,439.94000244140625,442.7099914550781,430.2851867675781,66514600.0
2023-09-20,444.010009765625,444.44000244140625,438.42999267578125,438.6400146484375,426.3294372558594,82562600.0
2023-09-21,435.70001220703125,435.9700012207031,431.2300109863281,431.3900146484375,419.28289794921875,104095800.0
2023-09-22,432.45001220703125,434.1000061035156,429.989990234375,430.4200134277344,418.34014892578125,100829700.0
2023-09-25,429.1700134277344,432.2699890136719,428.7200012207031,432.2300109863281,420.09930419921875,70874500.0
2023-09-26,429.0899963378906,429.82000732421875,425.0199890136719,425.8800048828125,413.9275817871094,96168400.0
2023-09-27,427.0899963378906,427.6700134277344,422.2900085449219,426.04998779296875,414.0927734375,104705800.0
2023-09-28,425.4800109863281,430.25,424.8699951171875,428.5199890136719,416.4934387207031,92258300.0
2023-09-29,431.6700134277344,431.8500061035156,425.9100036621094,427.4800109863281,415.48260498046875,115111300.0
2023-10-02,426.6199951171875,428.6000061035156,424.4599914550781,427.30999755859375,415.31744384765625,83798600.0
2023-10-03,425.05999755859375,427.3699951171875,420.17999267578125,421.5899963378906,409.7579345703125,103760600.0
2023-10-04,422.07000732421875,425.42999267578125,420.55999755859375,424.6600036621094,412.7418212890625,87453000.0
2023-10-05,424.3599853515625,425.3699951171875,421.1700134277344,424.5,412.5863037109375,70142700.0
2023-10-06,421.9700012207031,431.1300048828125,420.6000061035156,429.5400085449219,417.48480224609375,113273300.0
2023-10-09,427.5799865722656,432.8800048828125,427.010009765625,432.2900085449219,420.1576232910156,80374400.0
2023-10-10,432.94000244140625,437.2200012207031,432.5299987792969,434.5400085449219,422.3444519042969,78607300.0
2023-10-11,435.6400146484375,436.5799865722656,433.17999267578125,436.32000732421875,424.07452392578125,62451700.0
2023-10-12,436.95001220703125,437.3399963378906,431.2300109863281,433.6600036621094,421.4891357421875,81154200.0
2023-10-13,435.2099914550781,436.45001220703125,429.8800048828125,431.5,419.3897705078125,95143100.0
2023-10-16,433.82000732421875,437.1400146484375,433.57000732421875,436.0400085449219,423.8023986816406,75433200.0
2023-10-17,432.80999755859375,438.1400146484375,432.45001220703125,436.0199890136719,423.782958984375,75324700.0
2023-10-18,434.19000244140625,435.17999267578125,429.0899963378906,430.2099914550781,418.1360168457031,93559800.0
2023-10-19,430.95001220703125,432.82000732421875,425.7300109863281,426.42999267578125,414.46209716796875,121323000.0
2023-10-20,425.9800109863281,426.5400085449219,421.0799865722656,421.19000244140625,409.36920166015625,123919900.0
2023-10-23,419.6099853515625,424.45001220703125,417.79998779296875,420.4599914550781,408.6596374511719,92035100.0
2023-10-24,422.6499938964844,424.82000732421875,420.739990234375,423.6300048828125,411.74072265625,78564200.0
2023-10-25,421.8900146484375,421.9200134277344,417.0199890136719,417.54998779296875,405.831298828125,94223200.0
2023-10-26,416.45001220703125,417.3299865722656,411.6000061035156,412.54998779296875,400.9716796875,115156800.0
2023-10-27,414.19000244140625,414.6000061035156,409.2099914550781,410.67999267578125,399.1541442871094,107367700.0
2023-10-30,413.55999755859375,416.67999267578125,412.2200012207031,415.5899963378906,403.9263000488281,86562700.0
2023-10-31,416.17999267578125,418.5299987792969,414.2099914550781,418.20001220703125,406.46307373046875,79665200.0
2023-11-01,419.20001220703125,423.5,418.6499938964844,422.6600036621094,410.79791259765625,98068100.0
2023-11-02,426.5799865722656,430.9200134277344,426.55999755859375,430.760009765625,418.67059326171875,94938900.0
2023-11-03,433.1400146484375,436.2900085449219,433.010009765625,434.69000244140625,422.49029541015625,100167800.0
2023-11-06,435.4700012207031,436.1499938964844,433.67999267578125,435.69000244140625,423.4621887207031,67831700.0
2023-11-07,435.69000244140625,437.5899963378906,434.510009765625,436.92999267578125,424.6673889160156,64256100.0
2023-11-08,437.54998779296875,438.0899963378906,434.8699951171875,437.25,424.9784240722656,61746000.0
2023-11-09,438.42999267578125,438.4700012207031,433.3999938964844,433.8399963378906,421.6641540527344,83174400.0
2023-11-10,435.9800109863281,440.92999267578125,433.8299865722656,440.6099853515625,428.24407958984375,89462200.0
2023-11-13,439.2300109863281,441.3299865722656,438.4200134277344,440.19000244140625,427.8359069824219,52236100.0
2023-11-14,446.32000732421875,450.05999755859375,446.0899963378906,448.7300109863281,436.13629150390625,97176900.0
2023-11-15,450.1099853515625,451.3800048828125,448.79998779296875,449.67999267578125,437.0595397949219,77327600.0
2023-11-16,449.2200012207031,450.55999755859375,448.1199951171875,450.2300109863281,437.5941162109375,66665800.0
2023-11-17,450.239990234375,451.4200134277344,449.2900085449219,450.7900085449219,438.1384582519531,83133200.0
2023-11-20,450.5299987792969,455.1300048828125,450.5199890136719,454.260009765625,441.510986328125,69936200.0
2023-11-21,453.17999267578125,454.1300048828125,451.9599914550781,453.2699890136719,440.5487976074219,49244600.0
2023-11-22,454.9800109863281,456.3800048828125,453.8900146484375,455.0199890136719,442.2497253417969,59394900.0
2023-11-24,455.07000732421875,455.5,454.7300109863281,455.29998779296875,442.5218505859375,29737400.0
2023-11-27,454.6499938964844,455.489990234375,454.0799865722656,454.4800109863281,441.7248840332031,50506000.0
2023-11-28,454.0799865722656,456.2699890136719,453.5,454.92999267578125,442.1622009277344,62115000.0
2023-11-29,457.1499938964844,458.32000732421875,454.20001220703125,454.6099853515625,441.8512268066406,63146000.0
2023-11-30,455.4800109863281,456.760009765625,453.3399963378906,456.3999938964844,443.5909118652344,79752700.0
2023-12-01,455.7699890136719,459.6499938964844,455.1600036621094,459.1000061035156,446.2151794433594,89183400.0
2023-12-04,455.6000061035156,459.1199951171875,454.3399963378906,456.69000244140625,443.87286376953125,72430900.0
2023-12-05,455.260009765625,457.5899963378906,454.8699951171875,456.6000061035156,443.7853698730469,69793500.0
2023-12-06,458.80999755859375,458.8399963378906,454.30999755859375,454.760009765625,441.99700927734375,69124700.0
2023-12-07,456.9100036621094,458.8999938964844,456.2900085449219,458.2300109863281,445.3696594238281,66995400.0
2023-12-08,457.4599914550781,460.75,457.2099914550781,460.20001220703125,447.2843017578125,83194400.0
2023-12-11,459.69000244140625,462.1700134277344,459.4700012207031,461.989990234375,449.0240783691406,65002200.0
2023-12-12,461.6300048828125,464.20001220703125,460.6000061035156,464.1000061035156,451.0749206542969,68327600.0
2023-12-13,464.489990234375,470.760009765625,464.1199951171875,470.5,457.2952880859375,93278000.0
2023-12-14,472.5,473.7300109863281,469.25,472.010009765625,458.76287841796875,119026000.0
2023-12-15,469.489990234375,470.70001220703125,467.42999267578125,469.3299865722656,458.00750732421875,141553700.0
2023-12-18,470.9800109863281,472.9800109863281,469.8900146484375,471.9700012207031,460.5838317871094,70375300.0
2023-12-19,472.5299987792969,474.9200134277344,472.45001220703125,474.8399963378906,463.3846740722656,55761800.0
2023-12-20,473.9599914550781,475.8999938964844,467.82000732421875,468.260009765625,456.96337890625,102921000.0
2023-12-21,471.3299865722656,472.9800109863281,468.8399963378906,472.70001220703125,461.2962646484375,86667500.0
2023-12-22,473.8599853515625,475.3800048828125,471.70001220703125,473.6499938964844,462.2232971191406,67160400.0
2023-12-26,474.07000732421875,476.5799865722656,473.989990234375,475.6499938964844,464.17510986328125,55387000.0
2023-12-27,475.44000244140625,476.6600036621094,474.8900146484375,476.510009765625,465.01434326171875,68000300.0
2023-12-28,476.8800048828125,477.54998779296875,476.260009765625,476.69000244140625,465.19000244140625,77158100.0
2023-12-29,476.489990234375,477.0299987792969,473.29998779296875,475.30999755859375,463.8432922363281,122283100.0
2024-01-02,472.1600036621094,473.6700134277344,470.489990234375,472.6499938964844,461.2474670410156,123623700.0
2024-01-03,470.42999267578125,471.19000244140625,468.1700134277344,468.7900085449219,457.4805908203125,103585900.0
2024-01-04,468.29998779296875,470.9599914550781,467.04998779296875,467.2799987792969,456.0069885253906,84232200.0
2024-01-05,467.489990234375,470.44000244140625,466.42999267578125,467.9200134277344,456.631591796875,86118900.0
2024-01-08,468.42999267578125,474.75,468.29998779296875,474.6000061035156,463.150390625,74879100.0
2024-01-09,471.8699951171875,474.92999267578125,471.3500061035156,473.8800048828125,462.4477844238281,65931400.0
2024-01-10,474.1600036621094,477.45001220703125,473.8699951171875,476.55999755859375,465.0631103515625,67310600.0
2024-01-11,477.5899963378906,478.1199951171875,472.260009765625,476.3500061035156,464.858154296875,77940700.0
2024-01-12,477.8399963378906,478.6000061035156,475.2300109863281,476.67999267578125,465.18023681640625,58026400.0
2024-01-16,475.260009765625,476.6099853515625,473.05999755859375,474.92999267578125,463.4724426269531,85014900.0
2024-01-17,471.82000732421875,472.7900085449219,469.8699951171875,472.2900085449219,460.8961486816406,68843900.0
2024-01-18,474.010009765625,477.05999755859375,472.4200134277344,476.489990234375,464.99481201171875,91856200.0
2024-01-19,477.6499938964844,482.7200012207031,476.5400085449219,482.42999267578125,470.7914733886719,110834500.0
2024-01-22,484.010009765625,485.2200012207031,482.7799987792969,483.45001220703125,471.78692626953125,75844900.0
2024-01-23,484.010009765625,485.1099853515625,482.8900146484375,484.8599853515625,473.1628723144531,49945300.0
2024-01-24,487.80999755859375,488.7699890136719,484.8800048828125,485.3900146484375,473.68011474609375,81765000.0
2024-01-25,487.5799865722656,488.30999755859375,485.3900146484375,488.0299987792969,476.2564392089844,72525000.0
2024-01-26,487.5899963378906,489.1199951171875,486.5400085449219,487.4100036621094,475.65142822265625,76641600.0
2024-01-29,487.7300109863281,491.4200134277344,487.1700134277344,491.2699890136719,479.4182434082031,61322800.0
2024-01-30,490.55999755859375,491.6199951171875,490.1099853515625,490.8900146484375,479.0474853515625,58618400.0
2024-01-31,488.6199951171875,489.0799865722656,482.8599853515625,482.8800048828125,471.23065185546875,126011100.0
2024-02-01,484.6300048828125,489.2300109863281,483.79998779296875,489.20001220703125,477.398193359375,91891600.0
2024-02-02,489.6499938964844,496.04998779296875,489.29998779296875,494.3500061035156,482.4239807128906,99228200.0
2024-02-05,493.70001220703125,494.3800048828125,490.2300109863281,492.54998779296875,480.6673583984375,75757100.0
2024-02-06,493.5199890136719,494.32000732421875,492.04998779296875,493.9800109863281,482.06292724609375,55918600.0
2024-02-07,496.2900085449219,498.5299987792969,495.3599853515625,498.1000061035156,486.0834655761719,70556500.0
2024-02-08,498.1000061035156,498.7099914550781,497.260009765625,498.32000732421875,486.29815673828125,52343600.0
2024-02-09,498.8399963378906,501.6499938964844,498.489990234375,501.20001220703125,489.10870361328125,63979400.0
2024-02-12,501.1700134277344,503.5,500.239990234375,500.9800109863281,488.8940124511719,56502300.0
2024-02-13,494.5299987792969,497.0899963378906,490.7200012207031,494.0799865722656,482.16046142578125,113099200.0
2024-02-14,496.7900085449219,499.07000732421875,494.3999938964844,498.57000732421875,486.5421447753906,68387800.0
2024-02-15,499.2900085449219,502.20001220703125,498.79998779296875,502.010009765625,489.8991394042969,61683000.0
2024-02-16,501.70001220703125,502.8699951171875,498.75,499.510009765625,487.45947265625,75532900.0
2024-02-20,497.7200012207031,498.4100036621094,494.45001220703125,496.760009765625,484.77581787109375,71736700.0
2024-02-21,495.4200134277344,497.3699951171875,493.55999755859375,497.2099914550781,485.21490478515625,59293400.0
2024-02-22,504.010009765625,508.489990234375,503.0199890136719,507.5,495.2566833496094,76402500.0
2024-02-23,509.2699890136719,510.1300048828125,507.1000061035156,507.8500061035156,495.5982360839844,61321800.0
2024-02-26,508.29998779296875,508.75,505.8599853515625,505.989990234375,493.7831115722656,50386700.0
2024-02-27,506.70001220703125,507.1600036621094,504.75,506.92999267578125,494.70050048828125,48854500.0
2024-02-28,505.3299865722656,506.8599853515625,504.9599914550781,506.260009765625,494.0466613769531,56506600.0
2024-02-29,508.07000732421875,509.739990234375,505.3500061035156,508.0799865722656,495.8227233886719,83924800.0
2024-03-01,508.9800109863281,513.2899780273438,508.55999755859375,512.8499755859375,500.4776306152344,76844800.0
2024-03-04,512.030029296875,514.2000122070312,512.0,512.2999877929688,499.9409484863281,49799300.0
2024-03-05,510.239990234375,510.70001220703125,504.9100036621094,507.17999267578125,494.94439697265625,72855600.0
2024-03-06,510.54998779296875,512.0700073242188,508.4200134277344,509.75,497.4524230957031,68382400.0
2024-03-07,513.1400146484375,515.8900146484375,509.80999755859375,514.8099975585938,502.3902893066406,58652100.0
2024-03-08,515.4600219726562,518.219970703125,511.1300048828125,511.7200012207031,499.3749084472656,86532500.0
2024-03-11,510.4800109863281,511.8800048828125,508.5,511.2799987792969,498.945556640625,62557200.0
2024-03-12,513.4500122070312,517.3800048828125,510.8599853515625,516.780029296875,504.3128356933594,73114400.0
2024-03-13,517.1099853515625,517.2899780273438,514.489990234375,515.969970703125,503.5223693847656,55104100.0
2024-03-14,516.969970703125,517.1300048828125,511.82000732421875,514.9500122070312,502.5269775390625,110171800.0
2024-03-15,510.2099914550781,511.70001220703125,508.1199951171875,509.8299865722656,499.07635498046875,107646300.0
2024-03-18,514.0,515.47998046875,512.4400024414062,512.8599853515625,502.04241943359375,88893300.0
2024-03-19,512.1500244140625,516.0,511.1199951171875,515.7100219726562,504.8323059082031,60755300.0
2024-03-20,515.77001953125,520.6199951171875,515.0800170898438,520.47998046875,509.5016784667969,69594600.0
2024-03-21,523.3900146484375,524.1099853515625,521.9099731445312,522.2000122070312,511.1854248046875,60256100.0
2024-03-22,522.1099853515625,522.6099853515625,520.969970703125,521.2100219726562,510.21630859375,79070800.0
2024-03-25,519.7999877929688,520.9500122070312,519.6099853515625,519.77001953125,508.8067626953125,48512100.0
2024-03-26,521.22998046875,521.5800170898438,518.4000244140625,518.8099975585938,507.866943359375,65463700.0
2024-03-27,521.7100219726562,523.2100219726562,519.489990234375,523.1699829101562,512.1348876953125,82999800.0
2024-03-28,523.2100219726562,524.6099853515625,522.780029296875,523.0700073242188,512.0370483398438,96294900.0
2024-04-01,523.8300170898438,524.3800048828125,520.969970703125,522.1599731445312,511.1462097167969,62477500.0
2024-04-02,518.239990234375,518.97998046875,516.47998046875,518.8400268554688,507.8963623046875,74230300.0
2024-04-03,517.719970703125,520.9500122070312,517.6699829101562,519.4099731445312,508.4542541503906,59155800.0
2024-04-04,523.52001953125,523.8699951171875,512.760009765625,513.0700073242188,502.2480163574219,96858100.0
2024-04-05,514.4600219726562,520.4400024414062,514.010009765625,518.4299926757812,507.494873046875,74546500.0
2024-04-08,519.1500244140625,520.1799926757812,517.8900146484375,518.719970703125,507.7787780761719,48401800.0
2024-04-09,520.5,520.75,514.3499755859375,519.3200073242188,508.3662109375,68049200.0
2024-04-10,513.47998046875,516.1599731445312,512.0900268554688,514.1199951171875,503.2757873535156,82652800.0
2024-04-11,515.6799926757812,519.47998046875,512.0800170898438,518.0,507.0740661621094,70099000.0
2024-04-12,514.3699951171875,515.8200073242188,509.0799865722656,510.8500061035156,500.0748291015625,92561100.0
2024-04-15,515.1300048828125,515.2999877929688,503.5799865722656,504.45001220703125,493.8098449707031,92101400.0
2024-04-16,504.94000244140625,506.5,502.2099914550781,503.5299987792969,492.9092102050781,73484000.0
2024-04-17,506.04998779296875,506.2200012207031,499.1199951171875,500.54998779296875,489.9920654296875,75910300.0
2024-04-18,501.9800109863281,504.1300048828125,498.55999755859375,499.5199890136719,488.98382568359375,74548100.0
2024-04-19,499.44000244140625,500.4599914550781,493.8599853515625,495.1600036621094,484.7158203125,102212600.0
2024-04-22,497.8299865722656,502.3800048828125,495.42999267578125,499.7200012207031,489.17962646484375,67961000.0
2024-04-23,501.7799987792969,506.0899963378906,499.5299987792969,505.6499938964844,494.9844970703125,64633600.0
2024-04-24,506.55999755859375,507.3699951171875,503.1300048828125,505.4100036621094,494.74957275390625,55928100.0
2024-04-25,499.17999267578125,504.2699890136719,497.489990234375,503.489990234375,492.87005615234375,69122400.0
2024-04-26,506.3500061035156,509.8800048828125,505.70001220703125,508.260009765625,497.5394592285156,64306100.0
2024-04-29,510.0899963378906,510.75,507.25,510.05999755859375,499.301513671875,46415400.0
2024-04-30,508.55999755859375,509.55999755859375,501.9800109863281,501.9800109863281,491.3919372558594,77483600.0
2024-05-01,501.3800048828125,508.19000244140625,499.8699951171875,500.3500061035156,489.7962951660156,80242800.0
2024-05-02,504.1499938964844,505.8900146484375,499.54998779296875,505.0299987792969,494.3775939941406,62550200.0
2024-05-03,511.1600036621094,512.5499877929688,508.55999755859375,511.2900085449219,500.5055847167969,72756700.0
2024-05-06,513.75,516.6099853515625,513.2999877929688,516.5700073242188,505.67413330078125,47264700.0
2024-05-07,517.5599975585938,518.5700073242188,516.4500122070312,517.1400146484375,506.2322082519531,52561300.0
2024-05-08,515.260009765625,517.739990234375,515.1400146484375,517.1900024414062,506.2810363769531,42047200.0
2024-05-09,517.3800048828125,520.2100219726562,516.7100219726562,520.1699829101562,509.1981506347656,43643700.0
2024-05-10,521.8099975585938,522.6400146484375,519.5900268554688,520.8400268554688,509.8541564941406,52233200.0
2024-05-13,522.5599975585938,522.6699829101562,519.739990234375,520.9099731445312,509.922607421875,36716400.0
2024-05-14,521.1099853515625,523.8300170898438,520.5599975585938,523.2999877929688,512.26220703125,57535900.0
2024-05-15,525.8300170898438,530.0800170898438,525.1799926757812,529.780029296875,518.6055908203125,59504900.0
2024-05-16,529.8800048828125,531.52001953125,528.5399780273438,528.6900024414062,517.5385131835938,50244800.0
2024-05-17,528.8099975585938,529.52001953125,527.3200073242188,529.4500122070312,518.2825317382812,59187600.0
2024-05-20,529.5700073242188,531.5599975585938,529.1699829101562,530.0599975585938,518.879638671875,37764200.0
2024-05-21,529.280029296875,531.52001953125,529.0700073242188,531.3599853515625,520.1522827148438,33437000.0
2024-05-22,530.6500244140625,531.3800048828125,527.5999755859375,529.8300170898438,518.6544799804688,48390000.0
2024-05-23,532.9600219726562,533.0700073242188,524.719970703125,525.9600219726562,514.8662109375,57211200.0
2024-05-24,527.8499755859375,530.27001953125,526.8800048828125,529.4400024414062,518.2727661132812,41291100.0
2024-05-28,530.27001953125,530.510009765625,527.1099853515625,529.8099975585938,518.6348876953125,36269600.0
2024-05-29,525.6799926757812,527.3099975585938,525.3699951171875,526.0999755859375,515.003173828125,45190300.0
2024-05-30,524.52001953125,525.2000122070312,521.3300170898438,522.6099853515625,511.5868225097656,46377600.0
2024-05-31,523.5900268554688,527.5,518.3599853515625,527.3699951171875,516.2463989257812,90785800.0
2024-06-03,529.02001953125,529.3099975585938,522.5999755859375,527.7999877929688,516.6672973632812,46835700.0
2024-06-04,526.4600219726562,529.1500244140625,524.9600219726562,528.3900146484375,517.2448120117188,34632700.0
2024-06-05,530.77001953125,534.6900024414062,528.72998046875,534.6699829101562,523.3923950195312,47610400.0
2024-06-06,534.97998046875,535.4199829101562,532.6799926757812,534.6599731445312,523.3826904296875,30808500.0
2024-06-07,533.6599731445312,536.8900146484375,532.5399780273438,534.010009765625,522.7463989257812,43224500.0
2024-06-10,533.1799926757812,535.989990234375,532.5700073242188,535.6599731445312,524.3615112304688,35686100.0
2024-06-11,534.0700073242188,537.010009765625,532.0499877929688,536.9500122070312,525.6243286132812,36383400.0
2024-06-12,541.6300048828125,544.1199951171875,540.2999877929688,541.3599853515625,529.9412841796875,63251300.0
2024-06-13,543.1500244140625,543.3300170898438,539.5900268554688,542.4500122070312,531.00830078125,44760900.0
2024-06-14,540.8800048828125,542.8099975585938,539.8499755859375,542.780029296875,531.3313598632812,40089900.0
2024-06-17,542.0800170898438,548.530029296875,541.6099853515625,547.0999755859375,535.5601806640625,55839500.0
2024-06-18,547.1599731445312,548.6199951171875,546.72998046875,548.489990234375,536.9208984375,41376400.0
2024-06-20,549.4400024414062,550.1199951171875,545.1799926757812,547.0,535.4622802734375,70328200.0
2024-06-21,544.4000244140625,545.6500244140625,543.02001953125,544.510009765625,534.7445068359375,64338600.0
2024-06-24,544.3300170898438,546.9500122070312,542.6199951171875,542.739990234375,533.0061645507812,45528700.0
2024-06-25,543.989990234375,545.2000122070312,542.4400024414062,544.8300170898438,535.0587158203125,37936200.0
2024-06-26,543.6900024414062,546.239990234375,543.030029296875,545.510009765625,535.7265014648438,38550600.0
2024-06-27,545.3699951171875,546.9600219726562,544.6099853515625,546.3699951171875,536.5711059570312,35041500.0
2024-06-28,547.1599731445312,550.280029296875,542.9500122070312,544.219970703125,534.4595947265625,76144500.0
2024-07-01,545.6300048828125,545.8800048828125,542.52001953125,545.3400268554688,535.5595092773438,40297800.0
2024-07-02,543.7000122070312,549.010009765625,543.6500244140625,549.010009765625,539.1637573242188,40434800.0
2024-07-03,548.6900024414062,551.8300170898438,548.6500244140625,551.4600219726562,541.5698852539062,32789900.0
2024-07-05,551.77001953125,555.0499877929688,551.1199951171875,554.6400146484375,544.6927490234375,41488400.0
2024-07-08,555.4400024414062,556.25,554.1900024414062,555.280029296875,545.3212890625,36110500.0
2024-07-09,556.260009765625,557.1799926757812,555.52001953125,555.8200073242188,545.8516845703125,27289700.0
2024-07-10,557.0700073242188,561.6699829101562,556.77001953125,561.3200073242188,551.2529296875,38701200.0
2024-07-11,561.4400024414062,562.3300170898438,555.8300170898438,556.47998046875,546.4998168945312,53054200.0
2024-07-12,557.6300048828125,563.6699829101562,557.1500244140625,559.989990234375,549.9468383789062,53084400.0
2024-07-15,562.030029296875,564.8400268554688,559.6300048828125,561.530029296875,551.4592895507812,40584300.0
2024-07-16,562.8699951171875,565.1599731445312,562.0999755859375,564.8599853515625,554.7294311523438,36475300.0
2024-07-17,558.7999877929688,560.510009765625,556.6099853515625,556.9400024414062,546.9515380859375,57119000.0
2024-07-18,558.510009765625,559.52001953125,550.4299926757812,552.6599731445312,542.748291015625,56270400.0
2024-07-19,552.4199829101562,554.0800170898438,547.9099731445312,548.989990234375,539.1441040039062,65509100.0
2024-07-22,553.0,555.27001953125,551.02001953125,554.6500244140625,544.70263671875,43346700.0
2024-07-23,554.5399780273438,556.739990234375,553.280029296875,553.780029296875,543.8482055664062,34439600.0
2024-07-24,548.8599853515625,549.1699829101562,540.2899780273438,541.22998046875,531.523193359375,74515300.0
2024-07-25,541.3499755859375,547.4600219726562,537.4500122070312,538.4099731445312,528.7538452148438,61158300.0
2024-07-26,542.280029296875,547.1900024414062,541.489990234375,544.4400024414062,534.6756591796875,53763800.0
2024-07-29,546.02001953125,547.0499877929688,542.719970703125,544.760009765625,534.989990234375,39515800.0
2024-07-30,546.260009765625,547.3400268554688,538.52001953125,542.0,532.279541015625,46853600.0
2024-07-31,548.97998046875,553.5,547.5800170898438,550.8099975585938,540.931396484375,65663400.0
2024-08-01,552.5700073242188,554.8699951171875,539.4299926757812,543.010009765625,533.2713623046875,76428700.0
2024-08-02,535.75,536.989990234375,528.5999755859375,532.9000244140625,523.3427124023438,82789100.0
2024-08-05,511.6400146484375,523.5800170898438,510.2699890136719,517.3800048828125,508.1010437011719,146267400.0
2024-08-06,519.219970703125,529.75,517.8699951171875,522.1500244140625,512.7855224609375,84826300.0
2024-08-07,528.469970703125,531.5900268554688,518.0499877929688,518.6599731445312,509.3580017089844,70698300.0
2024-08-08,523.9099731445312,531.2899780273438,521.8400268554688,530.6500244140625,521.133056640625,63276600.0
2024-08-09,529.8099975585938,534.510009765625,528.5599975585938,532.989990234375,523.4310302734375,45619600.0
2024-08-12,534.2100219726562,535.72998046875,530.9500122070312,533.27001953125,523.7061157226562,42542100.0
2024-08-13,536.530029296875,542.280029296875,536.280029296875,542.0399780273438,532.3187866210938,52333100.0
2024-08-14,542.8499755859375,544.9600219726562,540.1199951171875,543.75,533.998046875,42446900.0
2024-08-15,549.5,553.3599853515625,548.8800048828125,553.0700073242188,543.15087890625,60846800.0
2024-08-16,551.4199829101562,555.02001953125,551.260009765625,554.3099975585938,544.3685913085938,44430700.0
2024-08-19,554.72998046875,559.6099853515625,553.8599853515625,559.6099853515625,549.5736694335938,39121800.0
2024-08-20,559.1500244140625,560.8400268554688,557.3300170898438,558.7000122070312,548.679931640625,33732300.0
2024-08-21,559.77001953125,562.1099853515625,554.72998046875,560.6199951171875,550.5655517578125,41514600.0
2024-08-22,562.5599975585938,563.1799926757812,554.97998046875,556.219970703125,546.244384765625,56121500.0
2024-08-23,559.530029296875,563.0900268554688,557.2899780273438,562.1300048828125,552.0484008789062,50639400.0
2024-08-26,563.1799926757812,563.9099731445312,559.0499877929688,560.7899780273438,550.7323608398438,35788600.0
2024-08-27,559.489990234375,562.0599975585938,558.3200073242188,561.5599975585938,551.4886474609375,32693900.0
2024-08-28,561.2100219726562,561.6500244140625,555.0399780273438,558.2999877929688,548.287109375,41066000.0
2024-08-29,560.3099975585938,563.6799926757812,557.1799926757812,558.3499755859375,548.336181640625,38715200.0
2024-08-30,560.77001953125,564.2000122070312,557.1400146484375,563.6799926757812,553.5706787109375,62700100.0
2024-09-03,560.469970703125,560.8099975585938,549.510009765625,552.0800170898438,542.1787109375,60600100.0
2024-09-04,550.2000122070312,554.4299926757812,549.4600219726562,550.9500122070312,541.0689697265625,47224900.0
2024-09-05,550.8900146484375,553.7999877929688,547.0999755859375,549.6099853515625,539.7529296875,44264300.0
2024-09-06,549.9400024414062,551.5999755859375,539.4400024414062,540.3599853515625,530.6689453125,68493800.0
2024-09-09,544.6500244140625,547.7100219726562,542.6799926757812,546.4099731445312,536.6102905273438,40445800.0
2024-09-10,548.3599853515625,549.1500244140625,543.3800048828125,548.7899780273438,538.9476928710938,36394600.0
2024-09-11,548.7000122070312,555.3599853515625,539.9600219726562,554.4199829101562,544.4766845703125,75248600.0
2024-09-12,555.010009765625,559.4000244140625,552.739990234375,559.0900268554688,549.0629272460938,51819600.0
2024-09-13,559.7100219726562,563.030029296875,559.4500122070312,562.010009765625,551.9305419921875,39310500.0
2024-09-16,561.739990234375,563.1099853515625,559.9000244140625,562.8400268554688,552.7457275390625,36656100.0
2024-09-17,565.0999755859375,566.5800170898438,560.7899780273438,563.0700073242188,552.9715576171875,49321000.0
2024-09-18,563.739990234375,568.6900024414062,560.8300170898438,561.4000244140625,551.33154296875,59044900.0
2024-09-19,571.010009765625,572.8800048828125,568.0800170898438,570.97998046875,560.7396850585938,75315500.0
2024-09-20,567.8400268554688,569.3099975585938,565.1699829101562,568.25,559.7703857421875,77503100.0
2024-09-23,569.3400268554688,570.3300170898438,568.0999755859375,569.6699829101562,561.169189453125,44116900.0
2024-09-24,570.47998046875,571.3599853515625,567.5999755859375,571.2999877929688,562.77490234375,46805700.0
2024-09-25,571.1400146484375,571.8900146484375,568.9099731445312,570.0399780273438,561.5336303710938,38428600.0
2024-09-26,574.3800048828125,574.7100219726562,569.9000244140625,572.2999877929688,563.7599487304688,48336000.0
2024-09-27,573.3900146484375,574.219970703125,570.4199829101562,571.469970703125,562.9423217773438,42100900.0
2024-09-30,570.4199829101562,574.3800048828125,568.0800170898438,573.760009765625,565.1981201171875,63557400.0
2024-10-01,573.4000244140625,574.0599975585938,566.0,568.6199951171875,560.1348266601562,72668800.0
2024-10-02,567.7100219726562,569.9000244140625,565.27001953125,568.8599853515625,560.3712768554688,38097800.0
2024-10-03,567.3599853515625,569.7999877929688,565.489990234375,567.8200073242188,559.3468627929688,40846500.0
2024-10-04,572.3499755859375,573.3599853515625,568.0999755859375,572.97998046875,564.4297485351562,42939100.0
2024-10-07,571.2999877929688,571.9600219726562,566.6300048828125,567.7999877929688,559.3271484375,49964700.0
2024-10-08,570.4199829101562,573.780029296875,569.530029296875,573.1699829101562,564.616943359375,37398700.0
2024-10-09,573.1599731445312,577.7100219726562,572.5499877929688,577.1400146484375,568.5277099609375,37912200.0
2024-10-10,575.77001953125,577.5800170898438,574.489990234375,576.1300048828125,567.5328979492188,44138100.0
2024-10-11,576.0499877929688,580.3300170898438,575.9099731445312,579.5800170898438,570.931396484375,42268000.0
2024-10-14,581.219970703125,585.27001953125,580.72998046875,584.3200073242188,575.6006469726562,36217200.0
2024-10-15,584.5900268554688,584.9000244140625,578.5399780273438,579.780029296875,571.1283569335938,54203600.0
2024-10-16,579.780029296875,582.8300170898438,578.9600219726562,582.2999877929688,573.6107177734375,30725400.0
2024-10-17,585.9099731445312,586.1199951171875,582.1599731445312,582.3499755859375,573.6599731445312,34393700.0
2024-10-18,584.0700073242188,585.3900146484375,582.5800170898438,584.5900268554688,575.8665771484375,37416800.0
2024-10-21,583.8499755859375,584.8499755859375,580.5999755859375,583.6300048828125,574.9208984375,36439000.0
2024-10-22,581.0499877929688,584.5,580.3800048828125,583.3200073242188,574.6156005859375,34183800.0
2024-10-23,581.260009765625,581.7100219726562,574.4199829101562,577.989990234375,569.3650512695312,49314600.0
2024-10-24,579.97998046875,580.0599975585938,576.5700073242188,579.239990234375,570.596435546875,34979900.0
2024-10-25,581.510009765625,584.4600219726562,578.0800170898438,579.0399780273438,570.3994140625,47268200.0
2024-10-28,582.5800170898438,582.7100219726562,580.52001953125,580.8300170898438,572.1627197265625,30174700.0
2024-10-29,579.8499755859375,582.9099731445312,578.4299926757812,581.77001953125,573.088623046875,42899700.0
2024-10-30,581.2899780273438,583.3200073242188,579.2899780273438,580.010009765625,571.3549194335938,41435800.0
2024-10-31,575.5599975585938,575.6300048828125,568.4400024414062,568.6400146484375,560.1546020507812,60182500.0
2024-11-01,571.3200073242188,575.5499877929688,570.6199951171875,571.0399780273438,562.5187377929688,45667500.0
2024-11-04,571.1799926757812,572.5,567.8900146484375,569.8099975585938,561.30712890625,38217000.0
2024-11-05,570.739990234375,576.739990234375,570.52001953125,576.7000122070312,568.0942993164062,39478300.0
2024-11-06,589.2000122070312,591.9299926757812,585.3900146484375,591.0399780273438,582.2203369140625,68182000.0
2024-11-07,593.0800170898438,596.6500244140625,593.0,595.6099853515625,586.7221069335938,47233200.0
2024-11-08,596.1699829101562,599.6400146484375,596.1699829101562,598.1900024414062,589.263671875,46444900.0
2024-11-11,599.8099975585938,600.1699829101562,597.0,598.760009765625,589.8250122070312,37586800.0
2024-11-12,598.6799926757812,599.2899780273438,594.3699951171875,596.9000244140625,587.9928588867188,43006100.0
2024-11-13,597.3699951171875,599.22998046875,594.9600219726562,597.1900024414062,588.2785034179688,47388600.0
2024-11-14,597.3200073242188,597.8099975585938,592.6500244140625,593.3499755859375,584.4959106445312,38904100.0
2024-11-15,589.719970703125,590.2000122070312,583.8599853515625,585.75,577.00927734375,75988800.0
2024-11-18,586.219970703125,589.489990234375,585.3400268554688,588.1500244140625,579.37353515625,37001700.0
2024-11-19,584.7100219726562,591.0399780273438,584.030029296875,590.2999877929688,581.4913940429688,49412000.0
2024-11-20,590.3800048828125,590.7899780273438,584.6300048828125,590.5,581.6883544921875,50032600.0
2024-11-21,593.4000244140625,595.1199951171875,587.4500122070312,593.6699829101562,584.81103515625,46750300.0
2024-11-22,593.6599731445312,596.1500244140625,593.1500244140625,595.510009765625,586.6235961914062,38226400.0
2024-11-25,599.52001953125,600.8599853515625,595.2000122070312,597.530029296875,588.613525390625,42441400.0
2024-11-26,598.7999877929688,601.3300170898438,598.0700073242188,600.6500244140625,591.6869506835938,45621300.0
2024-11-27,600.4600219726562,600.8499755859375,597.280029296875,598.8300170898438,589.89404296875,34000200.0
2024-11-29,599.6599731445312,603.3499755859375,599.3800048828125,602.5499877929688,593.55859375,30177400.0
2024-12-02,602.969970703125,604.3200073242188,602.469970703125,603.6300048828125,594.6224365234375,31746000.0
2024-12-03,603.3900146484375,604.1599731445312,602.3400268554688,603.9099731445312,594.8982543945312,26906600.0
2024-12-04,605.6300048828125,607.9099731445312,604.9500122070312,607.6599731445312,598.5923461914062,42787600.0
2024-12-05,607.6599731445312,608.47998046875,606.2999877929688,606.6599731445312,597.607177734375,28762200.0
2024-12-06,607.4400024414062,609.0700073242188,607.02001953125,607.8099975585938,598.7401123046875,31241500.0
2024-12-09,607.6900024414062,607.8599853515625,604.0800170898438,604.6799926757812,595.65673828125,34742700.0
2024-12-10,605.3699951171875,605.7999877929688,602.1300048828125,602.7999877929688,593.8048095703125,37234500.0
2024-12-11,605.780029296875,608.4299926757812,605.5,607.4600219726562,598.3953247070312,28677700.0
2024-12-12,606.5800170898438,607.1599731445312,604.3300170898438,604.3300170898438,595.31201171875,31543800.0
2024-12-13,606.4000244140625,607.1300048828125,602.8099975585938,604.2100219726562,595.19384765625,35904700.0
2024-12-16,606.0,607.780029296875,605.2100219726562,606.7899780273438,597.7352294921875,43695200.0
2024-12-17,604.1900024414062,605.1699829101562,602.8900146484375,604.2899780273438,595.2725830078125,55773500.0
2024-12-18,603.97998046875,606.4099731445312,585.8900146484375,586.280029296875,577.5313720703125,108248700.0
2024-12-19,591.3599853515625,593.0,585.8499755859375,586.0999755859375,577.35400390625,85919500.0
2024-12-20,581.77001953125,595.75,580.9099731445312,591.1500244140625,584.2886352539062,125716700.0
2024-12-23,590.8900146484375,595.2999877929688,587.6599731445312,594.6900024414062,587.7875366210938,57635800.0
2024-12-24,596.0599975585938,601.3400268554688,595.469970703125,601.2999877929688,594.32080078125,33160100.0
2024-12-26,599.5,602.47998046875,598.0800170898438,601.3400268554688,594.3604125976562,41219100.0
2024-12-27,597.5399780273438,597.780029296875,590.760009765625,595.010009765625,588.1038208007812,64969300.0
2024-12-30,587.8900146484375,591.739990234375,584.4099731445312,588.219970703125,581.3926391601562,56578800.0
2024-12-31,589.9099731445312,590.6400146484375,584.4199829101562,586.0800170898438,579.2774047851562,57052700.0
2025-01-02,589.3900146484375,591.1300048828125,580.5,584.6400146484375,577.8541870117188,50204000.0
2025-01-03,587.530029296875,592.5999755859375,586.4299926757812,591.9500122070312,585.079345703125,37888500.0
2025-01-06,596.27001953125,599.7000122070312,593.5999755859375,595.3599853515625,588.44970703125,47679400.0
2025-01-07,597.4199829101562,597.75,586.780029296875,588.6300048828125,581.7977905273438,60393100.0
2025-01-08,588.7000122070312,590.5800170898438,585.2000122070312,589.489990234375,582.6478271484375,47304700.0
2025-01-10,585.8800048828125,585.9500122070312,578.5499877929688,580.489990234375,573.7523193359375,73105000.0
2025-01-13,575.77001953125,581.75,575.3499755859375,581.3900146484375,574.6419067382812,47910100.0
2025-01-14,584.3599853515625,585.0,578.3499755859375,582.1900024414062,575.4325561523438,48420600.0
2025-01-15,590.3300170898438,593.9400024414062,589.2000122070312,592.780029296875,585.8997192382812,56900200.0
2025-01-16,594.1699829101562,594.3499755859375,590.9299926757812,591.6400146484375,584.77294921875,43319700.0
2025-01-17,596.9600219726562,599.3599853515625,595.6099853515625,597.5800170898438,590.64404296875,58070600.0
2025-01-21,600.6699829101562,603.0599975585938,598.6699829101562,603.0499877929688,596.0504760742188,42532900.0
2025-01-22,605.9199829101562,607.8200073242188,605.3599853515625,606.4400024414062,599.4011840820312,48196000.0
2025-01-23,605.7999877929688,609.75,605.52001953125,609.75,602.6727294921875,41152100.0
2025-01-24,609.8099975585938,610.780029296875,606.7999877929688,607.969970703125,600.913330078125,34604700.0
2025-01-27,594.8099975585938,599.6900024414062,594.6400146484375,599.3699951171875,592.4132080078125,70361100.0
2025-01-28,600.6199951171875,605.3699951171875,597.25,604.52001953125,597.50341796875,44433300.0
2025-01-29,603.719970703125,604.1300048828125,599.219970703125,601.8099975585938,594.8248901367188,37177400.0
2025-01-30,603.9600219726562,606.5999755859375,600.719970703125,605.0399780273438,598.0173950195312,39281300.0
2025-01-31,607.5,609.9600219726562,601.0499877929688,601.8200073242188,594.8347778320312,66566900.0
2025-02-03,592.6699829101562,600.2899780273438,590.489990234375,597.77001953125,590.831787109375,65857200.0
2025-02-04,597.8300170898438,602.2999877929688,597.280029296875,601.780029296875,594.7952880859375,33457800.0
2025-02-05,600.6400146484375,604.3699951171875,598.5800170898438,604.219970703125,597.2069091796875,30653100.0
2025-02-06,605.989990234375,606.4500122070312,602.6300048828125,606.3200073242188,599.2825317382812,35771500.0
2025-02-07,606.8900146484375,608.1300048828125,600.0499877929688,600.77001953125,593.7969360351562,50788500.0
2025-02-10,604.030029296875,605.5,602.739990234375,604.8499755859375,597.8296508789062,26048700.0
2025-02-11,602.5499877929688,605.8599853515625,602.4299926757812,605.3099975585938,598.2843017578125,30056700.0
2025-02-12,599.2000122070312,604.5499877929688,598.510009765625,603.3599853515625,596.3568725585938,45076100.0
2025-02-13,604.47998046875,609.9400024414062,603.2000122070312,609.72998046875,602.6529541015625,40921300.0
2025-02-14,609.9400024414062,610.989990234375,609.0700073242188,609.7000122070312,602.623291015625,26910400.0
2025-02-18,610.8800048828125,611.489990234375,608.3800048828125,611.489990234375,604.3925170898438,26749000.0
2025-02-19,610.0800170898438,613.22998046875,609.5599975585938,612.9299926757812,605.8158569335938,31011100.0
2025-02-20,611.5399780273438,611.6799926757812,607.02001953125,610.3800048828125,603.29541015625,36554000.0
2025-02-21,610.1599731445312,610.2999877929688,599.469970703125,599.9400024414062,592.9765625,76519800.0
2025-02-24,602.02001953125,603.030029296875,596.489990234375,597.2100219726562,590.2782592773438,50737200.0
2025-02-25,597.1500244140625,597.8900146484375,589.5599975585938,594.239990234375,587.3427734375,58266500.0
2025-02-26,595.9299926757812,599.5800170898438,591.8599853515625,594.5399780273438,587.6392211914062,43321600.0
2025-02-27,596.8499755859375,598.02001953125,584.6500244140625,585.0499877929688,578.2593994140625,74196700.0
2025-02-28,585.5599975585938,594.719970703125,582.4400024414062,594.1799926757812,587.283447265625,88744100.0
2025-03-03,596.1799926757812,597.3400268554688,579.9000244140625,583.77001953125,576.9942626953125,74249200.0
2025-03-04,579.7100219726562,585.3900146484375,572.25,576.8599853515625,570.1644287109375,109648200.0
2025-03-05,576.6900024414062,584.8800048828125,573.0800170898438,583.0599975585938,576.29248046875,71230500.0
2025-03-06,575.47998046875,580.1699829101562,570.1199951171875,572.7100219726562,566.0626220703125,80094900.0
2025-03-07,570.9000244140625,577.3900146484375,565.6300048828125,575.9199829101562,569.2353515625,81158800.0
2025-03-10,567.5900268554688,569.5399780273438,555.5900268554688,560.5800170898438,554.0734252929688,99326600.0
2025-03-11,559.4000244140625,564.02001953125,552.02001953125,555.9199829101562,549.4674682617188,88102100.0
2025-03-12,562.1699829101562,563.1099853515625,553.6900024414062,558.8699951171875,552.3832397460938,69588200.0
2025-03-13,558.489990234375,559.1099853515625,549.6799926757812,551.4199829101562,545.019775390625,74079400.0
2025-03-14,556.1099853515625,563.8300170898438,551.489990234375,562.8099975585938,556.2775268554688,62660300.0
2025-03-17,562.7899780273438,569.7100219726562,562.3499755859375,567.1500244140625,560.5671997070312,49008700.0
2025-03-18,564.7999877929688,565.02001953125,559.0599975585938,561.02001953125,554.50830078125,66041400.0
2025-03-19,562.8300170898438,570.9500122070312,561.6300048828125,567.1300048828125,560.54736328125,66556000.0
2025-03-20,563.3300170898438,570.5700073242188,562.5999755859375,565.489990234375,558.9264526367188,62958200.0
2025-03-21,559.280029296875,564.8900146484375,558.030029296875,563.97998046875,559.11083984375,83763000.0
2025-03-24,570.7999877929688,575.1500244140625,570.2000122070312,574.0800170898438,569.1235961914062,58766800.0
2025-03-25,575.2999877929688,576.4099731445312,573.6900024414062,575.4600219726562,570.4917602539062,38355700.0
2025-03-26,575.1900024414062,576.3300170898438,567.1900024414062,568.5900268554688,563.6810913085938,51848300.0
2025-03-27,567.1799926757812,570.9000244140625,564.9400024414062,567.0800170898438,562.1840209960938,42164200.0
2025-03-28,565.530029296875,566.27001953125,555.0700073242188,555.6599731445312,550.8626708984375,71662700.0
2025-03-31,549.8300170898438,560.7100219726562,546.8699951171875,559.3900146484375,554.5604858398438,95328200.0
2025-04-01,557.4500122070312,562.9400024414062,553.6799926757812,560.969970703125,556.1268310546875,54609600.0
2025-04-02,555.0499877929688,567.4199829101562,554.8099975585938,564.52001953125,559.6461791992188,76014500.0
2025-04-03,545.1099853515625,547.969970703125,536.7000122070312,536.7000122070312,532.06640625,125986000.0
2025-04-04,523.6699829101562,525.8699951171875,505.05999755859375,505.2799987792969,500.9176330566406,217965100.0
2025-04-07,489.19000244140625,523.1699829101562,481.79998779296875,504.3800048828125,500.025390625,256611400.0
2025-04-08,521.8599853515625,524.97998046875,489.1600036621094,496.4800109863281,492.193603515625,165816600.0
2025-04-09,493.44000244140625,548.6199951171875,493.04998779296875,548.6199951171875,543.8834838867188,241867300.0
2025-04-10,532.1699829101562,533.5,509.32000732421875,524.5800170898438,520.051025390625,162331200.0
2025-04-11,523.010009765625,536.4299926757812,520.0700073242188,533.9400024414062,529.3302612304688,97866300.0
2025-04-14,544.0499877929688,544.280029296875,533.8599853515625,539.1199951171875,534.4654541015625,68034000.0
2025-04-15,539.6699829101562,543.22998046875,536.8099975585938,537.6099853515625,532.9684448242188,56892900.0
2025-04-16,531.6799926757812,537.8900146484375,520.2899780273438,525.6599731445312,521.1216430664062,83484800.0
2025-04-17,527.6400146484375,531.1699829101562,523.9099731445312,526.4099731445312,521.8651733398438,79868100.0
2025-04-21,521.1599731445312,521.7000122070312,508.4599914550781,513.8800048828125,509.443359375,69368100.0
2025-04-22,520.1400146484375,529.2999877929688,519.1900024414062,527.25,522.697998046875,75948100.0
2025-04-23,540.4299926757812,545.4299926757812,533.8800048828125,535.4199829101562,530.79736328125,90590700.0
2025-04-24,536.719970703125,547.4299926757812,535.4500122070312,546.6900024414062,541.9700927734375,64150400.0
2025-04-25,546.6500244140625,551.0499877929688,543.6900024414062,550.6400146484375,545.8860473632812,61119600.0
2025-04-28,551.3900146484375,553.5499877929688,545.02001953125,550.8499755859375,546.09423828125,47613800.0
2025-04-29,548.9099731445312,555.4500122070312,548.5499877929688,554.3200073242188,549.5342407226562,47775100.0
2025-04-30,547.5700073242188,556.52001953125,541.52001953125,554.5399780273438,549.7523193359375,93101500.0
2025-05-01,560.3699951171875,564.0700073242188,557.8599853515625,558.469970703125,553.6484375,63186100.0
2025-05-02,564.72998046875,568.3800048828125,562.3800048828125,566.760009765625,561.8668823242188,60717300.0
2025-05-05,562.5700073242188,566.6500244140625,561.7000122070312,563.510009765625,558.6448974609375,38659200.0
2025-05-06,557.9299926757812,563.3499755859375,556.9600219726562,558.7999877929688,553.9755859375,48264700.0
2025-05-07,560.1500244140625,563.8200073242188,556.0399780273438,561.1500244140625,556.3052978515625,55588000.0
2025-05-08,565.239990234375,570.3099975585938,561.7000122070312,565.0599975585938,560.1815185546875,65130800.0
2025-05-09,566.47998046875,567.5,562.760009765625,564.3400268554688,559.4677734375,37603400.0
2025-05-12,581.469970703125,583.0,577.0399780273438,582.989990234375,577.9567260742188,78993600.0
2025-05-13,583.4099731445312,589.0800170898438,582.8400268554688,586.8400268554688,581.7734375,67947200.0
2025-05-14,587.8099975585938,588.97998046875,585.5399780273438,587.5900268554688,582.5169677734375,66283500.0
2025-05-15,585.5599975585938,590.969970703125,585.0999755859375,590.4600219726562,585.3622436523438,71268100.0
2025-05-16,591.25,594.5,589.280029296875,594.2000122070312,589.0699462890625,76052100.0
2025-05-19,588.0999755859375,595.5399780273438,588.0999755859375,594.8499755859375,589.71435546875,68168500.0
2025-05-20,593.0900268554688,594.0499877929688,589.5999755859375,592.8499755859375,587.7315673828125,60614500.0
2025-05-21,588.4400024414062,592.5800170898438,581.8200073242188,582.8599853515625,577.8278198242188,95197700.0
2025-05-22,582.6599731445312,586.6199951171875,581.4099731445312,583.0900268554688,578.0558471679688,70860400.0
2025-05-23,575.97998046875,581.8099975585938,575.5999755859375,579.1099853515625,574.1102294921875,76029000.0
2025-05-27,586.0700073242188,591.3099975585938,578.4299926757812,591.1500244140625,586.0462646484375,72588500.0
2025-05-28,591.5599975585938,592.77001953125,586.989990234375,587.72998046875,582.65576171875,68445500.0
2025-05-29,593.0599975585938,593.2000122070312,586.0700073242188,590.0499877929688,584.9557495117188,69973300.0
2025-05-30,588.9299926757812,591.1300048828125,583.239990234375,589.3900146484375,584.301513671875,90601200.0
2025-06-02,587.760009765625,592.7899780273438,585.0599975585938,592.7100219726562,587.5928955078125,61630500.0
2025-06-03,592.3400268554688,597.0800170898438,591.8499755859375,596.0900268554688,590.943603515625,63606200.0
2025-06-04,596.9600219726562,597.9500122070312,595.489990234375,595.9299926757812,590.7850341796875,57314200.0
2025-06-05,597.6300048828125,599.0,591.0499877929688,593.0499877929688,587.9298095703125,92278700.0
2025-06-06,598.6599731445312,600.8300170898438,596.8599853515625,599.1400146484375,593.96728515625,66588700.0
2025-06-09,599.719970703125,601.25,598.489990234375,599.6799926757812,594.5026245117188,53016400.0
2025-06-10,600.219970703125,603.469970703125,599.0900268554688,603.0800170898438,597.8733520507812,66247000.0
2025-06-11,604.1900024414062,605.0599975585938,599.27001953125,601.3599853515625,596.1680908203125,73658200.0
2025-06-12,600.010009765625,603.75,599.52001953125,603.75,598.5374145507812,64129000.0
2025-06-13,598.5,601.8499755859375,595.47998046875,597.0,591.8457641601562,89506000.0
2025-06-16,600.4000244140625,604.4500122070312,600.219970703125,602.6799926757812,597.4767456054688,79984100.0
2025-06-17,600.2100219726562,601.75,596.760009765625,597.530029296875,592.3712158203125,82209400.0
2025-06-18,598.4400024414062,601.219970703125,596.469970703125,597.4400024414062,592.2819213867188,76605000.0
2025-06-20,598.3800048828125,599.4600219726562,592.8599853515625,594.280029296875,590.8909301757812,94051400.0
2025-06-23,595.0399780273438,600.5399780273438,591.8900146484375,600.1500244140625,596.7274780273438,87426000.0
2025-06-24,604.3300170898438,607.8499755859375,603.4099731445312,606.780029296875,603.3196411132812,67735300.0
2025-06-25,607.9099731445312,608.6099853515625,605.5399780273438,607.1199951171875,603.65771484375,62114800.0
2025-06-26,608.989990234375,612.3099975585938,608.3699951171875,611.8699951171875,608.380615234375,78548400.0
2025-06-27,612.8800048828125,616.3900146484375,610.8300170898438,614.9099731445312,611.4032592773438,86258400.0
2025-06-30,617.3800048828125,619.219970703125,615.0399780273438,617.8499755859375,614.3265380859375,92502500.0
2025-07-01,616.3599853515625,618.8300170898438,615.52001953125,617.6500244140625,614.127685546875,70030100.0
2025-07-02,617.239990234375,620.489990234375,616.6099853515625,620.4500122070312,616.9116821289062,66510400.0
2025-07-03,622.4500122070312,626.280029296875,622.4299926757812,625.3400268554688,621.7738037109375,51065800.0
2025-07-07,623.3599853515625,624.030029296875,617.8699951171875,620.6799926757812,617.140380859375,74814500.0
2025-07-08,621.3499755859375,622.1099853515625,619.52001953125,620.3400268554688,616.8023681640625,59024600.0
2025-07-09,622.77001953125,624.719970703125,620.9099731445312,624.0599975585938,620.5010986328125,66113300.0
2025-07-10,624.2000122070312,626.8699951171875,623.010009765625,625.8200073242188,622.2510986328125,57529000.0
2025-07-11,622.739990234375,624.8599853515625,621.530029296875,623.6199951171875,620.0635986328125,63670200.0
2025-07-14,623.1599731445312,625.1599731445312,621.7999877929688,624.8099975585938,621.2467651367188,51898500.0
2025-07-15,627.52001953125,627.8599853515625,622.0599975585938,622.1400146484375,618.592041015625,74317300.0
2025-07-16,623.739990234375,624.72998046875,618.0499877929688,624.219970703125,620.66015625,88987500.0
2025-07-17,624.4000244140625,628.4000244140625,624.1799926757812,628.0399780273438,624.4583740234375,68885700.0
2025-07-18,629.2999877929688,629.469970703125,626.4600219726562,627.5800170898438,624.0010375976562,65621600.0
2025-07-21,628.77001953125,631.5399780273438,628.3400268554688,628.77001953125,625.1842651367188,63375000.0
2025-07-22,629.0999755859375,629.72998046875,626.1900024414062,628.8599853515625,625.2737426757812,60046300.0
2025-07-23,631.5499877929688,634.2100219726562,629.72998046875,634.2100219726562,630.59326171875,70511000.0
2025-07-24,634.5999755859375,636.1500244140625,633.989990234375,634.4199829101562,630.802001953125,71307100.0
2025-07-25,635.0900268554688,637.5800170898438,634.8400268554688,637.0999755859375,633.4667358398438,56865400.0
2025-07-28,637.47998046875,638.0399780273438,635.5399780273438,636.9400024414062,633.3076782226562,54917100.0
2025-07-29,638.3499755859375,638.6699829101562,634.3400268554688,635.260009765625,631.63720703125,60556300.0
2025-07-30,635.9199829101562,637.6799926757812,631.5399780273438,634.4600219726562,630.841796875,80418900.0
2025-07-31,639.4600219726562,639.8499755859375,630.77001953125,632.0800170898438,628.4754028320312,103385200.0
2025-08-01,626.2999877929688,626.3400268554688,619.2899780273438,621.719970703125,618.1743774414062,140103600.0
2025-08-04,625.6699829101562,631.219970703125,625.5800170898438,631.1699829101562,627.5704956054688,73218000.0
2025-08-05,631.7899780273438,632.6099853515625,627.0399780273438,627.969970703125,624.3887329101562,68051400.0
2025-08-06,629.0499877929688,633.4400024414062,628.1300048828125,632.780029296875,629.17138671875,64357500.0
2025-08-07,636.239990234375,636.97998046875,629.1099853515625,632.25,628.6443481445312,74205800.0
2025-08-08,634.0599975585938,637.6500244140625,633.739990234375,637.1799926757812,633.5462646484375,64051600.0
2025-08-11,637.4600219726562,638.9500122070312,634.6599731445312,635.9199829101562,632.29345703125,58742300.0
2025-08-12,638.2899780273438,642.8499755859375,636.7899780273438,642.6900024414062,639.02490234375,64730800.0
2025-08-13,644.9099731445312,646.1900024414062,642.6799926757812,644.8900146484375,641.2123413085938,60092800.0
2025-08-14,642.7899780273438,645.6199951171875,642.3400268554688,644.9500122070312,641.27197265625,59327500.0
2025-08-15,645.989990234375,646.0900268554688,642.52001953125,643.4400024414062,639.7706298828125,68592500.0
2025-08-18,642.8599853515625,644.0,642.1799926757812,643.2999877929688,639.63134765625,43804900.0
2025-08-19,643.1199951171875,644.1099853515625,638.47998046875,639.8099975585938,636.1612548828125,69750700.0
2025-08-20,639.4000244140625,639.6599731445312,632.9500122070312,638.1099853515625,634.470947265625,88890300.0
2025-08-21,636.280029296875,637.969970703125,633.8099975585938,635.5499877929688,631.925537109375,54805800.0
2025-08-22,637.760009765625,646.5,637.25,645.3099975585938,641.6299438476562,84083200.0
2025-08-25,644.0399780273438,645.2899780273438,642.3499755859375,642.469970703125,638.8060302734375,51274300.0
2025-08-26,642.2000122070312,645.510009765625,641.5700073242188,645.1599731445312,641.4807739257812,51581600.0
2025-08-27,644.5700073242188,647.3699951171875,644.4199829101562,646.6300048828125,642.9423828125,48341100.0
2025-08-28,647.239990234375,649.47998046875,645.3400268554688,648.9199829101562,645.2192993164062,61519500.0
2025-08-29,647.469970703125,647.8400268554688,643.1400146484375,645.0499877929688,641.3713989257812,74522200.0
2025-09-02,637.5,640.489990234375,634.9199829101562,640.27001953125,636.61865234375,81983500.0
2025-09-03,642.6699829101562,644.2100219726562,640.4600219726562,643.739990234375,640.06884765625,70820900.0
2025-09-04,644.4199829101562,649.1500244140625,643.510009765625,649.1199951171875,645.4181518554688,65219200.0
2025-09-05,651.47998046875,652.2100219726562,643.3300170898438,647.239990234375,643.5488891601562,85178900.0
2025-09-08,648.6199951171875,649.8400268554688,647.22998046875,648.8300170898438,645.1298217773438,63133100.0
2025-09-09,648.969970703125,650.8599853515625,647.219970703125,650.3300170898438,646.6212768554688,66133900.0
2025-09-10,653.6199951171875,654.5499877929688,650.6300048828125,652.2100219726562,648.4906005859375,78034500.0
2025-09-11,654.1799926757812,658.3300170898438,653.5900268554688,657.6300048828125,653.8796997070312,69934400.0
2025-09-12,657.5999755859375,659.1099853515625,656.9000244140625,657.4099731445312,653.660888671875,72780100.0
2025-09-15,659.6400146484375,661.0399780273438,659.3400268554688,660.9099731445312,657.1409301757812,63772400.0
2025-09-16,661.469970703125,661.780029296875,659.2100219726562,660.0,656.2361450195312,61169000.0
2025-09-17,660.010009765625,661.719970703125,654.2999877929688,659.1799926757812,655.4208374023438,101952200.0
2025-09-18,661.8900146484375,664.8900146484375,660.27001953125,662.260009765625,658.4832763671875,90459200.0
2025-09-19,662.3300170898438,664.5499877929688,660.3699951171875,663.7000122070312,661.74462890625,97945600.0
2025-09-22,662.2000122070312,667.2899780273438,662.1699829101562,666.8400268554688,664.8753662109375,69452200.0
2025-09-23,666.719970703125,667.3400268554688,661.97998046875,663.2100219726562,661.256103515625,81708900.0
2025-09-24,664.510009765625,664.6099853515625,659.6699829101562,661.0999755859375,659.1522216796875,68082200.0
2025-09-25,657.9400024414062,659.4099731445312,654.4099731445312,658.0499877929688,656.1112670898438,89622100.0
2025-09-26,659.510009765625,662.3699951171875,657.8800048828125,661.8200073242188,659.8701782226562,69179200.0
2025-09-29,664.3599853515625,665.280029296875,661.8599853515625,663.6799926757812,661.7246704101562,73499000.0
2025-09-30,662.9299926757812,666.6500244140625,661.6099853515625,666.1799926757812,664.21728515625,86288000.0
2025-10-01,663.1699829101562,669.3699951171875,663.0599975585938,668.4500122070312,666.4806518554688,72545400.0
2025-10-02,670.4500122070312,670.5700073242188,666.780029296875,669.219970703125,667.248291015625,56896000.0
2025-10-03,669.989990234375,672.6799926757812,668.1599731445312,669.2100219726562,667.2384033203125,70494400.0
2025-10-06,671.6199951171875,672.510009765625,669.4600219726562,671.6099853515625,669.6312866210938,54623300.0
2025-10-07,672.5399780273438,672.989990234375,667.6699829101562,669.1199951171875,667.1486206054688,72020100.0
2025-10-08,670.25,673.2100219726562,669.4199829101562,673.1099853515625,671.1268920898438,60702200.0
2025-10-09,673.530029296875,673.9400024414062,669.2100219726562,671.1599731445312,669.1826171875,66501900.0
2025-10-10,672.1300048828125,673.9500122070312,652.8400268554688,653.02001953125,651.0960693359375,159422600.0
2025-10-13,660.6500244140625,665.1300048828125,659.77001953125,663.0399780273438,661.0865478515625,79560500.0
2025-10-14,657.1699829101562,665.8300170898438,653.1699829101562,662.22998046875,660.2789306640625,88779600.0
2025-10-15,666.8200073242188,670.22998046875,658.9299926757812,665.1699829101562,663.2102661132812,81702600.0
2025-10-16,666.8200073242188,668.7100219726562,657.1099853515625,660.6400146484375,658.6936645507812,110563300.0
2025-10-17,659.5,665.760009765625,658.1400146484375,664.3900146484375,662.4326171875,96500900.0
2025-10-20,667.3200073242188,672.2100219726562,667.27001953125,671.2999877929688,669.3222045898438,60493400.0
2025-10-21,671.4400024414062,672.989990234375,669.97998046875,671.2899780273438,669.3121948242188,56249000.0
2025-10-22,672.0,672.0,663.2999877929688,667.7999877929688,665.83251953125,80564000.0
2025-10-23,668.1199951171875,672.7100219726562,667.7999877929688,671.760009765625,669.7808837890625,65604500.0
2025-10-24,676.4600219726562,678.469970703125,675.6500244140625,677.25,675.2546997070312,74356500.0
2025-10-27,682.72998046875,685.5399780273438,682.1199951171875,685.239990234375,683.2211303710938,63339800.0
2025-10-28,687.0499877929688,688.9099731445312,684.8300170898438,687.0599975585938,685.0357666015625,61738100.0
2025-10-29,688.719970703125,689.7000122070312,682.8699951171875,687.3900146484375,685.3648071289062,85657100.0
2025-10-30,683.9000244140625,685.9400024414062,679.8300170898438,679.8300170898438,677.8270874023438,76335800.0
2025-10-31,685.0399780273438,685.0800170898438,679.239990234375,682.0599975585938,680.050537109375,87164100.0
2025-11-03,685.6699829101562,685.7999877929688,679.9400024414062,683.3400268554688,681.3267822265625,57315000.0
2025-11-04,676.1099853515625,679.9600219726562,674.5800170898438,675.239990234375,673.2506103515625,78427000.0
2025-11-05,674.97998046875,680.8599853515625,674.1699829101562,677.5800170898438,675.583740234375,74402400.0
2025-11-06,676.469970703125,677.3800048828125,668.719970703125,670.3099975585938,668.3351440429688,85035300.0
2025-11-07,667.9099731445312,671.0800170898438,661.2100219726562,670.969970703125,668.9931640625,100592400.0
2025-11-10,677.239990234375,682.1799926757812,675.030029296875,681.4400024414062,679.432373046875,75842900.0
2025-11-11,679.9500122070312,683.5700073242188,678.72998046875,683.0,680.9877319335938,58953400.0
2025-11-12,684.7899780273438,684.9600219726562,680.9500122070312,683.3800048828125,681.3666381835938,62312500.0
2025-11-13,680.5,680.8599853515625,670.52001953125,672.0399780273438,670.0599975585938,103457800.0
2025-11-14,665.3800048828125,675.6599731445312,663.27001953125,671.9299926757812,669.9503784179688,96846700.0
2025-11-17,669.7000122070312,673.7100219726562,662.1699829101562,665.6699829101562,663.7088012695312,90456100.0
2025-11-18,662.0999755859375,665.1199951171875,655.8599853515625,660.0800170898438,658.1353149414062,114467500.0
2025-11-19,660.780029296875,667.3400268554688,658.75,662.6300048828125,660.6777954101562,94703000.0
2025-11-20,672.9099731445312,675.5599975585938,651.8900146484375,652.530029296875,650.6075439453125,165293500.0
2025-11-21,655.0499877929688,664.5499877929688,650.8499755859375,659.030029296875,657.08837890625,123956200.0
2025-11-24,662.6900024414062,670.0599975585938,661.5900268554688,668.72998046875,666.759765625,80437900.0
2025-11-25,668.6300048828125,676.2100219726562,664.47998046875,675.02001953125,673.03125,81077100.0
2025-11-26,677.6300048828125,681.7000122070312,676.719970703125,679.6799926757812,677.6775512695312,71879600.0
2025-11-28,680.8599853515625,683.6699829101562,680.5,683.3900146484375,681.3765869140625,49212000.0
2025-12-01,678.8099975585938,682.989990234375,678.739990234375,680.27001953125,678.2658081054688,61201200.0
2025-12-02,681.9199829101562,683.8200073242188,679.3300170898438,681.530029296875,679.5220947265625,62953800.0
2025-12-03,680.5700073242188,684.9099731445312,679.6900024414062,683.8900146484375,681.8751220703125,57238500.0
2025-12-04,685.2999877929688,685.3699951171875,681.3400268554688,684.3900146484375,682.3736572265625,61970300.0
2025-12-05,685.469970703125,688.3900146484375,684.5800170898438,685.6900024414062,683.6697998046875,79241000.0
2025-12-08,686.5900268554688,686.6400146484375,681.5700073242188,683.6300048828125,681.6159057617188,55231500.0
2025-12-09,683.1500244140625,685.3900146484375,682.5900268554688,683.0399780273438,681.027587890625,58310100.0
2025-12-10,682.5599975585938,688.969970703125,681.3099975585938,687.5700073242188,685.5443115234375,85671300.0
2025-12-11,685.1400146484375,689.25,682.1699829101562,689.1699829101562,687.1395263671875,86173700.0
2025-12-12,688.1699829101562,688.8800048828125,679.1699829101562,681.760009765625,679.7514038085938,113160300.0
2025-12-15,685.739990234375,685.760009765625,679.25,680.72998046875,678.7244262695312,90811000.0
2025-12-16,679.22998046875,681.0800170898438,674.97998046875,678.8699951171875,676.8699340820312,122030600.0
2025-12-17,679.8900146484375,680.4400024414062,671.2000122070312,671.4000244140625,669.4219360351562,110625200.0
2025-12-18,677.5999755859375,680.739990234375,674.9000244140625,676.469970703125,674.4769287109375,108650100.0
2025-12-19,676.5900268554688,681.0900268554688,676.469970703125,680.5900268554688,680.5900268554688,103599500.0
2025-12-22,683.9400024414062,685.3599853515625,680.5900268554688,684.8300170898438,684.8300170898438,69556700.0
2025-12-23,683.9199829101562,688.2000122070312,683.8699951171875,687.9600219726562,687.9600219726562,64840000.0
2025-12-24,687.9500122070312,690.8300170898438,687.7999877929688,690.3800048828125,690.3800048828125,39445600.0
2025-12-26,690.6400146484375,691.6599731445312,689.27001953125,690.3099975585938,690.3099975585938,41613300.0
2025-12-29,687.5399780273438,689.2000122070312,686.0700073242188,687.8499755859375,687.8499755859375,62559500.0
2025-12-30,687.4500122070312,688.5599975585938,686.5800170898438,687.010009765625,687.010009765625,47160700.0
2025-12-31,687.1400146484375,687.3599853515625,681.7100219726562,681.9199829101562,681.9199829101562,74144800.0
2026-01-02,685.7100219726562,686.8699951171875,679.8200073242188,683.1699829101562,683.1699829101562,89377200.0
2026-01-05,686.5399780273438,689.4299926757812,686.3800048828125,687.719970703125,687.719970703125,71927200.0
2026-01-06,687.9299926757812,692.3200073242188,687.780029296875,691.8099975585938,691.8099975585938,69273800.0
2026-01-07,692.1900024414062,693.9600219726562,689.3200073242188,689.5800170898438,689.5800170898438,75588300.0
2026-01-08,688.8200073242188,690.6199951171875,687.489990234375,689.510009765625,689.510009765625,64019200.0
2026-01-09,690.6300048828125,695.3099975585938,689.1799926757812,694.0700073242188,694.0700073242188,80125500.0
2026-01-12,690.6799926757812,696.0900268554688,690.6300048828125,695.1599731445312,695.1599731445312,63976000.0
2026-01-13,695.489990234375,696.0900268554688,691.3499755859375,693.77001953125,693.77001953125,78309700.0
2026-01-14,691.0,691.719970703125,686.0399780273438,690.3599853515625,690.3599853515625,94676700.0
2026-01-15,694.5700073242188,695.4500122070312,691.25,692.239990234375,692.239990234375,77862000.0
2026-01-16,693.6599731445312,694.25,690.0999755859375,691.6599731445312,691.6599731445312,79289200.0
2026-01-20,681.489990234375,684.77001953125,676.5700073242188,677.5800170898438,677.5800170898438,111623300.0
2026-01-21,679.6500244140625,688.739990234375,678.1300048828125,685.4000244140625,685.4000244140625,127844500.0
2026-01-22,689.8499755859375,691.1300048828125,686.9199829101562,688.97998046875,688.97998046875,77112200.0
2026-01-23,688.1500244140625,690.9600219726562,687.1599731445312,689.22998046875,689.22998046875,63059600.0
2026-01-26,690.489990234375,694.1300048828125,689.9199829101562,692.72998046875,692.72998046875,60473800.0
2026-01-27,694.1799926757812,696.530029296875,693.5700073242188,695.489990234375,695.489990234375,55506100.0
2026-01-28,697.0499877929688,697.8400268554688,693.9400024414062,695.4199829101562,695.4199829101562,61172200.0
2026-01-29,696.3900146484375,697.0599975585938,684.8300170898438,694.0399780273438,694.0399780273438,97486200.0
2026-01-30,691.7899780273438,694.2100219726562,687.1199951171875,691.969970703125,691.969970703125,101835100.0
2026-02-02,689.5800170898438,696.9299926757812,689.4199829101562,695.4099731445312,695.4099731445312,79286500.0
2026-02-03,696.2100219726562,696.9600219726562,684.030029296875,689.530029296875,689.530029296875,107904600.0
2026-02-04,690.3499755859375,691.4500122070312,681.760009765625,686.1900024414062,686.1900024414062,105204600.0
2026-02-05,680.9400024414062,683.6900024414062,675.7899780273438,677.6199951171875,677.6199951171875,113610800.0
2026-02-06,681.4600219726562,692.3099975585938,680.8499755859375,690.6199951171875,690.6199951171875,89127600.0
2026-02-09,689.4199829101562,695.8699951171875,688.3400268554688,693.9500122070312,693.9500122070312,73885200.0
2026-02-10,694.9500122070312,696.5399780273438,691.6599731445312,692.1199951171875,692.1199951171875,65185700.0
2026-02-11,696.3900146484375,697.1400146484375,689.1799926757812,691.9600219726562,691.9600219726562,76353900.0
2026-02-12,694.239990234375,695.3499755859375,680.3699951171875,681.27001953125,681.27001953125,118829000.0
2026-02-13,681.6900024414062,686.280029296875,677.52001953125,681.75,681.75,96267500.0
2026-02-17,680.1400146484375,684.9400024414062,675.780029296875,682.8499755859375,682.8499755859375,81354700.0
2026-02-18,684.02001953125,689.1500244140625,682.8300170898438,686.2899780273438,686.2899780273438,73570300.0
2026-02-19,683.8400268554688,686.1799926757812,681.5499877929688,684.47998046875,684.47998046875,58649400.0
2026-02-20,682.3200073242188,690.0599975585938,681.72998046875,689.4299926757812,689.4299926757812,100034000.0
2026-02-23,687.8300170898438,690.0,680.3699951171875,682.3900146484375,682.3900146484375,90558100.0
2026-02-24,681.9000244140625,688.3499755859375,680.0,687.3499755859375,687.3499755859375,73798700.0
2026-02-25,690.1799926757812,693.6799926757812,690.0999755859375,693.1500244140625,693.1500244140625,56369500.0
2026-02-26,693.280029296875,693.2999877929688,684.3499755859375,689.2999877929688,689.2999877929688,71671000.0
2026-02-27,683.0900268554688,686.8599853515625,681.6400146484375,685.989990234375,685.989990234375,83308900.0
2026-03-02,678.7000122070312,688.6199951171875,678.02001953125,686.3800048828125,686.3800048828125,87477200.0
2026-03-03,675.0599975585938,682.6099853515625,669.6599731445312,680.3300170898438,680.3300170898438,105003100.0
2026-03-04,681.6300048828125,687.0900268554688,679.6199951171875,685.1300048828125,685.1300048828125,79182200.0
2026-03-05,682.0800170898438,685.530029296875,675.6099853515625,681.3099975585938,681.3099975585938,106606500.0
2026-03-06,673.4099731445312,676.1099853515625,669.760009765625,672.3800048828125,672.3800048828125,100509800.0
2026-03-09,,,,,,
